[2026-02-27T21:13:33.770+0000] {manager.py:470} INFO - Processing files using up to 2 processes at a time 
[2026-02-27T21:13:33.772+0000] {manager.py:471} INFO - Process each file at most once every 30 seconds
[2026-02-27T21:13:33.774+0000] {manager.py:472} INFO - Checking for new files in /opt/airflow/dags every 300 seconds
[2026-02-27T21:13:33.778+0000] {manager.py:737} INFO - Searching for files in /opt/airflow/dags
[2026-02-27T21:13:33.979+0000] {manager.py:740} INFO - There are 8 files in /opt/airflow/dags
[2026-02-27T21:13:34.626+0000] {manager.py:878} INFO - 
================================================================================
DAG File Processing Stats

File Path                                                         PID  Runtime      # DAGs    # Errors  Last Runtime    Last Run
--------------------------------------------------------------  -----  ---------  --------  ----------  --------------  ----------
/opt/airflow/dags/arquitectura_retail_completa.py                  82  0.18s             0           0
/opt/airflow/dags/Diseño de Arquitectura Completa - Día 1.docx                           0           0
/opt/airflow/dags/Documentación y Presentación - Día 5.docx                              0           0
/opt/airflow/dags/Optimización y Performance - Día 4.docx                                0           0
/opt/airflow/dags/pipeline_monitoring_demo.py                      81  0.23s             0           0
/opt/airflow/dags/pipeline_procesamiento.py                                              0           0
/opt/airflow/dags/pipeline_simple_dag.py                                                 0           0
/opt/airflow/dags/Validación y Testing - Día 3.docx                                      0           0
================================================================================
[2026-02-27T21:14:04.856+0000] {manager.py:878} INFO - 
================================================================================
DAG File Processing Stats

File Path                                                         PID  Runtime      # DAGs    # Errors  Last Runtime    Last Run
--------------------------------------------------------------  -----  ---------  --------  ----------  --------------  -------------------
/opt/airflow/dags/arquitectura_retail_completa.py                                        1           0  1.35s           2026-02-27T21:13:35
/opt/airflow/dags/pipeline_simple_dag.py                                                 1           0  0.81s           2026-02-27T21:13:36
/opt/airflow/dags/pipeline_procesamiento.py                                              0           1  0.43s           2026-02-27T21:13:35
/opt/airflow/dags/pipeline_monitoring_demo.py                      89  0.01s             0           1  0.36s           2026-02-27T21:13:34
/opt/airflow/dags/Documentación y Presentación - Día 5.docx                              0           0  0.23s           2026-02-27T21:13:35
/opt/airflow/dags/Optimización y Performance - Día 4.docx                                0           0  0.23s           2026-02-27T21:13:35
/opt/airflow/dags/Diseño de Arquitectura Completa - Día 1.docx                           0           0  0.21s           2026-02-27T21:13:36
/opt/airflow/dags/Validación y Testing - Día 3.docx                                      0           0  0.19s           2026-02-27T21:13:36
================================================================================
[2026-02-27T21:14:35.559+0000] {manager.py:878} INFO - 
================================================================================
DAG File Processing Stats

File Path                                                         PID  Runtime      # DAGs    # Errors  Last Runtime    Last Run
--------------------------------------------------------------  -----  ---------  --------  ----------  --------------  -------------------
/opt/airflow/dags/arquitectura_retail_completa.py                                        1           0  0.57s           2026-02-27T21:14:06
/opt/airflow/dags/Optimización y Performance - Día 4.docx                                0           0  0.29s           2026-02-27T21:14:06
/opt/airflow/dags/pipeline_simple_dag.py                                                 1           0  0.24s           2026-02-27T21:14:06
/opt/airflow/dags/Documentación y Presentación - Día 5.docx                              0           0  0.21s           2026-02-27T21:14:06
/opt/airflow/dags/pipeline_procesamiento.py                                              0           1  0.16s           2026-02-27T21:14:06
/opt/airflow/dags/pipeline_monitoring_demo.py                      97  0.01s             0           1  0.15s           2026-02-27T21:14:04
/opt/airflow/dags/Validación y Testing - Día 3.docx                                      0           0  0.10s           2026-02-27T21:14:06
/opt/airflow/dags/Diseño de Arquitectura Completa - Día 1.docx                           0           0  0.10s           2026-02-27T21:14:06
================================================================================
[2026-02-27T21:15:05.869+0000] {manager.py:878} INFO - 
================================================================================
DAG File Processing Stats

File Path                                                         PID  Runtime      # DAGs    # Errors  Last Runtime    Last Run
--------------------------------------------------------------  -----  ---------  --------  ----------  --------------  -------------------
/opt/airflow/dags/arquitectura_retail_completa.py                                        1           0  0.30s           2026-02-27T21:14:36
/opt/airflow/dags/pipeline_simple_dag.py                                                 1           0  0.22s           2026-02-27T21:14:37
/opt/airflow/dags/pipeline_monitoring_demo.py                     105  0.01s             0           1  0.20s           2026-02-27T21:14:35
/opt/airflow/dags/pipeline_procesamiento.py                                              0           1  0.11s           2026-02-27T21:14:37
/opt/airflow/dags/Documentación y Presentación - Día 5.docx                              0           0  0.10s           2026-02-27T21:14:36
/opt/airflow/dags/Optimización y Performance - Día 4.docx                                0           0  0.10s           2026-02-27T21:14:36
/opt/airflow/dags/Diseño de Arquitectura Completa - Día 1.docx                           0           0  0.09s           2026-02-27T21:14:37
/opt/airflow/dags/Validación y Testing - Día 3.docx                                      0           0  0.09s           2026-02-27T21:14:37
================================================================================
[2026-02-27T21:15:36.141+0000] {manager.py:878} INFO - 
================================================================================
DAG File Processing Stats

File Path                                                         PID  Runtime      # DAGs    # Errors  Last Runtime    Last Run
--------------------------------------------------------------  -----  ---------  --------  ----------  --------------  -------------------
/opt/airflow/dags/pipeline_simple_dag.py                                                 1           0  0.23s           2026-02-27T21:15:07
/opt/airflow/dags/arquitectura_retail_completa.py                                        1           0  0.22s           2026-02-27T21:15:07
/opt/airflow/dags/pipeline_monitoring_demo.py                     113  0.01s             0           1  0.14s           2026-02-27T21:15:05
/opt/airflow/dags/pipeline_procesamiento.py                                              0           1  0.11s           2026-02-27T21:15:07
/opt/airflow/dags/Optimización y Performance - Día 4.docx                                0           0  0.10s           2026-02-27T21:15:07
/opt/airflow/dags/Diseño de Arquitectura Completa - Día 1.docx                           0           0  0.09s           2026-02-27T21:15:07
/opt/airflow/dags/Documentación y Presentación - Día 5.docx                              0           0  0.09s           2026-02-27T21:15:07
/opt/airflow/dags/Validación y Testing - Día 3.docx                                      0           0  0.08s           2026-02-27T21:15:07
================================================================================
[2026-02-27T21:16:06.419+0000] {manager.py:878} INFO - 
================================================================================
DAG File Processing Stats

File Path                                                         PID  Runtime      # DAGs    # Errors  Last Runtime    Last Run
--------------------------------------------------------------  -----  ---------  --------  ----------  --------------  -------------------
/opt/airflow/dags/arquitectura_retail_completa.py                                        1           0  0.23s           2026-02-27T21:15:37
/opt/airflow/dags/pipeline_simple_dag.py                                                 1           0  0.20s           2026-02-27T21:15:38
/opt/airflow/dags/pipeline_procesamiento.py                                              0           1  0.15s           2026-02-27T21:15:37
/opt/airflow/dags/pipeline_monitoring_demo.py                     121  0.01s             0           1  0.12s           2026-02-27T21:15:36
/opt/airflow/dags/Validación y Testing - Día 3.docx                                      0           0  0.11s           2026-02-27T21:15:37
/opt/airflow/dags/Optimización y Performance - Día 4.docx                                0           0  0.11s           2026-02-27T21:15:37
/opt/airflow/dags/Documentación y Presentación - Día 5.docx                              0           0  0.10s           2026-02-27T21:15:37
/opt/airflow/dags/Diseño de Arquitectura Completa - Día 1.docx                           0           0  0.07s           2026-02-27T21:15:37
================================================================================
[2026-02-27T21:16:36.723+0000] {manager.py:878} INFO - 
================================================================================
DAG File Processing Stats

File Path                                                         PID  Runtime      # DAGs    # Errors  Last Runtime    Last Run
--------------------------------------------------------------  -----  ---------  --------  ----------  --------------  -------------------
/opt/airflow/dags/arquitectura_retail_completa.py                                        1           0  0.25s           2026-02-27T21:16:07
/opt/airflow/dags/pipeline_simple_dag.py                                                 1           0  0.22s           2026-02-27T21:16:08
/opt/airflow/dags/pipeline_procesamiento.py                                              0           1  0.14s           2026-02-27T21:16:07
/opt/airflow/dags/pipeline_monitoring_demo.py                     129  0.01s             0           1  0.13s           2026-02-27T21:16:06
/opt/airflow/dags/Validación y Testing - Día 3.docx                                      0           0  0.12s           2026-02-27T21:16:08
/opt/airflow/dags/Documentación y Presentación - Día 5.docx                              0           0  0.11s           2026-02-27T21:16:07
/opt/airflow/dags/Optimización y Performance - Día 4.docx                                0           0  0.10s           2026-02-27T21:16:07
/opt/airflow/dags/Diseño de Arquitectura Completa - Día 1.docx                           0           0  0.10s           2026-02-27T21:16:08
================================================================================
[2026-02-27T21:17:07.006+0000] {manager.py:878} INFO - 
================================================================================
DAG File Processing Stats

File Path                                                         PID  Runtime      # DAGs    # Errors  Last Runtime    Last Run
--------------------------------------------------------------  -----  ---------  --------  ----------  --------------  -------------------
/opt/airflow/dags/pipeline_simple_dag.py                                                 1           0  0.23s           2026-02-27T21:16:38
/opt/airflow/dags/arquitectura_retail_completa.py                                        1           0  0.22s           2026-02-27T21:16:38
/opt/airflow/dags/pipeline_monitoring_demo.py                     137  0.01s             0           1  0.13s           2026-02-27T21:16:36
/opt/airflow/dags/pipeline_procesamiento.py                                              0           1  0.11s           2026-02-27T21:16:38
/opt/airflow/dags/Diseño de Arquitectura Completa - Día 1.docx                           0           0  0.10s           2026-02-27T21:16:38
/opt/airflow/dags/Documentación y Presentación - Día 5.docx                              0           0  0.09s           2026-02-27T21:16:37
/opt/airflow/dags/Optimización y Performance - Día 4.docx                                0           0  0.09s           2026-02-27T21:16:38
/opt/airflow/dags/Validación y Testing - Día 3.docx                                      0           0  0.08s           2026-02-27T21:16:38
================================================================================
[2026-02-27T21:17:37.393+0000] {manager.py:878} INFO - 
================================================================================
DAG File Processing Stats

File Path                                                         PID  Runtime      # DAGs    # Errors  Last Runtime    Last Run
--------------------------------------------------------------  -----  ---------  --------  ----------  --------------  -------------------
/opt/airflow/dags/pipeline_simple_dag.py                                                 1           0  0.29s           2026-02-27T21:17:09
/opt/airflow/dags/arquitectura_retail_completa.py                                        1           0  0.22s           2026-02-27T21:17:08
/opt/airflow/dags/pipeline_procesamiento.py                                              0           1  0.22s           2026-02-27T21:17:08
/opt/airflow/dags/Diseño de Arquitectura Completa - Día 1.docx                           0           0  0.15s           2026-02-27T21:17:08
/opt/airflow/dags/pipeline_monitoring_demo.py                     145  0.01s             0           1  0.12s           2026-02-27T21:17:07
/opt/airflow/dags/Documentación y Presentación - Día 5.docx                              0           0  0.11s           2026-02-27T21:17:08
/opt/airflow/dags/Optimización y Performance - Día 4.docx                                0           0  0.10s           2026-02-27T21:17:08
/opt/airflow/dags/Validación y Testing - Día 3.docx                                      0           0  0.09s           2026-02-27T21:17:08
================================================================================
[2026-02-27T21:18:07.710+0000] {manager.py:878} INFO - 
================================================================================
DAG File Processing Stats

File Path                                                         PID  Runtime      # DAGs    # Errors  Last Runtime    Last Run
--------------------------------------------------------------  -----  ---------  --------  ----------  --------------  -------------------
/opt/airflow/dags/arquitectura_retail_completa.py                                        1           0  0.26s           2026-02-27T21:17:38
/opt/airflow/dags/pipeline_monitoring_demo.py                     153  0.01s             0           1  0.15s           2026-02-27T21:17:37
/opt/airflow/dags/pipeline_simple_dag.py                                                 1           0  0.12s           2026-02-27T21:17:40
/opt/airflow/dags/Documentación y Presentación - Día 5.docx                              0           0  0.11s           2026-02-27T21:17:38
/opt/airflow/dags/pipeline_procesamiento.py                                              0           1  0.11s           2026-02-27T21:17:38
/opt/airflow/dags/Validación y Testing - Día 3.docx                                      0           0  0.10s           2026-02-27T21:17:38
/opt/airflow/dags/Optimización y Performance - Día 4.docx                                0           0  0.09s           2026-02-27T21:17:38
/opt/airflow/dags/Diseño de Arquitectura Completa - Día 1.docx                           0           0  0.09s           2026-02-27T21:17:39
================================================================================
[2026-02-27T21:18:33.898+0000] {manager.py:737} INFO - Searching for files in /opt/airflow/dags
[2026-02-27T21:18:34.119+0000] {manager.py:740} INFO - There are 8 files in /opt/airflow/dags
[2026-02-27T21:18:38.425+0000] {manager.py:878} INFO - 
================================================================================
DAG File Processing Stats

File Path                                                         PID  Runtime      # DAGs    # Errors  Last Runtime    Last Run
--------------------------------------------------------------  -----  ---------  --------  ----------  --------------  -------------------
/opt/airflow/dags/arquitectura_retail_completa.py                                        1           0  0.26s           2026-02-27T21:18:08
/opt/airflow/dags/pipeline_simple_dag.py                                                 1           0  0.25s           2026-02-27T21:18:10
/opt/airflow/dags/Validación y Testing - Día 3.docx                                      0           0  0.16s           2026-02-27T21:18:09
/opt/airflow/dags/pipeline_monitoring_demo.py                     161  0.01s             0           1  0.15s           2026-02-27T21:18:07
/opt/airflow/dags/Diseño de Arquitectura Completa - Día 1.docx                           0           0  0.13s           2026-02-27T21:18:09
/opt/airflow/dags/pipeline_procesamiento.py                                              0           1  0.12s           2026-02-27T21:18:09
/opt/airflow/dags/Documentación y Presentación - Día 5.docx                              0           0  0.11s           2026-02-27T21:18:08
/opt/airflow/dags/Optimización y Performance - Día 4.docx                                0           0  0.10s           2026-02-27T21:18:09
================================================================================
[2026-02-27T21:19:08.670+0000] {manager.py:878} INFO - 
================================================================================
DAG File Processing Stats

File Path                                                         PID  Runtime      # DAGs    # Errors  Last Runtime    Last Run
--------------------------------------------------------------  -----  ---------  --------  ----------  --------------  -------------------
/opt/airflow/dags/arquitectura_retail_completa.py                                        1           0  0.24s           2026-02-27T21:18:39
/opt/airflow/dags/pipeline_simple_dag.py                                                 1           0  0.21s           2026-02-27T21:18:41
/opt/airflow/dags/pipeline_monitoring_demo.py                     169  0.01s             0           1  0.15s           2026-02-27T21:18:38
/opt/airflow/dags/pipeline_procesamiento.py                                              0           1  0.11s           2026-02-27T21:18:39
/opt/airflow/dags/Documentación y Presentación - Día 5.docx                              0           0  0.10s           2026-02-27T21:18:39
/opt/airflow/dags/Optimización y Performance - Día 4.docx                                0           0  0.09s           2026-02-27T21:18:39
/opt/airflow/dags/Diseño de Arquitectura Completa - Día 1.docx                           0           0  0.08s           2026-02-27T21:18:39
/opt/airflow/dags/Validación y Testing - Día 3.docx                                      0           0  -0.01s          2026-02-27T21:18:39
================================================================================
[2026-02-27T21:19:39.153+0000] {manager.py:878} INFO - 
================================================================================
DAG File Processing Stats

File Path                                                         PID  Runtime      # DAGs    # Errors  Last Runtime    Last Run
--------------------------------------------------------------  -----  ---------  --------  ----------  --------------  -------------------
/opt/airflow/dags/arquitectura_retail_completa.py                                        1           0  0.24s           2026-02-27T21:19:10
/opt/airflow/dags/pipeline_simple_dag.py                                                 1           0  0.22s           2026-02-27T21:19:11
/opt/airflow/dags/pipeline_monitoring_demo.py                     177  0.01s             0           1  0.15s           2026-02-27T21:19:08
/opt/airflow/dags/pipeline_procesamiento.py                                              0           1  0.13s           2026-02-27T21:19:10
/opt/airflow/dags/Documentación y Presentación - Día 5.docx                              0           0  0.13s           2026-02-27T21:19:09
/opt/airflow/dags/Validación y Testing - Día 3.docx                                      0           0  0.11s           2026-02-27T21:19:10
/opt/airflow/dags/Diseño de Arquitectura Completa - Día 1.docx                           0           0  0.11s           2026-02-27T21:19:10
/opt/airflow/dags/Optimización y Performance - Día 4.docx                                0           0  0.09s           2026-02-27T21:19:10
================================================================================
[2026-02-27T21:20:09.530+0000] {manager.py:878} INFO - 
================================================================================
DAG File Processing Stats

File Path                                                         PID  Runtime      # DAGs    # Errors  Last Runtime    Last Run
--------------------------------------------------------------  -----  ---------  --------  ----------  --------------  -------------------
/opt/airflow/dags/pipeline_simple_dag.py                                                 1           0  0.21s           2026-02-27T21:19:41
/opt/airflow/dags/arquitectura_retail_completa.py                                        1           0  0.21s           2026-02-27T21:19:40
/opt/airflow/dags/pipeline_procesamiento.py                                              0           1  0.14s           2026-02-27T21:19:40
/opt/airflow/dags/pipeline_monitoring_demo.py                     185  0.01s             0           1  0.14s           2026-02-27T21:19:39
/opt/airflow/dags/Documentación y Presentación - Día 5.docx                              0           0  0.11s           2026-02-27T21:19:40
/opt/airflow/dags/Optimización y Performance - Día 4.docx                                0           0  0.10s           2026-02-27T21:19:40
/opt/airflow/dags/Validación y Testing - Día 3.docx                                      0           0  0.09s           2026-02-27T21:19:40
/opt/airflow/dags/Diseño de Arquitectura Completa - Día 1.docx                           0           0  0.08s           2026-02-27T21:19:40
================================================================================
[2026-02-27T21:20:39.979+0000] {manager.py:878} INFO - 
================================================================================
DAG File Processing Stats

File Path                                                         PID  Runtime      # DAGs    # Errors  Last Runtime    Last Run
--------------------------------------------------------------  -----  ---------  --------  ----------  --------------  -------------------
/opt/airflow/dags/arquitectura_retail_completa.py                                        1           0  0.33s           2026-02-27T21:20:10
/opt/airflow/dags/pipeline_simple_dag.py                                                 1           0  0.20s           2026-02-27T21:20:12
/opt/airflow/dags/Documentación y Presentación - Día 5.docx                              0           0  0.15s           2026-02-27T21:20:10
/opt/airflow/dags/pipeline_procesamiento.py                                              0           1  0.15s           2026-02-27T21:20:11
/opt/airflow/dags/pipeline_monitoring_demo.py                     193  0.01s             0           1  0.12s           2026-02-27T21:20:09
/opt/airflow/dags/Optimización y Performance - Día 4.docx                                0           0  0.11s           2026-02-27T21:20:10
/opt/airflow/dags/Validación y Testing - Día 3.docx                                      0           0  0.09s           2026-02-27T21:20:11
/opt/airflow/dags/Diseño de Arquitectura Completa - Día 1.docx                           0           0  0.07s           2026-02-27T21:20:11
================================================================================
[2026-02-27T21:21:10.391+0000] {manager.py:878} INFO - 
================================================================================
DAG File Processing Stats

File Path                                                         PID  Runtime      # DAGs    # Errors  Last Runtime    Last Run
--------------------------------------------------------------  -----  ---------  --------  ----------  --------------  -------------------
/opt/airflow/dags/pipeline_simple_dag.py                                                 1           0  0.22s           2026-02-27T21:20:42
/opt/airflow/dags/arquitectura_retail_completa.py                                        1           0  0.22s           2026-02-27T21:20:41
/opt/airflow/dags/pipeline_procesamiento.py                                              0           1  0.15s           2026-02-27T21:20:41
/opt/airflow/dags/pipeline_monitoring_demo.py                     201  0.01s             0           1  0.12s           2026-02-27T21:20:40
/opt/airflow/dags/Validación y Testing - Día 3.docx                                      0           0  0.11s           2026-02-27T21:20:41
/opt/airflow/dags/Optimización y Performance - Día 4.docx                                0           0  0.10s           2026-02-27T21:20:41
/opt/airflow/dags/Documentación y Presentación - Día 5.docx                              0           0  0.09s           2026-02-27T21:20:41
/opt/airflow/dags/Diseño de Arquitectura Completa - Día 1.docx                           0           0  0.09s           2026-02-27T21:20:41
================================================================================
[2026-02-27T21:21:40.754+0000] {manager.py:878} INFO - 
================================================================================
DAG File Processing Stats

File Path                                                         PID  Runtime      # DAGs    # Errors  Last Runtime    Last Run
--------------------------------------------------------------  -----  ---------  --------  ----------  --------------  -------------------
/opt/airflow/dags/pipeline_simple_dag.py                                                 1           0  0.24s           2026-02-27T21:21:13
/opt/airflow/dags/arquitectura_retail_completa.py                                        1           0  0.23s           2026-02-27T21:21:11
/opt/airflow/dags/pipeline_monitoring_demo.py                     209  0.01s             0           1  0.17s           2026-02-27T21:21:10
/opt/airflow/dags/pipeline_procesamiento.py                                              0           1  0.14s           2026-02-27T21:21:11
/opt/airflow/dags/Validación y Testing - Día 3.docx                                      0           0  0.13s           2026-02-27T21:21:11
/opt/airflow/dags/Documentación y Presentación - Día 5.docx                              0           0  0.10s           2026-02-27T21:21:11
/opt/airflow/dags/Diseño de Arquitectura Completa - Día 1.docx                           0           0  0.10s           2026-02-27T21:21:11
/opt/airflow/dags/Optimización y Performance - Día 4.docx                                0           0  0.09s           2026-02-27T21:21:11
================================================================================
[2026-02-27T21:22:11.030+0000] {manager.py:878} INFO - 
================================================================================
DAG File Processing Stats

File Path                                                         PID  Runtime      # DAGs    # Errors  Last Runtime    Last Run
--------------------------------------------------------------  -----  ---------  --------  ----------  --------------  -------------------
/opt/airflow/dags/pipeline_simple_dag.py                                                 1           0  0.26s           2026-02-27T21:21:43
/opt/airflow/dags/arquitectura_retail_completa.py                                        1           0  0.21s           2026-02-27T21:21:42
/opt/airflow/dags/pipeline_monitoring_demo.py                     217  0.01s             0           1  0.12s           2026-02-27T21:21:40
/opt/airflow/dags/Optimización y Performance - Día 4.docx                                0           0  0.09s           2026-02-27T21:21:42
/opt/airflow/dags/Validación y Testing - Día 3.docx                                      0           0  0.09s           2026-02-27T21:21:42
/opt/airflow/dags/pipeline_procesamiento.py                                              0           1  0.09s           2026-02-27T21:21:42
/opt/airflow/dags/Diseño de Arquitectura Completa - Día 1.docx                           0           0  0.09s           2026-02-27T21:21:42
/opt/airflow/dags/Documentación y Presentación - Día 5.docx                              0           0  0.08s           2026-02-27T21:21:41
================================================================================
[2026-02-27T21:22:41.345+0000] {manager.py:878} INFO - 
================================================================================
DAG File Processing Stats

File Path                                                         PID  Runtime      # DAGs    # Errors  Last Runtime    Last Run
--------------------------------------------------------------  -----  ---------  --------  ----------  --------------  -------------------
/opt/airflow/dags/pipeline_simple_dag.py                                                 1           0  0.25s           2026-02-27T21:22:13
/opt/airflow/dags/arquitectura_retail_completa.py                                        1           0  0.21s           2026-02-27T21:22:12
/opt/airflow/dags/Documentación y Presentación - Día 5.docx                              0           0  0.13s           2026-02-27T21:22:12
/opt/airflow/dags/pipeline_monitoring_demo.py                     225  0.01s             0           1  0.12s           2026-02-27T21:22:11
/opt/airflow/dags/pipeline_procesamiento.py                                              0           1  0.10s           2026-02-27T21:22:12
/opt/airflow/dags/Validación y Testing - Día 3.docx                                      0           0  0.10s           2026-02-27T21:22:12
/opt/airflow/dags/Optimización y Performance - Día 4.docx                                0           0  0.10s           2026-02-27T21:22:12
/opt/airflow/dags/Diseño de Arquitectura Completa - Día 1.docx                           0           0  0.08s           2026-02-27T21:22:12
================================================================================
[2026-02-27T21:23:11.883+0000] {manager.py:878} INFO - 
================================================================================
DAG File Processing Stats

File Path                                                         PID  Runtime      # DAGs    # Errors  Last Runtime    Last Run
--------------------------------------------------------------  -----  ---------  --------  ----------  --------------  -------------------
/opt/airflow/dags/pipeline_simple_dag.py                                                 1           0  0.23s           2026-02-27T21:22:44
/opt/airflow/dags/arquitectura_retail_completa.py                                        1           0  0.21s           2026-02-27T21:22:42
/opt/airflow/dags/Validación y Testing - Día 3.docx                                      0           0  0.19s           2026-02-27T21:22:43
/opt/airflow/dags/pipeline_procesamiento.py                                              0           1  0.15s           2026-02-27T21:22:43
/opt/airflow/dags/pipeline_monitoring_demo.py                     233  0.01s             0           1  0.15s           2026-02-27T21:22:41
/opt/airflow/dags/Documentación y Presentación - Día 5.docx                              0           0  0.15s           2026-02-27T21:22:42
/opt/airflow/dags/Optimización y Performance - Día 4.docx                                0           0  0.12s           2026-02-27T21:22:42
/opt/airflow/dags/Diseño de Arquitectura Completa - Día 1.docx                           0           0  0.12s           2026-02-27T21:22:43
================================================================================
[2026-02-27T21:23:34.339+0000] {manager.py:737} INFO - Searching for files in /opt/airflow/dags
[2026-02-27T21:23:34.542+0000] {manager.py:740} INFO - There are 8 files in /opt/airflow/dags
[2026-02-27T21:23:41.790+0000] {manager.py:878} INFO - 
================================================================================
DAG File Processing Stats

File Path                                                       PID    Runtime      # DAGs    # Errors  Last Runtime    Last Run
--------------------------------------------------------------  -----  ---------  --------  ----------  --------------  -------------------
/opt/airflow/dags/arquitectura_retail_completa.py                                        1           0  0.29s           2026-02-27T21:23:13
/opt/airflow/dags/pipeline_simple_dag.py                                                 1           0  0.22s           2026-02-27T21:23:15
/opt/airflow/dags/pipeline_monitoring_demo.py                                            0           1  0.19s           2026-02-27T21:23:12
/opt/airflow/dags/pipeline_procesamiento.py                                              0           1  0.17s           2026-02-27T21:23:13
/opt/airflow/dags/Optimización y Performance - Día 4.docx                                0           0  0.17s           2026-02-27T21:23:13
/opt/airflow/dags/Validación y Testing - Día 3.docx                                      0           0  0.11s           2026-02-27T21:23:13
/opt/airflow/dags/Documentación y Presentación - Día 5.docx                              0           0  0.10s           2026-02-27T21:23:13
/opt/airflow/dags/Diseño de Arquitectura Completa - Día 1.docx                           0           0  0.09s           2026-02-27T21:23:13
================================================================================
[2026-02-27T21:24:11.959+0000] {manager.py:878} INFO - 
================================================================================
DAG File Processing Stats

File Path                                                       PID    Runtime      # DAGs    # Errors  Last Runtime    Last Run
--------------------------------------------------------------  -----  ---------  --------  ----------  --------------  -------------------
/opt/airflow/dags/arquitectura_retail_completa.py                                        1           0  0.23s           2026-02-27T21:23:44
/opt/airflow/dags/pipeline_simple_dag.py                                                 1           0  0.22s           2026-02-27T21:23:45
/opt/airflow/dags/pipeline_monitoring_demo.py                                            0           1  0.14s           2026-02-27T21:23:42
/opt/airflow/dags/pipeline_procesamiento.py                                              0           1  0.13s           2026-02-27T21:23:44
/opt/airflow/dags/Validación y Testing - Día 3.docx                                      0           0  0.12s           2026-02-27T21:23:44
/opt/airflow/dags/Documentación y Presentación - Día 5.docx                              0           0  0.10s           2026-02-27T21:23:44
/opt/airflow/dags/Optimización y Performance - Día 4.docx                                0           0  0.10s           2026-02-27T21:23:44
/opt/airflow/dags/Diseño de Arquitectura Completa - Día 1.docx                           0           0  0.08s           2026-02-27T21:23:44
================================================================================
[2026-02-27T21:24:42.160+0000] {manager.py:878} INFO - 
================================================================================
DAG File Processing Stats

File Path                                                       PID    Runtime      # DAGs    # Errors  Last Runtime    Last Run
--------------------------------------------------------------  -----  ---------  --------  ----------  --------------  -------------------
/opt/airflow/dags/pipeline_simple_dag.py                                                 1           0  0.23s           2026-02-27T21:24:15
/opt/airflow/dags/arquitectura_retail_completa.py                                        1           0  0.21s           2026-02-27T21:24:14
/opt/airflow/dags/pipeline_monitoring_demo.py                                            0           1  0.11s           2026-02-27T21:24:13
/opt/airflow/dags/pipeline_procesamiento.py                                              0           1  0.11s           2026-02-27T21:24:14
/opt/airflow/dags/Validación y Testing - Día 3.docx                                      0           0  0.10s           2026-02-27T21:24:14
/opt/airflow/dags/Documentación y Presentación - Día 5.docx                              0           0  0.10s           2026-02-27T21:24:14
/opt/airflow/dags/Diseño de Arquitectura Completa - Día 1.docx                           0           0  0.09s           2026-02-27T21:24:14
/opt/airflow/dags/Optimización y Performance - Día 4.docx                                0           0  0.08s           2026-02-27T21:24:14
================================================================================
[2026-02-27T21:25:12.543+0000] {manager.py:878} INFO - 
================================================================================
DAG File Processing Stats

File Path                                                       PID    Runtime      # DAGs    # Errors  Last Runtime    Last Run
--------------------------------------------------------------  -----  ---------  --------  ----------  --------------  -------------------
/opt/airflow/dags/pipeline_simple_dag.py                                                 1           0  0.27s           2026-02-27T21:24:46
/opt/airflow/dags/arquitectura_retail_completa.py                                        1           0  0.25s           2026-02-27T21:24:44
/opt/airflow/dags/pipeline_monitoring_demo.py                                            0           1  0.15s           2026-02-27T21:24:43
/opt/airflow/dags/pipeline_procesamiento.py                                              0           1  0.13s           2026-02-27T21:24:44
/opt/airflow/dags/Validación y Testing - Día 3.docx                                      0           0  0.12s           2026-02-27T21:24:44
/opt/airflow/dags/Diseño de Arquitectura Completa - Día 1.docx                           0           0  0.12s           2026-02-27T21:24:44
/opt/airflow/dags/Optimización y Performance - Día 4.docx                                0           0  0.11s           2026-02-27T21:24:44
/opt/airflow/dags/Documentación y Presentación - Día 5.docx                              0           0  0.09s           2026-02-27T21:24:44
================================================================================
[2026-02-27T21:25:43.032+0000] {manager.py:878} INFO - 
================================================================================
DAG File Processing Stats

File Path                                                       PID    Runtime      # DAGs    # Errors  Last Runtime    Last Run
--------------------------------------------------------------  -----  ---------  --------  ----------  --------------  -------------------
/opt/airflow/dags/arquitectura_retail_completa.py                                        1           0  0.25s           2026-02-27T21:25:15
/opt/airflow/dags/pipeline_simple_dag.py                                                 1           0  0.22s           2026-02-27T21:25:16
/opt/airflow/dags/pipeline_monitoring_demo.py                                            0           1  0.17s           2026-02-27T21:25:13
/opt/airflow/dags/Optimización y Performance - Día 4.docx                                0           0  0.14s           2026-02-27T21:25:15
/opt/airflow/dags/pipeline_procesamiento.py                                              0           1  0.13s           2026-02-27T21:25:15
/opt/airflow/dags/Validación y Testing - Día 3.docx                                      0           0  0.09s           2026-02-27T21:25:15
/opt/airflow/dags/Diseño de Arquitectura Completa - Día 1.docx                           0           0  0.09s           2026-02-27T21:25:15
/opt/airflow/dags/Documentación y Presentación - Día 5.docx                              0           0  0.08s           2026-02-27T21:25:14
================================================================================
[2026-02-27T21:26:13.292+0000] {manager.py:878} INFO - 
================================================================================
DAG File Processing Stats

File Path                                                       PID    Runtime      # DAGs    # Errors  Last Runtime    Last Run
--------------------------------------------------------------  -----  ---------  --------  ----------  --------------  -------------------
/opt/airflow/dags/arquitectura_retail_completa.py                                        1           0  0.21s           2026-02-27T21:25:45
/opt/airflow/dags/pipeline_simple_dag.py                                                 1           0  0.20s           2026-02-27T21:25:46
/opt/airflow/dags/pipeline_monitoring_demo.py                                            0           1  0.14s           2026-02-27T21:25:44
/opt/airflow/dags/pipeline_procesamiento.py                                              0           1  0.11s           2026-02-27T21:25:45
/opt/airflow/dags/Validación y Testing - Día 3.docx                                      0           0  0.09s           2026-02-27T21:25:45
/opt/airflow/dags/Optimización y Performance - Día 4.docx                                0           0  0.09s           2026-02-27T21:25:45
/opt/airflow/dags/Documentación y Presentación - Día 5.docx                              0           0  0.08s           2026-02-27T21:25:45
/opt/airflow/dags/Diseño de Arquitectura Completa - Día 1.docx                           0           0  0.07s           2026-02-27T21:25:45
================================================================================
[2026-02-27T21:26:43.885+0000] {manager.py:878} INFO - 
================================================================================
DAG File Processing Stats

File Path                                                       PID    Runtime      # DAGs    # Errors  Last Runtime    Last Run
--------------------------------------------------------------  -----  ---------  --------  ----------  --------------  -------------------
/opt/airflow/dags/arquitectura_retail_completa.py                                        1           0  0.26s           2026-02-27T21:26:15
/opt/airflow/dags/pipeline_simple_dag.py                                                 1           0  0.25s           2026-02-27T21:26:17
/opt/airflow/dags/pipeline_monitoring_demo.py                                            0           1  0.16s           2026-02-27T21:26:14
/opt/airflow/dags/Validación y Testing - Día 3.docx                                      0           0  0.14s           2026-02-27T21:26:16
/opt/airflow/dags/pipeline_procesamiento.py                                              0           1  0.14s           2026-02-27T21:26:16
/opt/airflow/dags/Optimización y Performance - Día 4.docx                                0           0  0.11s           2026-02-27T21:26:15
/opt/airflow/dags/Documentación y Presentación - Día 5.docx                              0           0  0.11s           2026-02-27T21:26:15
/opt/airflow/dags/Diseño de Arquitectura Completa - Día 1.docx                           0           0  0.11s           2026-02-27T21:26:16
================================================================================
[2026-02-27T21:27:14.182+0000] {manager.py:878} INFO - 
================================================================================
DAG File Processing Stats

File Path                                                       PID    Runtime      # DAGs    # Errors  Last Runtime    Last Run
--------------------------------------------------------------  -----  ---------  --------  ----------  --------------  -------------------
/opt/airflow/dags/arquitectura_retail_completa.py                                        1           0  0.26s           2026-02-27T21:26:46
/opt/airflow/dags/pipeline_simple_dag.py                                                 1           0  0.20s           2026-02-27T21:26:47
/opt/airflow/dags/pipeline_monitoring_demo.py                                            0           1  0.16s           2026-02-27T21:26:45
/opt/airflow/dags/pipeline_procesamiento.py                                              0           1  0.13s           2026-02-27T21:26:46
/opt/airflow/dags/Optimización y Performance - Día 4.docx                                0           0  0.11s           2026-02-27T21:26:46
/opt/airflow/dags/Documentación y Presentación - Día 5.docx                              0           0  0.11s           2026-02-27T21:26:46
/opt/airflow/dags/Validación y Testing - Día 3.docx                                      0           0  0.09s           2026-02-27T21:26:46
/opt/airflow/dags/Diseño de Arquitectura Completa - Día 1.docx                           0           0  0.08s           2026-02-27T21:26:46
================================================================================
[2026-02-27T21:27:44.214+0000] {manager.py:878} INFO - 
================================================================================
DAG File Processing Stats

File Path                                                       PID    Runtime      # DAGs    # Errors  Last Runtime    Last Run
--------------------------------------------------------------  -----  ---------  --------  ----------  --------------  -------------------
/opt/airflow/dags/pipeline_simple_dag.py                                                 1           0  0.25s           2026-02-27T21:27:18
/opt/airflow/dags/arquitectura_retail_completa.py                                        1           0  0.22s           2026-02-27T21:27:16
/opt/airflow/dags/pipeline_procesamiento.py                                              0           1  0.12s           2026-02-27T21:27:16
/opt/airflow/dags/pipeline_monitoring_demo.py                                            0           1  0.11s           2026-02-27T21:27:15
/opt/airflow/dags/Documentación y Presentación - Día 5.docx                              0           0  0.10s           2026-02-27T21:27:16
/opt/airflow/dags/Diseño de Arquitectura Completa - Día 1.docx                           0           0  0.09s           2026-02-27T21:27:16
/opt/airflow/dags/Validación y Testing - Día 3.docx                                      0           0  0.08s           2026-02-27T21:27:16
/opt/airflow/dags/Optimización y Performance - Día 4.docx                                0           0  0.08s           2026-02-27T21:27:16
================================================================================
[2026-02-27T21:28:14.338+0000] {manager.py:878} INFO - 
================================================================================
DAG File Processing Stats

File Path                                                       PID    Runtime      # DAGs    # Errors  Last Runtime    Last Run
--------------------------------------------------------------  -----  ---------  --------  ----------  --------------  -------------------
/opt/airflow/dags/pipeline_simple_dag.py                                                 1           0  0.30s           2026-02-27T21:27:48
/opt/airflow/dags/arquitectura_retail_completa.py                                        1           0  0.22s           2026-02-27T21:27:47
/opt/airflow/dags/pipeline_monitoring_demo.py                                            0           1  0.16s           2026-02-27T21:27:45
/opt/airflow/dags/pipeline_procesamiento.py                                              0           1  0.12s           2026-02-27T21:27:47
/opt/airflow/dags/Validación y Testing - Día 3.docx                                      0           0  0.10s           2026-02-27T21:27:47
/opt/airflow/dags/Optimización y Performance - Día 4.docx                                0           0  0.09s           2026-02-27T21:27:47
/opt/airflow/dags/Documentación y Presentación - Día 5.docx                              0           0  0.08s           2026-02-27T21:27:46
/opt/airflow/dags/Diseño de Arquitectura Completa - Día 1.docx                           0           0  0.08s           2026-02-27T21:27:47
================================================================================
[2026-02-27T21:28:34.380+0000] {manager.py:737} INFO - Searching for files in /opt/airflow/dags
[2026-02-27T21:28:34.599+0000] {manager.py:740} INFO - There are 8 files in /opt/airflow/dags
[2026-02-27T21:28:44.275+0000] {manager.py:878} INFO - 
================================================================================
DAG File Processing Stats

File Path                                                       PID    Runtime      # DAGs    # Errors  Last Runtime    Last Run
--------------------------------------------------------------  -----  ---------  --------  ----------  --------------  -------------------
/opt/airflow/dags/arquitectura_retail_completa.py                                        1           0  0.26s           2026-02-27T21:28:17
/opt/airflow/dags/pipeline_simple_dag.py                                                 1           0  0.25s           2026-02-27T21:28:19
/opt/airflow/dags/pipeline_monitoring_demo.py                                            0           1  0.18s           2026-02-27T21:28:16
/opt/airflow/dags/Documentación y Presentación - Día 5.docx                              0           0  0.13s           2026-02-27T21:28:17
/opt/airflow/dags/pipeline_procesamiento.py                                              0           1  0.10s           2026-02-27T21:28:17
/opt/airflow/dags/Diseño de Arquitectura Completa - Día 1.docx                           0           0  0.09s           2026-02-27T21:28:17
/opt/airflow/dags/Optimización y Performance - Día 4.docx                                0           0  0.08s           2026-02-27T21:28:17
/opt/airflow/dags/Validación y Testing - Día 3.docx                                      0           0  0.07s           2026-02-27T21:28:17
================================================================================
[2026-02-27T21:29:14.651+0000] {manager.py:878} INFO - 
================================================================================
DAG File Processing Stats

File Path                                                       PID    Runtime      # DAGs    # Errors  Last Runtime    Last Run
--------------------------------------------------------------  -----  ---------  --------  ----------  --------------  -------------------
/opt/airflow/dags/pipeline_simple_dag.py                                                 1           0  0.20s           2026-02-27T21:28:50
/opt/airflow/dags/arquitectura_retail_completa.py                                        1           0  0.20s           2026-02-27T21:28:47
/opt/airflow/dags/pipeline_monitoring_demo.py                                            0           1  0.16s           2026-02-27T21:28:46
/opt/airflow/dags/pipeline_procesamiento.py                                              0           1  0.11s           2026-02-27T21:28:47
/opt/airflow/dags/Optimización y Performance - Día 4.docx                                0           0  0.09s           2026-02-27T21:28:47
/opt/airflow/dags/Validación y Testing - Día 3.docx                                      0           0  0.07s           2026-02-27T21:28:47
/opt/airflow/dags/Documentación y Presentación - Día 5.docx                              0           0  0.07s           2026-02-27T21:28:47
/opt/airflow/dags/Diseño de Arquitectura Completa - Día 1.docx                           0           0  0.07s           2026-02-27T21:28:47
================================================================================
[2026-02-27T21:29:44.998+0000] {manager.py:878} INFO - 
================================================================================
DAG File Processing Stats

File Path                                                       PID    Runtime      # DAGs    # Errors  Last Runtime    Last Run
--------------------------------------------------------------  -----  ---------  --------  ----------  --------------  -------------------
/opt/airflow/dags/arquitectura_retail_completa.py                                        1           0  0.25s           2026-02-27T21:29:18
/opt/airflow/dags/pipeline_simple_dag.py                                                 1           0  0.22s           2026-02-27T21:29:20
/opt/airflow/dags/pipeline_monitoring_demo.py                                            0           1  0.18s           2026-02-27T21:29:16
/opt/airflow/dags/Validación y Testing - Día 3.docx                                      0           0  0.13s           2026-02-27T21:29:18
/opt/airflow/dags/pipeline_procesamiento.py                                              0           1  0.13s           2026-02-27T21:29:18
/opt/airflow/dags/Documentación y Presentación - Día 5.docx                              0           0  0.10s           2026-02-27T21:29:17
/opt/airflow/dags/Optimización y Performance - Día 4.docx                                0           0  0.10s           2026-02-27T21:29:18
/opt/airflow/dags/Diseño de Arquitectura Completa - Día 1.docx                           0           0  0.09s           2026-02-27T21:29:18
================================================================================
[2026-02-27T21:30:15.401+0000] {manager.py:878} INFO - 
================================================================================
DAG File Processing Stats

File Path                                                       PID    Runtime      # DAGs    # Errors  Last Runtime    Last Run
--------------------------------------------------------------  -----  ---------  --------  ----------  --------------  -------------------
/opt/airflow/dags/pipeline_simple_dag.py                                                 1           0  0.22s           2026-02-27T21:29:51
/opt/airflow/dags/arquitectura_retail_completa.py                                        1           0  0.22s           2026-02-27T21:29:48
/opt/airflow/dags/pipeline_procesamiento.py                                              0           1  0.15s           2026-02-27T21:29:48
/opt/airflow/dags/pipeline_monitoring_demo.py                                            0           1  0.13s           2026-02-27T21:29:47
/opt/airflow/dags/Documentación y Presentación - Día 5.docx                              0           0  0.12s           2026-02-27T21:29:48
/opt/airflow/dags/Optimización y Performance - Día 4.docx                                0           0  0.11s           2026-02-27T21:29:48
/opt/airflow/dags/Diseño de Arquitectura Completa - Día 1.docx                           0           0  0.08s           2026-02-27T21:29:48
/opt/airflow/dags/Validación y Testing - Día 3.docx                                      0           0  0.08s           2026-02-27T21:29:48
================================================================================
[2026-02-27T21:30:46.099+0000] {manager.py:878} INFO - 
================================================================================
DAG File Processing Stats

File Path                                                       PID    Runtime      # DAGs    # Errors  Last Runtime    Last Run
--------------------------------------------------------------  -----  ---------  --------  ----------  --------------  -------------------
/opt/airflow/dags/arquitectura_retail_completa.py                                        1           0  0.29s           2026-02-27T21:30:18
/opt/airflow/dags/pipeline_simple_dag.py                                                 1           0  0.21s           2026-02-27T21:30:21
/opt/airflow/dags/pipeline_procesamiento.py                                              0           1  0.16s           2026-02-27T21:30:19
/opt/airflow/dags/pipeline_monitoring_demo.py                                            0           1  0.15s           2026-02-27T21:30:17
/opt/airflow/dags/Optimización y Performance - Día 4.docx                                0           0  0.12s           2026-02-27T21:30:18
/opt/airflow/dags/Diseño de Arquitectura Completa - Día 1.docx                           0           0  0.11s           2026-02-27T21:30:19
/opt/airflow/dags/Validación y Testing - Día 3.docx                                      0           0  0.11s           2026-02-27T21:30:19
/opt/airflow/dags/Documentación y Presentación - Día 5.docx                              0           0  0.11s           2026-02-27T21:30:18
================================================================================
[2026-02-27T21:31:37.363+0000] {manager.py:470} INFO - Processing files using up to 2 processes at a time 
[2026-02-27T21:31:37.366+0000] {manager.py:471} INFO - Process each file at most once every 30 seconds
[2026-02-27T21:31:37.368+0000] {manager.py:472} INFO - Checking for new files in /opt/airflow/dags every 300 seconds
[2026-02-27T21:31:37.370+0000] {manager.py:737} INFO - Searching for files in /opt/airflow/dags
[2026-02-27T21:31:37.534+0000] {manager.py:740} INFO - There are 8 files in /opt/airflow/dags
[2026-02-27T21:31:37.853+0000] {manager.py:878} INFO - 
================================================================================
DAG File Processing Stats

File Path                                                         PID  Runtime      # DAGs    # Errors  Last Runtime    Last Run
--------------------------------------------------------------  -----  ---------  --------  ----------  --------------  ----------
/opt/airflow/dags/arquitectura_retail_completa.py                  34  0.08s             0           0
/opt/airflow/dags/Diseño de Arquitectura Completa - Día 1.docx                           0           0
/opt/airflow/dags/Documentación y Presentación - Día 5.docx                              0           0
/opt/airflow/dags/Optimización y Performance - Día 4.docx                                0           0
/opt/airflow/dags/pipeline_monitoring_demo.py                      33  0.11s             0           0
/opt/airflow/dags/pipeline_procesamiento.py                                              0           0
/opt/airflow/dags/pipeline_simple_dag.py                                                 0           0
/opt/airflow/dags/Validación y Testing - Día 3.docx                                      0           0
================================================================================
[2026-02-27T21:32:08.293+0000] {manager.py:878} INFO - 
================================================================================
DAG File Processing Stats

File Path                                                         PID  Runtime      # DAGs    # Errors  Last Runtime    Last Run
--------------------------------------------------------------  -----  ---------  --------  ----------  --------------  -------------------
/opt/airflow/dags/arquitectura_retail_completa.py                  42  0.01s             1           0  0.36s           2026-02-27T21:31:38
/opt/airflow/dags/pipeline_simple_dag.py                                                 1           0  0.26s           2026-02-27T21:31:38
/opt/airflow/dags/pipeline_monitoring_demo.py                      41  0.03s             0           1  0.17s           2026-02-27T21:31:37
/opt/airflow/dags/Validación y Testing - Día 3.docx                                      0           0  0.16s           2026-02-27T21:31:38
/opt/airflow/dags/pipeline_procesamiento.py                                              0           1  0.15s           2026-02-27T21:31:38
/opt/airflow/dags/Diseño de Arquitectura Completa - Día 1.docx                           0           0  0.14s           2026-02-27T21:31:38
/opt/airflow/dags/Optimización y Performance - Día 4.docx                                0           0  0.12s           2026-02-27T21:31:38
/opt/airflow/dags/Documentación y Presentación - Día 5.docx                              0           0  0.12s           2026-02-27T21:31:38
================================================================================
[2026-02-27T21:32:38.725+0000] {manager.py:878} INFO - 
================================================================================
DAG File Processing Stats

File Path                                                         PID  Runtime      # DAGs    # Errors  Last Runtime    Last Run
--------------------------------------------------------------  -----  ---------  --------  ----------  --------------  -------------------
/opt/airflow/dags/pipeline_simple_dag.py                                                 1           0  0.21s           2026-02-27T21:32:08
/opt/airflow/dags/arquitectura_retail_completa.py                  50  0.01s             1           0  0.21s           2026-02-27T21:32:08
/opt/airflow/dags/pipeline_monitoring_demo.py                      49  0.03s             0           1  0.14s           2026-02-27T21:32:08
/opt/airflow/dags/pipeline_procesamiento.py                                              0           1  0.10s           2026-02-27T21:32:08
/opt/airflow/dags/Documentación y Presentación - Día 5.docx                              0           0  0.10s           2026-02-27T21:32:08
/opt/airflow/dags/Validación y Testing - Día 3.docx                                      0           0  0.10s           2026-02-27T21:32:08
/opt/airflow/dags/Optimización y Performance - Día 4.docx                                0           0  0.08s           2026-02-27T21:32:08
/opt/airflow/dags/Diseño de Arquitectura Completa - Día 1.docx                           0           0  0.08s           2026-02-27T21:32:09
================================================================================
[2026-02-27T21:33:09.030+0000] {manager.py:878} INFO - 
================================================================================
DAG File Processing Stats

File Path                                                         PID  Runtime      # DAGs    # Errors  Last Runtime    Last Run
--------------------------------------------------------------  -----  ---------  --------  ----------  --------------  -------------------
/opt/airflow/dags/pipeline_simple_dag.py                                                 1           0  0.22s           2026-02-27T21:32:39
/opt/airflow/dags/arquitectura_retail_completa.py                  58  0.01s             1           0  0.20s           2026-02-27T21:32:38
/opt/airflow/dags/Validación y Testing - Día 3.docx                                      0           0  0.15s           2026-02-27T21:32:39
/opt/airflow/dags/pipeline_procesamiento.py                                              0           1  0.13s           2026-02-27T21:32:39
/opt/airflow/dags/pipeline_monitoring_demo.py                      57  0.03s             0           1  0.13s           2026-02-27T21:32:38
/opt/airflow/dags/Documentación y Presentación - Día 5.docx                              0           0  0.10s           2026-02-27T21:32:38
/opt/airflow/dags/Diseño de Arquitectura Completa - Día 1.docx                           0           0  0.09s           2026-02-27T21:32:39
/opt/airflow/dags/Optimización y Performance - Día 4.docx                                0           0  0.08s           2026-02-27T21:32:39
================================================================================
[2026-02-27T21:33:39.532+0000] {manager.py:878} INFO - 
================================================================================
DAG File Processing Stats

File Path                                                         PID  Runtime      # DAGs    # Errors  Last Runtime    Last Run
--------------------------------------------------------------  -----  ---------  --------  ----------  --------------  -------------------
/opt/airflow/dags/arquitectura_retail_completa.py                  66  0.01s             1           0  0.23s           2026-02-27T21:33:09
/opt/airflow/dags/pipeline_simple_dag.py                                                 1           0  0.22s           2026-02-27T21:33:09
/opt/airflow/dags/pipeline_procesamiento.py                                              0           1  0.15s           2026-02-27T21:33:09
/opt/airflow/dags/pipeline_monitoring_demo.py                      65  0.04s             0           1  0.13s           2026-02-27T21:33:09
/opt/airflow/dags/Documentación y Presentación - Día 5.docx                              0           0  0.13s           2026-02-27T21:33:09
/opt/airflow/dags/Optimización y Performance - Día 4.docx                                0           0  0.10s           2026-02-27T21:33:09
/opt/airflow/dags/Validación y Testing - Día 3.docx                                      0           0  0.09s           2026-02-27T21:33:09
/opt/airflow/dags/Diseño de Arquitectura Completa - Día 1.docx                           0           0  0.08s           2026-02-27T21:33:09
================================================================================
[2026-02-27T21:34:09.904+0000] {manager.py:878} INFO - 
================================================================================
DAG File Processing Stats

File Path                                                         PID  Runtime      # DAGs    # Errors  Last Runtime    Last Run
--------------------------------------------------------------  -----  ---------  --------  ----------  --------------  -------------------
/opt/airflow/dags/arquitectura_retail_completa.py                  74  0.01s             1           0  0.20s           2026-02-27T21:33:39
/opt/airflow/dags/pipeline_simple_dag.py                                                 1           0  0.20s           2026-02-27T21:33:40
/opt/airflow/dags/pipeline_monitoring_demo.py                      73  0.03s             0           1  0.15s           2026-02-27T21:33:39
/opt/airflow/dags/pipeline_procesamiento.py                                              0           1  0.12s           2026-02-27T21:33:39
/opt/airflow/dags/Diseño de Arquitectura Completa - Día 1.docx                           0           0  0.11s           2026-02-27T21:33:40
/opt/airflow/dags/Validación y Testing - Día 3.docx                                      0           0  0.09s           2026-02-27T21:33:39
/opt/airflow/dags/Optimización y Performance - Día 4.docx                                0           0  0.08s           2026-02-27T21:33:39
/opt/airflow/dags/Documentación y Presentación - Día 5.docx                              0           0  0.08s           2026-02-27T21:33:39
================================================================================
[2026-02-27T21:34:40.319+0000] {manager.py:878} INFO - 
================================================================================
DAG File Processing Stats

File Path                                                         PID  Runtime      # DAGs    # Errors  Last Runtime    Last Run
--------------------------------------------------------------  -----  ---------  --------  ----------  --------------  -------------------
/opt/airflow/dags/pipeline_simple_dag.py                                                 1           0  0.21s           2026-02-27T21:34:10
/opt/airflow/dags/arquitectura_retail_completa.py                  82  0.01s             1           0  0.20s           2026-02-27T21:34:10
/opt/airflow/dags/pipeline_procesamiento.py                                              0           1  0.14s           2026-02-27T21:34:10
/opt/airflow/dags/Optimización y Performance - Día 4.docx                                0           0  0.13s           2026-02-27T21:34:10
/opt/airflow/dags/pipeline_monitoring_demo.py                      81  0.04s             0           1  0.13s           2026-02-27T21:34:09
/opt/airflow/dags/Validación y Testing - Día 3.docx                                      0           0  0.12s           2026-02-27T21:34:10
/opt/airflow/dags/Documentación y Presentación - Día 5.docx                              0           0  0.10s           2026-02-27T21:34:10
/opt/airflow/dags/Diseño de Arquitectura Completa - Día 1.docx                           0           0  0.10s           2026-02-27T21:34:10
================================================================================
[2026-02-27T21:35:10.680+0000] {manager.py:878} INFO - 
================================================================================
DAG File Processing Stats

File Path                                                         PID  Runtime      # DAGs    # Errors  Last Runtime    Last Run
--------------------------------------------------------------  -----  ---------  --------  ----------  --------------  -------------------
/opt/airflow/dags/arquitectura_retail_completa.py                  90  0.01s             1           0  0.23s           2026-02-27T21:34:40
/opt/airflow/dags/pipeline_simple_dag.py                                                 1           0  0.20s           2026-02-27T21:34:40
/opt/airflow/dags/pipeline_monitoring_demo.py                      89  0.03s             0           1  0.16s           2026-02-27T21:34:40
/opt/airflow/dags/Validación y Testing - Día 3.docx                                      0           0  0.11s           2026-02-27T21:34:40
/opt/airflow/dags/Documentación y Presentación - Día 5.docx                              0           0  0.11s           2026-02-27T21:34:40
/opt/airflow/dags/pipeline_procesamiento.py                                              0           1  0.11s           2026-02-27T21:34:40
/opt/airflow/dags/Optimización y Performance - Día 4.docx                                0           0  0.10s           2026-02-27T21:34:40
/opt/airflow/dags/Diseño de Arquitectura Completa - Día 1.docx                           0           0  0.09s           2026-02-27T21:34:41
================================================================================
[2026-02-27T21:35:41.225+0000] {manager.py:878} INFO - 
================================================================================
DAG File Processing Stats

File Path                                                         PID  Runtime      # DAGs    # Errors  Last Runtime    Last Run
--------------------------------------------------------------  -----  ---------  --------  ----------  --------------  -------------------
/opt/airflow/dags/pipeline_simple_dag.py                                                 1           0  0.33s           2026-02-27T21:35:11
/opt/airflow/dags/arquitectura_retail_completa.py                  98  0.01s             1           0  0.20s           2026-02-27T21:35:10
/opt/airflow/dags/pipeline_procesamiento.py                                              0           1  0.14s           2026-02-27T21:35:11
/opt/airflow/dags/Validación y Testing - Día 3.docx                                      0           0  0.14s           2026-02-27T21:35:11
/opt/airflow/dags/pipeline_monitoring_demo.py                      97  0.05s             0           1  0.13s           2026-02-27T21:35:10
/opt/airflow/dags/Documentación y Presentación - Día 5.docx                              0           0  0.10s           2026-02-27T21:35:10
/opt/airflow/dags/Diseño de Arquitectura Completa - Día 1.docx                           0           0  0.09s           2026-02-27T21:35:11
/opt/airflow/dags/Optimización y Performance - Día 4.docx                                0           0  0.07s           2026-02-27T21:35:10
================================================================================
[2026-02-27T21:36:11.795+0000] {manager.py:878} INFO - 
================================================================================
DAG File Processing Stats

File Path                                                         PID  Runtime      # DAGs    # Errors  Last Runtime    Last Run
--------------------------------------------------------------  -----  ---------  --------  ----------  --------------  -------------------
/opt/airflow/dags/arquitectura_retail_completa.py                 106  0.01s             1           0  0.37s           2026-02-27T21:35:41
/opt/airflow/dags/pipeline_monitoring_demo.py                     105  0.03s             0           1  0.21s           2026-02-27T21:35:41
/opt/airflow/dags/pipeline_simple_dag.py                                                 1           0  0.21s           2026-02-27T21:35:42
/opt/airflow/dags/Documentación y Presentación - Día 5.docx                              0           0  0.19s           2026-02-27T21:35:41
/opt/airflow/dags/pipeline_procesamiento.py                                              0           1  0.12s           2026-02-27T21:35:41
/opt/airflow/dags/Optimización y Performance - Día 4.docx                                0           0  0.10s           2026-02-27T21:35:41
/opt/airflow/dags/Validación y Testing - Día 3.docx                                      0           0  0.09s           2026-02-27T21:35:41
/opt/airflow/dags/Diseño de Arquitectura Completa - Día 1.docx                           0           0  0.08s           2026-02-27T21:35:42
================================================================================
[2026-02-27T21:36:38.001+0000] {manager.py:737} INFO - Searching for files in /opt/airflow/dags
[2026-02-27T21:36:38.136+0000] {manager.py:740} INFO - There are 8 files in /opt/airflow/dags
[2026-02-27T21:36:42.387+0000] {manager.py:878} INFO - 
================================================================================
DAG File Processing Stats

File Path                                                         PID  Runtime      # DAGs    # Errors  Last Runtime    Last Run
--------------------------------------------------------------  -----  ---------  --------  ----------  --------------  -------------------
/opt/airflow/dags/arquitectura_retail_completa.py                 114  0.01s             1           0  0.26s           2026-02-27T21:36:12
/opt/airflow/dags/pipeline_simple_dag.py                                                 1           0  0.22s           2026-02-27T21:36:12
/opt/airflow/dags/pipeline_procesamiento.py                                              0           1  0.15s           2026-02-27T21:36:12
/opt/airflow/dags/pipeline_monitoring_demo.py                     113  0.03s             0           1  0.13s           2026-02-27T21:36:11
/opt/airflow/dags/Validación y Testing - Día 3.docx                                      0           0  0.11s           2026-02-27T21:36:12
/opt/airflow/dags/Optimización y Performance - Día 4.docx                                0           0  0.11s           2026-02-27T21:36:12
/opt/airflow/dags/Diseño de Arquitectura Completa - Día 1.docx                           0           0  0.10s           2026-02-27T21:36:12
/opt/airflow/dags/Documentación y Presentación - Día 5.docx                              0           0  0.08s           2026-02-27T21:36:11
================================================================================
[2026-02-27T21:37:12.846+0000] {manager.py:878} INFO - 
================================================================================
DAG File Processing Stats

File Path                                                         PID  Runtime      # DAGs    # Errors  Last Runtime    Last Run
--------------------------------------------------------------  -----  ---------  --------  ----------  --------------  -------------------
/opt/airflow/dags/arquitectura_retail_completa.py                 122  0.01s             1           0  0.26s           2026-02-27T21:36:42
/opt/airflow/dags/pipeline_simple_dag.py                                                 1           0  0.23s           2026-02-27T21:36:43
/opt/airflow/dags/pipeline_procesamiento.py                                              0           1  0.15s           2026-02-27T21:36:42
/opt/airflow/dags/pipeline_monitoring_demo.py                     121  0.04s             0           1  0.14s           2026-02-27T21:36:42
/opt/airflow/dags/Documentación y Presentación - Día 5.docx                              0           0  0.13s           2026-02-27T21:36:42
/opt/airflow/dags/Validación y Testing - Día 3.docx                                      0           0  0.10s           2026-02-27T21:36:43
/opt/airflow/dags/Optimización y Performance - Día 4.docx                                0           0  0.09s           2026-02-27T21:36:42
/opt/airflow/dags/Diseño de Arquitectura Completa - Día 1.docx                           0           0  0.09s           2026-02-27T21:36:43
================================================================================
[2026-02-27T21:37:43.131+0000] {manager.py:878} INFO - 
================================================================================
DAG File Processing Stats

File Path                                                         PID  Runtime      # DAGs    # Errors  Last Runtime    Last Run
--------------------------------------------------------------  -----  ---------  --------  ----------  --------------  -------------------
/opt/airflow/dags/arquitectura_retail_completa.py                 130  0.01s             1           0  0.23s           2026-02-27T21:37:13
/opt/airflow/dags/pipeline_simple_dag.py                                                 1           0  0.17s           2026-02-27T21:37:13
/opt/airflow/dags/pipeline_monitoring_demo.py                     129  0.03s             0           1  0.16s           2026-02-27T21:37:12
/opt/airflow/dags/Diseño de Arquitectura Completa - Día 1.docx                           0           0  0.14s           2026-02-27T21:37:13
/opt/airflow/dags/Validación y Testing - Día 3.docx                                      0           0  0.12s           2026-02-27T21:37:13
/opt/airflow/dags/pipeline_procesamiento.py                                              0           1  0.11s           2026-02-27T21:37:13
/opt/airflow/dags/Documentación y Presentación - Día 5.docx                              0           0  0.10s           2026-02-27T21:37:13
/opt/airflow/dags/Optimización y Performance - Día 4.docx                                0           0  0.08s           2026-02-27T21:37:13
================================================================================
[2026-02-27T21:38:13.602+0000] {manager.py:878} INFO - 
================================================================================
DAG File Processing Stats

File Path                                                         PID  Runtime      # DAGs    # Errors  Last Runtime    Last Run
--------------------------------------------------------------  -----  ---------  --------  ----------  --------------  -------------------
/opt/airflow/dags/arquitectura_retail_completa.py                 138  0.01s             1           0  0.20s           2026-02-27T21:37:43
/opt/airflow/dags/pipeline_simple_dag.py                                                 1           0  0.20s           2026-02-27T21:37:43
/opt/airflow/dags/pipeline_procesamiento.py                                              0           1  0.16s           2026-02-27T21:37:43
/opt/airflow/dags/pipeline_monitoring_demo.py                     137  0.04s             0           1  0.14s           2026-02-27T21:37:43
/opt/airflow/dags/Optimización y Performance - Día 4.docx                                0           0  0.12s           2026-02-27T21:37:43
/opt/airflow/dags/Documentación y Presentación - Día 5.docx                              0           0  0.12s           2026-02-27T21:37:43
/opt/airflow/dags/Validación y Testing - Día 3.docx                                      0           0  0.09s           2026-02-27T21:37:43
/opt/airflow/dags/Diseño de Arquitectura Completa - Día 1.docx                           0           0  0.09s           2026-02-27T21:37:43
================================================================================
[2026-02-27T21:38:43.920+0000] {manager.py:878} INFO - 
================================================================================
DAG File Processing Stats

File Path                                                         PID  Runtime      # DAGs    # Errors  Last Runtime    Last Run
--------------------------------------------------------------  -----  ---------  --------  ----------  --------------  -------------------
/opt/airflow/dags/arquitectura_retail_completa.py                 146  0.01s             1           0  0.22s           2026-02-27T21:38:13
/opt/airflow/dags/pipeline_simple_dag.py                                                 1           0  0.22s           2026-02-27T21:38:14
/opt/airflow/dags/pipeline_monitoring_demo.py                     145  0.04s             0           1  0.16s           2026-02-27T21:38:13
/opt/airflow/dags/pipeline_procesamiento.py                                              0           1  0.15s           2026-02-27T21:38:14
/opt/airflow/dags/Optimización y Performance - Día 4.docx                                0           0  0.11s           2026-02-27T21:38:13
/opt/airflow/dags/Validación y Testing - Día 3.docx                                      0           0  0.10s           2026-02-27T21:38:14
/opt/airflow/dags/Diseño de Arquitectura Completa - Día 1.docx                           0           0  0.10s           2026-02-27T21:38:14
/opt/airflow/dags/Documentación y Presentación - Día 5.docx                              0           0  0.10s           2026-02-27T21:38:13
================================================================================
[2026-02-27T21:39:14.549+0000] {manager.py:878} INFO - 
================================================================================
DAG File Processing Stats

File Path                                                         PID  Runtime      # DAGs    # Errors  Last Runtime    Last Run
--------------------------------------------------------------  -----  ---------  --------  ----------  --------------  -------------------
/opt/airflow/dags/pipeline_procesamiento.py                                              0           1  0.30s           2026-02-27T21:38:44
/opt/airflow/dags/arquitectura_retail_completa.py                 154  0.01s             1           0  0.27s           2026-02-27T21:38:44
/opt/airflow/dags/pipeline_simple_dag.py                                                 1           0  0.22s           2026-02-27T21:38:44
/opt/airflow/dags/Validación y Testing - Día 3.docx                                      0           0  0.20s           2026-02-27T21:38:44
/opt/airflow/dags/pipeline_monitoring_demo.py                     153  0.03s             0           1  0.17s           2026-02-27T21:38:44
/opt/airflow/dags/Documentación y Presentación - Día 5.docx                              0           0  0.14s           2026-02-27T21:38:44
/opt/airflow/dags/Optimización y Performance - Día 4.docx                                0           0  0.12s           2026-02-27T21:38:44
/opt/airflow/dags/Diseño de Arquitectura Completa - Día 1.docx                           0           0  0.08s           2026-02-27T21:38:45
================================================================================
[2026-02-27T21:39:45.052+0000] {manager.py:878} INFO - 
================================================================================
DAG File Processing Stats

File Path                                                         PID  Runtime      # DAGs    # Errors  Last Runtime    Last Run
--------------------------------------------------------------  -----  ---------  --------  ----------  --------------  -------------------
/opt/airflow/dags/pipeline_simple_dag.py                                                 1           0  0.23s           2026-02-27T21:39:15
/opt/airflow/dags/arquitectura_retail_completa.py                 162  0.01s             1           0  0.20s           2026-02-27T21:39:14
/opt/airflow/dags/pipeline_procesamiento.py                                              0           1  0.18s           2026-02-27T21:39:15
/opt/airflow/dags/pipeline_monitoring_demo.py                     161  0.03s             0           1  0.14s           2026-02-27T21:39:14
/opt/airflow/dags/Validación y Testing - Día 3.docx                                      0           0  0.10s           2026-02-27T21:39:15
/opt/airflow/dags/Optimización y Performance - Día 4.docx                                0           0  0.09s           2026-02-27T21:39:14
/opt/airflow/dags/Diseño de Arquitectura Completa - Día 1.docx                           0           0  0.08s           2026-02-27T21:39:15
/opt/airflow/dags/Documentación y Presentación - Día 5.docx                              0           0  0.08s           2026-02-27T21:39:14
================================================================================
[2026-02-27T21:40:15.353+0000] {manager.py:878} INFO - 
================================================================================
DAG File Processing Stats

File Path                                                         PID  Runtime      # DAGs    # Errors  Last Runtime    Last Run
--------------------------------------------------------------  -----  ---------  --------  ----------  --------------  -------------------
/opt/airflow/dags/arquitectura_retail_completa.py                 170  0.01s             1           0  0.21s           2026-02-27T21:39:45
/opt/airflow/dags/pipeline_simple_dag.py                                                 1           0  0.18s           2026-02-27T21:39:45
/opt/airflow/dags/pipeline_monitoring_demo.py                     169  0.03s             0           1  0.13s           2026-02-27T21:39:45
/opt/airflow/dags/pipeline_procesamiento.py                                              0           1  0.11s           2026-02-27T21:39:45
/opt/airflow/dags/Validación y Testing - Día 3.docx                                      0           0  0.10s           2026-02-27T21:39:45
/opt/airflow/dags/Diseño de Arquitectura Completa - Día 1.docx                           0           0  0.10s           2026-02-27T21:39:45
/opt/airflow/dags/Documentación y Presentación - Día 5.docx                              0           0  0.09s           2026-02-27T21:39:45
/opt/airflow/dags/Optimización y Performance - Día 4.docx                                0           0  0.07s           2026-02-27T21:39:45
================================================================================
[2026-02-27T21:40:46.016+0000] {manager.py:878} INFO - 
================================================================================
DAG File Processing Stats

File Path                                                         PID  Runtime      # DAGs    # Errors  Last Runtime    Last Run
--------------------------------------------------------------  -----  ---------  --------  ----------  --------------  -------------------
/opt/airflow/dags/pipeline_simple_dag.py                                                 1           0  0.27s           2026-02-27T21:40:16
/opt/airflow/dags/arquitectura_retail_completa.py                 178  0.01s             1           0  0.20s           2026-02-27T21:40:15
/opt/airflow/dags/pipeline_procesamiento.py                                              0           1  0.16s           2026-02-27T21:40:15
/opt/airflow/dags/pipeline_monitoring_demo.py                     177  0.03s             0           1  0.13s           2026-02-27T21:40:15
/opt/airflow/dags/Optimización y Performance - Día 4.docx                                0           0  0.12s           2026-02-27T21:40:15
/opt/airflow/dags/Documentación y Presentación - Día 5.docx                              0           0  0.12s           2026-02-27T21:40:15
/opt/airflow/dags/Diseño de Arquitectura Completa - Día 1.docx                           0           0  0.11s           2026-02-27T21:40:16
/opt/airflow/dags/Validación y Testing - Día 3.docx                                      0           0  0.10s           2026-02-27T21:40:16
================================================================================
[2026-02-27T21:41:16.527+0000] {manager.py:878} INFO - 
================================================================================
DAG File Processing Stats

File Path                                                         PID  Runtime      # DAGs    # Errors  Last Runtime    Last Run
--------------------------------------------------------------  -----  ---------  --------  ----------  --------------  -------------------
/opt/airflow/dags/pipeline_simple_dag.py                                                 1           0  0.21s           2026-02-27T21:40:46
/opt/airflow/dags/arquitectura_retail_completa.py                 186  0.01s             1           0  0.20s           2026-02-27T21:40:46
/opt/airflow/dags/pipeline_procesamiento.py                                              0           1  0.14s           2026-02-27T21:40:46
/opt/airflow/dags/pipeline_monitoring_demo.py                     185  0.03s             0           1  0.14s           2026-02-27T21:40:46
/opt/airflow/dags/Optimización y Performance - Día 4.docx                                0           0  0.10s           2026-02-27T21:40:46
/opt/airflow/dags/Validación y Testing - Día 3.docx                                      0           0  0.09s           2026-02-27T21:40:46
/opt/airflow/dags/Documentación y Presentación - Día 5.docx                              0           0  0.09s           2026-02-27T21:40:46
/opt/airflow/dags/Diseño de Arquitectura Completa - Día 1.docx                           0           0  0.08s           2026-02-27T21:40:46
================================================================================
[2026-02-27T21:41:38.564+0000] {manager.py:737} INFO - Searching for files in /opt/airflow/dags
[2026-02-27T21:41:38.726+0000] {manager.py:740} INFO - There are 8 files in /opt/airflow/dags
[2026-02-27T21:41:47.060+0000] {manager.py:878} INFO - 
================================================================================
DAG File Processing Stats

File Path                                                         PID  Runtime      # DAGs    # Errors  Last Runtime    Last Run
--------------------------------------------------------------  -----  ---------  --------  ----------  --------------  -------------------
/opt/airflow/dags/arquitectura_retail_completa.py                 194  0.01s             1           0  0.23s           2026-02-27T21:41:16
/opt/airflow/dags/pipeline_simple_dag.py                                                 1           0  0.23s           2026-02-27T21:41:17
/opt/airflow/dags/pipeline_monitoring_demo.py                     193  0.04s             0           1  0.17s           2026-02-27T21:41:16
/opt/airflow/dags/pipeline_procesamiento.py                                              0           1  0.12s           2026-02-27T21:41:16
/opt/airflow/dags/Diseño de Arquitectura Completa - Día 1.docx                           0           0  0.11s           2026-02-27T21:41:17
/opt/airflow/dags/Documentación y Presentación - Día 5.docx                              0           0  0.09s           2026-02-27T21:41:16
/opt/airflow/dags/Validación y Testing - Día 3.docx                                      0           0  0.09s           2026-02-27T21:41:17
/opt/airflow/dags/Optimización y Performance - Día 4.docx                                0           0  0.08s           2026-02-27T21:41:16
================================================================================
[2026-02-27T21:42:17.355+0000] {manager.py:878} INFO - 
================================================================================
DAG File Processing Stats

File Path                                                         PID  Runtime      # DAGs    # Errors  Last Runtime    Last Run
--------------------------------------------------------------  -----  ---------  --------  ----------  --------------  -------------------
/opt/airflow/dags/arquitectura_retail_completa.py                 202  0.01s             1           0  0.21s           2026-02-27T21:41:47
/opt/airflow/dags/pipeline_simple_dag.py                                                 1           0  0.20s           2026-02-27T21:41:47
/opt/airflow/dags/pipeline_monitoring_demo.py                     201  0.03s             0           1  0.15s           2026-02-27T21:41:47
/opt/airflow/dags/pipeline_procesamiento.py                                              0           1  0.13s           2026-02-27T21:41:47
/opt/airflow/dags/Validación y Testing - Día 3.docx                                      0           0  0.09s           2026-02-27T21:41:47
/opt/airflow/dags/Documentación y Presentación - Día 5.docx                              0           0  0.09s           2026-02-27T21:41:47
/opt/airflow/dags/Optimización y Performance - Día 4.docx                                0           0  0.08s           2026-02-27T21:41:47
/opt/airflow/dags/Diseño de Arquitectura Completa - Día 1.docx                           0           0  0.07s           2026-02-27T21:41:47
================================================================================
[2026-02-27T21:42:47.782+0000] {manager.py:878} INFO - 
================================================================================
DAG File Processing Stats

File Path                                                         PID  Runtime      # DAGs    # Errors  Last Runtime    Last Run
--------------------------------------------------------------  -----  ---------  --------  ----------  --------------  -------------------
/opt/airflow/dags/arquitectura_retail_completa.py                 210  0.01s             1           0  0.21s           2026-02-27T21:42:17
/opt/airflow/dags/pipeline_simple_dag.py                                                 1           0  0.20s           2026-02-27T21:42:18
/opt/airflow/dags/pipeline_monitoring_demo.py                     209  0.04s             0           1  0.15s           2026-02-27T21:42:17
/opt/airflow/dags/pipeline_procesamiento.py                                              0           1  0.13s           2026-02-27T21:42:17
/opt/airflow/dags/Diseño de Arquitectura Completa - Día 1.docx                           0           0  0.10s           2026-02-27T21:42:18
/opt/airflow/dags/Documentación y Presentación - Día 5.docx                              0           0  0.09s           2026-02-27T21:42:17
/opt/airflow/dags/Optimización y Performance - Día 4.docx                                0           0  0.07s           2026-02-27T21:42:17
/opt/airflow/dags/Validación y Testing - Día 3.docx                                      0           0  0.07s           2026-02-27T21:42:17
================================================================================
[2026-02-27T21:43:18.176+0000] {manager.py:878} INFO - 
================================================================================
DAG File Processing Stats

File Path                                                         PID  Runtime      # DAGs    # Errors  Last Runtime    Last Run
--------------------------------------------------------------  -----  ---------  --------  ----------  --------------  -------------------
/opt/airflow/dags/pipeline_simple_dag.py                                                 1           0  0.26s           2026-02-27T21:42:48
/opt/airflow/dags/arquitectura_retail_completa.py                 218  0.01s             1           0  0.24s           2026-02-27T21:42:48
/opt/airflow/dags/pipeline_monitoring_demo.py                     217  0.03s             0           1  0.19s           2026-02-27T21:42:47
/opt/airflow/dags/Diseño de Arquitectura Completa - Día 1.docx                           0           0  0.15s           2026-02-27T21:42:48
/opt/airflow/dags/pipeline_procesamiento.py                                              0           1  0.13s           2026-02-27T21:42:48
/opt/airflow/dags/Optimización y Performance - Día 4.docx                                0           0  0.13s           2026-02-27T21:42:48
/opt/airflow/dags/Validación y Testing - Día 3.docx                                      0           0  0.10s           2026-02-27T21:42:48
/opt/airflow/dags/Documentación y Presentación - Día 5.docx                              0           0  0.10s           2026-02-27T21:42:48
================================================================================
[2026-02-27T21:43:48.581+0000] {manager.py:878} INFO - 
================================================================================
DAG File Processing Stats

File Path                                                         PID  Runtime      # DAGs    # Errors  Last Runtime    Last Run
--------------------------------------------------------------  -----  ---------  --------  ----------  --------------  -------------------
/opt/airflow/dags/arquitectura_retail_completa.py                 226  0.01s             1           0  0.21s           2026-02-27T21:43:18
/opt/airflow/dags/pipeline_simple_dag.py                                                 1           0  0.20s           2026-02-27T21:43:18
/opt/airflow/dags/pipeline_monitoring_demo.py                     225  0.03s             0           1  0.15s           2026-02-27T21:43:18
/opt/airflow/dags/pipeline_procesamiento.py                                              0           1  0.11s           2026-02-27T21:43:18
/opt/airflow/dags/Diseño de Arquitectura Completa - Día 1.docx                           0           0  0.10s           2026-02-27T21:43:18
/opt/airflow/dags/Documentación y Presentación - Día 5.docx                              0           0  0.10s           2026-02-27T21:43:18
/opt/airflow/dags/Validación y Testing - Día 3.docx                                      0           0  0.09s           2026-02-27T21:43:18
/opt/airflow/dags/Optimización y Performance - Día 4.docx                                0           0  0.09s           2026-02-27T21:43:18
================================================================================
[2026-02-27T21:44:18.988+0000] {manager.py:878} INFO - 
================================================================================
DAG File Processing Stats

File Path                                                         PID  Runtime      # DAGs    # Errors  Last Runtime    Last Run
--------------------------------------------------------------  -----  ---------  --------  ----------  --------------  -------------------
/opt/airflow/dags/arquitectura_retail_completa.py                 234  0.01s             1           0  0.27s           2026-02-27T21:43:48
/opt/airflow/dags/pipeline_simple_dag.py                                                 1           0  0.21s           2026-02-27T21:43:49
/opt/airflow/dags/pipeline_monitoring_demo.py                     233  0.03s             0           1  0.17s           2026-02-27T21:43:48
/opt/airflow/dags/pipeline_procesamiento.py                                              0           1  0.13s           2026-02-27T21:43:49
/opt/airflow/dags/Documentación y Presentación - Día 5.docx                              0           0  0.12s           2026-02-27T21:43:48
/opt/airflow/dags/Validación y Testing - Día 3.docx                                      0           0  0.12s           2026-02-27T21:43:49
/opt/airflow/dags/Diseño de Arquitectura Completa - Día 1.docx                           0           0  0.12s           2026-02-27T21:43:49
/opt/airflow/dags/Optimización y Performance - Día 4.docx                                0           0  0.09s           2026-02-27T21:43:48
================================================================================
[2026-02-27T21:44:49.401+0000] {manager.py:878} INFO - 
================================================================================
DAG File Processing Stats

File Path                                                         PID  Runtime      # DAGs    # Errors  Last Runtime    Last Run
--------------------------------------------------------------  -----  ---------  --------  ----------  --------------  -------------------
/opt/airflow/dags/arquitectura_retail_completa.py                 242  0.01s             1           0  0.23s           2026-02-27T21:44:19
/opt/airflow/dags/pipeline_simple_dag.py                                                 1           0  0.21s           2026-02-27T21:44:19
/opt/airflow/dags/Documentación y Presentación - Día 5.docx                              0           0  0.13s           2026-02-27T21:44:19
/opt/airflow/dags/pipeline_monitoring_demo.py                     241  0.03s             0           1  0.13s           2026-02-27T21:44:19
/opt/airflow/dags/pipeline_procesamiento.py                                              0           1  0.11s           2026-02-27T21:44:19
/opt/airflow/dags/Validación y Testing - Día 3.docx                                      0           0  0.08s           2026-02-27T21:44:19
/opt/airflow/dags/Optimización y Performance - Día 4.docx                                0           0  0.08s           2026-02-27T21:44:19
/opt/airflow/dags/Diseño de Arquitectura Completa - Día 1.docx                           0           0  0.07s           2026-02-27T21:44:19
================================================================================
[2026-02-27T21:45:19.674+0000] {manager.py:878} INFO - 
================================================================================
DAG File Processing Stats

File Path                                                         PID  Runtime      # DAGs    # Errors  Last Runtime    Last Run
--------------------------------------------------------------  -----  ---------  --------  ----------  --------------  -------------------
/opt/airflow/dags/pipeline_simple_dag.py                                                 1           0  0.22s           2026-02-27T21:44:49
/opt/airflow/dags/arquitectura_retail_completa.py                 250  0.01s             1           0  0.20s           2026-02-27T21:44:49
/opt/airflow/dags/pipeline_procesamiento.py                                              0           1  0.13s           2026-02-27T21:44:49
/opt/airflow/dags/pipeline_monitoring_demo.py                     249  0.03s             0           1  0.12s           2026-02-27T21:44:49
/opt/airflow/dags/Validación y Testing - Día 3.docx                                      0           0  0.12s           2026-02-27T21:44:50
/opt/airflow/dags/Documentación y Presentación - Día 5.docx                              0           0  0.10s           2026-02-27T21:44:49
/opt/airflow/dags/Diseño de Arquitectura Completa - Día 1.docx                           0           0  0.09s           2026-02-27T21:44:50
/opt/airflow/dags/Optimización y Performance - Día 4.docx                                0           0  0.08s           2026-02-27T21:44:49
================================================================================
[2026-02-27T21:45:50.131+0000] {manager.py:878} INFO - 
================================================================================
DAG File Processing Stats

File Path                                                         PID  Runtime      # DAGs    # Errors  Last Runtime    Last Run
--------------------------------------------------------------  -----  ---------  --------  ----------  --------------  -------------------
/opt/airflow/dags/arquitectura_retail_completa.py                 258  0.01s             1           0  0.25s           2026-02-27T21:45:19
/opt/airflow/dags/pipeline_simple_dag.py                                                 1           0  0.22s           2026-02-27T21:45:20
/opt/airflow/dags/pipeline_monitoring_demo.py                     257  0.03s             0           1  0.15s           2026-02-27T21:45:19
/opt/airflow/dags/pipeline_procesamiento.py                                              0           1  0.12s           2026-02-27T21:45:20
/opt/airflow/dags/Validación y Testing - Día 3.docx                                      0           0  0.12s           2026-02-27T21:45:20
/opt/airflow/dags/Documentación y Presentación - Día 5.docx                              0           0  0.11s           2026-02-27T21:45:19
/opt/airflow/dags/Diseño de Arquitectura Completa - Día 1.docx                           0           0  0.09s           2026-02-27T21:45:20
/opt/airflow/dags/Optimización y Performance - Día 4.docx                                0           0  0.08s           2026-02-27T21:45:19
================================================================================
[2026-02-27T21:46:20.595+0000] {manager.py:878} INFO - 
================================================================================
DAG File Processing Stats

File Path                                                         PID  Runtime      # DAGs    # Errors  Last Runtime    Last Run
--------------------------------------------------------------  -----  ---------  --------  ----------  --------------  -------------------
/opt/airflow/dags/pipeline_simple_dag.py                                                 1           0  0.25s           2026-02-27T21:45:50
/opt/airflow/dags/arquitectura_retail_completa.py                 266  0.01s             1           0  0.22s           2026-02-27T21:45:50
/opt/airflow/dags/pipeline_procesamiento.py                                              0           1  0.16s           2026-02-27T21:45:50
/opt/airflow/dags/Validación y Testing - Día 3.docx                                      0           0  0.15s           2026-02-27T21:45:50
/opt/airflow/dags/pipeline_monitoring_demo.py                     265  0.04s             0           1  0.14s           2026-02-27T21:45:50
/opt/airflow/dags/Diseño de Arquitectura Completa - Día 1.docx                           0           0  0.12s           2026-02-27T21:45:50
/opt/airflow/dags/Documentación y Presentación - Día 5.docx                              0           0  0.10s           2026-02-27T21:45:50
/opt/airflow/dags/Optimización y Performance - Día 4.docx                                0           0  0.09s           2026-02-27T21:45:50
================================================================================
[2026-02-27T21:46:38.572+0000] {manager.py:737} INFO - Searching for files in /opt/airflow/dags
[2026-02-27T21:46:38.712+0000] {manager.py:740} INFO - There are 8 files in /opt/airflow/dags
[2026-02-27T21:46:51.171+0000] {manager.py:878} INFO - 
================================================================================
DAG File Processing Stats

File Path                                                         PID  Runtime      # DAGs    # Errors  Last Runtime    Last Run
--------------------------------------------------------------  -----  ---------  --------  ----------  --------------  -------------------
/opt/airflow/dags/arquitectura_retail_completa.py                 274  0.01s             1           0  0.22s           2026-02-27T21:46:20
/opt/airflow/dags/pipeline_simple_dag.py                                                 1           0  0.20s           2026-02-27T21:46:21
/opt/airflow/dags/pipeline_monitoring_demo.py                     273  0.03s             0           1  0.15s           2026-02-27T21:46:20
/opt/airflow/dags/pipeline_procesamiento.py                                              0           1  0.14s           2026-02-27T21:46:21
/opt/airflow/dags/Validación y Testing - Día 3.docx                                      0           0  0.11s           2026-02-27T21:46:21
/opt/airflow/dags/Documentación y Presentación - Día 5.docx                              0           0  0.11s           2026-02-27T21:46:20
/opt/airflow/dags/Optimización y Performance - Día 4.docx                                0           0  0.10s           2026-02-27T21:46:20
/opt/airflow/dags/Diseño de Arquitectura Completa - Día 1.docx                           0           0  0.09s           2026-02-27T21:46:21
================================================================================
[2026-02-27T21:47:21.644+0000] {manager.py:878} INFO - 
================================================================================
DAG File Processing Stats

File Path                                                         PID  Runtime      # DAGs    # Errors  Last Runtime    Last Run
--------------------------------------------------------------  -----  ---------  --------  ----------  --------------  -------------------
/opt/airflow/dags/pipeline_simple_dag.py                                                 1           0  0.32s           2026-02-27T21:46:51
/opt/airflow/dags/arquitectura_retail_completa.py                 282  0.01s             1           0  0.23s           2026-02-27T21:46:51
/opt/airflow/dags/pipeline_procesamiento.py                                              0           1  0.13s           2026-02-27T21:46:51
/opt/airflow/dags/pipeline_monitoring_demo.py                     281  0.05s             0           1  0.13s           2026-02-27T21:46:51
/opt/airflow/dags/Validación y Testing - Día 3.docx                                      0           0  0.12s           2026-02-27T21:46:51
/opt/airflow/dags/Diseño de Arquitectura Completa - Día 1.docx                           0           0  0.10s           2026-02-27T21:46:51
/opt/airflow/dags/Optimización y Performance - Día 4.docx                                0           0  0.08s           2026-02-27T21:46:51
/opt/airflow/dags/Documentación y Presentación - Día 5.docx                              0           0  0.07s           2026-02-27T21:46:51
================================================================================
[2026-02-27T21:47:52.238+0000] {manager.py:878} INFO - 
================================================================================
DAG File Processing Stats

File Path                                                         PID  Runtime      # DAGs    # Errors  Last Runtime    Last Run
--------------------------------------------------------------  -----  ---------  --------  ----------  --------------  -------------------
/opt/airflow/dags/arquitectura_retail_completa.py                 290  0.01s             1           0  0.40s           2026-02-27T21:47:22
/opt/airflow/dags/pipeline_simple_dag.py                                                 1           0  0.23s           2026-02-27T21:47:22
/opt/airflow/dags/pipeline_monitoring_demo.py                     289  0.03s             0           1  0.21s           2026-02-27T21:47:21
/opt/airflow/dags/Documentación y Presentación - Día 5.docx                              0           0  0.20s           2026-02-27T21:47:22
/opt/airflow/dags/pipeline_procesamiento.py                                              0           1  0.15s           2026-02-27T21:47:22
/opt/airflow/dags/Validación y Testing - Día 3.docx                                      0           0  0.11s           2026-02-27T21:47:22
/opt/airflow/dags/Optimización y Performance - Día 4.docx                                0           0  0.10s           2026-02-27T21:47:22
/opt/airflow/dags/Diseño de Arquitectura Completa - Día 1.docx                           0           0  0.09s           2026-02-27T21:47:22
================================================================================
[2026-02-27T21:48:22.640+0000] {manager.py:878} INFO - 
================================================================================
DAG File Processing Stats

File Path                                                         PID  Runtime      # DAGs    # Errors  Last Runtime    Last Run
--------------------------------------------------------------  -----  ---------  --------  ----------  --------------  -------------------
/opt/airflow/dags/arquitectura_retail_completa.py                 298  0.01s             1           0  0.24s           2026-02-27T21:47:52
/opt/airflow/dags/pipeline_simple_dag.py                                                 1           0  0.19s           2026-02-27T21:47:52
/opt/airflow/dags/pipeline_procesamiento.py                                              0           1  0.13s           2026-02-27T21:47:52
/opt/airflow/dags/pipeline_monitoring_demo.py                     297  0.03s             0           1  0.12s           2026-02-27T21:47:52
/opt/airflow/dags/Validación y Testing - Día 3.docx                                      0           0  0.11s           2026-02-27T21:47:52
/opt/airflow/dags/Documentación y Presentación - Día 5.docx                              0           0  0.08s           2026-02-27T21:47:52
/opt/airflow/dags/Optimización y Performance - Día 4.docx                                0           0  0.08s           2026-02-27T21:47:52
/opt/airflow/dags/Diseño de Arquitectura Completa - Día 1.docx                           0           0  0.08s           2026-02-27T21:47:52
================================================================================
[2026-02-27T21:48:52.966+0000] {manager.py:878} INFO - 
================================================================================
DAG File Processing Stats

File Path                                                         PID  Runtime      # DAGs    # Errors  Last Runtime    Last Run
--------------------------------------------------------------  -----  ---------  --------  ----------  --------------  -------------------
/opt/airflow/dags/arquitectura_retail_completa.py                 306  0.01s             1           0  0.21s           2026-02-27T21:48:22
/opt/airflow/dags/pipeline_simple_dag.py                                                 1           0  0.20s           2026-02-27T21:48:23
/opt/airflow/dags/pipeline_monitoring_demo.py                     305  0.03s             0           1  0.15s           2026-02-27T21:48:22
/opt/airflow/dags/pipeline_procesamiento.py                                              0           1  0.13s           2026-02-27T21:48:23
/opt/airflow/dags/Validación y Testing - Día 3.docx                                      0           0  0.11s           2026-02-27T21:48:23
/opt/airflow/dags/Optimización y Performance - Día 4.docx                                0           0  0.10s           2026-02-27T21:48:22
/opt/airflow/dags/Diseño de Arquitectura Completa - Día 1.docx                           0           0  0.10s           2026-02-27T21:48:23
/opt/airflow/dags/Documentación y Presentación - Día 5.docx                              0           0  0.09s           2026-02-27T21:48:22
================================================================================
[2026-02-27T21:49:23.465+0000] {manager.py:878} INFO - 
================================================================================
DAG File Processing Stats

File Path                                                         PID  Runtime      # DAGs    # Errors  Last Runtime    Last Run
--------------------------------------------------------------  -----  ---------  --------  ----------  --------------  -------------------
/opt/airflow/dags/arquitectura_retail_completa.py                 314  0.01s             1           0  0.22s           2026-02-27T21:48:53
/opt/airflow/dags/pipeline_simple_dag.py                                                 1           0  0.21s           2026-02-27T21:48:53
/opt/airflow/dags/pipeline_monitoring_demo.py                     313  0.03s             0           1  0.15s           2026-02-27T21:48:53
/opt/airflow/dags/pipeline_procesamiento.py                                              0           1  0.13s           2026-02-27T21:48:53
/opt/airflow/dags/Documentación y Presentación - Día 5.docx                              0           0  0.12s           2026-02-27T21:48:53
/opt/airflow/dags/Optimización y Performance - Día 4.docx                                0           0  0.10s           2026-02-27T21:48:53
/opt/airflow/dags/Diseño de Arquitectura Completa - Día 1.docx                           0           0  0.08s           2026-02-27T21:48:53
/opt/airflow/dags/Validación y Testing - Día 3.docx                                      0           0  0.08s           2026-02-27T21:48:53
================================================================================
[2026-02-27T21:49:53.885+0000] {manager.py:878} INFO - 
================================================================================
DAG File Processing Stats

File Path                                                         PID  Runtime      # DAGs    # Errors  Last Runtime    Last Run
--------------------------------------------------------------  -----  ---------  --------  ----------  --------------  -------------------
/opt/airflow/dags/arquitectura_retail_completa.py                 322  0.01s             1           0  0.23s           2026-02-27T21:49:23
/opt/airflow/dags/pipeline_simple_dag.py                                                 1           0  0.23s           2026-02-27T21:49:24
/opt/airflow/dags/pipeline_monitoring_demo.py                     321  0.03s             0           1  0.16s           2026-02-27T21:49:23
/opt/airflow/dags/pipeline_procesamiento.py                                              0           1  0.15s           2026-02-27T21:49:23
/opt/airflow/dags/Validación y Testing - Día 3.docx                                      0           0  0.11s           2026-02-27T21:49:24
/opt/airflow/dags/Diseño de Arquitectura Completa - Día 1.docx                           0           0  0.11s           2026-02-27T21:49:24
/opt/airflow/dags/Documentación y Presentación - Día 5.docx                              0           0  0.09s           2026-02-27T21:49:23
/opt/airflow/dags/Optimización y Performance - Día 4.docx                                0           0  0.07s           2026-02-27T21:49:23
================================================================================
[2026-02-27T21:50:24.369+0000] {manager.py:878} INFO - 
================================================================================
DAG File Processing Stats

File Path                                                         PID  Runtime      # DAGs    # Errors  Last Runtime    Last Run
--------------------------------------------------------------  -----  ---------  --------  ----------  --------------  -------------------
/opt/airflow/dags/pipeline_simple_dag.py                                                 1           0  0.26s           2026-02-27T21:49:54
/opt/airflow/dags/arquitectura_retail_completa.py                 330  0.01s             1           0  0.23s           2026-02-27T21:49:54
/opt/airflow/dags/pipeline_monitoring_demo.py                     329  0.02s             0           1  0.15s           2026-02-27T21:49:53
/opt/airflow/dags/pipeline_procesamiento.py                                              0           1  0.14s           2026-02-27T21:49:54
/opt/airflow/dags/Diseño de Arquitectura Completa - Día 1.docx                           0           0  0.11s           2026-02-27T21:49:54
/opt/airflow/dags/Documentación y Presentación - Día 5.docx                              0           0  0.10s           2026-02-27T21:49:54
/opt/airflow/dags/Validación y Testing - Día 3.docx                                      0           0  0.10s           2026-02-27T21:49:54
/opt/airflow/dags/Optimización y Performance - Día 4.docx                                0           0  0.09s           2026-02-27T21:49:54
================================================================================
[2026-02-27T21:50:54.929+0000] {manager.py:878} INFO - 
================================================================================
DAG File Processing Stats

File Path                                                         PID  Runtime      # DAGs    # Errors  Last Runtime    Last Run
--------------------------------------------------------------  -----  ---------  --------  ----------  --------------  -------------------
/opt/airflow/dags/pipeline_simple_dag.py                                                 1           0  0.38s           2026-02-27T21:50:25
/opt/airflow/dags/pipeline_procesamiento.py                                              0           1  0.24s           2026-02-27T21:50:24
/opt/airflow/dags/arquitectura_retail_completa.py                 338  0.01s             1           0  0.23s           2026-02-27T21:50:24
/opt/airflow/dags/Validación y Testing - Día 3.docx                                      0           0  0.17s           2026-02-27T21:50:25
/opt/airflow/dags/pipeline_monitoring_demo.py                     337  0.03s             0           1  0.14s           2026-02-27T21:50:24
/opt/airflow/dags/Diseño de Arquitectura Completa - Día 1.docx                           0           0  0.11s           2026-02-27T21:50:25
/opt/airflow/dags/Optimización y Performance - Día 4.docx                                0           0  0.10s           2026-02-27T21:50:24
/opt/airflow/dags/Documentación y Presentación - Día 5.docx                              0           0  0.10s           2026-02-27T21:50:24
================================================================================
[2026-02-27T21:51:25.386+0000] {manager.py:878} INFO - 
================================================================================
DAG File Processing Stats

File Path                                                         PID  Runtime      # DAGs    # Errors  Last Runtime    Last Run
--------------------------------------------------------------  -----  ---------  --------  ----------  --------------  -------------------
/opt/airflow/dags/arquitectura_retail_completa.py                 346  0.01s             1           0  0.26s           2026-02-27T21:50:55
/opt/airflow/dags/pipeline_simple_dag.py                                                 1           0  0.23s           2026-02-27T21:50:55
/opt/airflow/dags/pipeline_monitoring_demo.py                     345  0.04s             0           1  0.16s           2026-02-27T21:50:55
/opt/airflow/dags/pipeline_procesamiento.py                                              0           1  0.14s           2026-02-27T21:50:55
/opt/airflow/dags/Validación y Testing - Día 3.docx                                      0           0  0.13s           2026-02-27T21:50:55
/opt/airflow/dags/Documentación y Presentación - Día 5.docx                              0           0  0.11s           2026-02-27T21:50:55
/opt/airflow/dags/Diseño de Arquitectura Completa - Día 1.docx                           0           0  0.10s           2026-02-27T21:50:55
/opt/airflow/dags/Optimización y Performance - Día 4.docx                                0           0  0.08s           2026-02-27T21:50:55
================================================================================
[2026-02-27T21:51:39.416+0000] {manager.py:737} INFO - Searching for files in /opt/airflow/dags
[2026-02-27T21:51:39.671+0000] {manager.py:740} INFO - There are 8 files in /opt/airflow/dags
[2026-02-27T21:51:56.441+0000] {manager.py:878} INFO - 
================================================================================
DAG File Processing Stats

File Path                                                         PID  Runtime      # DAGs    # Errors  Last Runtime    Last Run
--------------------------------------------------------------  -----  ---------  --------  ----------  --------------  -------------------
/opt/airflow/dags/arquitectura_retail_completa.py                 354  0.01s             1           0  0.24s           2026-02-27T21:51:25
/opt/airflow/dags/pipeline_simple_dag.py                                                 1           0  0.23s           2026-02-27T21:51:26
/opt/airflow/dags/pipeline_monitoring_demo.py                     353  0.03s             0           1  0.18s           2026-02-27T21:51:25
/opt/airflow/dags/pipeline_procesamiento.py                                              0           1  0.16s           2026-02-27T21:51:25
/opt/airflow/dags/Diseño de Arquitectura Completa - Día 1.docx                           0           0  0.12s           2026-02-27T21:51:26
/opt/airflow/dags/Optimización y Performance - Día 4.docx                                0           0  0.10s           2026-02-27T21:51:25
/opt/airflow/dags/Validación y Testing - Día 3.docx                                      0           0  0.10s           2026-02-27T21:51:26
/opt/airflow/dags/Documentación y Presentación - Día 5.docx                              0           0  0.10s           2026-02-27T21:51:25
================================================================================
[2026-02-27T21:52:27.081+0000] {manager.py:878} INFO - 
================================================================================
DAG File Processing Stats

File Path                                                         PID  Runtime      # DAGs    # Errors  Last Runtime    Last Run
--------------------------------------------------------------  -----  ---------  --------  ----------  --------------  -------------------
/opt/airflow/dags/pipeline_simple_dag.py                                                 1           0  0.25s           2026-02-27T21:51:57
/opt/airflow/dags/arquitectura_retail_completa.py                 362  0.01s             1           0  0.20s           2026-02-27T21:51:56
/opt/airflow/dags/pipeline_procesamiento.py                                              0           1  0.17s           2026-02-27T21:51:56
/opt/airflow/dags/pipeline_monitoring_demo.py                     361  0.06s             0           1  0.13s           2026-02-27T21:51:56
/opt/airflow/dags/Diseño de Arquitectura Completa - Día 1.docx                           0           0  0.13s           2026-02-27T21:51:57
/opt/airflow/dags/Validación y Testing - Día 3.docx                                      0           0  0.13s           2026-02-27T21:51:57
/opt/airflow/dags/Optimización y Performance - Día 4.docx                                0           0  0.10s           2026-02-27T21:51:56
/opt/airflow/dags/Documentación y Presentación - Día 5.docx                              0           0  0.09s           2026-02-27T21:51:56
================================================================================
[2026-02-27T21:52:57.792+0000] {manager.py:878} INFO - 
================================================================================
DAG File Processing Stats

File Path                                                         PID  Runtime      # DAGs    # Errors  Last Runtime    Last Run
--------------------------------------------------------------  -----  ---------  --------  ----------  --------------  -------------------
/opt/airflow/dags/arquitectura_retail_completa.py                 370  0.01s             1           0  0.31s           2026-02-27T21:52:27
/opt/airflow/dags/pipeline_monitoring_demo.py                     369  0.03s             0           1  0.26s           2026-02-27T21:52:27
/opt/airflow/dags/pipeline_simple_dag.py                                                 1           0  0.24s           2026-02-27T21:52:27
/opt/airflow/dags/pipeline_procesamiento.py                                              0           1  0.19s           2026-02-27T21:52:27
/opt/airflow/dags/Validación y Testing - Día 3.docx                                      0           0  0.11s           2026-02-27T21:52:27
/opt/airflow/dags/Diseño de Arquitectura Completa - Día 1.docx                           0           0  0.11s           2026-02-27T21:52:28
/opt/airflow/dags/Documentación y Presentación - Día 5.docx                              0           0  0.10s           2026-02-27T21:52:27
/opt/airflow/dags/Optimización y Performance - Día 4.docx                                0           0  0.09s           2026-02-27T21:52:27
================================================================================
[2026-02-27T21:53:28.256+0000] {manager.py:878} INFO - 
================================================================================
DAG File Processing Stats

File Path                                                         PID  Runtime      # DAGs    # Errors  Last Runtime    Last Run
--------------------------------------------------------------  -----  ---------  --------  ----------  --------------  -------------------
/opt/airflow/dags/pipeline_simple_dag.py                                                 1           0  0.23s           2026-02-27T21:52:58
/opt/airflow/dags/arquitectura_retail_completa.py                 378  0.01s             1           0  0.20s           2026-02-27T21:52:57
/opt/airflow/dags/pipeline_monitoring_demo.py                     377  0.03s             0           1  0.13s           2026-02-27T21:52:57
/opt/airflow/dags/pipeline_procesamiento.py                                              0           1  0.12s           2026-02-27T21:52:58
/opt/airflow/dags/Diseño de Arquitectura Completa - Día 1.docx                           0           0  0.10s           2026-02-27T21:52:58
/opt/airflow/dags/Documentación y Presentación - Día 5.docx                              0           0  0.09s           2026-02-27T21:52:57
/opt/airflow/dags/Optimización y Performance - Día 4.docx                                0           0  0.09s           2026-02-27T21:52:58
/opt/airflow/dags/Validación y Testing - Día 3.docx                                      0           0  0.08s           2026-02-27T21:52:58
================================================================================
[2026-02-27T21:53:58.836+0000] {manager.py:878} INFO - 
================================================================================
DAG File Processing Stats

File Path                                                         PID  Runtime      # DAGs    # Errors  Last Runtime    Last Run
--------------------------------------------------------------  -----  ---------  --------  ----------  --------------  -------------------
/opt/airflow/dags/arquitectura_retail_completa.py                 386  0.01s             1           0  0.29s           2026-02-27T21:53:28
/opt/airflow/dags/pipeline_simple_dag.py                                                 1           0  0.20s           2026-02-27T21:53:28
/opt/airflow/dags/pipeline_monitoring_demo.py                     385  0.04s             0           1  0.17s           2026-02-27T21:53:28
/opt/airflow/dags/pipeline_procesamiento.py                                              0           1  0.14s           2026-02-27T21:53:28
/opt/airflow/dags/Documentación y Presentación - Día 5.docx                              0           0  0.14s           2026-02-27T21:53:28
/opt/airflow/dags/Diseño de Arquitectura Completa - Día 1.docx                           0           0  0.10s           2026-02-27T21:53:29
/opt/airflow/dags/Optimización y Performance - Día 4.docx                                0           0  0.10s           2026-02-27T21:53:28
/opt/airflow/dags/Validación y Testing - Día 3.docx                                      0           0  0.10s           2026-02-27T21:53:28
================================================================================
[2026-02-27T21:54:29.353+0000] {manager.py:878} INFO - 
================================================================================
DAG File Processing Stats

File Path                                                         PID  Runtime      # DAGs    # Errors  Last Runtime    Last Run
--------------------------------------------------------------  -----  ---------  --------  ----------  --------------  -------------------
/opt/airflow/dags/arquitectura_retail_completa.py                 394  0.01s             1           0  0.36s           2026-02-27T21:53:59
/opt/airflow/dags/pipeline_simple_dag.py                                                 1           0  0.21s           2026-02-27T21:53:59
/opt/airflow/dags/pipeline_monitoring_demo.py                     393  0.04s             0           1  0.19s           2026-02-27T21:53:58
/opt/airflow/dags/pipeline_procesamiento.py                                              0           1  0.13s           2026-02-27T21:53:59
/opt/airflow/dags/Validación y Testing - Día 3.docx                                      0           0  0.12s           2026-02-27T21:53:59
/opt/airflow/dags/Documentación y Presentación - Día 5.docx                              0           0  0.10s           2026-02-27T21:53:59
/opt/airflow/dags/Optimización y Performance - Día 4.docx                                0           0  0.10s           2026-02-27T21:53:59
/opt/airflow/dags/Diseño de Arquitectura Completa - Día 1.docx                           0           0  0.09s           2026-02-27T21:53:59
================================================================================
[2026-02-27T21:54:59.792+0000] {manager.py:878} INFO - 
================================================================================
DAG File Processing Stats

File Path                                                         PID  Runtime      # DAGs    # Errors  Last Runtime    Last Run
--------------------------------------------------------------  -----  ---------  --------  ----------  --------------  -------------------
/opt/airflow/dags/pipeline_simple_dag.py                                                 1           0  0.22s           2026-02-27T21:54:29
/opt/airflow/dags/arquitectura_retail_completa.py                 402  0.01s             1           0  0.21s           2026-02-27T21:54:29
/opt/airflow/dags/pipeline_procesamiento.py                                              0           1  0.16s           2026-02-27T21:54:29
/opt/airflow/dags/pipeline_monitoring_demo.py                     401  0.03s             0           1  0.14s           2026-02-27T21:54:29
/opt/airflow/dags/Documentación y Presentación - Día 5.docx                              0           0  0.11s           2026-02-27T21:54:29
/opt/airflow/dags/Validación y Testing - Día 3.docx                                      0           0  0.08s           2026-02-27T21:54:29
/opt/airflow/dags/Optimización y Performance - Día 4.docx                                0           0  0.08s           2026-02-27T21:54:29
/opt/airflow/dags/Diseño de Arquitectura Completa - Día 1.docx                           0           0  0.07s           2026-02-27T21:54:30
================================================================================
[2026-02-27T21:55:30.314+0000] {manager.py:878} INFO - 
================================================================================
DAG File Processing Stats

File Path                                                         PID  Runtime      # DAGs    # Errors  Last Runtime    Last Run
--------------------------------------------------------------  -----  ---------  --------  ----------  --------------  -------------------
/opt/airflow/dags/pipeline_simple_dag.py                                                 1           0  0.26s           2026-02-27T21:55:00
/opt/airflow/dags/arquitectura_retail_completa.py                 410  0.01s             1           0  0.25s           2026-02-27T21:55:00
/opt/airflow/dags/pipeline_monitoring_demo.py                     409  0.04s             0           1  0.17s           2026-02-27T21:54:59
/opt/airflow/dags/pipeline_procesamiento.py                                              0           1  0.16s           2026-02-27T21:55:00
/opt/airflow/dags/Validación y Testing - Día 3.docx                                      0           0  0.12s           2026-02-27T21:55:00
/opt/airflow/dags/Documentación y Presentación - Día 5.docx                              0           0  0.11s           2026-02-27T21:55:00
/opt/airflow/dags/Diseño de Arquitectura Completa - Día 1.docx                           0           0  0.09s           2026-02-27T21:55:00
/opt/airflow/dags/Optimización y Performance - Día 4.docx                                0           0  0.08s           2026-02-27T21:55:00
================================================================================
[2026-02-27T21:56:00.861+0000] {manager.py:878} INFO - 
================================================================================
DAG File Processing Stats

File Path                                                         PID  Runtime      # DAGs    # Errors  Last Runtime    Last Run
--------------------------------------------------------------  -----  ---------  --------  ----------  --------------  -------------------
/opt/airflow/dags/arquitectura_retail_completa.py                 418  0.01s             1           0  0.26s           2026-02-27T21:55:30
/opt/airflow/dags/pipeline_simple_dag.py                                                 1           0  0.19s           2026-02-27T21:55:30
/opt/airflow/dags/pipeline_monitoring_demo.py                     417  0.04s             0           1  0.17s           2026-02-27T21:55:30
/opt/airflow/dags/pipeline_procesamiento.py                                              0           1  0.12s           2026-02-27T21:55:30
/opt/airflow/dags/Documentación y Presentación - Día 5.docx                              0           0  0.11s           2026-02-27T21:55:30
/opt/airflow/dags/Optimización y Performance - Día 4.docx                                0           0  0.11s           2026-02-27T21:55:30
/opt/airflow/dags/Validación y Testing - Día 3.docx                                      0           0  0.10s           2026-02-27T21:55:30
/opt/airflow/dags/Diseño de Arquitectura Completa - Día 1.docx                           0           0  0.08s           2026-02-27T21:55:31
================================================================================
[2026-02-27T21:56:31.519+0000] {manager.py:878} INFO - 
================================================================================
DAG File Processing Stats

File Path                                                         PID  Runtime      # DAGs    # Errors  Last Runtime    Last Run
--------------------------------------------------------------  -----  ---------  --------  ----------  --------------  -------------------
/opt/airflow/dags/arquitectura_retail_completa.py                 426  0.01s             1           0  0.30s           2026-02-27T21:56:01
/opt/airflow/dags/pipeline_simple_dag.py                                                 1           0  0.24s           2026-02-27T21:56:01
/opt/airflow/dags/Documentación y Presentación - Día 5.docx                              0           0  0.18s           2026-02-27T21:56:01
/opt/airflow/dags/pipeline_procesamiento.py                                              0           1  0.17s           2026-02-27T21:56:01
/opt/airflow/dags/pipeline_monitoring_demo.py                     425  0.04s             0           1  0.15s           2026-02-27T21:56:00
/opt/airflow/dags/Validación y Testing - Día 3.docx                                      0           0  0.11s           2026-02-27T21:56:01
/opt/airflow/dags/Diseño de Arquitectura Completa - Día 1.docx                           0           0  0.10s           2026-02-27T21:56:01
/opt/airflow/dags/Optimización y Performance - Día 4.docx                                0           0  0.09s           2026-02-27T21:56:01
================================================================================
[2026-02-27T21:56:40.306+0000] {manager.py:737} INFO - Searching for files in /opt/airflow/dags
[2026-02-27T21:56:40.529+0000] {manager.py:740} INFO - There are 8 files in /opt/airflow/dags
[2026-02-27T21:57:02.287+0000] {manager.py:878} INFO - 
================================================================================
DAG File Processing Stats

File Path                                                         PID  Runtime      # DAGs    # Errors  Last Runtime    Last Run
--------------------------------------------------------------  -----  ---------  --------  ----------  --------------  -------------------
/opt/airflow/dags/arquitectura_retail_completa.py                 434  0.01s             1           0  0.21s           2026-02-27T21:56:31
/opt/airflow/dags/pipeline_simple_dag.py                                                 1           0  0.20s           2026-02-27T21:56:32
/opt/airflow/dags/pipeline_monitoring_demo.py                     433  0.04s             0           1  0.14s           2026-02-27T21:56:31
/opt/airflow/dags/Validación y Testing - Día 3.docx                                      0           0  0.14s           2026-02-27T21:56:32
/opt/airflow/dags/Diseño de Arquitectura Completa - Día 1.docx                           0           0  0.13s           2026-02-27T21:56:32
/opt/airflow/dags/pipeline_procesamiento.py                                              0           1  0.11s           2026-02-27T21:56:31
/opt/airflow/dags/Documentación y Presentación - Día 5.docx                              0           0  0.09s           2026-02-27T21:56:31
/opt/airflow/dags/Optimización y Performance - Día 4.docx                                0           0  0.07s           2026-02-27T21:56:31
================================================================================
[2026-02-27T21:57:32.739+0000] {manager.py:878} INFO - 
================================================================================
DAG File Processing Stats

File Path                                                         PID  Runtime      # DAGs    # Errors  Last Runtime    Last Run
--------------------------------------------------------------  -----  ---------  --------  ----------  --------------  -------------------
/opt/airflow/dags/arquitectura_retail_completa.py                 442  0.01s             1           0  0.25s           2026-02-27T21:57:02
/opt/airflow/dags/pipeline_simple_dag.py                                                 1           0  0.20s           2026-02-27T21:57:02
/opt/airflow/dags/pipeline_monitoring_demo.py                     441  0.05s             0           1  0.17s           2026-02-27T21:57:02
/opt/airflow/dags/pipeline_procesamiento.py                                              0           1  0.12s           2026-02-27T21:57:02
/opt/airflow/dags/Validación y Testing - Día 3.docx                                      0           0  0.12s           2026-02-27T21:57:02
/opt/airflow/dags/Documentación y Presentación - Día 5.docx                              0           0  0.10s           2026-02-27T21:57:02
/opt/airflow/dags/Optimización y Performance - Día 4.docx                                0           0  0.08s           2026-02-27T21:57:02
/opt/airflow/dags/Diseño de Arquitectura Completa - Día 1.docx                           0           0  0.07s           2026-02-27T21:57:02
================================================================================
[2026-02-27T21:58:03.139+0000] {manager.py:878} INFO - 
================================================================================
DAG File Processing Stats

File Path                                                         PID  Runtime      # DAGs    # Errors  Last Runtime    Last Run
--------------------------------------------------------------  -----  ---------  --------  ----------  --------------  -------------------
/opt/airflow/dags/arquitectura_retail_completa.py                 450  0.01s             1           0  0.22s           2026-02-27T21:57:32
/opt/airflow/dags/pipeline_simple_dag.py                                                 1           0  0.20s           2026-02-27T21:57:33
/opt/airflow/dags/pipeline_monitoring_demo.py                     449  0.03s             0           1  0.18s           2026-02-27T21:57:32
/opt/airflow/dags/pipeline_procesamiento.py                                              0           1  0.14s           2026-02-27T21:57:33
/opt/airflow/dags/Validación y Testing - Día 3.docx                                      0           0  0.11s           2026-02-27T21:57:33
/opt/airflow/dags/Documentación y Presentación - Día 5.docx                              0           0  0.09s           2026-02-27T21:57:32
/opt/airflow/dags/Optimización y Performance - Día 4.docx                                0           0  0.09s           2026-02-27T21:57:33
/opt/airflow/dags/Diseño de Arquitectura Completa - Día 1.docx                           0           0  0.09s           2026-02-27T21:57:33
================================================================================
[2026-02-27T21:58:33.446+0000] {manager.py:878} INFO - 
================================================================================
DAG File Processing Stats

File Path                                                         PID  Runtime      # DAGs    # Errors  Last Runtime    Last Run
--------------------------------------------------------------  -----  ---------  --------  ----------  --------------  -------------------
/opt/airflow/dags/arquitectura_retail_completa.py                 458  0.01s             1           0  0.20s           2026-02-27T21:58:03
/opt/airflow/dags/pipeline_simple_dag.py                                                 1           0  0.19s           2026-02-27T21:58:03
/opt/airflow/dags/pipeline_monitoring_demo.py                     457  0.03s             0           1  0.13s           2026-02-27T21:58:03
/opt/airflow/dags/pipeline_procesamiento.py                                              0           1  0.12s           2026-02-27T21:58:03
/opt/airflow/dags/Validación y Testing - Día 3.docx                                      0           0  0.11s           2026-02-27T21:58:03
/opt/airflow/dags/Diseño de Arquitectura Completa - Día 1.docx                           0           0  0.11s           2026-02-27T21:58:03
/opt/airflow/dags/Documentación y Presentación - Día 5.docx                              0           0  0.10s           2026-02-27T21:58:03
/opt/airflow/dags/Optimización y Performance - Día 4.docx                                0           0  0.08s           2026-02-27T21:58:03
================================================================================
[2026-02-27T21:59:03.979+0000] {manager.py:878} INFO - 
================================================================================
DAG File Processing Stats

File Path                                                         PID  Runtime      # DAGs    # Errors  Last Runtime    Last Run
--------------------------------------------------------------  -----  ---------  --------  ----------  --------------  -------------------
/opt/airflow/dags/pipeline_simple_dag.py                                                 1           0  0.23s           2026-02-27T21:58:34
/opt/airflow/dags/arquitectura_retail_completa.py                 466  0.01s             1           0  0.21s           2026-02-27T21:58:33
/opt/airflow/dags/pipeline_monitoring_demo.py                     465  0.04s             0           1  0.14s           2026-02-27T21:58:33
/opt/airflow/dags/Validación y Testing - Día 3.docx                                      0           0  0.10s           2026-02-27T21:58:34
/opt/airflow/dags/pipeline_procesamiento.py                                              0           1  0.10s           2026-02-27T21:58:33
/opt/airflow/dags/Documentación y Presentación - Día 5.docx                              0           0  0.10s           2026-02-27T21:58:33
/opt/airflow/dags/Diseño de Arquitectura Completa - Día 1.docx                           0           0  0.10s           2026-02-27T21:58:34
/opt/airflow/dags/Optimización y Performance - Día 4.docx                                0           0  0.07s           2026-02-27T21:58:33
================================================================================
[2026-02-27T21:59:34.442+0000] {manager.py:878} INFO - 
================================================================================
DAG File Processing Stats

File Path                                                         PID  Runtime      # DAGs    # Errors  Last Runtime    Last Run
--------------------------------------------------------------  -----  ---------  --------  ----------  --------------  -------------------
/opt/airflow/dags/arquitectura_retail_completa.py                 474  0.01s             1           0  0.23s           2026-02-27T21:59:04
/opt/airflow/dags/pipeline_simple_dag.py                                                 1           0  0.23s           2026-02-27T21:59:04
/opt/airflow/dags/pipeline_monitoring_demo.py                     473  0.03s             0           1  0.16s           2026-02-27T21:59:04
/opt/airflow/dags/pipeline_procesamiento.py                                              0           1  0.14s           2026-02-27T21:59:04
/opt/airflow/dags/Documentación y Presentación - Día 5.docx                              0           0  0.10s           2026-02-27T21:59:04
/opt/airflow/dags/Validación y Testing - Día 3.docx                                      0           0  0.10s           2026-02-27T21:59:04
/opt/airflow/dags/Diseño de Arquitectura Completa - Día 1.docx                           0           0  0.08s           2026-02-27T21:59:04
/opt/airflow/dags/Optimización y Performance - Día 4.docx                                0           0  0.07s           2026-02-27T21:59:04
================================================================================
[2026-02-27T22:00:04.999+0000] {manager.py:878} INFO - 
================================================================================
DAG File Processing Stats

File Path                                                         PID  Runtime      # DAGs    # Errors  Last Runtime    Last Run
--------------------------------------------------------------  -----  ---------  --------  ----------  --------------  -------------------
/opt/airflow/dags/pipeline_simple_dag.py                                                 1           0  0.27s           2026-02-27T21:59:35
/opt/airflow/dags/arquitectura_retail_completa.py                 482  0.01s             1           0  0.26s           2026-02-27T21:59:34
/opt/airflow/dags/pipeline_procesamiento.py                                              0           1  0.19s           2026-02-27T21:59:35
/opt/airflow/dags/pipeline_monitoring_demo.py                     481  0.03s             0           1  0.16s           2026-02-27T21:59:34
/opt/airflow/dags/Validación y Testing - Día 3.docx                                      0           0  0.13s           2026-02-27T21:59:35
/opt/airflow/dags/Documentación y Presentación - Día 5.docx                              0           0  0.12s           2026-02-27T21:59:34
/opt/airflow/dags/Optimización y Performance - Día 4.docx                                0           0  0.12s           2026-02-27T21:59:34
/opt/airflow/dags/Diseño de Arquitectura Completa - Día 1.docx                           0           0  0.12s           2026-02-27T21:59:35
================================================================================
[2026-02-27T22:00:35.503+0000] {manager.py:878} INFO - 
================================================================================
DAG File Processing Stats

File Path                                                         PID  Runtime      # DAGs    # Errors  Last Runtime    Last Run
--------------------------------------------------------------  -----  ---------  --------  ----------  --------------  -------------------
/opt/airflow/dags/arquitectura_retail_completa.py                 490  0.01s             1           0  0.24s           2026-02-27T22:00:05
/opt/airflow/dags/Optimización y Performance - Día 4.docx                                0           0  0.20s           2026-02-27T22:00:05
/opt/airflow/dags/pipeline_simple_dag.py                                                 1           0  0.19s           2026-02-27T22:00:05
/opt/airflow/dags/pipeline_monitoring_demo.py                     489  0.03s             0           1  0.15s           2026-02-27T22:00:05
/opt/airflow/dags/Documentación y Presentación - Día 5.docx                              0           0  0.14s           2026-02-27T22:00:05
/opt/airflow/dags/pipeline_procesamiento.py                                              0           1  0.12s           2026-02-27T22:00:05
/opt/airflow/dags/Validación y Testing - Día 3.docx                                      0           0  0.10s           2026-02-27T22:00:05
/opt/airflow/dags/Diseño de Arquitectura Completa - Día 1.docx                           0           0  0.08s           2026-02-27T22:00:05
================================================================================
[2026-02-27T22:01:05.938+0000] {manager.py:878} INFO - 
================================================================================
DAG File Processing Stats

File Path                                                         PID  Runtime      # DAGs    # Errors  Last Runtime    Last Run
--------------------------------------------------------------  -----  ---------  --------  ----------  --------------  -------------------
/opt/airflow/dags/arquitectura_retail_completa.py                 498  0.01s             1           0  0.30s           2026-02-27T22:00:35
/opt/airflow/dags/pipeline_monitoring_demo.py                     497  0.04s             0           1  0.22s           2026-02-27T22:00:35
/opt/airflow/dags/pipeline_simple_dag.py                                                 1           0  0.21s           2026-02-27T22:00:36
/opt/airflow/dags/pipeline_procesamiento.py                                              0           1  0.14s           2026-02-27T22:00:36
/opt/airflow/dags/Documentación y Presentación - Día 5.docx                              0           0  0.12s           2026-02-27T22:00:35
/opt/airflow/dags/Validación y Testing - Día 3.docx                                      0           0  0.11s           2026-02-27T22:00:36
/opt/airflow/dags/Optimización y Performance - Día 4.docx                                0           0  0.10s           2026-02-27T22:00:35
/opt/airflow/dags/Diseño de Arquitectura Completa - Día 1.docx                           0           0  0.07s           2026-02-27T22:00:36
================================================================================
[2026-02-27T22:01:36.323+0000] {manager.py:878} INFO - 
================================================================================
DAG File Processing Stats

File Path                                                         PID  Runtime      # DAGs    # Errors  Last Runtime    Last Run
--------------------------------------------------------------  -----  ---------  --------  ----------  --------------  -------------------
/opt/airflow/dags/pipeline_simple_dag.py                                                 1           0  0.23s           2026-02-27T22:01:06
/opt/airflow/dags/arquitectura_retail_completa.py                 506  0.01s             1           0  0.22s           2026-02-27T22:01:06
/opt/airflow/dags/pipeline_monitoring_demo.py                     505  0.03s             0           1  0.16s           2026-02-27T22:01:06
/opt/airflow/dags/pipeline_procesamiento.py                                              0           1  0.13s           2026-02-27T22:01:06
/opt/airflow/dags/Diseño de Arquitectura Completa - Día 1.docx                           0           0  0.11s           2026-02-27T22:01:06
/opt/airflow/dags/Optimización y Performance - Día 4.docx                                0           0  0.11s           2026-02-27T22:01:06
/opt/airflow/dags/Documentación y Presentación - Día 5.docx                              0           0  0.10s           2026-02-27T22:01:06
/opt/airflow/dags/Validación y Testing - Día 3.docx                                      0           0  0.08s           2026-02-27T22:01:06
================================================================================
[2026-02-27T22:01:40.385+0000] {manager.py:737} INFO - Searching for files in /opt/airflow/dags
[2026-02-27T22:01:40.525+0000] {manager.py:740} INFO - There are 8 files in /opt/airflow/dags
[2026-02-27T22:02:06.990+0000] {manager.py:878} INFO - 
================================================================================
DAG File Processing Stats

File Path                                                         PID  Runtime      # DAGs    # Errors  Last Runtime    Last Run
--------------------------------------------------------------  -----  ---------  --------  ----------  --------------  -------------------
/opt/airflow/dags/pipeline_simple_dag.py                                                 1           0  0.27s           2026-02-27T22:01:37
/opt/airflow/dags/arquitectura_retail_completa.py                 514  0.01s             1           0  0.26s           2026-02-27T22:01:36
/opt/airflow/dags/pipeline_monitoring_demo.py                     513  0.02s             0           1  0.18s           2026-02-27T22:01:36
/opt/airflow/dags/pipeline_procesamiento.py                                              0           1  0.16s           2026-02-27T22:01:36
/opt/airflow/dags/Diseño de Arquitectura Completa - Día 1.docx                           0           0  0.12s           2026-02-27T22:01:37
/opt/airflow/dags/Documentación y Presentación - Día 5.docx                              0           0  0.12s           2026-02-27T22:01:36
/opt/airflow/dags/Optimización y Performance - Día 4.docx                                0           0  0.11s           2026-02-27T22:01:36
/opt/airflow/dags/Validación y Testing - Día 3.docx                                      0           0  0.09s           2026-02-27T22:01:36
================================================================================
[2026-02-27T22:02:37.331+0000] {manager.py:878} INFO - 
================================================================================
DAG File Processing Stats

File Path                                                         PID  Runtime      # DAGs    # Errors  Last Runtime    Last Run
--------------------------------------------------------------  -----  ---------  --------  ----------  --------------  -------------------
/opt/airflow/dags/arquitectura_retail_completa.py                 522  0.01s             1           0  0.23s           2026-02-27T22:02:07
/opt/airflow/dags/pipeline_simple_dag.py                                                 1           0  0.21s           2026-02-27T22:02:07
/opt/airflow/dags/pipeline_procesamiento.py                                              0           1  0.16s           2026-02-27T22:02:07
/opt/airflow/dags/pipeline_monitoring_demo.py                     521  0.03s             0           1  0.13s           2026-02-27T22:02:07
/opt/airflow/dags/Documentación y Presentación - Día 5.docx                              0           0  0.11s           2026-02-27T22:02:07
/opt/airflow/dags/Diseño de Arquitectura Completa - Día 1.docx                           0           0  0.11s           2026-02-27T22:02:07
/opt/airflow/dags/Validación y Testing - Día 3.docx                                      0           0  0.09s           2026-02-27T22:02:07
/opt/airflow/dags/Optimización y Performance - Día 4.docx                                0           0  0.09s           2026-02-27T22:02:07
================================================================================
[2026-02-27T22:03:07.775+0000] {manager.py:878} INFO - 
================================================================================
DAG File Processing Stats

File Path                                                         PID  Runtime      # DAGs    # Errors  Last Runtime    Last Run
--------------------------------------------------------------  -----  ---------  --------  ----------  --------------  -------------------
/opt/airflow/dags/arquitectura_retail_completa.py                 530  0.01s             1           0  0.27s           2026-02-27T22:02:37
/opt/airflow/dags/pipeline_simple_dag.py                                                 1           0  0.19s           2026-02-27T22:02:38
/opt/airflow/dags/Documentación y Presentación - Día 5.docx                              0           0  0.15s           2026-02-27T22:02:37
/opt/airflow/dags/pipeline_procesamiento.py                                              0           1  0.15s           2026-02-27T22:02:37
/opt/airflow/dags/pipeline_monitoring_demo.py                     529  0.03s             0           1  0.15s           2026-02-27T22:02:37
/opt/airflow/dags/Optimización y Performance - Día 4.docx                                0           0  0.10s           2026-02-27T22:02:37
/opt/airflow/dags/Diseño de Arquitectura Completa - Día 1.docx                           0           0  0.09s           2026-02-27T22:02:38
/opt/airflow/dags/Validación y Testing - Día 3.docx                                      0           0  0.08s           2026-02-27T22:02:37
================================================================================
[2026-02-27T22:03:38.269+0000] {manager.py:878} INFO - 
================================================================================
DAG File Processing Stats

File Path                                                         PID  Runtime      # DAGs    # Errors  Last Runtime    Last Run
--------------------------------------------------------------  -----  ---------  --------  ----------  --------------  -------------------
/opt/airflow/dags/pipeline_simple_dag.py                                                 1           0  0.23s           2026-02-27T22:03:08
/opt/airflow/dags/arquitectura_retail_completa.py                 538  0.02s             1           0  0.20s           2026-02-27T22:03:07
/opt/airflow/dags/pipeline_procesamiento.py                                              0           1  0.17s           2026-02-27T22:03:08
/opt/airflow/dags/pipeline_monitoring_demo.py                     537  0.05s             0           1  0.13s           2026-02-27T22:03:07
/opt/airflow/dags/Diseño de Arquitectura Completa - Día 1.docx                           0           0  0.10s           2026-02-27T22:03:08
/opt/airflow/dags/Documentación y Presentación - Día 5.docx                              0           0  0.10s           2026-02-27T22:03:07
/opt/airflow/dags/Validación y Testing - Día 3.docx                                      0           0  0.09s           2026-02-27T22:03:08
/opt/airflow/dags/Optimización y Performance - Día 4.docx                                0           0  0.08s           2026-02-27T22:03:08
================================================================================
[2026-02-27T22:04:08.511+0000] {manager.py:878} INFO - 
================================================================================
DAG File Processing Stats

File Path                                                         PID  Runtime      # DAGs    # Errors  Last Runtime    Last Run
--------------------------------------------------------------  -----  ---------  --------  ----------  --------------  -------------------
/opt/airflow/dags/arquitectura_retail_completa.py                                        1           0  0.24s           2026-02-27T22:03:38
/opt/airflow/dags/pipeline_simple_dag.py                                                 1           0  0.21s           2026-02-27T22:03:38
/opt/airflow/dags/pipeline_monitoring_demo.py                     545  0.01s             0           1  0.16s           2026-02-27T22:03:38
/opt/airflow/dags/pipeline_procesamiento.py                                              0           1  0.13s           2026-02-27T22:03:38
/opt/airflow/dags/Validación y Testing - Día 3.docx                                      0           0  0.11s           2026-02-27T22:03:38
/opt/airflow/dags/Documentación y Presentación - Día 5.docx                              0           0  0.10s           2026-02-27T22:03:38
/opt/airflow/dags/Optimización y Performance - Día 4.docx                                0           0  0.07s           2026-02-27T22:03:38
/opt/airflow/dags/Diseño de Arquitectura Completa - Día 1.docx                           0           0  0.07s           2026-02-27T22:03:38
================================================================================
[2026-02-27T22:04:38.940+0000] {manager.py:878} INFO - 
================================================================================
DAG File Processing Stats

File Path                                                         PID  Runtime      # DAGs    # Errors  Last Runtime    Last Run
--------------------------------------------------------------  -----  ---------  --------  ----------  --------------  -------------------
/opt/airflow/dags/pipeline_simple_dag.py                                                 1           0  0.24s           2026-02-27T22:04:09
/opt/airflow/dags/arquitectura_retail_completa.py                 554  0.01s             1           0  0.23s           2026-02-27T22:04:08
/opt/airflow/dags/pipeline_procesamiento.py                                              0           1  0.13s           2026-02-27T22:04:09
/opt/airflow/dags/pipeline_monitoring_demo.py                     553  0.03s             0           1  0.12s           2026-02-27T22:04:08
/opt/airflow/dags/Validación y Testing - Día 3.docx                                      0           0  0.09s           2026-02-27T22:04:09
/opt/airflow/dags/Optimización y Performance - Día 4.docx                                0           0  0.09s           2026-02-27T22:04:08
/opt/airflow/dags/Documentación y Presentación - Día 5.docx                              0           0  0.09s           2026-02-27T22:04:08
/opt/airflow/dags/Diseño de Arquitectura Completa - Día 1.docx                           0           0  0.08s           2026-02-27T22:04:09
================================================================================
[2026-02-27T22:05:09.539+0000] {manager.py:878} INFO - 
================================================================================
DAG File Processing Stats

File Path                                                         PID  Runtime      # DAGs    # Errors  Last Runtime    Last Run
--------------------------------------------------------------  -----  ---------  --------  ----------  --------------  -------------------
/opt/airflow/dags/pipeline_simple_dag.py                                                 1           0  0.24s           2026-02-27T22:04:39
/opt/airflow/dags/arquitectura_retail_completa.py                 562  0.01s             1           0  0.21s           2026-02-27T22:04:39
/opt/airflow/dags/pipeline_procesamiento.py                                              0           1  0.16s           2026-02-27T22:04:39
/opt/airflow/dags/pipeline_monitoring_demo.py                     561  0.03s             0           1  0.14s           2026-02-27T22:04:39
/opt/airflow/dags/Diseño de Arquitectura Completa - Día 1.docx                           0           0  0.13s           2026-02-27T22:04:39
/opt/airflow/dags/Documentación y Presentación - Día 5.docx                              0           0  0.10s           2026-02-27T22:04:39
/opt/airflow/dags/Validación y Testing - Día 3.docx                                      0           0  0.09s           2026-02-27T22:04:39
/opt/airflow/dags/Optimización y Performance - Día 4.docx                                0           0  0.08s           2026-02-27T22:04:39
================================================================================
[2026-02-27T22:05:39.883+0000] {manager.py:878} INFO - 
================================================================================
DAG File Processing Stats

File Path                                                         PID  Runtime      # DAGs    # Errors  Last Runtime    Last Run
--------------------------------------------------------------  -----  ---------  --------  ----------  --------------  -------------------
/opt/airflow/dags/arquitectura_retail_completa.py                 570  0.01s             1           0  0.21s           2026-02-27T22:05:09
/opt/airflow/dags/pipeline_simple_dag.py                                                 1           0  0.19s           2026-02-27T22:05:10
/opt/airflow/dags/pipeline_monitoring_demo.py                     569  0.03s             0           1  0.14s           2026-02-27T22:05:09
/opt/airflow/dags/pipeline_procesamiento.py                                              0           1  0.13s           2026-02-27T22:05:10
/opt/airflow/dags/Validación y Testing - Día 3.docx                                      0           0  0.13s           2026-02-27T22:05:10
/opt/airflow/dags/Documentación y Presentación - Día 5.docx                              0           0  0.10s           2026-02-27T22:05:09
/opt/airflow/dags/Diseño de Arquitectura Completa - Día 1.docx                           0           0  0.10s           2026-02-27T22:05:10
/opt/airflow/dags/Optimización y Performance - Día 4.docx                                0           0  0.09s           2026-02-27T22:05:09
================================================================================
[2026-02-27T22:06:10.338+0000] {manager.py:878} INFO - 
================================================================================
DAG File Processing Stats

File Path                                                         PID  Runtime      # DAGs    # Errors  Last Runtime    Last Run
--------------------------------------------------------------  -----  ---------  --------  ----------  --------------  -------------------
/opt/airflow/dags/arquitectura_retail_completa.py                 578  0.01s             1           0  0.24s           2026-02-27T22:05:40
/opt/airflow/dags/pipeline_simple_dag.py                                                 1           0  0.20s           2026-02-27T22:05:40
/opt/airflow/dags/Validación y Testing - Día 3.docx                                      0           0  0.15s           2026-02-27T22:05:40
/opt/airflow/dags/pipeline_monitoring_demo.py                     577  0.03s             0           1  0.14s           2026-02-27T22:05:39
/opt/airflow/dags/pipeline_procesamiento.py                                              0           1  0.13s           2026-02-27T22:05:40
/opt/airflow/dags/Documentación y Presentación - Día 5.docx                              0           0  0.12s           2026-02-27T22:05:40
/opt/airflow/dags/Optimización y Performance - Día 4.docx                                0           0  0.10s           2026-02-27T22:05:40
/opt/airflow/dags/Diseño de Arquitectura Completa - Día 1.docx                           0           0  0.09s           2026-02-27T22:05:40
================================================================================
[2026-02-27T22:06:40.648+0000] {manager.py:737} INFO - Searching for files in /opt/airflow/dags
[2026-02-27T22:06:40.846+0000] {manager.py:740} INFO - There are 8 files in /opt/airflow/dags
[2026-02-27T22:06:41.052+0000] {manager.py:878} INFO - 
================================================================================
DAG File Processing Stats

File Path                                                         PID  Runtime      # DAGs    # Errors  Last Runtime    Last Run
--------------------------------------------------------------  -----  ---------  --------  ----------  --------------  -------------------
/opt/airflow/dags/pipeline_simple_dag.py                                                 1           0  0.24s           2026-02-27T22:06:10
/opt/airflow/dags/arquitectura_retail_completa.py                 586  0.01s             1           0  0.24s           2026-02-27T22:06:10
/opt/airflow/dags/pipeline_procesamiento.py                                              0           1  0.14s           2026-02-27T22:06:10
/opt/airflow/dags/pipeline_monitoring_demo.py                     585  0.03s             0           1  0.14s           2026-02-27T22:06:10
/opt/airflow/dags/Validación y Testing - Día 3.docx                                      0           0  0.13s           2026-02-27T22:06:11
/opt/airflow/dags/Documentación y Presentación - Día 5.docx                              0           0  0.11s           2026-02-27T22:06:10
/opt/airflow/dags/Diseño de Arquitectura Completa - Día 1.docx                           0           0  0.08s           2026-02-27T22:06:11
/opt/airflow/dags/Optimización y Performance - Día 4.docx                                0           0  0.08s           2026-02-27T22:06:10
================================================================================
[2026-02-27T22:07:11.359+0000] {manager.py:878} INFO - 
================================================================================
DAG File Processing Stats

File Path                                                         PID  Runtime      # DAGs    # Errors  Last Runtime    Last Run
--------------------------------------------------------------  -----  ---------  --------  ----------  --------------  -------------------
/opt/airflow/dags/arquitectura_retail_completa.py                 594  0.01s             1           0  0.21s           2026-02-27T22:06:41
/opt/airflow/dags/pipeline_simple_dag.py                                                 1           0  0.20s           2026-02-27T22:06:41
/opt/airflow/dags/pipeline_monitoring_demo.py                     593  0.04s             0           1  0.14s           2026-02-27T22:06:41
/opt/airflow/dags/Validación y Testing - Día 3.docx                                      0           0  0.12s           2026-02-27T22:06:41
/opt/airflow/dags/pipeline_procesamiento.py                                              0           1  0.11s           2026-02-27T22:06:41
/opt/airflow/dags/Documentación y Presentación - Día 5.docx                              0           0  0.10s           2026-02-27T22:06:41
/opt/airflow/dags/Optimización y Performance - Día 4.docx                                0           0  0.09s           2026-02-27T22:06:41
/opt/airflow/dags/Diseño de Arquitectura Completa - Día 1.docx                           0           0  0.08s           2026-02-27T22:06:41
================================================================================
[2026-02-27T22:07:41.665+0000] {manager.py:878} INFO - 
================================================================================
DAG File Processing Stats

File Path                                                         PID  Runtime      # DAGs    # Errors  Last Runtime    Last Run
--------------------------------------------------------------  -----  ---------  --------  ----------  --------------  -------------------
/opt/airflow/dags/pipeline_simple_dag.py                                                 1           0  0.21s           2026-02-27T22:07:11
/opt/airflow/dags/arquitectura_retail_completa.py                 602  0.01s             1           0  0.21s           2026-02-27T22:07:11
/opt/airflow/dags/pipeline_monitoring_demo.py                     601  0.03s             0           1  0.15s           2026-02-27T22:07:11
/opt/airflow/dags/pipeline_procesamiento.py                                              0           1  0.13s           2026-02-27T22:07:11
/opt/airflow/dags/Validación y Testing - Día 3.docx                                      0           0  0.12s           2026-02-27T22:07:11
/opt/airflow/dags/Documentación y Presentación - Día 5.docx                              0           0  0.09s           2026-02-27T22:07:11
/opt/airflow/dags/Diseño de Arquitectura Completa - Día 1.docx                           0           0  0.08s           2026-02-27T22:07:12
/opt/airflow/dags/Optimización y Performance - Día 4.docx                                0           0  0.07s           2026-02-27T22:07:11
================================================================================
[2026-02-27T22:08:12.249+0000] {manager.py:878} INFO - 
================================================================================
DAG File Processing Stats

File Path                                                         PID  Runtime      # DAGs    # Errors  Last Runtime    Last Run
--------------------------------------------------------------  -----  ---------  --------  ----------  --------------  -------------------
/opt/airflow/dags/pipeline_simple_dag.py                                                 1           0  0.25s           2026-02-27T22:07:42
/opt/airflow/dags/arquitectura_retail_completa.py                 610  0.01s             1           0  0.25s           2026-02-27T22:07:41
/opt/airflow/dags/pipeline_monitoring_demo.py                     609  0.02s             0           1  0.16s           2026-02-27T22:07:41
/opt/airflow/dags/Documentación y Presentación - Día 5.docx                              0           0  0.13s           2026-02-27T22:07:41
/opt/airflow/dags/pipeline_procesamiento.py                                              0           1  0.13s           2026-02-27T22:07:42
/opt/airflow/dags/Diseño de Arquitectura Completa - Día 1.docx                           0           0  0.12s           2026-02-27T22:07:42
/opt/airflow/dags/Optimización y Performance - Día 4.docx                                0           0  0.10s           2026-02-27T22:07:42
/opt/airflow/dags/Validación y Testing - Día 3.docx                                      0           0  0.10s           2026-02-27T22:07:42
================================================================================
[2026-02-27T22:08:42.670+0000] {manager.py:878} INFO - 
================================================================================
DAG File Processing Stats

File Path                                                         PID  Runtime      # DAGs    # Errors  Last Runtime    Last Run
--------------------------------------------------------------  -----  ---------  --------  ----------  --------------  -------------------
/opt/airflow/dags/pipeline_simple_dag.py                                                 1           0  0.28s           2026-02-27T22:08:12
/opt/airflow/dags/arquitectura_retail_completa.py                 618  0.01s             1           0  0.21s           2026-02-27T22:08:12
/opt/airflow/dags/Validación y Testing - Día 3.docx                                      0           0  0.16s           2026-02-27T22:08:12
/opt/airflow/dags/pipeline_procesamiento.py                                              0           1  0.16s           2026-02-27T22:08:12
/opt/airflow/dags/pipeline_monitoring_demo.py                     617  0.04s             0           1  0.14s           2026-02-27T22:08:12
/opt/airflow/dags/Diseño de Arquitectura Completa - Día 1.docx                           0           0  0.11s           2026-02-27T22:08:13
/opt/airflow/dags/Optimización y Performance - Día 4.docx                                0           0  0.11s           2026-02-27T22:08:12
/opt/airflow/dags/Documentación y Presentación - Día 5.docx                              0           0  0.10s           2026-02-27T22:08:12
================================================================================
[2026-02-27T22:09:13.134+0000] {manager.py:878} INFO - 
================================================================================
DAG File Processing Stats

File Path                                                         PID  Runtime      # DAGs    # Errors  Last Runtime    Last Run
--------------------------------------------------------------  -----  ---------  --------  ----------  --------------  -------------------
/opt/airflow/dags/arquitectura_retail_completa.py                 626  0.01s             1           0  0.31s           2026-02-27T22:08:42
/opt/airflow/dags/pipeline_simple_dag.py                                                 1           0  0.20s           2026-02-27T22:08:43
/opt/airflow/dags/pipeline_monitoring_demo.py                     625  0.04s             0           1  0.18s           2026-02-27T22:08:42
/opt/airflow/dags/Documentación y Presentación - Día 5.docx                              0           0  0.14s           2026-02-27T22:08:42
/opt/airflow/dags/pipeline_procesamiento.py                                              0           1  0.13s           2026-02-27T22:08:43
/opt/airflow/dags/Validación y Testing - Día 3.docx                                      0           0  0.12s           2026-02-27T22:08:43
/opt/airflow/dags/Diseño de Arquitectura Completa - Día 1.docx                           0           0  0.11s           2026-02-27T22:08:43
/opt/airflow/dags/Optimización y Performance - Día 4.docx                                0           0  0.09s           2026-02-27T22:08:43
================================================================================
[2026-02-27T22:09:43.519+0000] {manager.py:878} INFO - 
================================================================================
DAG File Processing Stats

File Path                                                         PID  Runtime      # DAGs    # Errors  Last Runtime    Last Run
--------------------------------------------------------------  -----  ---------  --------  ----------  --------------  -------------------
/opt/airflow/dags/arquitectura_retail_completa.py                 634  0.01s             1           0  0.21s           2026-02-27T22:09:13
/opt/airflow/dags/pipeline_simple_dag.py                                                 1           0  0.18s           2026-02-27T22:09:13
/opt/airflow/dags/pipeline_monitoring_demo.py                     633  0.03s             0           1  0.14s           2026-02-27T22:09:13
/opt/airflow/dags/Documentación y Presentación - Día 5.docx                              0           0  0.12s           2026-02-27T22:09:13
/opt/airflow/dags/pipeline_procesamiento.py                                              0           1  0.11s           2026-02-27T22:09:13
/opt/airflow/dags/Optimización y Performance - Día 4.docx                                0           0  0.10s           2026-02-27T22:09:13
/opt/airflow/dags/Diseño de Arquitectura Completa - Día 1.docx                           0           0  0.09s           2026-02-27T22:09:13
/opt/airflow/dags/Validación y Testing - Día 3.docx                                      0           0  0.07s           2026-02-27T22:09:13
================================================================================
[2026-02-27T22:10:14.044+0000] {manager.py:878} INFO - 
================================================================================
DAG File Processing Stats

File Path                                                         PID  Runtime      # DAGs    # Errors  Last Runtime    Last Run
--------------------------------------------------------------  -----  ---------  --------  ----------  --------------  -------------------
/opt/airflow/dags/arquitectura_retail_completa.py                 642  0.01s             1           0  0.22s           2026-02-27T22:09:43
/opt/airflow/dags/pipeline_simple_dag.py                                                 1           0  0.21s           2026-02-27T22:09:44
/opt/airflow/dags/pipeline_procesamiento.py                                              0           1  0.15s           2026-02-27T22:09:44
/opt/airflow/dags/pipeline_monitoring_demo.py                     641  0.03s             0           1  0.13s           2026-02-27T22:09:43
/opt/airflow/dags/Documentación y Presentación - Día 5.docx                              0           0  0.12s           2026-02-27T22:09:43
/opt/airflow/dags/Optimización y Performance - Día 4.docx                                0           0  0.10s           2026-02-27T22:09:43
/opt/airflow/dags/Validación y Testing - Día 3.docx                                      0           0  0.10s           2026-02-27T22:09:44
/opt/airflow/dags/Diseño de Arquitectura Completa - Día 1.docx                           0           0  0.08s           2026-02-27T22:09:44
================================================================================
[2026-02-27T22:10:44.404+0000] {manager.py:878} INFO - 
================================================================================
DAG File Processing Stats

File Path                                                         PID  Runtime      # DAGs    # Errors  Last Runtime    Last Run
--------------------------------------------------------------  -----  ---------  --------  ----------  --------------  -------------------
/opt/airflow/dags/arquitectura_retail_completa.py                 650  0.01s             1           0  0.23s           2026-02-27T22:10:14
/opt/airflow/dags/pipeline_simple_dag.py                                                 1           0  0.17s           2026-02-27T22:10:14
/opt/airflow/dags/pipeline_monitoring_demo.py                     649  0.04s             0           1  0.15s           2026-02-27T22:10:14
/opt/airflow/dags/Documentación y Presentación - Día 5.docx                              0           0  0.12s           2026-02-27T22:10:14
/opt/airflow/dags/pipeline_procesamiento.py                                              0           1  0.11s           2026-02-27T22:10:14
/opt/airflow/dags/Validación y Testing - Día 3.docx                                      0           0  0.09s           2026-02-27T22:10:14
/opt/airflow/dags/Diseño de Arquitectura Completa - Día 1.docx                           0           0  0.09s           2026-02-27T22:10:14
/opt/airflow/dags/Optimización y Performance - Día 4.docx                                0           0  0.08s           2026-02-27T22:10:14
================================================================================
[2026-02-27T22:11:14.736+0000] {manager.py:878} INFO - 
================================================================================
DAG File Processing Stats

File Path                                                         PID  Runtime      # DAGs    # Errors  Last Runtime    Last Run
--------------------------------------------------------------  -----  ---------  --------  ----------  --------------  -------------------
/opt/airflow/dags/arquitectura_retail_completa.py                 658  0.01s             1           0  0.26s           2026-02-27T22:10:44
/opt/airflow/dags/pipeline_simple_dag.py                                                 1           0  0.20s           2026-02-27T22:10:44
/opt/airflow/dags/pipeline_monitoring_demo.py                     657  0.03s             0           1  0.16s           2026-02-27T22:10:44
/opt/airflow/dags/Documentación y Presentación - Día 5.docx                              0           0  0.13s           2026-02-27T22:10:44
/opt/airflow/dags/pipeline_procesamiento.py                                              0           1  0.12s           2026-02-27T22:10:44
/opt/airflow/dags/Validación y Testing - Día 3.docx                                      0           0  0.12s           2026-02-27T22:10:45
/opt/airflow/dags/Diseño de Arquitectura Completa - Día 1.docx                           0           0  0.10s           2026-02-27T22:10:45
/opt/airflow/dags/Optimización y Performance - Día 4.docx                                0           0  0.08s           2026-02-27T22:10:44
================================================================================
[2026-02-27T22:11:41.068+0000] {manager.py:737} INFO - Searching for files in /opt/airflow/dags
[2026-02-27T22:11:41.215+0000] {manager.py:740} INFO - There are 8 files in /opt/airflow/dags
[2026-02-27T22:11:45.450+0000] {manager.py:878} INFO - 
================================================================================
DAG File Processing Stats

File Path                                                         PID  Runtime      # DAGs    # Errors  Last Runtime    Last Run
--------------------------------------------------------------  -----  ---------  --------  ----------  --------------  -------------------
/opt/airflow/dags/arquitectura_retail_completa.py                 666  0.01s             1           0  0.27s           2026-02-27T22:11:14
/opt/airflow/dags/pipeline_simple_dag.py                                                 1           0  0.24s           2026-02-27T22:11:15
/opt/airflow/dags/Documentación y Presentación - Día 5.docx                              0           0  0.17s           2026-02-27T22:11:15
/opt/airflow/dags/Optimización y Performance - Día 4.docx                                0           0  0.16s           2026-02-27T22:11:15
/opt/airflow/dags/pipeline_procesamiento.py                                              0           1  0.14s           2026-02-27T22:11:15
/opt/airflow/dags/Validación y Testing - Día 3.docx                                      0           0  0.12s           2026-02-27T22:11:15
/opt/airflow/dags/pipeline_monitoring_demo.py                     665  0.03s             0           1  0.12s           2026-02-27T22:11:14
/opt/airflow/dags/Diseño de Arquitectura Completa - Día 1.docx                           0           0  0.09s           2026-02-27T22:11:15
================================================================================
[2026-02-27T22:12:15.982+0000] {manager.py:878} INFO - 
================================================================================
DAG File Processing Stats

File Path                                                         PID  Runtime      # DAGs    # Errors  Last Runtime    Last Run
--------------------------------------------------------------  -----  ---------  --------  ----------  --------------  -------------------
/opt/airflow/dags/pipeline_simple_dag.py                                                 1           0  0.24s           2026-02-27T22:11:46
/opt/airflow/dags/arquitectura_retail_completa.py                 674  0.01s             1           0  0.23s           2026-02-27T22:11:45
/opt/airflow/dags/pipeline_procesamiento.py                                              0           1  0.16s           2026-02-27T22:11:45
/opt/airflow/dags/pipeline_monitoring_demo.py                     673  0.03s             0           1  0.14s           2026-02-27T22:11:45
/opt/airflow/dags/Documentación y Presentación - Día 5.docx                              0           0  0.12s           2026-02-27T22:11:45
/opt/airflow/dags/Optimización y Performance - Día 4.docx                                0           0  0.10s           2026-02-27T22:11:45
/opt/airflow/dags/Validación y Testing - Día 3.docx                                      0           0  0.10s           2026-02-27T22:11:46
/opt/airflow/dags/Diseño de Arquitectura Completa - Día 1.docx                           0           0  0.10s           2026-02-27T22:11:46
================================================================================
[2026-02-27T22:12:46.337+0000] {manager.py:878} INFO - 
================================================================================
DAG File Processing Stats

File Path                                                         PID  Runtime      # DAGs    # Errors  Last Runtime    Last Run
--------------------------------------------------------------  -----  ---------  --------  ----------  --------------  -------------------
/opt/airflow/dags/arquitectura_retail_completa.py                 682  0.01s             1           0  0.24s           2026-02-27T22:12:16
/opt/airflow/dags/pipeline_simple_dag.py                                                 1           0  0.18s           2026-02-27T22:12:16
/opt/airflow/dags/pipeline_monitoring_demo.py                     681  0.03s             0           1  0.12s           2026-02-27T22:12:16
/opt/airflow/dags/Optimización y Performance - Día 4.docx                                0           0  0.11s           2026-02-27T22:12:16
/opt/airflow/dags/pipeline_procesamiento.py                                              0           1  0.11s           2026-02-27T22:12:16
/opt/airflow/dags/Validación y Testing - Día 3.docx                                      0           0  0.10s           2026-02-27T22:12:16
/opt/airflow/dags/Diseño de Arquitectura Completa - Día 1.docx                           0           0  0.09s           2026-02-27T22:12:16
/opt/airflow/dags/Documentación y Presentación - Día 5.docx                              0           0  0.09s           2026-02-27T22:12:16
================================================================================
[2026-02-27T22:13:16.774+0000] {manager.py:878} INFO - 
================================================================================
DAG File Processing Stats

File Path                                                         PID  Runtime      # DAGs    # Errors  Last Runtime    Last Run
--------------------------------------------------------------  -----  ---------  --------  ----------  --------------  -------------------
/opt/airflow/dags/arquitectura_retail_completa.py                 690  0.01s             1           0  0.28s           2026-02-27T22:12:46
/opt/airflow/dags/pipeline_simple_dag.py                                                 1           0  0.23s           2026-02-27T22:12:47
/opt/airflow/dags/pipeline_monitoring_demo.py                     689  0.04s             0           1  0.15s           2026-02-27T22:12:46
/opt/airflow/dags/Documentación y Presentación - Día 5.docx                              0           0  0.14s           2026-02-27T22:12:46
/opt/airflow/dags/pipeline_procesamiento.py                                              0           1  0.14s           2026-02-27T22:12:46
/opt/airflow/dags/Validación y Testing - Día 3.docx                                      0           0  0.13s           2026-02-27T22:12:47
/opt/airflow/dags/Optimización y Performance - Día 4.docx                                0           0  0.10s           2026-02-27T22:12:46
/opt/airflow/dags/Diseño de Arquitectura Completa - Día 1.docx                           0           0  0.08s           2026-02-27T22:12:47
================================================================================
[2026-02-27T22:13:47.371+0000] {manager.py:878} INFO - 
================================================================================
DAG File Processing Stats

File Path                                                         PID  Runtime      # DAGs    # Errors  Last Runtime    Last Run
--------------------------------------------------------------  -----  ---------  --------  ----------  --------------  -------------------
/opt/airflow/dags/pipeline_simple_dag.py                                                 1           0  0.28s           2026-02-27T22:13:17
/opt/airflow/dags/arquitectura_retail_completa.py                 698  0.01s             1           0  0.22s           2026-02-27T22:13:16
/opt/airflow/dags/pipeline_monitoring_demo.py                     697  0.03s             0           1  0.14s           2026-02-27T22:13:16
/opt/airflow/dags/pipeline_procesamiento.py                                              0           1  0.14s           2026-02-27T22:13:17
/opt/airflow/dags/Validación y Testing - Día 3.docx                                      0           0  0.12s           2026-02-27T22:13:17
/opt/airflow/dags/Documentación y Presentación - Día 5.docx                              0           0  0.11s           2026-02-27T22:13:17
/opt/airflow/dags/Diseño de Arquitectura Completa - Día 1.docx                           0           0  0.09s           2026-02-27T22:13:17
/opt/airflow/dags/Optimización y Performance - Día 4.docx                                0           0  0.09s           2026-02-27T22:13:17
================================================================================
[2026-02-27T22:14:17.914+0000] {manager.py:878} INFO - 
================================================================================
DAG File Processing Stats

File Path                                                         PID  Runtime      # DAGs    # Errors  Last Runtime    Last Run
--------------------------------------------------------------  -----  ---------  --------  ----------  --------------  -------------------
/opt/airflow/dags/arquitectura_retail_completa.py                 706  0.01s             1           0  0.23s           2026-02-27T22:13:47
/opt/airflow/dags/pipeline_simple_dag.py                                                 1           0  0.22s           2026-02-27T22:13:48
/opt/airflow/dags/pipeline_monitoring_demo.py                     705  0.02s             0           1  0.14s           2026-02-27T22:13:47
/opt/airflow/dags/pipeline_procesamiento.py                                              0           1  0.13s           2026-02-27T22:13:47
/opt/airflow/dags/Documentación y Presentación - Día 5.docx                              0           0  0.13s           2026-02-27T22:13:47
/opt/airflow/dags/Optimización y Performance - Día 4.docx                                0           0  0.12s           2026-02-27T22:13:47
/opt/airflow/dags/Validación y Testing - Día 3.docx                                      0           0  0.09s           2026-02-27T22:13:48
/opt/airflow/dags/Diseño de Arquitectura Completa - Día 1.docx                           0           0  0.08s           2026-02-27T22:13:48
================================================================================
[2026-02-27T22:14:48.126+0000] {manager.py:878} INFO - 
================================================================================
DAG File Processing Stats

File Path                                                         PID  Runtime      # DAGs    # Errors  Last Runtime    Last Run
--------------------------------------------------------------  -----  ---------  --------  ----------  --------------  -------------------
/opt/airflow/dags/arquitectura_retail_completa.py                                        1           0  0.26s           2026-02-27T22:14:18
/opt/airflow/dags/pipeline_simple_dag.py                                                 1           0  0.17s           2026-02-27T22:14:18
/opt/airflow/dags/pipeline_monitoring_demo.py                     713  0.01s             0           1  0.12s           2026-02-27T22:14:18
/opt/airflow/dags/pipeline_procesamiento.py                                              0           1  0.11s           2026-02-27T22:14:18
/opt/airflow/dags/Documentación y Presentación - Día 5.docx                              0           0  0.10s           2026-02-27T22:14:18
/opt/airflow/dags/Validación y Testing - Día 3.docx                                      0           0  0.09s           2026-02-27T22:14:18
/opt/airflow/dags/Optimización y Performance - Día 4.docx                                0           0  0.09s           2026-02-27T22:14:18
/opt/airflow/dags/Diseño de Arquitectura Completa - Día 1.docx                           0           0  0.07s           2026-02-27T22:14:18
================================================================================
[2026-02-27T22:15:18.592+0000] {manager.py:878} INFO - 
================================================================================
DAG File Processing Stats

File Path                                                         PID  Runtime      # DAGs    # Errors  Last Runtime    Last Run
--------------------------------------------------------------  -----  ---------  --------  ----------  --------------  -------------------
/opt/airflow/dags/arquitectura_retail_completa.py                 722  0.01s             1           0  0.21s           2026-02-27T22:14:48
/opt/airflow/dags/pipeline_simple_dag.py                                                 1           0  0.19s           2026-02-27T22:14:48
/opt/airflow/dags/pipeline_procesamiento.py                                              0           1  0.13s           2026-02-27T22:14:48
/opt/airflow/dags/pipeline_monitoring_demo.py                     721  0.03s             0           1  0.12s           2026-02-27T22:14:48
/opt/airflow/dags/Optimización y Performance - Día 4.docx                                0           0  0.12s           2026-02-27T22:14:48
/opt/airflow/dags/Documentación y Presentación - Día 5.docx                              0           0  0.09s           2026-02-27T22:14:48
/opt/airflow/dags/Validación y Testing - Día 3.docx                                      0           0  0.09s           2026-02-27T22:14:48
/opt/airflow/dags/Diseño de Arquitectura Completa - Día 1.docx                           0           0  0.07s           2026-02-27T22:14:48
================================================================================
[2026-02-27T22:15:48.979+0000] {manager.py:878} INFO - 
================================================================================
DAG File Processing Stats

File Path                                                         PID  Runtime      # DAGs    # Errors  Last Runtime    Last Run
--------------------------------------------------------------  -----  ---------  --------  ----------  --------------  -------------------
/opt/airflow/dags/arquitectura_retail_completa.py                 730  0.01s             1           0  0.23s           2026-02-27T22:15:18
/opt/airflow/dags/pipeline_simple_dag.py                                                 1           0  0.18s           2026-02-27T22:15:19
/opt/airflow/dags/pipeline_monitoring_demo.py                     729  0.03s             0           1  0.15s           2026-02-27T22:15:18
/opt/airflow/dags/Documentación y Presentación - Día 5.docx                              0           0  0.11s           2026-02-27T22:15:18
/opt/airflow/dags/pipeline_procesamiento.py                                              0           1  0.10s           2026-02-27T22:15:19
/opt/airflow/dags/Optimización y Performance - Día 4.docx                                0           0  0.08s           2026-02-27T22:15:18
/opt/airflow/dags/Diseño de Arquitectura Completa - Día 1.docx                           0           0  0.07s           2026-02-27T22:15:19
/opt/airflow/dags/Validación y Testing - Día 3.docx                                      0           0  0.07s           2026-02-27T22:15:19
================================================================================
[2026-02-27T22:16:19.530+0000] {manager.py:878} INFO - 
================================================================================
DAG File Processing Stats

File Path                                                         PID  Runtime      # DAGs    # Errors  Last Runtime    Last Run
--------------------------------------------------------------  -----  ---------  --------  ----------  --------------  -------------------
/opt/airflow/dags/arquitectura_retail_completa.py                 738  0.01s             1           0  0.25s           2026-02-27T22:15:49
/opt/airflow/dags/pipeline_simple_dag.py                                                 1           0  0.21s           2026-02-27T22:15:49
/opt/airflow/dags/pipeline_procesamiento.py                                              0           1  0.16s           2026-02-27T22:15:49
/opt/airflow/dags/pipeline_monitoring_demo.py                     737  0.03s             0           1  0.15s           2026-02-27T22:15:49
/opt/airflow/dags/Documentación y Presentación - Día 5.docx                              0           0  0.13s           2026-02-27T22:15:49
/opt/airflow/dags/Diseño de Arquitectura Completa - Día 1.docx                           0           0  0.12s           2026-02-27T22:15:49
/opt/airflow/dags/Optimización y Performance - Día 4.docx                                0           0  0.11s           2026-02-27T22:15:49
/opt/airflow/dags/Validación y Testing - Día 3.docx                                      0           0  0.09s           2026-02-27T22:15:49
================================================================================
[2026-02-27T22:16:41.602+0000] {manager.py:737} INFO - Searching for files in /opt/airflow/dags
[2026-02-27T22:16:41.682+0000] {manager.py:740} INFO - There are 8 files in /opt/airflow/dags
[2026-02-27T22:16:50.069+0000] {manager.py:878} INFO - 
================================================================================
DAG File Processing Stats

File Path                                                         PID  Runtime      # DAGs    # Errors  Last Runtime    Last Run
--------------------------------------------------------------  -----  ---------  --------  ----------  --------------  -------------------
/opt/airflow/dags/pipeline_simple_dag.py                                                 1           0  0.22s           2026-02-27T22:16:20
/opt/airflow/dags/arquitectura_retail_completa.py                 746  0.01s             1           0  0.22s           2026-02-27T22:16:19
/opt/airflow/dags/pipeline_procesamiento.py                                              0           1  0.15s           2026-02-27T22:16:20
/opt/airflow/dags/pipeline_monitoring_demo.py                     745  0.03s             0           1  0.14s           2026-02-27T22:16:19
/opt/airflow/dags/Validación y Testing - Día 3.docx                                      0           0  0.13s           2026-02-27T22:16:20
/opt/airflow/dags/Documentación y Presentación - Día 5.docx                              0           0  0.10s           2026-02-27T22:16:19
/opt/airflow/dags/Diseño de Arquitectura Completa - Día 1.docx                           0           0  0.09s           2026-02-27T22:16:20
/opt/airflow/dags/Optimización y Performance - Día 4.docx                                0           0  0.08s           2026-02-27T22:16:19
================================================================================
[2026-02-27T22:17:20.389+0000] {manager.py:878} INFO - 
================================================================================
DAG File Processing Stats

File Path                                                         PID  Runtime      # DAGs    # Errors  Last Runtime    Last Run
--------------------------------------------------------------  -----  ---------  --------  ----------  --------------  -------------------
/opt/airflow/dags/arquitectura_retail_completa.py                 754  0.01s             1           0  0.22s           2026-02-27T22:16:50
/opt/airflow/dags/pipeline_simple_dag.py                                                 1           0  0.19s           2026-02-27T22:16:50
/opt/airflow/dags/pipeline_monitoring_demo.py                     753  0.03s             0           1  0.14s           2026-02-27T22:16:50
/opt/airflow/dags/Validación y Testing - Día 3.docx                                      0           0  0.13s           2026-02-27T22:16:50
/opt/airflow/dags/pipeline_procesamiento.py                                              0           1  0.10s           2026-02-27T22:16:50
/opt/airflow/dags/Diseño de Arquitectura Completa - Día 1.docx                           0           0  0.09s           2026-02-27T22:16:50
/opt/airflow/dags/Documentación y Presentación - Día 5.docx                              0           0  0.09s           2026-02-27T22:16:50
/opt/airflow/dags/Optimización y Performance - Día 4.docx                                0           0  0.08s           2026-02-27T22:16:50
================================================================================
[2026-02-27T22:17:50.763+0000] {manager.py:878} INFO - 
================================================================================
DAG File Processing Stats

File Path                                                         PID  Runtime      # DAGs    # Errors  Last Runtime    Last Run
--------------------------------------------------------------  -----  ---------  --------  ----------  --------------  -------------------
/opt/airflow/dags/arquitectura_retail_completa.py                 762  0.01s             1           0  0.26s           2026-02-27T22:17:20
/opt/airflow/dags/pipeline_simple_dag.py                                                 1           0  0.19s           2026-02-27T22:17:20
/opt/airflow/dags/Documentación y Presentación - Día 5.docx                              0           0  0.17s           2026-02-27T22:17:20
/opt/airflow/dags/pipeline_monitoring_demo.py                     761  0.02s             0           1  0.14s           2026-02-27T22:17:20
/opt/airflow/dags/pipeline_procesamiento.py                                              0           1  0.13s           2026-02-27T22:17:20
/opt/airflow/dags/Validación y Testing - Día 3.docx                                      0           0  0.08s           2026-02-27T22:17:21
/opt/airflow/dags/Optimización y Performance - Día 4.docx                                0           0  0.08s           2026-02-27T22:17:20
/opt/airflow/dags/Diseño de Arquitectura Completa - Día 1.docx                           0           0  0.08s           2026-02-27T22:17:21
================================================================================
[2026-02-27T22:18:21.087+0000] {manager.py:878} INFO - 
================================================================================
DAG File Processing Stats

File Path                                                         PID  Runtime      # DAGs    # Errors  Last Runtime    Last Run
--------------------------------------------------------------  -----  ---------  --------  ----------  --------------  -------------------
/opt/airflow/dags/arquitectura_retail_completa.py                 770  0.01s             1           0  0.23s           2026-02-27T22:17:50
/opt/airflow/dags/pipeline_simple_dag.py                                                 1           0  0.22s           2026-02-27T22:17:51
/opt/airflow/dags/pipeline_monitoring_demo.py                     769  0.03s             0           1  0.14s           2026-02-27T22:17:50
/opt/airflow/dags/Documentación y Presentación - Día 5.docx                              0           0  0.14s           2026-02-27T22:17:51
/opt/airflow/dags/Diseño de Arquitectura Completa - Día 1.docx                           0           0  0.10s           2026-02-27T22:17:51
/opt/airflow/dags/pipeline_procesamiento.py                                              0           1  0.10s           2026-02-27T22:17:51
/opt/airflow/dags/Optimización y Performance - Día 4.docx                                0           0  0.09s           2026-02-27T22:17:51
/opt/airflow/dags/Validación y Testing - Día 3.docx                                      0           0  0.08s           2026-02-27T22:17:51
================================================================================
[2026-02-27T22:18:51.531+0000] {manager.py:878} INFO - 
================================================================================
DAG File Processing Stats

File Path                                                         PID  Runtime      # DAGs    # Errors  Last Runtime    Last Run
--------------------------------------------------------------  -----  ---------  --------  ----------  --------------  -------------------
/opt/airflow/dags/arquitectura_retail_completa.py                 778  0.01s             1           0  0.22s           2026-02-27T22:18:21
/opt/airflow/dags/pipeline_simple_dag.py                                                 1           0  0.20s           2026-02-27T22:18:21
/opt/airflow/dags/pipeline_procesamiento.py                                              0           1  0.17s           2026-02-27T22:18:21
/opt/airflow/dags/pipeline_monitoring_demo.py                     777  0.03s             0           1  0.15s           2026-02-27T22:18:21
/opt/airflow/dags/Validación y Testing - Día 3.docx                                      0           0  0.10s           2026-02-27T22:18:21
/opt/airflow/dags/Documentación y Presentación - Día 5.docx                              0           0  0.09s           2026-02-27T22:18:21
/opt/airflow/dags/Optimización y Performance - Día 4.docx                                0           0  0.08s           2026-02-27T22:18:21
/opt/airflow/dags/Diseño de Arquitectura Completa - Día 1.docx                           0           0  0.08s           2026-02-27T22:18:21
================================================================================
[2026-02-27T22:19:21.982+0000] {manager.py:878} INFO - 
================================================================================
DAG File Processing Stats

File Path                                                         PID  Runtime      # DAGs    # Errors  Last Runtime    Last Run
--------------------------------------------------------------  -----  ---------  --------  ----------  --------------  -------------------
/opt/airflow/dags/pipeline_simple_dag.py                                                 1           0  0.24s           2026-02-27T22:18:52
/opt/airflow/dags/arquitectura_retail_completa.py                 786  0.01s             1           0  0.22s           2026-02-27T22:18:51
/opt/airflow/dags/pipeline_procesamiento.py                                              0           1  0.16s           2026-02-27T22:18:52
/opt/airflow/dags/pipeline_monitoring_demo.py                     785  0.03s             0           1  0.14s           2026-02-27T22:18:51
/opt/airflow/dags/Validación y Testing - Día 3.docx                                      0           0  0.14s           2026-02-27T22:18:52
/opt/airflow/dags/Diseño de Arquitectura Completa - Día 1.docx                           0           0  0.10s           2026-02-27T22:18:52
/opt/airflow/dags/Documentación y Presentación - Día 5.docx                              0           0  0.09s           2026-02-27T22:18:51
/opt/airflow/dags/Optimización y Performance - Día 4.docx                                0           0  0.09s           2026-02-27T22:18:51
================================================================================
[2026-02-27T22:19:52.377+0000] {manager.py:878} INFO - 
================================================================================
DAG File Processing Stats

File Path                                                         PID  Runtime      # DAGs    # Errors  Last Runtime    Last Run
--------------------------------------------------------------  -----  ---------  --------  ----------  --------------  -------------------
/opt/airflow/dags/pipeline_simple_dag.py                                                 1           0  0.26s           2026-02-27T22:19:22
/opt/airflow/dags/arquitectura_retail_completa.py                 794  0.01s             1           0  0.22s           2026-02-27T22:19:22
/opt/airflow/dags/Validación y Testing - Día 3.docx                                      0           0  0.15s           2026-02-27T22:19:22
/opt/airflow/dags/pipeline_procesamiento.py                                              0           1  0.15s           2026-02-27T22:19:22
/opt/airflow/dags/pipeline_monitoring_demo.py                     793  0.03s             0           1  0.14s           2026-02-27T22:19:22
/opt/airflow/dags/Diseño de Arquitectura Completa - Día 1.docx                           0           0  0.13s           2026-02-27T22:19:22
/opt/airflow/dags/Documentación y Presentación - Día 5.docx                              0           0  0.11s           2026-02-27T22:19:22
/opt/airflow/dags/Optimización y Performance - Día 4.docx                                0           0  0.10s           2026-02-27T22:19:22
================================================================================
[2026-02-27T22:20:23.001+0000] {manager.py:878} INFO - 
================================================================================
DAG File Processing Stats

File Path                                                         PID  Runtime      # DAGs    # Errors  Last Runtime    Last Run
--------------------------------------------------------------  -----  ---------  --------  ----------  --------------  -------------------
/opt/airflow/dags/arquitectura_retail_completa.py                 802  0.01s             1           0  0.24s           2026-02-27T22:19:52
/opt/airflow/dags/pipeline_simple_dag.py                                                 1           0  0.23s           2026-02-27T22:19:53
/opt/airflow/dags/pipeline_monitoring_demo.py                     801  0.03s             0           1  0.14s           2026-02-27T22:19:52
/opt/airflow/dags/pipeline_procesamiento.py                                              0           1  0.13s           2026-02-27T22:19:52
/opt/airflow/dags/Documentación y Presentación - Día 5.docx                              0           0  0.12s           2026-02-27T22:19:52
/opt/airflow/dags/Validación y Testing - Día 3.docx                                      0           0  0.10s           2026-02-27T22:19:53
/opt/airflow/dags/Diseño de Arquitectura Completa - Día 1.docx                           0           0  0.10s           2026-02-27T22:19:53
/opt/airflow/dags/Optimización y Performance - Día 4.docx                                0           0  0.09s           2026-02-27T22:19:52
================================================================================
[2026-02-27T22:20:53.585+0000] {manager.py:878} INFO - 
================================================================================
DAG File Processing Stats

File Path                                                         PID  Runtime      # DAGs    # Errors  Last Runtime    Last Run
--------------------------------------------------------------  -----  ---------  --------  ----------  --------------  -------------------
/opt/airflow/dags/arquitectura_retail_completa.py                 810  0.01s             1           0  0.22s           2026-02-27T22:20:23
/opt/airflow/dags/pipeline_simple_dag.py                                                 1           0  0.20s           2026-02-27T22:20:23
/opt/airflow/dags/pipeline_monitoring_demo.py                     809  0.03s             0           1  0.15s           2026-02-27T22:20:23
/opt/airflow/dags/pipeline_procesamiento.py                                              0           1  0.15s           2026-02-27T22:20:23
/opt/airflow/dags/Optimización y Performance - Día 4.docx                                0           0  0.11s           2026-02-27T22:20:23
/opt/airflow/dags/Documentación y Presentación - Día 5.docx                              0           0  0.10s           2026-02-27T22:20:23
/opt/airflow/dags/Validación y Testing - Día 3.docx                                      0           0  0.09s           2026-02-27T22:20:23
/opt/airflow/dags/Diseño de Arquitectura Completa - Día 1.docx                           0           0  0.08s           2026-02-27T22:20:23
================================================================================
[2026-02-27T22:21:24.216+0000] {manager.py:878} INFO - 
================================================================================
DAG File Processing Stats

File Path                                                         PID  Runtime      # DAGs    # Errors  Last Runtime    Last Run
--------------------------------------------------------------  -----  ---------  --------  ----------  --------------  -------------------
/opt/airflow/dags/pipeline_simple_dag.py                                                 1           0  0.25s           2026-02-27T22:20:54
/opt/airflow/dags/arquitectura_retail_completa.py                 818  0.01s             1           0  0.24s           2026-02-27T22:20:53
/opt/airflow/dags/pipeline_monitoring_demo.py                     817  0.03s             0           1  0.15s           2026-02-27T22:20:53
/opt/airflow/dags/pipeline_procesamiento.py                                              0           1  0.15s           2026-02-27T22:20:54
/opt/airflow/dags/Optimización y Performance - Día 4.docx                                0           0  0.13s           2026-02-27T22:20:53
/opt/airflow/dags/Documentación y Presentación - Día 5.docx                              0           0  0.12s           2026-02-27T22:20:53
/opt/airflow/dags/Validación y Testing - Día 3.docx                                      0           0  0.11s           2026-02-27T22:20:54
/opt/airflow/dags/Diseño de Arquitectura Completa - Día 1.docx                           0           0  0.10s           2026-02-27T22:20:54
================================================================================
[2026-02-27T22:21:42.191+0000] {manager.py:737} INFO - Searching for files in /opt/airflow/dags
[2026-02-27T22:21:42.324+0000] {manager.py:740} INFO - There are 8 files in /opt/airflow/dags
[2026-02-27T22:21:54.830+0000] {manager.py:878} INFO - 
================================================================================
DAG File Processing Stats

File Path                                                         PID  Runtime      # DAGs    # Errors  Last Runtime    Last Run
--------------------------------------------------------------  -----  ---------  --------  ----------  --------------  -------------------
/opt/airflow/dags/arquitectura_retail_completa.py                 826  0.01s             1           0  0.20s           2026-02-27T22:21:24
/opt/airflow/dags/pipeline_simple_dag.py                                                 1           0  0.18s           2026-02-27T22:21:24
/opt/airflow/dags/pipeline_monitoring_demo.py                     825  0.03s             0           1  0.13s           2026-02-27T22:21:24
/opt/airflow/dags/pipeline_procesamiento.py                                              0           1  0.12s           2026-02-27T22:21:24
/opt/airflow/dags/Documentación y Presentación - Día 5.docx                              0           0  0.10s           2026-02-27T22:21:24
/opt/airflow/dags/Validación y Testing - Día 3.docx                                      0           0  0.10s           2026-02-27T22:21:24
/opt/airflow/dags/Diseño de Arquitectura Completa - Día 1.docx                           0           0  0.09s           2026-02-27T22:21:24
/opt/airflow/dags/Optimización y Performance - Día 4.docx                                0           0  0.08s           2026-02-27T22:21:24
================================================================================
[2026-02-27T22:22:25.547+0000] {manager.py:878} INFO - 
================================================================================
DAG File Processing Stats

File Path                                                         PID  Runtime      # DAGs    # Errors  Last Runtime    Last Run
--------------------------------------------------------------  -----  ---------  --------  ----------  --------------  -------------------
/opt/airflow/dags/arquitectura_retail_completa.py                 834  0.01s             1           0  0.26s           2026-02-27T22:21:55
/opt/airflow/dags/pipeline_simple_dag.py                                                 1           0  0.24s           2026-02-27T22:21:55
/opt/airflow/dags/pipeline_monitoring_demo.py                     833  0.03s             0           1  0.18s           2026-02-27T22:21:54
/opt/airflow/dags/pipeline_procesamiento.py                                              0           1  0.16s           2026-02-27T22:21:55
/opt/airflow/dags/Optimización y Performance - Día 4.docx                                0           0  0.14s           2026-02-27T22:21:55
/opt/airflow/dags/Diseño de Arquitectura Completa - Día 1.docx                           0           0  0.11s           2026-02-27T22:21:55
/opt/airflow/dags/Documentación y Presentación - Día 5.docx                              0           0  0.11s           2026-02-27T22:21:55
/opt/airflow/dags/Validación y Testing - Día 3.docx                                      0           0  0.08s           2026-02-27T22:21:55
================================================================================
[2026-02-27T22:22:56.175+0000] {manager.py:878} INFO - 
================================================================================
DAG File Processing Stats

File Path                                                         PID  Runtime      # DAGs    # Errors  Last Runtime    Last Run
--------------------------------------------------------------  -----  ---------  --------  ----------  --------------  -------------------
/opt/airflow/dags/arquitectura_retail_completa.py                 842  0.01s             1           0  0.26s           2026-02-27T22:22:25
/opt/airflow/dags/pipeline_simple_dag.py                                                 1           0  0.25s           2026-02-27T22:22:26
/opt/airflow/dags/pipeline_monitoring_demo.py                     841  0.03s             0           1  0.18s           2026-02-27T22:22:25
/opt/airflow/dags/pipeline_procesamiento.py                                              0           1  0.14s           2026-02-27T22:22:26
/opt/airflow/dags/Documentación y Presentación - Día 5.docx                              0           0  0.11s           2026-02-27T22:22:25
/opt/airflow/dags/Validación y Testing - Día 3.docx                                      0           0  0.11s           2026-02-27T22:22:26
/opt/airflow/dags/Optimización y Performance - Día 4.docx                                0           0  0.10s           2026-02-27T22:22:25
/opt/airflow/dags/Diseño de Arquitectura Completa - Día 1.docx                           0           0  0.09s           2026-02-27T22:22:26
================================================================================
[2026-02-27T22:23:26.685+0000] {manager.py:878} INFO - 
================================================================================
DAG File Processing Stats

File Path                                                         PID  Runtime      # DAGs    # Errors  Last Runtime    Last Run
--------------------------------------------------------------  -----  ---------  --------  ----------  --------------  -------------------
/opt/airflow/dags/pipeline_simple_dag.py                                                 1           0  0.26s           2026-02-27T22:22:56
/opt/airflow/dags/arquitectura_retail_completa.py                 850  0.01s             1           0  0.24s           2026-02-27T22:22:56
/opt/airflow/dags/pipeline_monitoring_demo.py                     849  0.03s             0           1  0.15s           2026-02-27T22:22:56
/opt/airflow/dags/pipeline_procesamiento.py                                              0           1  0.13s           2026-02-27T22:22:56
/opt/airflow/dags/Documentación y Presentación - Día 5.docx                              0           0  0.11s           2026-02-27T22:22:56
/opt/airflow/dags/Diseño de Arquitectura Completa - Día 1.docx                           0           0  0.10s           2026-02-27T22:22:56
/opt/airflow/dags/Optimización y Performance - Día 4.docx                                0           0  0.09s           2026-02-27T22:22:56
/opt/airflow/dags/Validación y Testing - Día 3.docx                                      0           0  0.09s           2026-02-27T22:22:56
================================================================================
[2026-02-27T22:23:57.119+0000] {manager.py:878} INFO - 
================================================================================
DAG File Processing Stats

File Path                                                         PID  Runtime      # DAGs    # Errors  Last Runtime    Last Run
--------------------------------------------------------------  -----  ---------  --------  ----------  --------------  -------------------
/opt/airflow/dags/pipeline_simple_dag.py                                                 1           0  0.21s           2026-02-27T22:23:27
/opt/airflow/dags/arquitectura_retail_completa.py                 858  0.01s             1           0  0.21s           2026-02-27T22:23:26
/opt/airflow/dags/pipeline_procesamiento.py                                              0           1  0.15s           2026-02-27T22:23:27
/opt/airflow/dags/pipeline_monitoring_demo.py                     857  0.03s             0           1  0.14s           2026-02-27T22:23:26
/opt/airflow/dags/Validación y Testing - Día 3.docx                                      0           0  0.12s           2026-02-27T22:23:27
/opt/airflow/dags/Optimización y Performance - Día 4.docx                                0           0  0.11s           2026-02-27T22:23:27
/opt/airflow/dags/Documentación y Presentación - Día 5.docx                              0           0  0.10s           2026-02-27T22:23:26
/opt/airflow/dags/Diseño de Arquitectura Completa - Día 1.docx                           0           0  0.09s           2026-02-27T22:23:27
================================================================================
[2026-02-27T22:24:27.574+0000] {manager.py:878} INFO - 
================================================================================
DAG File Processing Stats

File Path                                                         PID  Runtime      # DAGs    # Errors  Last Runtime    Last Run
--------------------------------------------------------------  -----  ---------  --------  ----------  --------------  -------------------
/opt/airflow/dags/pipeline_simple_dag.py                                                 1           0  0.23s           2026-02-27T22:23:57
/opt/airflow/dags/arquitectura_retail_completa.py                 866  0.01s             1           0  0.21s           2026-02-27T22:23:57
/opt/airflow/dags/pipeline_monitoring_demo.py                     865  0.03s             0           1  0.14s           2026-02-27T22:23:57
/opt/airflow/dags/Validación y Testing - Día 3.docx                                      0           0  0.14s           2026-02-27T22:23:57
/opt/airflow/dags/pipeline_procesamiento.py                                              0           1  0.13s           2026-02-27T22:23:57
/opt/airflow/dags/Diseño de Arquitectura Completa - Día 1.docx                           0           0  0.10s           2026-02-27T22:23:57
/opt/airflow/dags/Documentación y Presentación - Día 5.docx                              0           0  0.10s           2026-02-27T22:23:57
/opt/airflow/dags/Optimización y Performance - Día 4.docx                                0           0  0.08s           2026-02-27T22:23:57
================================================================================
[2026-02-27T22:24:58.227+0000] {manager.py:878} INFO - 
================================================================================
DAG File Processing Stats

File Path                                                         PID  Runtime      # DAGs    # Errors  Last Runtime    Last Run
--------------------------------------------------------------  -----  ---------  --------  ----------  --------------  -------------------
/opt/airflow/dags/arquitectura_retail_completa.py                 874  0.02s             1           0  0.29s           2026-02-27T22:24:27
/opt/airflow/dags/pipeline_simple_dag.py                                                 1           0  0.25s           2026-02-27T22:24:28
/opt/airflow/dags/pipeline_procesamiento.py                                              0           1  0.19s           2026-02-27T22:24:28
/opt/airflow/dags/Documentación y Presentación - Día 5.docx                              0           0  0.16s           2026-02-27T22:24:27
/opt/airflow/dags/pipeline_monitoring_demo.py                     873  0.05s             0           1  0.15s           2026-02-27T22:24:27
/opt/airflow/dags/Optimización y Performance - Día 4.docx                                0           0  0.11s           2026-02-27T22:24:27
/opt/airflow/dags/Validación y Testing - Día 3.docx                                      0           0  0.11s           2026-02-27T22:24:28
/opt/airflow/dags/Diseño de Arquitectura Completa - Día 1.docx                           0           0  0.10s           2026-02-27T22:24:28
================================================================================
[2026-02-27T22:25:28.645+0000] {manager.py:878} INFO - 
================================================================================
DAG File Processing Stats

File Path                                                         PID  Runtime      # DAGs    # Errors  Last Runtime    Last Run
--------------------------------------------------------------  -----  ---------  --------  ----------  --------------  -------------------
/opt/airflow/dags/arquitectura_retail_completa.py                 882  0.01s             1           0  0.25s           2026-02-27T22:24:58
/opt/airflow/dags/pipeline_simple_dag.py                                                 1           0  0.19s           2026-02-27T22:24:58
/opt/airflow/dags/pipeline_monitoring_demo.py                     881  0.03s             0           1  0.17s           2026-02-27T22:24:58
/opt/airflow/dags/pipeline_procesamiento.py                                              0           1  0.12s           2026-02-27T22:24:58
/opt/airflow/dags/Documentación y Presentación - Día 5.docx                              0           0  0.11s           2026-02-27T22:24:58
/opt/airflow/dags/Validación y Testing - Día 3.docx                                      0           0  0.11s           2026-02-27T22:24:58
/opt/airflow/dags/Diseño de Arquitectura Completa - Día 1.docx                           0           0  0.08s           2026-02-27T22:24:58
/opt/airflow/dags/Optimización y Performance - Día 4.docx                                0           0  0.08s           2026-02-27T22:24:58
================================================================================
[2026-02-27T22:25:59.070+0000] {manager.py:878} INFO - 
================================================================================
DAG File Processing Stats

File Path                                                         PID  Runtime      # DAGs    # Errors  Last Runtime    Last Run
--------------------------------------------------------------  -----  ---------  --------  ----------  --------------  -------------------
/opt/airflow/dags/arquitectura_retail_completa.py                 890  0.01s             1           0  0.21s           2026-02-27T22:25:28
/opt/airflow/dags/pipeline_simple_dag.py                                                 1           0  0.21s           2026-02-27T22:25:29
/opt/airflow/dags/pipeline_procesamiento.py                                              0           1  0.16s           2026-02-27T22:25:29
/opt/airflow/dags/pipeline_monitoring_demo.py                     889  0.03s             0           1  0.14s           2026-02-27T22:25:28
/opt/airflow/dags/Diseño de Arquitectura Completa - Día 1.docx                           0           0  0.10s           2026-02-27T22:25:29
/opt/airflow/dags/Documentación y Presentación - Día 5.docx                              0           0  0.10s           2026-02-27T22:25:28
/opt/airflow/dags/Validación y Testing - Día 3.docx                                      0           0  0.09s           2026-02-27T22:25:29
/opt/airflow/dags/Optimización y Performance - Día 4.docx                                0           0  0.08s           2026-02-27T22:25:28
================================================================================
[2026-02-27T22:26:29.480+0000] {manager.py:878} INFO - 
================================================================================
DAG File Processing Stats

File Path                                                         PID  Runtime      # DAGs    # Errors  Last Runtime    Last Run
--------------------------------------------------------------  -----  ---------  --------  ----------  --------------  -------------------
/opt/airflow/dags/arquitectura_retail_completa.py                 898  0.01s             1           0  0.23s           2026-02-27T22:25:59
/opt/airflow/dags/pipeline_simple_dag.py                                                 1           0  0.19s           2026-02-27T22:25:59
/opt/airflow/dags/pipeline_monitoring_demo.py                     897  0.03s             0           1  0.15s           2026-02-27T22:25:59
/opt/airflow/dags/pipeline_procesamiento.py                                              0           1  0.12s           2026-02-27T22:25:59
/opt/airflow/dags/Validación y Testing - Día 3.docx                                      0           0  0.10s           2026-02-27T22:25:59
/opt/airflow/dags/Documentación y Presentación - Día 5.docx                              0           0  0.10s           2026-02-27T22:25:59
/opt/airflow/dags/Optimización y Performance - Día 4.docx                                0           0  0.09s           2026-02-27T22:25:59
/opt/airflow/dags/Diseño de Arquitectura Completa - Día 1.docx                           0           0  0.08s           2026-02-27T22:25:59
================================================================================
[2026-02-27T22:26:42.324+0000] {manager.py:737} INFO - Searching for files in /opt/airflow/dags
[2026-02-27T22:26:42.430+0000] {manager.py:740} INFO - There are 8 files in /opt/airflow/dags
[2026-02-27T22:27:00.038+0000] {manager.py:878} INFO - 
================================================================================
DAG File Processing Stats

File Path                                                         PID  Runtime      # DAGs    # Errors  Last Runtime    Last Run
--------------------------------------------------------------  -----  ---------  --------  ----------  --------------  -------------------
/opt/airflow/dags/arquitectura_retail_completa.py                 906  0.01s             1           0  0.24s           2026-02-27T22:26:29
/opt/airflow/dags/pipeline_simple_dag.py                                                 1           0  0.18s           2026-02-27T22:26:30
/opt/airflow/dags/pipeline_monitoring_demo.py                     905  0.04s             0           1  0.14s           2026-02-27T22:26:29
/opt/airflow/dags/Documentación y Presentación - Día 5.docx                              0           0  0.13s           2026-02-27T22:26:29
/opt/airflow/dags/pipeline_procesamiento.py                                              0           1  0.11s           2026-02-27T22:26:29
/opt/airflow/dags/Validación y Testing - Día 3.docx                                      0           0  0.11s           2026-02-27T22:26:30
/opt/airflow/dags/Optimización y Performance - Día 4.docx                                0           0  0.09s           2026-02-27T22:26:29
/opt/airflow/dags/Diseño de Arquitectura Completa - Día 1.docx                           0           0  0.08s           2026-02-27T22:26:30
================================================================================
[2026-02-27T22:27:30.422+0000] {manager.py:878} INFO - 
================================================================================
DAG File Processing Stats

File Path                                                         PID  Runtime      # DAGs    # Errors  Last Runtime    Last Run
--------------------------------------------------------------  -----  ---------  --------  ----------  --------------  -------------------
/opt/airflow/dags/arquitectura_retail_completa.py                 914  0.01s             1           0  0.24s           2026-02-27T22:27:00
/opt/airflow/dags/pipeline_simple_dag.py                                                 1           0  0.20s           2026-02-27T22:27:00
/opt/airflow/dags/pipeline_monitoring_demo.py                     913  0.04s             0           1  0.15s           2026-02-27T22:27:00
/opt/airflow/dags/Documentación y Presentación - Día 5.docx                              0           0  0.12s           2026-02-27T22:27:00
/opt/airflow/dags/Validación y Testing - Día 3.docx                                      0           0  0.12s           2026-02-27T22:27:00
/opt/airflow/dags/pipeline_procesamiento.py                                              0           1  0.11s           2026-02-27T22:27:00
/opt/airflow/dags/Optimización y Performance - Día 4.docx                                0           0  0.09s           2026-02-27T22:27:00
/opt/airflow/dags/Diseño de Arquitectura Completa - Día 1.docx                           0           0  0.08s           2026-02-27T22:27:00
================================================================================
[2026-02-27T22:28:00.867+0000] {manager.py:878} INFO - 
================================================================================
DAG File Processing Stats

File Path                                                         PID  Runtime      # DAGs    # Errors  Last Runtime    Last Run
--------------------------------------------------------------  -----  ---------  --------  ----------  --------------  -------------------
/opt/airflow/dags/arquitectura_retail_completa.py                 922  0.01s             1           0  0.23s           2026-02-27T22:27:30
/opt/airflow/dags/pipeline_simple_dag.py                                                 1           0  0.20s           2026-02-27T22:27:31
/opt/airflow/dags/pipeline_procesamiento.py                                              0           1  0.15s           2026-02-27T22:27:30
/opt/airflow/dags/Documentación y Presentación - Día 5.docx                              0           0  0.15s           2026-02-27T22:27:30
/opt/airflow/dags/pipeline_monitoring_demo.py                     921  0.03s             0           1  0.15s           2026-02-27T22:27:30
/opt/airflow/dags/Optimización y Performance - Día 4.docx                                0           0  0.11s           2026-02-27T22:27:30
/opt/airflow/dags/Validación y Testing - Día 3.docx                                      0           0  0.09s           2026-02-27T22:27:31
/opt/airflow/dags/Diseño de Arquitectura Completa - Día 1.docx                           0           0  0.08s           2026-02-27T22:27:31
================================================================================
[2026-02-27T22:28:31.316+0000] {manager.py:878} INFO - 
================================================================================
DAG File Processing Stats

File Path                                                         PID  Runtime      # DAGs    # Errors  Last Runtime    Last Run
--------------------------------------------------------------  -----  ---------  --------  ----------  --------------  -------------------
/opt/airflow/dags/pipeline_simple_dag.py                                                 1           0  0.26s           2026-02-27T22:28:01
/opt/airflow/dags/pipeline_procesamiento.py                                              0           1  0.22s           2026-02-27T22:28:01
/opt/airflow/dags/arquitectura_retail_completa.py                 930  0.01s             1           0  0.21s           2026-02-27T22:28:01
/opt/airflow/dags/pipeline_monitoring_demo.py                     929  0.03s             0           1  0.15s           2026-02-27T22:28:00
/opt/airflow/dags/Documentación y Presentación - Día 5.docx                              0           0  0.10s           2026-02-27T22:28:01
/opt/airflow/dags/Validación y Testing - Día 3.docx                                      0           0  0.10s           2026-02-27T22:28:01
/opt/airflow/dags/Diseño de Arquitectura Completa - Día 1.docx                           0           0  0.09s           2026-02-27T22:28:01
/opt/airflow/dags/Optimización y Performance - Día 4.docx                                0           0  0.09s           2026-02-27T22:28:01
================================================================================
[2026-02-27T22:29:01.746+0000] {manager.py:878} INFO - 
================================================================================
DAG File Processing Stats

File Path                                                         PID  Runtime      # DAGs    # Errors  Last Runtime    Last Run
--------------------------------------------------------------  -----  ---------  --------  ----------  --------------  -------------------
/opt/airflow/dags/pipeline_simple_dag.py                                                 1           0  0.22s           2026-02-27T22:28:31
/opt/airflow/dags/arquitectura_retail_completa.py                 938  0.01s             1           0  0.21s           2026-02-27T22:28:31
/opt/airflow/dags/pipeline_procesamiento.py                                              0           1  0.14s           2026-02-27T22:28:31
/opt/airflow/dags/pipeline_monitoring_demo.py                     937  0.04s             0           1  0.12s           2026-02-27T22:28:31
/opt/airflow/dags/Validación y Testing - Día 3.docx                                      0           0  0.12s           2026-02-27T22:28:31
/opt/airflow/dags/Documentación y Presentación - Día 5.docx                              0           0  0.10s           2026-02-27T22:28:31
/opt/airflow/dags/Optimización y Performance - Día 4.docx                                0           0  0.08s           2026-02-27T22:28:31
/opt/airflow/dags/Diseño de Arquitectura Completa - Día 1.docx                           0           0  0.08s           2026-02-27T22:28:32
================================================================================
[2026-02-27T22:29:32.095+0000] {manager.py:878} INFO - 
================================================================================
DAG File Processing Stats

File Path                                                         PID  Runtime      # DAGs    # Errors  Last Runtime    Last Run
--------------------------------------------------------------  -----  ---------  --------  ----------  --------------  -------------------
/opt/airflow/dags/arquitectura_retail_completa.py                 946  0.01s             1           0  0.23s           2026-02-27T22:29:01
/opt/airflow/dags/pipeline_simple_dag.py                                                 1           0  0.22s           2026-02-27T22:29:02
/opt/airflow/dags/pipeline_procesamiento.py                                              0           1  0.16s           2026-02-27T22:29:02
/opt/airflow/dags/pipeline_monitoring_demo.py                     945  0.03s             0           1  0.14s           2026-02-27T22:29:01
/opt/airflow/dags/Diseño de Arquitectura Completa - Día 1.docx                           0           0  0.11s           2026-02-27T22:29:02
/opt/airflow/dags/Documentación y Presentación - Día 5.docx                              0           0  0.11s           2026-02-27T22:29:01
/opt/airflow/dags/Validación y Testing - Día 3.docx                                      0           0  0.10s           2026-02-27T22:29:02
/opt/airflow/dags/Optimización y Performance - Día 4.docx                                0           0  0.08s           2026-02-27T22:29:02
================================================================================
[2026-02-27T22:30:02.630+0000] {manager.py:878} INFO - 
================================================================================
DAG File Processing Stats

File Path                                                         PID  Runtime      # DAGs    # Errors  Last Runtime    Last Run
--------------------------------------------------------------  -----  ---------  --------  ----------  --------------  -------------------
/opt/airflow/dags/arquitectura_retail_completa.py                 954  0.01s             1           0  0.23s           2026-02-27T22:29:32
/opt/airflow/dags/pipeline_simple_dag.py                                                 1           0  0.21s           2026-02-27T22:29:32
/opt/airflow/dags/pipeline_monitoring_demo.py                     953  0.05s             0           1  0.17s           2026-02-27T22:29:32
/opt/airflow/dags/pipeline_procesamiento.py                                              0           1  0.12s           2026-02-27T22:29:32
/opt/airflow/dags/Documentación y Presentación - Día 5.docx                              0           0  0.10s           2026-02-27T22:29:32
/opt/airflow/dags/Optimización y Performance - Día 4.docx                                0           0  0.09s           2026-02-27T22:29:32
/opt/airflow/dags/Diseño de Arquitectura Completa - Día 1.docx                           0           0  0.08s           2026-02-27T22:29:32
/opt/airflow/dags/Validación y Testing - Día 3.docx                                      0           0  0.08s           2026-02-27T22:29:32
================================================================================
[2026-02-27T22:30:32.996+0000] {manager.py:878} INFO - 
================================================================================
DAG File Processing Stats

File Path                                                         PID  Runtime      # DAGs    # Errors  Last Runtime    Last Run
--------------------------------------------------------------  -----  ---------  --------  ----------  --------------  -------------------
/opt/airflow/dags/arquitectura_retail_completa.py                 962  0.01s             1           0  0.21s           2026-02-27T22:30:02
/opt/airflow/dags/pipeline_simple_dag.py                                                 1           0  0.20s           2026-02-27T22:30:03
/opt/airflow/dags/pipeline_monitoring_demo.py                     961  0.04s             0           1  0.16s           2026-02-27T22:30:02
/opt/airflow/dags/pipeline_procesamiento.py                                              0           1  0.12s           2026-02-27T22:30:03
/opt/airflow/dags/Validación y Testing - Día 3.docx                                      0           0  0.11s           2026-02-27T22:30:03
/opt/airflow/dags/Documentación y Presentación - Día 5.docx                              0           0  0.10s           2026-02-27T22:30:02
/opt/airflow/dags/Diseño de Arquitectura Completa - Día 1.docx                           0           0  0.08s           2026-02-27T22:30:03
/opt/airflow/dags/Optimización y Performance - Día 4.docx                                0           0  0.08s           2026-02-27T22:30:02
================================================================================
[2026-02-27T22:31:03.406+0000] {manager.py:878} INFO - 
================================================================================
DAG File Processing Stats

File Path                                                         PID  Runtime      # DAGs    # Errors  Last Runtime    Last Run
--------------------------------------------------------------  -----  ---------  --------  ----------  --------------  -------------------
/opt/airflow/dags/arquitectura_retail_completa.py                 970  0.01s             1           0  0.24s           2026-02-27T22:30:33
/opt/airflow/dags/pipeline_simple_dag.py                                                 1           0  0.21s           2026-02-27T22:30:33
/opt/airflow/dags/pipeline_monitoring_demo.py                     969  0.03s             0           1  0.16s           2026-02-27T22:30:33
/opt/airflow/dags/pipeline_procesamiento.py                                              0           1  0.13s           2026-02-27T22:30:33
/opt/airflow/dags/Validación y Testing - Día 3.docx                                      0           0  0.13s           2026-02-27T22:30:33
/opt/airflow/dags/Documentación y Presentación - Día 5.docx                              0           0  0.13s           2026-02-27T22:30:33
/opt/airflow/dags/Diseño de Arquitectura Completa - Día 1.docx                           0           0  0.11s           2026-02-27T22:30:33
/opt/airflow/dags/Optimización y Performance - Día 4.docx                                0           0  0.10s           2026-02-27T22:30:33
================================================================================
[2026-02-27T22:31:33.889+0000] {manager.py:878} INFO - 
================================================================================
DAG File Processing Stats

File Path                                                         PID  Runtime      # DAGs    # Errors  Last Runtime    Last Run
--------------------------------------------------------------  -----  ---------  --------  ----------  --------------  -------------------
/opt/airflow/dags/pipeline_simple_dag.py                                                 1           0  0.26s           2026-02-27T22:31:04
/opt/airflow/dags/arquitectura_retail_completa.py                 978  0.01s             1           0  0.21s           2026-02-27T22:31:03
/opt/airflow/dags/pipeline_procesamiento.py                                              0           1  0.19s           2026-02-27T22:31:03
/opt/airflow/dags/Documentación y Presentación - Día 5.docx                              0           0  0.13s           2026-02-27T22:31:03
/opt/airflow/dags/pipeline_monitoring_demo.py                     977  0.04s             0           1  0.13s           2026-02-27T22:31:03
/opt/airflow/dags/Optimización y Performance - Día 4.docx                                0           0  0.11s           2026-02-27T22:31:03
/opt/airflow/dags/Diseño de Arquitectura Completa - Día 1.docx                           0           0  0.11s           2026-02-27T22:31:04
/opt/airflow/dags/Validación y Testing - Día 3.docx                                      0           0  0.10s           2026-02-27T22:31:04
================================================================================
[2026-02-27T22:31:42.698+0000] {manager.py:737} INFO - Searching for files in /opt/airflow/dags
[2026-02-27T22:31:42.840+0000] {manager.py:740} INFO - There are 8 files in /opt/airflow/dags
[2026-02-27T22:32:04.519+0000] {manager.py:878} INFO - 
================================================================================
DAG File Processing Stats

File Path                                                         PID  Runtime      # DAGs    # Errors  Last Runtime    Last Run
--------------------------------------------------------------  -----  ---------  --------  ----------  --------------  -------------------
/opt/airflow/dags/arquitectura_retail_completa.py                 986  0.01s             1           0  0.23s           2026-02-27T22:31:34
/opt/airflow/dags/pipeline_simple_dag.py                                                 1           0  0.19s           2026-02-27T22:31:34
/opt/airflow/dags/pipeline_monitoring_demo.py                     985  0.03s             0           1  0.17s           2026-02-27T22:31:34
/opt/airflow/dags/pipeline_procesamiento.py                                              0           1  0.12s           2026-02-27T22:31:34
/opt/airflow/dags/Validación y Testing - Día 3.docx                                      0           0  0.10s           2026-02-27T22:31:34
/opt/airflow/dags/Documentación y Presentación - Día 5.docx                              0           0  0.09s           2026-02-27T22:31:34
/opt/airflow/dags/Optimización y Performance - Día 4.docx                                0           0  0.09s           2026-02-27T22:31:34
/opt/airflow/dags/Diseño de Arquitectura Completa - Día 1.docx                           0           0  0.09s           2026-02-27T22:31:34
================================================================================
[2026-02-27T22:32:34.785+0000] {manager.py:878} INFO - 
================================================================================
DAG File Processing Stats

File Path                                                         PID  Runtime      # DAGs    # Errors  Last Runtime    Last Run
--------------------------------------------------------------  -----  ---------  --------  ----------  --------------  -------------------
/opt/airflow/dags/arquitectura_retail_completa.py                 994  0.01s             1           0  0.21s           2026-02-27T22:32:04
/opt/airflow/dags/pipeline_simple_dag.py                                                 1           0  0.20s           2026-02-27T22:32:05
/opt/airflow/dags/pipeline_procesamiento.py                                              0           1  0.12s           2026-02-27T22:32:04
/opt/airflow/dags/pipeline_monitoring_demo.py                     993  0.04s             0           1  0.12s           2026-02-27T22:32:04
/opt/airflow/dags/Documentación y Presentación - Día 5.docx                              0           0  0.10s           2026-02-27T22:32:04
/opt/airflow/dags/Validación y Testing - Día 3.docx                                      0           0  0.09s           2026-02-27T22:32:05
/opt/airflow/dags/Diseño de Arquitectura Completa - Día 1.docx                           0           0  0.08s           2026-02-27T22:32:05
/opt/airflow/dags/Optimización y Performance - Día 4.docx                                0           0  0.07s           2026-02-27T22:32:04
================================================================================
[2026-02-27T22:33:05.270+0000] {manager.py:878} INFO - 
================================================================================
DAG File Processing Stats

File Path                                                         PID  Runtime      # DAGs    # Errors  Last Runtime    Last Run
--------------------------------------------------------------  -----  ---------  --------  ----------  --------------  -------------------
/opt/airflow/dags/arquitectura_retail_completa.py                1002  0.01s             1           0  0.24s           2026-02-27T22:32:34
/opt/airflow/dags/pipeline_procesamiento.py                                              0           1  0.22s           2026-02-27T22:32:35
/opt/airflow/dags/pipeline_simple_dag.py                                                 1           0  0.21s           2026-02-27T22:32:35
/opt/airflow/dags/pipeline_monitoring_demo.py                    1001  0.01s             0           1  0.15s           2026-02-27T22:32:34
/opt/airflow/dags/Validación y Testing - Día 3.docx                                      0           0  0.15s           2026-02-27T22:32:35
/opt/airflow/dags/Documentación y Presentación - Día 5.docx                              0           0  0.12s           2026-02-27T22:32:35
/opt/airflow/dags/Diseño de Arquitectura Completa - Día 1.docx                           0           0  0.11s           2026-02-27T22:32:35
/opt/airflow/dags/Optimización y Performance - Día 4.docx                                0           0  0.10s           2026-02-27T22:32:35
================================================================================
[2026-02-27T22:33:35.788+0000] {manager.py:878} INFO - 
================================================================================
DAG File Processing Stats

File Path                                                         PID  Runtime      # DAGs    # Errors  Last Runtime    Last Run
--------------------------------------------------------------  -----  ---------  --------  ----------  --------------  -------------------
/opt/airflow/dags/arquitectura_retail_completa.py                1010  0.01s             1           0  0.28s           2026-02-27T22:33:05
/opt/airflow/dags/pipeline_simple_dag.py                                                 1           0  0.22s           2026-02-27T22:33:05
/opt/airflow/dags/Documentación y Presentación - Día 5.docx                              0           0  0.15s           2026-02-27T22:33:05
/opt/airflow/dags/pipeline_procesamiento.py                                              0           1  0.14s           2026-02-27T22:33:05
/opt/airflow/dags/pipeline_monitoring_demo.py                    1009  0.03s             0           1  0.14s           2026-02-27T22:33:05
/opt/airflow/dags/Validación y Testing - Día 3.docx                                      0           0  0.12s           2026-02-27T22:33:06
/opt/airflow/dags/Diseño de Arquitectura Completa - Día 1.docx                           0           0  0.11s           2026-02-27T22:33:06
/opt/airflow/dags/Optimización y Performance - Día 4.docx                                0           0  0.11s           2026-02-27T22:33:05
================================================================================
[2026-02-27T22:34:06.316+0000] {manager.py:878} INFO - 
================================================================================
DAG File Processing Stats

File Path                                                         PID  Runtime      # DAGs    # Errors  Last Runtime    Last Run
--------------------------------------------------------------  -----  ---------  --------  ----------  --------------  -------------------
/opt/airflow/dags/arquitectura_retail_completa.py                1018  0.01s             1           0  0.23s           2026-02-27T22:33:35
/opt/airflow/dags/pipeline_simple_dag.py                                                 1           0  0.22s           2026-02-27T22:33:36
/opt/airflow/dags/pipeline_procesamiento.py                                              0           1  0.16s           2026-02-27T22:33:36
/opt/airflow/dags/pipeline_monitoring_demo.py                    1017  0.05s             0           1  0.15s           2026-02-27T22:33:35
/opt/airflow/dags/Validación y Testing - Día 3.docx                                      0           0  0.11s           2026-02-27T22:33:36
/opt/airflow/dags/Diseño de Arquitectura Completa - Día 1.docx                           0           0  0.11s           2026-02-27T22:33:36
/opt/airflow/dags/Documentación y Presentación - Día 5.docx                              0           0  0.11s           2026-02-27T22:33:36
/opt/airflow/dags/Optimización y Performance - Día 4.docx                                0           0  0.10s           2026-02-27T22:33:36
================================================================================
[2026-02-27T22:34:36.850+0000] {manager.py:878} INFO - 
================================================================================
DAG File Processing Stats

File Path                                                         PID  Runtime      # DAGs    # Errors  Last Runtime    Last Run
--------------------------------------------------------------  -----  ---------  --------  ----------  --------------  -------------------
/opt/airflow/dags/arquitectura_retail_completa.py                1026  0.01s             1           0  0.30s           2026-02-27T22:34:06
/opt/airflow/dags/pipeline_simple_dag.py                                                 1           0  0.25s           2026-02-27T22:34:07
/opt/airflow/dags/pipeline_monitoring_demo.py                    1025  0.04s             0           1  0.20s           2026-02-27T22:34:06
/opt/airflow/dags/pipeline_procesamiento.py                                              0           1  0.16s           2026-02-27T22:34:06
/opt/airflow/dags/Documentación y Presentación - Día 5.docx                              0           0  0.14s           2026-02-27T22:34:06
/opt/airflow/dags/Validación y Testing - Día 3.docx                                      0           0  0.11s           2026-02-27T22:34:07
/opt/airflow/dags/Optimización y Performance - Día 4.docx                                0           0  0.11s           2026-02-27T22:34:06
/opt/airflow/dags/Diseño de Arquitectura Completa - Día 1.docx                           0           0  0.09s           2026-02-27T22:34:07
================================================================================
[2026-02-27T22:35:07.336+0000] {manager.py:878} INFO - 
================================================================================
DAG File Processing Stats

File Path                                                         PID  Runtime      # DAGs    # Errors  Last Runtime    Last Run
--------------------------------------------------------------  -----  ---------  --------  ----------  --------------  -------------------
/opt/airflow/dags/arquitectura_retail_completa.py                1034  0.01s             1           0  0.29s           2026-02-27T22:34:37
/opt/airflow/dags/pipeline_monitoring_demo.py                    1033  0.03s             0           1  0.19s           2026-02-27T22:34:36
/opt/airflow/dags/pipeline_simple_dag.py                                                 1           0  0.18s           2026-02-27T22:34:37
/opt/airflow/dags/Documentación y Presentación - Día 5.docx                              0           0  0.11s           2026-02-27T22:34:37
/opt/airflow/dags/pipeline_procesamiento.py                                              0           1  0.11s           2026-02-27T22:34:37
/opt/airflow/dags/Validación y Testing - Día 3.docx                                      0           0  0.10s           2026-02-27T22:34:37
/opt/airflow/dags/Optimización y Performance - Día 4.docx                                0           0  0.09s           2026-02-27T22:34:37
/opt/airflow/dags/Diseño de Arquitectura Completa - Día 1.docx                           0           0  0.09s           2026-02-27T22:34:37
================================================================================
[2026-02-27T22:35:37.765+0000] {manager.py:878} INFO - 
================================================================================
DAG File Processing Stats

File Path                                                         PID  Runtime      # DAGs    # Errors  Last Runtime    Last Run
--------------------------------------------------------------  -----  ---------  --------  ----------  --------------  -------------------
/opt/airflow/dags/arquitectura_retail_completa.py                1042  0.01s             1           0  0.22s           2026-02-27T22:35:07
/opt/airflow/dags/pipeline_simple_dag.py                                                 1           0  0.22s           2026-02-27T22:35:07
/opt/airflow/dags/pipeline_monitoring_demo.py                    1041  0.03s             0           1  0.15s           2026-02-27T22:35:07
/opt/airflow/dags/Validación y Testing - Día 3.docx                                      0           0  0.14s           2026-02-27T22:35:07
/opt/airflow/dags/pipeline_procesamiento.py                                              0           1  0.13s           2026-02-27T22:35:07
/opt/airflow/dags/Diseño de Arquitectura Completa - Día 1.docx                           0           0  0.12s           2026-02-27T22:35:08
/opt/airflow/dags/Documentación y Presentación - Día 5.docx                              0           0  0.10s           2026-02-27T22:35:07
/opt/airflow/dags/Optimización y Performance - Día 4.docx                                0           0  0.07s           2026-02-27T22:35:07
================================================================================
[2026-02-27T22:36:08.209+0000] {manager.py:878} INFO - 
================================================================================
DAG File Processing Stats

File Path                                                         PID  Runtime      # DAGs    # Errors  Last Runtime    Last Run
--------------------------------------------------------------  -----  ---------  --------  ----------  --------------  -------------------
/opt/airflow/dags/pipeline_simple_dag.py                                                 1           0  0.24s           2026-02-27T22:35:38
/opt/airflow/dags/arquitectura_retail_completa.py                1050  0.01s             1           0  0.22s           2026-02-27T22:35:37
/opt/airflow/dags/pipeline_monitoring_demo.py                    1049  0.03s             0           1  0.15s           2026-02-27T22:35:37
/opt/airflow/dags/Validación y Testing - Día 3.docx                                      0           0  0.14s           2026-02-27T22:35:38
/opt/airflow/dags/pipeline_procesamiento.py                                              0           1  0.13s           2026-02-27T22:35:38
/opt/airflow/dags/Diseño de Arquitectura Completa - Día 1.docx                           0           0  0.12s           2026-02-27T22:35:38
/opt/airflow/dags/Documentación y Presentación - Día 5.docx                              0           0  0.11s           2026-02-27T22:35:38
/opt/airflow/dags/Optimización y Performance - Día 4.docx                                0           0  0.10s           2026-02-27T22:35:38
================================================================================
[2026-02-27T22:36:38.604+0000] {manager.py:878} INFO - 
================================================================================
DAG File Processing Stats

File Path                                                         PID  Runtime      # DAGs    # Errors  Last Runtime    Last Run
--------------------------------------------------------------  -----  ---------  --------  ----------  --------------  -------------------
/opt/airflow/dags/arquitectura_retail_completa.py                1058  0.01s             1           0  0.22s           2026-02-27T22:36:08
/opt/airflow/dags/pipeline_simple_dag.py                                                 1           0  0.19s           2026-02-27T22:36:08
/opt/airflow/dags/pipeline_monitoring_demo.py                    1057  0.03s             0           1  0.15s           2026-02-27T22:36:08
/opt/airflow/dags/pipeline_procesamiento.py                                              0           1  0.12s           2026-02-27T22:36:08
/opt/airflow/dags/Validación y Testing - Día 3.docx                                      0           0  0.11s           2026-02-27T22:36:08
/opt/airflow/dags/Documentación y Presentación - Día 5.docx                              0           0  0.09s           2026-02-27T22:36:08
/opt/airflow/dags/Optimización y Performance - Día 4.docx                                0           0  0.08s           2026-02-27T22:36:08
/opt/airflow/dags/Diseño de Arquitectura Completa - Día 1.docx                           0           0  0.08s           2026-02-27T22:36:08
================================================================================
[2026-02-27T22:36:43.305+0000] {manager.py:737} INFO - Searching for files in /opt/airflow/dags
[2026-02-27T22:36:43.457+0000] {manager.py:740} INFO - There are 8 files in /opt/airflow/dags
[2026-02-27T22:37:09.209+0000] {manager.py:878} INFO - 
================================================================================
DAG File Processing Stats

File Path                                                         PID  Runtime      # DAGs    # Errors  Last Runtime    Last Run
--------------------------------------------------------------  -----  ---------  --------  ----------  --------------  -------------------
/opt/airflow/dags/arquitectura_retail_completa.py                1066  0.01s             1           0  0.24s           2026-02-27T22:36:38
/opt/airflow/dags/pipeline_simple_dag.py                                                 1           0  0.21s           2026-02-27T22:36:39
/opt/airflow/dags/pipeline_monitoring_demo.py                    1065  0.03s             0           1  0.15s           2026-02-27T22:36:38
/opt/airflow/dags/pipeline_procesamiento.py                                              0           1  0.13s           2026-02-27T22:36:39
/opt/airflow/dags/Documentación y Presentación - Día 5.docx                              0           0  0.12s           2026-02-27T22:36:38
/opt/airflow/dags/Validación y Testing - Día 3.docx                                      0           0  0.10s           2026-02-27T22:36:39
/opt/airflow/dags/Optimización y Performance - Día 4.docx                                0           0  0.09s           2026-02-27T22:36:38
/opt/airflow/dags/Diseño de Arquitectura Completa - Día 1.docx                           0           0  0.09s           2026-02-27T22:36:39
================================================================================
[2026-02-27T22:37:39.595+0000] {manager.py:878} INFO - 
================================================================================
DAG File Processing Stats

File Path                                                         PID  Runtime      # DAGs    # Errors  Last Runtime    Last Run
--------------------------------------------------------------  -----  ---------  --------  ----------  --------------  -------------------
/opt/airflow/dags/arquitectura_retail_completa.py                1074  0.01s             1           0  0.21s           2026-02-27T22:37:09
/opt/airflow/dags/pipeline_simple_dag.py                                                 1           0  0.21s           2026-02-27T22:37:09
/opt/airflow/dags/pipeline_monitoring_demo.py                    1073  0.03s             0           1  0.14s           2026-02-27T22:37:09
/opt/airflow/dags/pipeline_procesamiento.py                                              0           1  0.13s           2026-02-27T22:37:09
/opt/airflow/dags/Documentación y Presentación - Día 5.docx                              0           0  0.09s           2026-02-27T22:37:09
/opt/airflow/dags/Validación y Testing - Día 3.docx                                      0           0  0.09s           2026-02-27T22:37:09
/opt/airflow/dags/Diseño de Arquitectura Completa - Día 1.docx                           0           0  0.08s           2026-02-27T22:37:09
/opt/airflow/dags/Optimización y Performance - Día 4.docx                                0           0  0.07s           2026-02-27T22:37:09
================================================================================
[2026-02-27T22:38:10.045+0000] {manager.py:878} INFO - 
================================================================================
DAG File Processing Stats

File Path                                                         PID  Runtime      # DAGs    # Errors  Last Runtime    Last Run
--------------------------------------------------------------  -----  ---------  --------  ----------  --------------  -------------------
/opt/airflow/dags/arquitectura_retail_completa.py                1082  0.01s             1           0  0.23s           2026-02-27T22:37:39
/opt/airflow/dags/pipeline_simple_dag.py                                                 1           0  0.20s           2026-02-27T22:37:40
/opt/airflow/dags/pipeline_monitoring_demo.py                    1081  0.04s             0           1  0.15s           2026-02-27T22:37:39
/opt/airflow/dags/pipeline_procesamiento.py                                              0           1  0.14s           2026-02-27T22:37:40
/opt/airflow/dags/Documentación y Presentación - Día 5.docx                              0           0  0.10s           2026-02-27T22:37:39
/opt/airflow/dags/Diseño de Arquitectura Completa - Día 1.docx                           0           0  0.09s           2026-02-27T22:37:40
/opt/airflow/dags/Validación y Testing - Día 3.docx                                      0           0  0.09s           2026-02-27T22:37:40
/opt/airflow/dags/Optimización y Performance - Día 4.docx                                0           0  0.08s           2026-02-27T22:37:39
================================================================================
[2026-02-27T22:38:40.588+0000] {manager.py:878} INFO - 
================================================================================
DAG File Processing Stats

File Path                                                         PID  Runtime      # DAGs    # Errors  Last Runtime    Last Run
--------------------------------------------------------------  -----  ---------  --------  ----------  --------------  -------------------
/opt/airflow/dags/arquitectura_retail_completa.py                1090  0.01s             1           0  0.27s           2026-02-27T22:38:10
/opt/airflow/dags/pipeline_simple_dag.py                                                 1           0  0.23s           2026-02-27T22:38:10
/opt/airflow/dags/pipeline_monitoring_demo.py                    1089  0.04s             0           1  0.18s           2026-02-27T22:38:10
/opt/airflow/dags/pipeline_procesamiento.py                                              0           1  0.15s           2026-02-27T22:38:10
/opt/airflow/dags/Validación y Testing - Día 3.docx                                      0           0  0.13s           2026-02-27T22:38:10
/opt/airflow/dags/Diseño de Arquitectura Completa - Día 1.docx                           0           0  0.11s           2026-02-27T22:38:10
/opt/airflow/dags/Documentación y Presentación - Día 5.docx                              0           0  0.11s           2026-02-27T22:38:10
/opt/airflow/dags/Optimización y Performance - Día 4.docx                                0           0  0.10s           2026-02-27T22:38:10
================================================================================
[2026-02-27T22:39:10.959+0000] {manager.py:878} INFO - 
================================================================================
DAG File Processing Stats

File Path                                                         PID  Runtime      # DAGs    # Errors  Last Runtime    Last Run
--------------------------------------------------------------  -----  ---------  --------  ----------  --------------  -------------------
/opt/airflow/dags/arquitectura_retail_completa.py                1098  0.01s             1           0  0.26s           2026-02-27T22:38:40
/opt/airflow/dags/pipeline_simple_dag.py                                                 1           0  0.18s           2026-02-27T22:38:41
/opt/airflow/dags/pipeline_monitoring_demo.py                    1097  0.04s             0           1  0.17s           2026-02-27T22:38:40
/opt/airflow/dags/Documentación y Presentación - Día 5.docx                              0           0  0.11s           2026-02-27T22:38:40
/opt/airflow/dags/pipeline_procesamiento.py                                              0           1  0.11s           2026-02-27T22:38:41
/opt/airflow/dags/Validación y Testing - Día 3.docx                                      0           0  0.10s           2026-02-27T22:38:41
/opt/airflow/dags/Optimización y Performance - Día 4.docx                                0           0  0.10s           2026-02-27T22:38:40
/opt/airflow/dags/Diseño de Arquitectura Completa - Día 1.docx                           0           0  0.08s           2026-02-27T22:38:41
================================================================================
[2026-02-27T22:39:41.559+0000] {manager.py:878} INFO - 
================================================================================
DAG File Processing Stats

File Path                                                         PID  Runtime      # DAGs    # Errors  Last Runtime    Last Run
--------------------------------------------------------------  -----  ---------  --------  ----------  --------------  -------------------
/opt/airflow/dags/pipeline_simple_dag.py                                                 1           0  0.24s           2026-02-27T22:39:11
/opt/airflow/dags/arquitectura_retail_completa.py                1106  0.01s             1           0  0.22s           2026-02-27T22:39:11
/opt/airflow/dags/pipeline_procesamiento.py                                              0           1  0.16s           2026-02-27T22:39:11
/opt/airflow/dags/pipeline_monitoring_demo.py                    1105  0.04s             0           1  0.15s           2026-02-27T22:39:11
/opt/airflow/dags/Documentación y Presentación - Día 5.docx                              0           0  0.12s           2026-02-27T22:39:11
/opt/airflow/dags/Optimización y Performance - Día 4.docx                                0           0  0.11s           2026-02-27T22:39:11
/opt/airflow/dags/Diseño de Arquitectura Completa - Día 1.docx                           0           0  0.10s           2026-02-27T22:39:11
/opt/airflow/dags/Validación y Testing - Día 3.docx                                      0           0  0.09s           2026-02-27T22:39:11
================================================================================
[2026-02-27T22:40:12.170+0000] {manager.py:878} INFO - 
================================================================================
DAG File Processing Stats

File Path                                                         PID  Runtime      # DAGs    # Errors  Last Runtime    Last Run
--------------------------------------------------------------  -----  ---------  --------  ----------  --------------  -------------------
/opt/airflow/dags/pipeline_simple_dag.py                                                 1           0  0.25s           2026-02-27T22:39:42
/opt/airflow/dags/arquitectura_retail_completa.py                1114  0.01s             1           0  0.23s           2026-02-27T22:39:41
/opt/airflow/dags/pipeline_monitoring_demo.py                    1113  0.03s             0           1  0.17s           2026-02-27T22:39:41
/opt/airflow/dags/pipeline_procesamiento.py                                              0           1  0.15s           2026-02-27T22:39:42
/opt/airflow/dags/Validación y Testing - Día 3.docx                                      0           0  0.12s           2026-02-27T22:39:42
/opt/airflow/dags/Documentación y Presentación - Día 5.docx                              0           0  0.10s           2026-02-27T22:39:41
/opt/airflow/dags/Optimización y Performance - Día 4.docx                                0           0  0.10s           2026-02-27T22:39:41
/opt/airflow/dags/Diseño de Arquitectura Completa - Día 1.docx                           0           0  0.08s           2026-02-27T22:39:42
================================================================================
[2026-02-27T22:40:42.722+0000] {manager.py:878} INFO - 
================================================================================
DAG File Processing Stats

File Path                                                         PID  Runtime      # DAGs    # Errors  Last Runtime    Last Run
--------------------------------------------------------------  -----  ---------  --------  ----------  --------------  -------------------
/opt/airflow/dags/pipeline_simple_dag.py                                                 1           0  0.23s           2026-02-27T22:40:12
/opt/airflow/dags/arquitectura_retail_completa.py                1122  0.01s             1           0  0.22s           2026-02-27T22:40:12
/opt/airflow/dags/pipeline_monitoring_demo.py                    1121  0.03s             0           1  0.14s           2026-02-27T22:40:12
/opt/airflow/dags/pipeline_procesamiento.py                                              0           1  0.14s           2026-02-27T22:40:12
/opt/airflow/dags/Optimización y Performance - Día 4.docx                                0           0  0.11s           2026-02-27T22:40:12
/opt/airflow/dags/Documentación y Presentación - Día 5.docx                              0           0  0.10s           2026-02-27T22:40:12
/opt/airflow/dags/Validación y Testing - Día 3.docx                                      0           0  0.10s           2026-02-27T22:40:12
/opt/airflow/dags/Diseño de Arquitectura Completa - Día 1.docx                           0           0  0.09s           2026-02-27T22:40:12
================================================================================
[2026-02-27T22:41:13.327+0000] {manager.py:878} INFO - 
================================================================================
DAG File Processing Stats

File Path                                                         PID  Runtime      # DAGs    # Errors  Last Runtime    Last Run
--------------------------------------------------------------  -----  ---------  --------  ----------  --------------  -------------------
/opt/airflow/dags/pipeline_simple_dag.py                                                 1           0  0.22s           2026-02-27T22:40:43
/opt/airflow/dags/arquitectura_retail_completa.py                1130  0.01s             1           0  0.22s           2026-02-27T22:40:42
/opt/airflow/dags/pipeline_procesamiento.py                                              0           1  0.14s           2026-02-27T22:40:43
/opt/airflow/dags/pipeline_monitoring_demo.py                    1129  0.03s             0           1  0.14s           2026-02-27T22:40:42
/opt/airflow/dags/Validación y Testing - Día 3.docx                                      0           0  0.12s           2026-02-27T22:40:43
/opt/airflow/dags/Documentación y Presentación - Día 5.docx                              0           0  0.10s           2026-02-27T22:40:42
/opt/airflow/dags/Diseño de Arquitectura Completa - Día 1.docx                           0           0  0.09s           2026-02-27T22:40:43
/opt/airflow/dags/Optimización y Performance - Día 4.docx                                0           0  0.09s           2026-02-27T22:40:43
================================================================================
[2026-02-27T22:41:43.993+0000] {manager.py:737} INFO - Searching for files in /opt/airflow/dags
[2026-02-27T22:41:44.194+0000] {manager.py:740} INFO - There are 9 files in /opt/airflow/dags
[2026-02-27T22:41:44.419+0000] {manager.py:878} INFO - 
================================================================================
DAG File Processing Stats

File Path                                                         PID  Runtime      # DAGs    # Errors  Last Runtime    Last Run
--------------------------------------------------------------  -----  ---------  --------  ----------  --------------  -------------------
/opt/airflow/dags/arquitectura_retail_completa.py                                        1           0  0.24s           2026-02-27T22:41:13
/opt/airflow/dags/pipeline_simple_dag.py                                                 1           0  0.22s           2026-02-27T22:41:14
/opt/airflow/dags/pipeline_monitoring_demo.py                    1138  0.01s             0           1  0.15s           2026-02-27T22:41:13
/opt/airflow/dags/pipeline_procesamiento.py                                              0           1  0.13s           2026-02-27T22:41:13
/opt/airflow/dags/Documentación y Presentación - Día 5.docx                              0           0  0.12s           2026-02-27T22:41:13
/opt/airflow/dags/Diseño de Arquitectura Completa - Día 1.docx                           0           0  0.11s           2026-02-27T22:41:14
/opt/airflow/dags/Validación y Testing - Día 3.docx                                      0           0  0.10s           2026-02-27T22:41:14
/opt/airflow/dags/Optimización y Performance - Día 4.docx                                0           0  0.09s           2026-02-27T22:41:13
/opt/airflow/dags/incident_runbook_dag.py                        1137  0.04s             0           0
================================================================================
[2026-02-27T22:42:15.314+0000] {manager.py:878} INFO - 
================================================================================
DAG File Processing Stats

File Path                                                         PID  Runtime      # DAGs    # Errors  Last Runtime    Last Run
--------------------------------------------------------------  -----  ---------  --------  ----------  --------------  -------------------
/opt/airflow/dags/arquitectura_retail_completa.py                                        1           0  0.25s           2026-02-27T22:41:44
/opt/airflow/dags/incident_runbook_dag.py                        1146  0.03s             0           1  0.21s           2026-02-27T22:41:44
/opt/airflow/dags/pipeline_simple_dag.py                                                 1           0  0.20s           2026-02-27T22:41:45
/opt/airflow/dags/pipeline_procesamiento.py                                              0           1  0.15s           2026-02-27T22:41:45
/opt/airflow/dags/pipeline_monitoring_demo.py                    1147  0.01s             0           1  0.15s           2026-02-27T22:41:44
/opt/airflow/dags/Documentación y Presentación - Día 5.docx                              0           0  0.11s           2026-02-27T22:41:44
/opt/airflow/dags/Optimización y Performance - Día 4.docx                                0           0  0.11s           2026-02-27T22:41:45
/opt/airflow/dags/Diseño de Arquitectura Completa - Día 1.docx                           0           0  0.08s           2026-02-27T22:41:45
/opt/airflow/dags/Validación y Testing - Día 3.docx                                      0           0  0.08s           2026-02-27T22:41:45
================================================================================
[2026-02-27T22:42:46.320+0000] {manager.py:878} INFO - 
================================================================================
DAG File Processing Stats

File Path                                                         PID  Runtime      # DAGs    # Errors  Last Runtime    Last Run
--------------------------------------------------------------  -----  ---------  --------  ----------  --------------  -------------------
/opt/airflow/dags/arquitectura_retail_completa.py                                        1           0  0.30s           2026-02-27T22:42:15
/opt/airflow/dags/pipeline_simple_dag.py                                                 1           0  0.25s           2026-02-27T22:42:16
/opt/airflow/dags/pipeline_monitoring_demo.py                    1156  0.01s             0           1  0.17s           2026-02-27T22:42:15
/opt/airflow/dags/incident_runbook_dag.py                        1155  0.04s             0           1  0.16s           2026-02-27T22:42:15
/opt/airflow/dags/Documentación y Presentación - Día 5.docx                              0           0  0.15s           2026-02-27T22:42:15
/opt/airflow/dags/pipeline_procesamiento.py                                              0           1  0.15s           2026-02-27T22:42:16
/opt/airflow/dags/Optimización y Performance - Día 4.docx                                0           0  0.13s           2026-02-27T22:42:15
/opt/airflow/dags/Diseño de Arquitectura Completa - Día 1.docx                           0           0  0.13s           2026-02-27T22:42:16
/opt/airflow/dags/Validación y Testing - Día 3.docx                                      0           0  0.10s           2026-02-27T22:42:16
================================================================================
[2026-02-27T22:43:16.996+0000] {manager.py:878} INFO - 
================================================================================
DAG File Processing Stats

File Path                                                         PID  Runtime      # DAGs    # Errors  Last Runtime    Last Run
--------------------------------------------------------------  -----  ---------  --------  ----------  --------------  -------------------
/opt/airflow/dags/arquitectura_retail_completa.py                                        1           0  0.24s           2026-02-27T22:42:46
/opt/airflow/dags/pipeline_simple_dag.py                                                 1           0  0.23s           2026-02-27T22:42:46
/opt/airflow/dags/incident_runbook_dag.py                        1164  0.03s             0           1  0.15s           2026-02-27T22:42:46
/opt/airflow/dags/pipeline_procesamiento.py                                              0           1  0.13s           2026-02-27T22:42:46
/opt/airflow/dags/pipeline_monitoring_demo.py                    1165  0.01s             0           1  0.12s           2026-02-27T22:42:46
/opt/airflow/dags/Diseño de Arquitectura Completa - Día 1.docx                           0           0  0.12s           2026-02-27T22:42:47
/opt/airflow/dags/Documentación y Presentación - Día 5.docx                              0           0  0.11s           2026-02-27T22:42:46
/opt/airflow/dags/Optimización y Performance - Día 4.docx                                0           0  0.10s           2026-02-27T22:42:46
/opt/airflow/dags/Validación y Testing - Día 3.docx                                      0           0  0.08s           2026-02-27T22:42:46
================================================================================
[2026-02-27T22:43:47.763+0000] {manager.py:878} INFO - 
================================================================================
DAG File Processing Stats

File Path                                                         PID  Runtime      # DAGs    # Errors  Last Runtime    Last Run
--------------------------------------------------------------  -----  ---------  --------  ----------  --------------  -------------------
/opt/airflow/dags/pipeline_simple_dag.py                                                 1           0  0.31s           2026-02-27T22:43:17
/opt/airflow/dags/arquitectura_retail_completa.py                                        1           0  0.27s           2026-02-27T22:43:17
/opt/airflow/dags/incident_runbook_dag.py                        1173  0.03s             0           1  0.16s           2026-02-27T22:43:17
/opt/airflow/dags/pipeline_monitoring_demo.py                    1174  0.01s             0           1  0.16s           2026-02-27T22:43:17
/opt/airflow/dags/pipeline_procesamiento.py                                              0           1  0.15s           2026-02-27T22:43:17
/opt/airflow/dags/Validación y Testing - Día 3.docx                                      0           0  0.12s           2026-02-27T22:43:17
/opt/airflow/dags/Documentación y Presentación - Día 5.docx                              0           0  0.11s           2026-02-27T22:43:17
/opt/airflow/dags/Optimización y Performance - Día 4.docx                                0           0  0.10s           2026-02-27T22:43:17
/opt/airflow/dags/Diseño de Arquitectura Completa - Día 1.docx                           0           0  0.09s           2026-02-27T22:43:18
================================================================================
[2026-02-27T22:44:18.689+0000] {manager.py:878} INFO - 
================================================================================
DAG File Processing Stats

File Path                                                         PID  Runtime      # DAGs    # Errors  Last Runtime    Last Run
--------------------------------------------------------------  -----  ---------  --------  ----------  --------------  -------------------
/opt/airflow/dags/arquitectura_retail_completa.py                                        1           0  0.26s           2026-02-27T22:43:48
/opt/airflow/dags/pipeline_simple_dag.py                                                 1           0  0.25s           2026-02-27T22:43:48
/opt/airflow/dags/incident_runbook_dag.py                        1182  0.04s             0           1  0.17s           2026-02-27T22:43:47
/opt/airflow/dags/pipeline_monitoring_demo.py                    1183  0.01s             0           1  0.16s           2026-02-27T22:43:47
/opt/airflow/dags/Optimización y Performance - Día 4.docx                                0           0  0.14s           2026-02-27T22:43:48
/opt/airflow/dags/pipeline_procesamiento.py                                              0           1  0.14s           2026-02-27T22:43:48
/opt/airflow/dags/Documentación y Presentación - Día 5.docx                              0           0  0.12s           2026-02-27T22:43:48
/opt/airflow/dags/Diseño de Arquitectura Completa - Día 1.docx                           0           0  0.11s           2026-02-27T22:43:48
/opt/airflow/dags/Validación y Testing - Día 3.docx                                      0           0  0.09s           2026-02-27T22:43:48
================================================================================
[2026-02-27T22:44:49.490+0000] {manager.py:878} INFO - 
================================================================================
DAG File Processing Stats

File Path                                                         PID  Runtime      # DAGs    # Errors  Last Runtime    Last Run
--------------------------------------------------------------  -----  ---------  --------  ----------  --------------  -------------------
/opt/airflow/dags/pipeline_simple_dag.py                                                 1           0  0.22s           2026-02-27T22:44:19
/opt/airflow/dags/arquitectura_retail_completa.py                                        1           0  0.20s           2026-02-27T22:44:18
/opt/airflow/dags/pipeline_procesamiento.py                                              0           1  0.15s           2026-02-27T22:44:19
/opt/airflow/dags/pipeline_monitoring_demo.py                    1192  0.01s             0           1  0.14s           2026-02-27T22:44:18
/opt/airflow/dags/incident_runbook_dag.py                        1191  0.04s             0           1  0.14s           2026-02-27T22:44:18
/opt/airflow/dags/Optimización y Performance - Día 4.docx                                0           0  0.14s           2026-02-27T22:44:19
/opt/airflow/dags/Documentación y Presentación - Día 5.docx                              0           0  0.13s           2026-02-27T22:44:19
/opt/airflow/dags/Diseño de Arquitectura Completa - Día 1.docx                           0           0  0.10s           2026-02-27T22:44:19
/opt/airflow/dags/Validación y Testing - Día 3.docx                                      0           0  0.09s           2026-02-27T22:44:19
================================================================================
[2026-02-27T22:45:20.143+0000] {manager.py:878} INFO - 
================================================================================
DAG File Processing Stats

File Path                                                         PID  Runtime      # DAGs    # Errors  Last Runtime    Last Run
--------------------------------------------------------------  -----  ---------  --------  ----------  --------------  -------------------
/opt/airflow/dags/arquitectura_retail_completa.py                                        1           0  0.22s           2026-02-27T22:44:49
/opt/airflow/dags/incident_runbook_dag.py                        1200  0.03s             0           1  0.19s           2026-02-27T22:44:49
/opt/airflow/dags/pipeline_simple_dag.py                                                 1           0  0.17s           2026-02-27T22:44:50
/opt/airflow/dags/pipeline_monitoring_demo.py                    1201  0.01s             0           1  0.16s           2026-02-27T22:44:49
/opt/airflow/dags/Validación y Testing - Día 3.docx                                      0           0  0.12s           2026-02-27T22:44:50
/opt/airflow/dags/pipeline_procesamiento.py                                              0           1  0.11s           2026-02-27T22:44:49
/opt/airflow/dags/Diseño de Arquitectura Completa - Día 1.docx                           0           0  0.10s           2026-02-27T22:44:50
/opt/airflow/dags/Documentación y Presentación - Día 5.docx                              0           0  0.09s           2026-02-27T22:44:49
/opt/airflow/dags/Optimización y Performance - Día 4.docx                                0           0  0.08s           2026-02-27T22:44:49
================================================================================
[2026-02-27T22:45:50.951+0000] {manager.py:878} INFO - 
================================================================================
DAG File Processing Stats

File Path                                                         PID  Runtime      # DAGs    # Errors  Last Runtime    Last Run
--------------------------------------------------------------  -----  ---------  --------  ----------  --------------  -------------------
/opt/airflow/dags/pipeline_simple_dag.py                                                 1           0  0.25s           2026-02-27T22:45:21
/opt/airflow/dags/arquitectura_retail_completa.py                                        1           0  0.22s           2026-02-27T22:45:20
/opt/airflow/dags/incident_runbook_dag.py                        1209  0.04s             0           1  0.14s           2026-02-27T22:45:20
/opt/airflow/dags/pipeline_monitoring_demo.py                    1210  0.01s             0           1  0.14s           2026-02-27T22:45:20
/opt/airflow/dags/pipeline_procesamiento.py                                              0           1  0.13s           2026-02-27T22:45:20
/opt/airflow/dags/Validación y Testing - Día 3.docx                                      0           0  0.11s           2026-02-27T22:45:20
/opt/airflow/dags/Documentación y Presentación - Día 5.docx                              0           0  0.09s           2026-02-27T22:45:20
/opt/airflow/dags/Optimización y Performance - Día 4.docx                                0           0  0.08s           2026-02-27T22:45:20
/opt/airflow/dags/Diseño de Arquitectura Completa - Día 1.docx                           0           0  0.08s           2026-02-27T22:45:21
================================================================================
[2026-02-27T22:46:21.649+0000] {manager.py:878} INFO - 
================================================================================
DAG File Processing Stats

File Path                                                         PID  Runtime      # DAGs    # Errors  Last Runtime    Last Run
--------------------------------------------------------------  -----  ---------  --------  ----------  --------------  -------------------
/opt/airflow/dags/pipeline_simple_dag.py                                                 1           0  0.19s           2026-02-27T22:45:51
/opt/airflow/dags/arquitectura_retail_completa.py                                        1           0  0.18s           2026-02-27T22:45:51
/opt/airflow/dags/incident_runbook_dag.py                        1218  0.04s             0           1  0.15s           2026-02-27T22:45:51
/opt/airflow/dags/pipeline_monitoring_demo.py                    1219  0.01s             0           1  0.14s           2026-02-27T22:45:51
/opt/airflow/dags/pipeline_procesamiento.py                                              0           1  0.09s           2026-02-27T22:45:51
/opt/airflow/dags/Diseño de Arquitectura Completa - Día 1.docx                           0           0  0.08s           2026-02-27T22:45:51
/opt/airflow/dags/Validación y Testing - Día 3.docx                                      0           0  0.08s           2026-02-27T22:45:51
/opt/airflow/dags/Documentación y Presentación - Día 5.docx                              0           0  0.08s           2026-02-27T22:45:51
/opt/airflow/dags/Optimización y Performance - Día 4.docx                                0           0  0.08s           2026-02-27T22:45:51
================================================================================
[2026-02-27T22:46:44.379+0000] {manager.py:737} INFO - Searching for files in /opt/airflow/dags
[2026-02-27T22:46:44.663+0000] {manager.py:740} INFO - There are 9 files in /opt/airflow/dags
[2026-02-27T22:46:52.102+0000] {manager.py:878} INFO - 
================================================================================
DAG File Processing Stats

File Path                                                         PID  Runtime      # DAGs    # Errors  Last Runtime    Last Run
--------------------------------------------------------------  -----  ---------  --------  ----------  --------------  -------------------
/opt/airflow/dags/pipeline_simple_dag.py                                                 1           0  0.30s           2026-02-27T22:46:22
/opt/airflow/dags/arquitectura_retail_completa.py                                        1           0  0.24s           2026-02-27T22:46:22
/opt/airflow/dags/pipeline_procesamiento.py                                              0           1  0.17s           2026-02-27T22:46:22
/opt/airflow/dags/incident_runbook_dag.py                        1227  0.03s             0           1  0.17s           2026-02-27T22:46:21
/opt/airflow/dags/pipeline_monitoring_demo.py                    1228  0.01s             0           1  0.17s           2026-02-27T22:46:21
/opt/airflow/dags/Validación y Testing - Día 3.docx                                      0           0  0.14s           2026-02-27T22:46:22
/opt/airflow/dags/Documentación y Presentación - Día 5.docx                              0           0  0.10s           2026-02-27T22:46:22
/opt/airflow/dags/Optimización y Performance - Día 4.docx                                0           0  0.10s           2026-02-27T22:46:22
/opt/airflow/dags/Diseño de Arquitectura Completa - Día 1.docx                           0           0  0.10s           2026-02-27T22:46:22
================================================================================
[2026-02-27T22:47:23.089+0000] {manager.py:878} INFO - 
================================================================================
DAG File Processing Stats

File Path                                                         PID  Runtime      # DAGs    # Errors  Last Runtime    Last Run
--------------------------------------------------------------  -----  ---------  --------  ----------  --------------  -------------------
/opt/airflow/dags/arquitectura_retail_completa.py                                        1           0  0.25s           2026-02-27T22:46:52
/opt/airflow/dags/pipeline_simple_dag.py                                                 1           0  0.24s           2026-02-27T22:46:53
/opt/airflow/dags/incident_runbook_dag.py                        1236  0.03s             0           1  0.16s           2026-02-27T22:46:52
/opt/airflow/dags/pipeline_monitoring_demo.py                    1237  0.01s             0           1  0.16s           2026-02-27T22:46:52
/opt/airflow/dags/pipeline_procesamiento.py                                              0           1  0.14s           2026-02-27T22:46:52
/opt/airflow/dags/Documentación y Presentación - Día 5.docx                              0           0  0.11s           2026-02-27T22:46:52
/opt/airflow/dags/Optimización y Performance - Día 4.docx                                0           0  0.10s           2026-02-27T22:46:52
/opt/airflow/dags/Validación y Testing - Día 3.docx                                      0           0  0.10s           2026-02-27T22:46:53
/opt/airflow/dags/Diseño de Arquitectura Completa - Día 1.docx                           0           0  0.10s           2026-02-27T22:46:53
================================================================================
[2026-02-27T22:47:54.135+0000] {manager.py:878} INFO - 
================================================================================
DAG File Processing Stats

File Path                                                         PID  Runtime      # DAGs    # Errors  Last Runtime    Last Run
--------------------------------------------------------------  -----  ---------  --------  ----------  --------------  -------------------
/opt/airflow/dags/arquitectura_retail_completa.py                                        1           0  0.25s           2026-02-27T22:47:23
/opt/airflow/dags/pipeline_simple_dag.py                                                 1           0  0.24s           2026-02-27T22:47:24
/opt/airflow/dags/pipeline_monitoring_demo.py                    1246  0.01s             0           1  0.17s           2026-02-27T22:47:23
/opt/airflow/dags/incident_runbook_dag.py                        1245  0.04s             0           1  0.17s           2026-02-27T22:47:23
/opt/airflow/dags/pipeline_procesamiento.py                                              0           1  0.14s           2026-02-27T22:47:23
/opt/airflow/dags/Diseño de Arquitectura Completa - Día 1.docx                           0           0  0.10s           2026-02-27T22:47:24
/opt/airflow/dags/Documentación y Presentación - Día 5.docx                              0           0  0.10s           2026-02-27T22:47:23
/opt/airflow/dags/Optimización y Performance - Día 4.docx                                0           0  0.09s           2026-02-27T22:47:23
/opt/airflow/dags/Validación y Testing - Día 3.docx                                      0           0  0.09s           2026-02-27T22:47:23
================================================================================
[2026-02-27T22:48:25.108+0000] {manager.py:878} INFO - 
================================================================================
DAG File Processing Stats

File Path                                                         PID  Runtime      # DAGs    # Errors  Last Runtime    Last Run
--------------------------------------------------------------  -----  ---------  --------  ----------  --------------  -------------------
/opt/airflow/dags/arquitectura_retail_completa.py                                        1           0  0.22s           2026-02-27T22:47:54
/opt/airflow/dags/pipeline_simple_dag.py                                                 1           0  0.19s           2026-02-27T22:47:55
/opt/airflow/dags/incident_runbook_dag.py                        1254  0.06s             0           1  0.18s           2026-02-27T22:47:54
/opt/airflow/dags/pipeline_monitoring_demo.py                    1255  0.01s             0           1  0.17s           2026-02-27T22:47:54
/opt/airflow/dags/pipeline_procesamiento.py                                              0           1  0.13s           2026-02-27T22:47:54
/opt/airflow/dags/Documentación y Presentación - Día 5.docx                              0           0  0.13s           2026-02-27T22:47:54
/opt/airflow/dags/Optimización y Performance - Día 4.docx                                0           0  0.11s           2026-02-27T22:47:54
/opt/airflow/dags/Validación y Testing - Día 3.docx                                      0           0  0.10s           2026-02-27T22:47:54
/opt/airflow/dags/Diseño de Arquitectura Completa - Día 1.docx                           0           0  0.08s           2026-02-27T22:47:55
================================================================================
[2026-02-27T22:48:55.926+0000] {manager.py:878} INFO - 
================================================================================
DAG File Processing Stats

File Path                                                         PID  Runtime      # DAGs    # Errors  Last Runtime    Last Run
--------------------------------------------------------------  -----  ---------  --------  ----------  --------------  -------------------
/opt/airflow/dags/arquitectura_retail_completa.py                                        1           0  0.24s           2026-02-27T22:48:25
/opt/airflow/dags/incident_runbook_dag.py                        1263  0.03s             0           1  0.19s           2026-02-27T22:48:25
/opt/airflow/dags/pipeline_simple_dag.py                                                 1           0  0.18s           2026-02-27T22:48:26
/opt/airflow/dags/pipeline_monitoring_demo.py                    1264  0.01s             0           1  0.18s           2026-02-27T22:48:25
/opt/airflow/dags/pipeline_procesamiento.py                                              0           1  0.14s           2026-02-27T22:48:25
/opt/airflow/dags/Validación y Testing - Día 3.docx                                      0           0  0.10s           2026-02-27T22:48:25
/opt/airflow/dags/Documentación y Presentación - Día 5.docx                              0           0  0.09s           2026-02-27T22:48:25
/opt/airflow/dags/Optimización y Performance - Día 4.docx                                0           0  0.09s           2026-02-27T22:48:25
/opt/airflow/dags/Diseño de Arquitectura Completa - Día 1.docx                           0           0  0.07s           2026-02-27T22:48:26
================================================================================
[2026-02-27T22:49:26.901+0000] {manager.py:878} INFO - 
================================================================================
DAG File Processing Stats

File Path                                                         PID  Runtime      # DAGs    # Errors  Last Runtime    Last Run
--------------------------------------------------------------  -----  ---------  --------  ----------  --------------  -------------------
/opt/airflow/dags/pipeline_simple_dag.py                                                 1           0  0.26s           2026-02-27T22:48:56
/opt/airflow/dags/arquitectura_retail_completa.py                                        1           0  0.24s           2026-02-27T22:48:56
/opt/airflow/dags/pipeline_monitoring_demo.py                    1273  0.02s             0           1  0.16s           2026-02-27T22:48:56
/opt/airflow/dags/incident_runbook_dag.py                        1272  0.04s             0           1  0.16s           2026-02-27T22:48:56
/opt/airflow/dags/pipeline_procesamiento.py                                              0           1  0.14s           2026-02-27T22:48:56
/opt/airflow/dags/Optimización y Performance - Día 4.docx                                0           0  0.12s           2026-02-27T22:48:56
/opt/airflow/dags/Diseño de Arquitectura Completa - Día 1.docx                           0           0  0.12s           2026-02-27T22:48:56
/opt/airflow/dags/Documentación y Presentación - Día 5.docx                              0           0  0.12s           2026-02-27T22:48:56
/opt/airflow/dags/Validación y Testing - Día 3.docx                                      0           0  0.09s           2026-02-27T22:48:56
================================================================================
[2026-02-27T22:49:57.894+0000] {manager.py:878} INFO - 
================================================================================
DAG File Processing Stats

File Path                                                         PID  Runtime      # DAGs    # Errors  Last Runtime    Last Run
--------------------------------------------------------------  -----  ---------  --------  ----------  --------------  -------------------
/opt/airflow/dags/arquitectura_retail_completa.py                                        1           0  0.25s           2026-02-27T22:49:27
/opt/airflow/dags/pipeline_monitoring_demo.py                    1282  0.01s             0           1  0.24s           2026-02-27T22:49:27
/opt/airflow/dags/incident_runbook_dag.py                        1281  0.03s             0           1  0.24s           2026-02-27T22:49:27
/opt/airflow/dags/pipeline_simple_dag.py                                                 1           0  0.22s           2026-02-27T22:49:28
/opt/airflow/dags/pipeline_procesamiento.py                                              0           1  0.15s           2026-02-27T22:49:27
/opt/airflow/dags/Documentación y Presentación - Día 5.docx                              0           0  0.11s           2026-02-27T22:49:27
/opt/airflow/dags/Optimización y Performance - Día 4.docx                                0           0  0.11s           2026-02-27T22:49:27
/opt/airflow/dags/Diseño de Arquitectura Completa - Día 1.docx                           0           0  0.10s           2026-02-27T22:49:27
/opt/airflow/dags/Validación y Testing - Día 3.docx                                      0           0  0.09s           2026-02-27T22:49:27
================================================================================
[2026-02-27T22:50:28.826+0000] {manager.py:878} INFO - 
================================================================================
DAG File Processing Stats

File Path                                                         PID  Runtime      # DAGs    # Errors  Last Runtime    Last Run
--------------------------------------------------------------  -----  ---------  --------  ----------  --------------  -------------------
/opt/airflow/dags/pipeline_simple_dag.py                                                 1           0  0.28s           2026-02-27T22:49:59
/opt/airflow/dags/arquitectura_retail_completa.py                                        1           0  0.26s           2026-02-27T22:49:58
/opt/airflow/dags/pipeline_monitoring_demo.py                    1291  0.01s             0           1  0.19s           2026-02-27T22:49:58
/opt/airflow/dags/incident_runbook_dag.py                        1290  0.03s             0           1  0.18s           2026-02-27T22:49:58
/opt/airflow/dags/pipeline_procesamiento.py                                              0           1  0.12s           2026-02-27T22:49:58
/opt/airflow/dags/Diseño de Arquitectura Completa - Día 1.docx                           0           0  0.10s           2026-02-27T22:49:58
/opt/airflow/dags/Validación y Testing - Día 3.docx                                      0           0  0.10s           2026-02-27T22:49:58
/opt/airflow/dags/Documentación y Presentación - Día 5.docx                              0           0  0.10s           2026-02-27T22:49:58
/opt/airflow/dags/Optimización y Performance - Día 4.docx                                0           0  0.10s           2026-02-27T22:49:58
================================================================================
[2026-02-27T22:50:59.777+0000] {manager.py:878} INFO - 
================================================================================
DAG File Processing Stats

File Path                                                         PID  Runtime      # DAGs    # Errors  Last Runtime    Last Run
--------------------------------------------------------------  -----  ---------  --------  ----------  --------------  -------------------
/opt/airflow/dags/arquitectura_retail_completa.py                                        1           0  0.27s           2026-02-27T22:50:29
/opt/airflow/dags/pipeline_simple_dag.py                                                 1           0  0.23s           2026-02-27T22:50:29
/opt/airflow/dags/pipeline_procesamiento.py                                              0           1  0.17s           2026-02-27T22:50:29
/opt/airflow/dags/pipeline_monitoring_demo.py                    1300  0.01s             0           1  0.14s           2026-02-27T22:50:28
/opt/airflow/dags/incident_runbook_dag.py                        1299  0.04s             0           1  0.14s           2026-02-27T22:50:28
/opt/airflow/dags/Documentación y Presentación - Día 5.docx                              0           0  0.11s           2026-02-27T22:50:29
/opt/airflow/dags/Optimización y Performance - Día 4.docx                                0           0  0.11s           2026-02-27T22:50:29
/opt/airflow/dags/Validación y Testing - Día 3.docx                                      0           0  0.10s           2026-02-27T22:50:29
/opt/airflow/dags/Diseño de Arquitectura Completa - Día 1.docx                           0           0  0.10s           2026-02-27T22:50:29
================================================================================
[2026-02-27T22:51:30.145+0000] {manager.py:878} INFO - 
================================================================================
DAG File Processing Stats

File Path                                                         PID  Runtime      # DAGs    # Errors  Last Runtime    Last Run
--------------------------------------------------------------  -----  ---------  --------  ----------  --------------  -------------------
/opt/airflow/dags/pipeline_monitoring_demo.py                                            1           0  0.52s           2026-02-27T22:51:21
/opt/airflow/dags/arquitectura_retail_completa.py                                        1           0  0.24s           2026-02-27T22:51:00
/opt/airflow/dags/pipeline_simple_dag.py                                                 1           0  0.23s           2026-02-27T22:51:00
/opt/airflow/dags/pipeline_procesamiento.py                                              0           1  0.18s           2026-02-27T22:51:00
/opt/airflow/dags/incident_runbook_dag.py                        1309  0.01s             0           1  0.16s           2026-02-27T22:50:59
/opt/airflow/dags/Optimización y Performance - Día 4.docx                                0           0  0.11s           2026-02-27T22:51:00
/opt/airflow/dags/Diseño de Arquitectura Completa - Día 1.docx                           0           0  0.10s           2026-02-27T22:51:00
/opt/airflow/dags/Validación y Testing - Día 3.docx                                      0           0  0.09s           2026-02-27T22:51:00
/opt/airflow/dags/Documentación y Presentación - Día 5.docx                              0           0  0.09s           2026-02-27T22:51:00
================================================================================
[2026-02-27T22:51:44.536+0000] {manager.py:737} INFO - Searching for files in /opt/airflow/dags
[2026-02-27T22:51:44.734+0000] {manager.py:740} INFO - There are 9 files in /opt/airflow/dags
[2026-02-27T22:52:00.316+0000] {manager.py:452} INFO - Exiting gracefully upon receiving signal 15
[2026-02-27T22:52:48.959+0000] {manager.py:470} INFO - Processing files using up to 2 processes at a time 
[2026-02-27T22:52:48.962+0000] {manager.py:471} INFO - Process each file at most once every 30 seconds
[2026-02-27T22:52:48.964+0000] {manager.py:472} INFO - Checking for new files in /opt/airflow/dags every 300 seconds
[2026-02-27T22:52:48.966+0000] {manager.py:737} INFO - Searching for files in /opt/airflow/dags
[2026-02-27T22:52:49.167+0000] {manager.py:740} INFO - There are 9 files in /opt/airflow/dags
[2026-02-27T22:52:49.597+0000] {manager.py:878} INFO - 
================================================================================
DAG File Processing Stats

File Path                                                         PID  Runtime      # DAGs    # Errors  Last Runtime    Last Run
--------------------------------------------------------------  -----  ---------  --------  ----------  --------------  ----------
/opt/airflow/dags/arquitectura_retail_completa.py                                        0           0
/opt/airflow/dags/Diseño de Arquitectura Completa - Día 1.docx                           0           0
/opt/airflow/dags/Documentación y Presentación - Día 5.docx                              0           0
/opt/airflow/dags/incident_runbook_dag.py                          33  0.09s             0           0
/opt/airflow/dags/Optimización y Performance - Día 4.docx                                0           0
/opt/airflow/dags/pipeline_monitoring_demo.py                      32  0.14s             0           0
/opt/airflow/dags/pipeline_procesamiento.py                                              0           0
/opt/airflow/dags/pipeline_simple_dag.py                                                 0           0
/opt/airflow/dags/Validación y Testing - Día 3.docx                                      0           0
================================================================================
[2026-02-27T22:53:20.303+0000] {manager.py:878} INFO - 
================================================================================
DAG File Processing Stats

File Path                                                         PID  Runtime      # DAGs    # Errors  Last Runtime    Last Run
--------------------------------------------------------------  -----  ---------  --------  ----------  --------------  -------------------
/opt/airflow/dags/pipeline_monitoring_demo.py                      41  0.05s             1           0  0.47s           2026-02-27T22:52:49
/opt/airflow/dags/arquitectura_retail_completa.py                                        1           0  0.30s           2026-02-27T22:52:50
/opt/airflow/dags/pipeline_simple_dag.py                                                 1           0  0.29s           2026-02-27T22:52:50
/opt/airflow/dags/incident_runbook_dag.py                          42  0.02s             0           1  0.19s           2026-02-27T22:52:49
/opt/airflow/dags/pipeline_procesamiento.py                                              0           1  0.15s           2026-02-27T22:52:50
/opt/airflow/dags/Diseño de Arquitectura Completa - Día 1.docx                           0           0  0.14s           2026-02-27T22:52:50
/opt/airflow/dags/Documentación y Presentación - Día 5.docx                              0           0  0.12s           2026-02-27T22:52:50
/opt/airflow/dags/Optimización y Performance - Día 4.docx                                0           0  0.11s           2026-02-27T22:52:50
/opt/airflow/dags/Validación y Testing - Día 3.docx                                      0           0  0.11s           2026-02-27T22:52:50
================================================================================
[2026-02-27T22:53:51.169+0000] {manager.py:878} INFO - 
================================================================================
DAG File Processing Stats

File Path                                                         PID  Runtime      # DAGs    # Errors  Last Runtime    Last Run
--------------------------------------------------------------  -----  ---------  --------  ----------  --------------  -------------------
/opt/airflow/dags/pipeline_monitoring_demo.py                      50  0.05s             1           0  0.32s           2026-02-27T22:53:20
/opt/airflow/dags/pipeline_simple_dag.py                                                 1           0  0.29s           2026-02-27T22:53:21
/opt/airflow/dags/arquitectura_retail_completa.py                                        1           0  0.21s           2026-02-27T22:53:20
/opt/airflow/dags/pipeline_procesamiento.py                                              0           1  0.20s           2026-02-27T22:53:21
/opt/airflow/dags/incident_runbook_dag.py                          51  0.01s             0           1  0.19s           2026-02-27T22:53:20
/opt/airflow/dags/Validación y Testing - Día 3.docx                                      0           0  0.13s           2026-02-27T22:53:21
/opt/airflow/dags/Optimización y Performance - Día 4.docx                                0           0  0.11s           2026-02-27T22:53:20
/opt/airflow/dags/Diseño de Arquitectura Completa - Día 1.docx                           0           0  0.09s           2026-02-27T22:53:21
/opt/airflow/dags/Documentación y Presentación - Día 5.docx                              0           0  0.08s           2026-02-27T22:53:20
================================================================================
[2026-02-27T22:54:21.949+0000] {manager.py:878} INFO - 
================================================================================
DAG File Processing Stats

File Path                                                         PID  Runtime      # DAGs    # Errors  Last Runtime    Last Run
--------------------------------------------------------------  -----  ---------  --------  ----------  --------------  -------------------
/opt/airflow/dags/pipeline_monitoring_demo.py                      59  0.04s             1           0  0.35s           2026-02-27T22:53:51
/opt/airflow/dags/arquitectura_retail_completa.py                                        1           0  0.25s           2026-02-27T22:53:51
/opt/airflow/dags/pipeline_simple_dag.py                                                 1           0  0.24s           2026-02-27T22:53:51
/opt/airflow/dags/incident_runbook_dag.py                          60  0.01s             0           1  0.22s           2026-02-27T22:53:51
/opt/airflow/dags/pipeline_procesamiento.py                                              0           1  0.13s           2026-02-27T22:53:51
/opt/airflow/dags/Validación y Testing - Día 3.docx                                      0           0  0.10s           2026-02-27T22:53:51
/opt/airflow/dags/Optimización y Performance - Día 4.docx                                0           0  0.09s           2026-02-27T22:53:51
/opt/airflow/dags/Diseño de Arquitectura Completa - Día 1.docx                           0           0  0.09s           2026-02-27T22:53:52
/opt/airflow/dags/Documentación y Presentación - Día 5.docx                              0           0  0.09s           2026-02-27T22:53:51
================================================================================
[2026-02-27T22:54:52.101+0000] {manager.py:878} INFO - 
================================================================================
DAG File Processing Stats

File Path                                                       PID    Runtime      # DAGs    # Errors  Last Runtime    Last Run
--------------------------------------------------------------  -----  ---------  --------  ----------  --------------  -------------------
/opt/airflow/dags/pipeline_monitoring_demo.py                                            1           0  0.40s           2026-02-27T22:54:22
/opt/airflow/dags/arquitectura_retail_completa.py                                        1           0  0.38s           2026-02-27T22:54:22
/opt/airflow/dags/pipeline_simple_dag.py                                                 1           0  0.28s           2026-02-27T22:54:23
/opt/airflow/dags/incident_runbook_dag.py                                                0           1  0.23s           2026-02-27T22:54:22
/opt/airflow/dags/pipeline_procesamiento.py                                              0           1  0.21s           2026-02-27T22:54:22
/opt/airflow/dags/Documentación y Presentación - Día 5.docx                              0           0  0.15s           2026-02-27T22:54:22
/opt/airflow/dags/Optimización y Performance - Día 4.docx                                0           0  0.11s           2026-02-27T22:54:22
/opt/airflow/dags/Validación y Testing - Día 3.docx                                      0           0  0.11s           2026-02-27T22:54:23
/opt/airflow/dags/Diseño de Arquitectura Completa - Día 1.docx                           0           0  0.09s           2026-02-27T22:54:23
================================================================================
[2026-02-27T22:55:22.698+0000] {manager.py:878} INFO - 
================================================================================
DAG File Processing Stats

File Path                                                       PID    Runtime      # DAGs    # Errors  Last Runtime    Last Run
--------------------------------------------------------------  -----  ---------  --------  ----------  --------------  -------------------
/opt/airflow/dags/pipeline_monitoring_demo.py                                            1           0  0.25s           2026-02-27T22:54:53
/opt/airflow/dags/pipeline_simple_dag.py                                                 1           0  0.25s           2026-02-27T22:54:53
/opt/airflow/dags/arquitectura_retail_completa.py                                        1           0  0.24s           2026-02-27T22:54:53
/opt/airflow/dags/incident_runbook_dag.py                                                0           1  0.15s           2026-02-27T22:54:53
/opt/airflow/dags/pipeline_procesamiento.py                                              0           1  0.15s           2026-02-27T22:54:53
/opt/airflow/dags/Diseño de Arquitectura Completa - Día 1.docx                           0           0  0.11s           2026-02-27T22:54:54
/opt/airflow/dags/Validación y Testing - Día 3.docx                                      0           0  0.11s           2026-02-27T22:54:53
/opt/airflow/dags/Optimización y Performance - Día 4.docx                                0           0  0.10s           2026-02-27T22:54:53
/opt/airflow/dags/Documentación y Presentación - Día 5.docx                              0           0  0.09s           2026-02-27T22:54:53
================================================================================
[2026-02-27T22:55:53.264+0000] {manager.py:878} INFO - 
================================================================================
DAG File Processing Stats

File Path                                                       PID    Runtime      # DAGs    # Errors  Last Runtime    Last Run
--------------------------------------------------------------  -----  ---------  --------  ----------  --------------  -------------------
/opt/airflow/dags/arquitectura_retail_completa.py                                        1           0  0.27s           2026-02-27T22:55:24
/opt/airflow/dags/pipeline_monitoring_demo.py                                            1           0  0.27s           2026-02-27T22:55:24
/opt/airflow/dags/pipeline_simple_dag.py                                                 1           0  0.21s           2026-02-27T22:55:24
/opt/airflow/dags/incident_runbook_dag.py                                                0           1  0.15s           2026-02-27T22:55:23
/opt/airflow/dags/pipeline_procesamiento.py                                              0           1  0.13s           2026-02-27T22:55:24
/opt/airflow/dags/Documentación y Presentación - Día 5.docx                              0           0  0.12s           2026-02-27T22:55:24
/opt/airflow/dags/Validación y Testing - Día 3.docx                                      0           0  0.11s           2026-02-27T22:55:24
/opt/airflow/dags/Optimización y Performance - Día 4.docx                                0           0  0.10s           2026-02-27T22:55:24
/opt/airflow/dags/Diseño de Arquitectura Completa - Día 1.docx                           0           0  0.09s           2026-02-27T22:55:24
================================================================================
[2026-02-27T22:56:23.409+0000] {manager.py:878} INFO - 
================================================================================
DAG File Processing Stats

File Path                                                       PID    Runtime      # DAGs    # Errors  Last Runtime    Last Run
--------------------------------------------------------------  -----  ---------  --------  ----------  --------------  -------------------
/opt/airflow/dags/pipeline_monitoring_demo.py                                            1           0  0.36s           2026-02-27T22:56:14
/opt/airflow/dags/pipeline_simple_dag.py                                                 1           0  0.26s           2026-02-27T22:55:55
/opt/airflow/dags/arquitectura_retail_completa.py                                        1           0  0.25s           2026-02-27T22:55:54
/opt/airflow/dags/Validación y Testing - Día 3.docx                                      0           0  0.18s           2026-02-27T22:55:55
/opt/airflow/dags/pipeline_procesamiento.py                                              0           1  0.16s           2026-02-27T22:55:55
/opt/airflow/dags/incident_runbook_dag.py                                                0           1  0.13s           2026-02-27T22:55:54
/opt/airflow/dags/Optimización y Performance - Día 4.docx                                0           0  0.13s           2026-02-27T22:55:54
/opt/airflow/dags/Diseño de Arquitectura Completa - Día 1.docx                           0           0  0.10s           2026-02-27T22:55:55
/opt/airflow/dags/Documentación y Presentación - Día 5.docx                              0           0  0.09s           2026-02-27T22:55:54
================================================================================
[2026-02-27T22:56:53.823+0000] {manager.py:878} INFO - 
================================================================================
DAG File Processing Stats

File Path                                                       PID    Runtime      # DAGs    # Errors  Last Runtime    Last Run
--------------------------------------------------------------  -----  ---------  --------  ----------  --------------  -------------------
/opt/airflow/dags/pipeline_monitoring_demo.py                                            1           0  0.53s           2026-02-27T22:56:44
/opt/airflow/dags/arquitectura_retail_completa.py                                        1           0  0.22s           2026-02-27T22:56:25
/opt/airflow/dags/pipeline_simple_dag.py                                                 1           0  0.21s           2026-02-27T22:56:25
/opt/airflow/dags/pipeline_procesamiento.py                                              0           1  0.16s           2026-02-27T22:56:25
/opt/airflow/dags/incident_runbook_dag.py                                                0           1  0.16s           2026-02-27T22:56:25
/opt/airflow/dags/Validación y Testing - Día 3.docx                                      0           0  0.09s           2026-02-27T22:56:25
/opt/airflow/dags/Documentación y Presentación - Día 5.docx                              0           0  0.09s           2026-02-27T22:56:25
/opt/airflow/dags/Optimización y Performance - Día 4.docx                                0           0  0.09s           2026-02-27T22:56:25
/opt/airflow/dags/Diseño de Arquitectura Completa - Día 1.docx                           0           0  0.08s           2026-02-27T22:56:25
================================================================================
[2026-02-27T22:57:24.664+0000] {manager.py:878} INFO - 
================================================================================
DAG File Processing Stats

File Path                                                       PID    Runtime      # DAGs    # Errors  Last Runtime    Last Run
--------------------------------------------------------------  -----  ---------  --------  ----------  --------------  -------------------
/opt/airflow/dags/arquitectura_retail_completa.py                                        1           0  0.28s           2026-02-27T22:56:56
/opt/airflow/dags/pipeline_simple_dag.py                                                 1           0  0.24s           2026-02-27T22:56:56
/opt/airflow/dags/pipeline_procesamiento.py                                              0           1  0.21s           2026-02-27T22:56:56
/opt/airflow/dags/pipeline_monitoring_demo.py                                            1           0  0.21s           2026-02-27T22:57:15
/opt/airflow/dags/Documentación y Presentación - Día 5.docx                              0           0  0.18s           2026-02-27T22:56:56
/opt/airflow/dags/incident_runbook_dag.py                                                0           1  0.13s           2026-02-27T22:56:56
/opt/airflow/dags/Validación y Testing - Día 3.docx                                      0           0  0.10s           2026-02-27T22:56:56
/opt/airflow/dags/Diseño de Arquitectura Completa - Día 1.docx                           0           0  0.10s           2026-02-27T22:56:56
/opt/airflow/dags/Optimización y Performance - Día 4.docx                                0           0  0.08s           2026-02-27T22:56:56
================================================================================
[2026-02-27T22:57:49.332+0000] {manager.py:737} INFO - Searching for files in /opt/airflow/dags
[2026-02-27T22:57:49.630+0000] {manager.py:740} INFO - There are 9 files in /opt/airflow/dags
[2026-02-27T22:57:54.927+0000] {manager.py:878} INFO - 
================================================================================
DAG File Processing Stats

File Path                                                       PID    Runtime      # DAGs    # Errors  Last Runtime    Last Run
--------------------------------------------------------------  -----  ---------  --------  ----------  --------------  -------------------
/opt/airflow/dags/arquitectura_retail_completa.py                                        1           0  0.21s           2026-02-27T22:57:26
/opt/airflow/dags/pipeline_monitoring_demo.py                                            1           0  0.21s           2026-02-27T22:57:46
/opt/airflow/dags/pipeline_simple_dag.py                                                 1           0  0.20s           2026-02-27T22:57:27
/opt/airflow/dags/pipeline_procesamiento.py                                              0           1  0.17s           2026-02-27T22:57:27
/opt/airflow/dags/Validación y Testing - Día 3.docx                                      0           0  0.15s           2026-02-27T22:57:27
/opt/airflow/dags/incident_runbook_dag.py                                                0           1  0.13s           2026-02-27T22:57:26
/opt/airflow/dags/Optimización y Performance - Día 4.docx                                0           0  0.10s           2026-02-27T22:57:27
/opt/airflow/dags/Documentación y Presentación - Día 5.docx                              0           0  0.10s           2026-02-27T22:57:27
/opt/airflow/dags/Diseño de Arquitectura Completa - Día 1.docx                           0           0  0.09s           2026-02-27T22:57:27
================================================================================
[2026-02-27T22:58:25.126+0000] {manager.py:878} INFO - 
================================================================================
DAG File Processing Stats

File Path                                                       PID    Runtime      # DAGs    # Errors  Last Runtime    Last Run
--------------------------------------------------------------  -----  ---------  --------  ----------  --------------  -------------------
/opt/airflow/dags/pipeline_monitoring_demo.py                                            1           0  0.27s           2026-02-27T22:58:16
/opt/airflow/dags/pipeline_simple_dag.py                                                 1           0  0.26s           2026-02-27T22:57:58
/opt/airflow/dags/arquitectura_retail_completa.py                                        1           0  0.25s           2026-02-27T22:57:57
/opt/airflow/dags/Optimización y Performance - Día 4.docx                                0           0  0.21s           2026-02-27T22:57:57
/opt/airflow/dags/pipeline_procesamiento.py                                              0           1  0.15s           2026-02-27T22:57:57
/opt/airflow/dags/Validación y Testing - Día 3.docx                                      0           0  0.15s           2026-02-27T22:57:57
/opt/airflow/dags/incident_runbook_dag.py                                                0           1  0.15s           2026-02-27T22:57:57
/opt/airflow/dags/Documentación y Presentación - Día 5.docx                              0           0  0.14s           2026-02-27T22:57:57
/opt/airflow/dags/Diseño de Arquitectura Completa - Día 1.docx                           0           0  0.10s           2026-02-27T22:57:58
================================================================================
[2026-02-27T22:58:55.162+0000] {manager.py:878} INFO - 
================================================================================
DAG File Processing Stats

File Path                                                       PID    Runtime      # DAGs    # Errors  Last Runtime    Last Run
--------------------------------------------------------------  -----  ---------  --------  ----------  --------------  -------------------
/opt/airflow/dags/arquitectura_retail_completa.py                                        1           0  0.39s           2026-02-27T22:58:27
/opt/airflow/dags/pipeline_monitoring_demo.py                                            1           0  0.31s           2026-02-27T22:58:47
/opt/airflow/dags/Documentación y Presentación - Día 5.docx                              0           0  0.21s           2026-02-27T22:58:27
/opt/airflow/dags/pipeline_simple_dag.py                                                 1           0  0.20s           2026-02-27T22:58:29
/opt/airflow/dags/incident_runbook_dag.py                                                0           1  0.20s           2026-02-27T22:58:27
/opt/airflow/dags/pipeline_procesamiento.py                                              0           1  0.10s           2026-02-27T22:58:27
/opt/airflow/dags/Optimización y Performance - Día 4.docx                                0           0  0.09s           2026-02-27T22:58:27
/opt/airflow/dags/Diseño de Arquitectura Completa - Día 1.docx                           0           0  0.09s           2026-02-27T22:58:29
/opt/airflow/dags/Validación y Testing - Día 3.docx                                      0           0  0.07s           2026-02-27T22:58:28
================================================================================
[2026-02-27T22:59:25.726+0000] {manager.py:878} INFO - 
================================================================================
DAG File Processing Stats

File Path                                                       PID    Runtime      # DAGs    # Errors  Last Runtime    Last Run
--------------------------------------------------------------  -----  ---------  --------  ----------  --------------  -------------------
/opt/airflow/dags/pipeline_simple_dag.py                                                 1           0  0.24s           2026-02-27T22:58:59
/opt/airflow/dags/arquitectura_retail_completa.py                                        1           0  0.22s           2026-02-27T22:58:58
/opt/airflow/dags/pipeline_monitoring_demo.py                                            1           0  0.19s           2026-02-27T22:59:18
/opt/airflow/dags/pipeline_procesamiento.py                                              0           1  0.19s           2026-02-27T22:58:58
/opt/airflow/dags/incident_runbook_dag.py                                                0           1  0.14s           2026-02-27T22:58:58
/opt/airflow/dags/Diseño de Arquitectura Completa - Día 1.docx                           0           0  0.12s           2026-02-27T22:58:59
/opt/airflow/dags/Documentación y Presentación - Día 5.docx                              0           0  0.11s           2026-02-27T22:58:58
/opt/airflow/dags/Optimización y Performance - Día 4.docx                                0           0  0.11s           2026-02-27T22:58:58
/opt/airflow/dags/Validación y Testing - Día 3.docx                                      0           0  0.10s           2026-02-27T22:58:58
================================================================================
[2026-02-27T22:59:56.379+0000] {manager.py:878} INFO - 
================================================================================
DAG File Processing Stats

File Path                                                       PID    Runtime      # DAGs    # Errors  Last Runtime    Last Run
--------------------------------------------------------------  -----  ---------  --------  ----------  --------------  -------------------
/opt/airflow/dags/pipeline_monitoring_demo.py                                            1           0  0.27s           2026-02-27T22:59:49
/opt/airflow/dags/arquitectura_retail_completa.py                                        1           0  0.25s           2026-02-27T22:59:29
/opt/airflow/dags/pipeline_simple_dag.py                                                 1           0  0.24s           2026-02-27T22:59:30
/opt/airflow/dags/incident_runbook_dag.py                                                0           1  0.19s           2026-02-27T22:59:29
/opt/airflow/dags/pipeline_procesamiento.py                                              0           1  0.14s           2026-02-27T22:59:29
/opt/airflow/dags/Optimización y Performance - Día 4.docx                                0           0  0.11s           2026-02-27T22:59:29
/opt/airflow/dags/Documentación y Presentación - Día 5.docx                              0           0  0.10s           2026-02-27T22:59:29
/opt/airflow/dags/Diseño de Arquitectura Completa - Día 1.docx                           0           0  0.10s           2026-02-27T22:59:30
/opt/airflow/dags/Validación y Testing - Día 3.docx                                      0           0  0.09s           2026-02-27T22:59:29
================================================================================
[2026-02-27T23:00:26.915+0000] {manager.py:878} INFO - 
================================================================================
DAG File Processing Stats

File Path                                                       PID    Runtime      # DAGs    # Errors  Last Runtime    Last Run
--------------------------------------------------------------  -----  ---------  --------  ----------  --------------  -------------------
/opt/airflow/dags/arquitectura_retail_completa.py                                        1           0  0.23s           2026-02-27T22:59:59
/opt/airflow/dags/pipeline_monitoring_demo.py                                            1           0  0.23s           2026-02-27T23:00:19
/opt/airflow/dags/pipeline_simple_dag.py                                                 1           0  0.22s           2026-02-27T23:00:01
/opt/airflow/dags/incident_runbook_dag.py                                                0           1  0.17s           2026-02-27T22:59:59
/opt/airflow/dags/pipeline_procesamiento.py                                              0           1  0.11s           2026-02-27T23:00:00
/opt/airflow/dags/Diseño de Arquitectura Completa - Día 1.docx                           0           0  0.10s           2026-02-27T23:00:01
/opt/airflow/dags/Documentación y Presentación - Día 5.docx                              0           0  0.09s           2026-02-27T22:59:59
/opt/airflow/dags/Validación y Testing - Día 3.docx                                      0           0  0.09s           2026-02-27T22:59:59
/opt/airflow/dags/Optimización y Performance - Día 4.docx                                0           0  0.09s           2026-02-27T22:59:59
================================================================================
[2026-02-27T23:00:57.390+0000] {manager.py:878} INFO - 
================================================================================
DAG File Processing Stats

File Path                                                       PID    Runtime      # DAGs    # Errors  Last Runtime    Last Run
--------------------------------------------------------------  -----  ---------  --------  ----------  --------------  -------------------
/opt/airflow/dags/pipeline_monitoring_demo.py                                            1           0  0.28s           2026-02-27T23:00:50
/opt/airflow/dags/pipeline_simple_dag.py                                                 1           0  0.20s           2026-02-27T23:00:31
/opt/airflow/dags/arquitectura_retail_completa.py                                        1           0  0.20s           2026-02-27T23:00:30
/opt/airflow/dags/incident_runbook_dag.py                                                0           1  0.13s           2026-02-27T23:00:30
/opt/airflow/dags/pipeline_procesamiento.py                                              0           1  0.13s           2026-02-27T23:00:30
/opt/airflow/dags/Validación y Testing - Día 3.docx                                      0           0  0.11s           2026-02-27T23:00:30
/opt/airflow/dags/Optimización y Performance - Día 4.docx                                0           0  0.11s           2026-02-27T23:00:30
/opt/airflow/dags/Documentación y Presentación - Día 5.docx                              0           0  0.10s           2026-02-27T23:00:30
/opt/airflow/dags/Diseño de Arquitectura Completa - Día 1.docx                           0           0  0.08s           2026-02-27T23:00:31
================================================================================
[2026-02-27T23:01:28.075+0000] {manager.py:878} INFO - 
================================================================================
DAG File Processing Stats

File Path                                                       PID    Runtime      # DAGs    # Errors  Last Runtime    Last Run
--------------------------------------------------------------  -----  ---------  --------  ----------  --------------  -------------------
/opt/airflow/dags/pipeline_monitoring_demo.py                                            1           0  0.25s           2026-02-27T23:01:21
/opt/airflow/dags/pipeline_simple_dag.py                                                 1           0  0.22s           2026-02-27T23:01:02
/opt/airflow/dags/arquitectura_retail_completa.py                                        1           0  0.21s           2026-02-27T23:01:00
/opt/airflow/dags/incident_runbook_dag.py                                                0           1  0.13s           2026-02-27T23:01:00
/opt/airflow/dags/pipeline_procesamiento.py                                              0           1  0.12s           2026-02-27T23:01:01
/opt/airflow/dags/Documentación y Presentación - Día 5.docx                              0           0  0.11s           2026-02-27T23:01:00
/opt/airflow/dags/Validación y Testing - Día 3.docx                                      0           0  0.10s           2026-02-27T23:01:00
/opt/airflow/dags/Optimización y Performance - Día 4.docx                                0           0  0.10s           2026-02-27T23:01:00
/opt/airflow/dags/Diseño de Arquitectura Completa - Día 1.docx                           0           0  0.09s           2026-02-27T23:01:02
================================================================================
[2026-02-27T23:01:58.562+0000] {manager.py:878} INFO - 
================================================================================
DAG File Processing Stats

File Path                                                       PID    Runtime      # DAGs    # Errors  Last Runtime    Last Run
--------------------------------------------------------------  -----  ---------  --------  ----------  --------------  -------------------
/opt/airflow/dags/pipeline_monitoring_demo.py                                            1           0  0.24s           2026-02-27T23:01:51
/opt/airflow/dags/arquitectura_retail_completa.py                                        1           0  0.23s           2026-02-27T23:01:31
/opt/airflow/dags/pipeline_simple_dag.py                                                 1           0  0.20s           2026-02-27T23:01:32
/opt/airflow/dags/incident_runbook_dag.py                                                0           1  0.14s           2026-02-27T23:01:31
/opt/airflow/dags/pipeline_procesamiento.py                                              0           1  0.13s           2026-02-27T23:01:31
/opt/airflow/dags/Documentación y Presentación - Día 5.docx                              0           0  0.13s           2026-02-27T23:01:31
/opt/airflow/dags/Validación y Testing - Día 3.docx                                      0           0  0.12s           2026-02-27T23:01:31
/opt/airflow/dags/Optimización y Performance - Día 4.docx                                0           0  0.12s           2026-02-27T23:01:31
/opt/airflow/dags/Diseño de Arquitectura Completa - Día 1.docx                           0           0  0.09s           2026-02-27T23:01:32
================================================================================
[2026-02-27T23:02:29.027+0000] {manager.py:878} INFO - 
================================================================================
DAG File Processing Stats

File Path                                                       PID    Runtime      # DAGs    # Errors  Last Runtime    Last Run
--------------------------------------------------------------  -----  ---------  --------  ----------  --------------  -------------------
/opt/airflow/dags/pipeline_simple_dag.py                                                 1           0  0.24s           2026-02-27T23:02:03
/opt/airflow/dags/pipeline_monitoring_demo.py                                            1           0  0.24s           2026-02-27T23:02:22
/opt/airflow/dags/arquitectura_retail_completa.py                                        1           0  0.20s           2026-02-27T23:02:01
/opt/airflow/dags/incident_runbook_dag.py                                                0           1  0.14s           2026-02-27T23:02:01
/opt/airflow/dags/pipeline_procesamiento.py                                              0           1  0.13s           2026-02-27T23:02:02
/opt/airflow/dags/Validación y Testing - Día 3.docx                                      0           0  0.10s           2026-02-27T23:02:02
/opt/airflow/dags/Diseño de Arquitectura Completa - Día 1.docx                           0           0  0.09s           2026-02-27T23:02:03
/opt/airflow/dags/Documentación y Presentación - Día 5.docx                              0           0  0.08s           2026-02-27T23:02:01
/opt/airflow/dags/Optimización y Performance - Día 4.docx                                0           0  0.08s           2026-02-27T23:02:01
================================================================================
[2026-02-27T23:02:49.370+0000] {manager.py:737} INFO - Searching for files in /opt/airflow/dags
[2026-02-27T23:02:49.569+0000] {manager.py:740} INFO - There are 9 files in /opt/airflow/dags
[2026-02-27T23:02:59.609+0000] {manager.py:878} INFO - 
================================================================================
DAG File Processing Stats

File Path                                                       PID    Runtime      # DAGs    # Errors  Last Runtime    Last Run
--------------------------------------------------------------  -----  ---------  --------  ----------  --------------  -------------------
/opt/airflow/dags/arquitectura_retail_completa.py                                        1           0  0.27s           2026-02-27T23:02:32
/opt/airflow/dags/pipeline_monitoring_demo.py                                            1           0  0.26s           2026-02-27T23:02:52
/opt/airflow/dags/pipeline_simple_dag.py                                                 1           0  0.24s           2026-02-27T23:02:33
/opt/airflow/dags/pipeline_procesamiento.py                                              0           1  0.17s           2026-02-27T23:02:32
/opt/airflow/dags/incident_runbook_dag.py                                                0           1  0.17s           2026-02-27T23:02:32
/opt/airflow/dags/Documentación y Presentación - Día 5.docx                              0           0  0.12s           2026-02-27T23:02:32
/opt/airflow/dags/Validación y Testing - Día 3.docx                                      0           0  0.12s           2026-02-27T23:02:32
/opt/airflow/dags/Diseño de Arquitectura Completa - Día 1.docx                           0           0  0.10s           2026-02-27T23:02:33
/opt/airflow/dags/Optimización y Performance - Día 4.docx                                0           0  0.09s           2026-02-27T23:02:32
================================================================================
[2026-02-27T23:03:30.146+0000] {manager.py:878} INFO - 
================================================================================
DAG File Processing Stats

File Path                                                       PID    Runtime      # DAGs    # Errors  Last Runtime    Last Run
--------------------------------------------------------------  -----  ---------  --------  ----------  --------------  -------------------
/opt/airflow/dags/arquitectura_retail_completa.py                                        1           0  0.24s           2026-02-27T23:03:02
/opt/airflow/dags/pipeline_monitoring_demo.py                                            1           0  0.22s           2026-02-27T23:03:23
/opt/airflow/dags/pipeline_simple_dag.py                                                 1           0  0.21s           2026-02-27T23:03:04
/opt/airflow/dags/incident_runbook_dag.py                                                0           1  0.15s           2026-02-27T23:03:02
/opt/airflow/dags/pipeline_procesamiento.py                                              0           1  0.13s           2026-02-27T23:03:03
/opt/airflow/dags/Documentación y Presentación - Día 5.docx                              0           0  0.12s           2026-02-27T23:03:02
/opt/airflow/dags/Optimización y Performance - Día 4.docx                                0           0  0.11s           2026-02-27T23:03:03
/opt/airflow/dags/Diseño de Arquitectura Completa - Día 1.docx                           0           0  0.09s           2026-02-27T23:03:04
/opt/airflow/dags/Validación y Testing - Día 3.docx                                      0           0  0.08s           2026-02-27T23:03:03
================================================================================
[2026-02-27T23:04:00.554+0000] {manager.py:878} INFO - 
================================================================================
DAG File Processing Stats

File Path                                                       PID    Runtime      # DAGs    # Errors  Last Runtime    Last Run
--------------------------------------------------------------  -----  ---------  --------  ----------  --------------  -------------------
/opt/airflow/dags/pipeline_monitoring_demo.py                                            1           0  0.22s           2026-02-27T23:03:53
/opt/airflow/dags/arquitectura_retail_completa.py                                        1           0  0.22s           2026-02-27T23:03:33
/opt/airflow/dags/pipeline_simple_dag.py                                                 1           0  0.21s           2026-02-27T23:03:34
/opt/airflow/dags/incident_runbook_dag.py                                                0           1  0.14s           2026-02-27T23:03:33
/opt/airflow/dags/pipeline_procesamiento.py                                              0           1  0.13s           2026-02-27T23:03:33
/opt/airflow/dags/Diseño de Arquitectura Completa - Día 1.docx                           0           0  0.10s           2026-02-27T23:03:34
/opt/airflow/dags/Documentación y Presentación - Día 5.docx                              0           0  0.10s           2026-02-27T23:03:33
/opt/airflow/dags/Validación y Testing - Día 3.docx                                      0           0  0.08s           2026-02-27T23:03:33
/opt/airflow/dags/Optimización y Performance - Día 4.docx                                0           0  0.07s           2026-02-27T23:03:33
================================================================================
[2026-02-27T23:04:31.078+0000] {manager.py:878} INFO - 
================================================================================
DAG File Processing Stats

File Path                                                       PID    Runtime      # DAGs    # Errors  Last Runtime    Last Run
--------------------------------------------------------------  -----  ---------  --------  ----------  --------------  -------------------
/opt/airflow/dags/pipeline_simple_dag.py                                                 1           0  0.27s           2026-02-27T23:04:05
/opt/airflow/dags/arquitectura_retail_completa.py                                        1           0  0.25s           2026-02-27T23:04:03
/opt/airflow/dags/pipeline_monitoring_demo.py                                            1           0  0.21s           2026-02-27T23:04:24
/opt/airflow/dags/pipeline_procesamiento.py                                              0           1  0.17s           2026-02-27T23:04:04
/opt/airflow/dags/incident_runbook_dag.py                                                0           1  0.14s           2026-02-27T23:04:03
/opt/airflow/dags/Documentación y Presentación - Día 5.docx                              0           0  0.13s           2026-02-27T23:04:03
/opt/airflow/dags/Diseño de Arquitectura Completa - Día 1.docx                           0           0  0.11s           2026-02-27T23:04:05
/opt/airflow/dags/Validación y Testing - Día 3.docx                                      0           0  0.10s           2026-02-27T23:04:04
/opt/airflow/dags/Optimización y Performance - Día 4.docx                                0           0  0.10s           2026-02-27T23:04:04
================================================================================
[2026-02-27T23:05:01.443+0000] {manager.py:878} INFO - 
================================================================================
DAG File Processing Stats

File Path                                                       PID    Runtime      # DAGs    # Errors  Last Runtime    Last Run
--------------------------------------------------------------  -----  ---------  --------  ----------  --------------  -------------------
/opt/airflow/dags/pipeline_monitoring_demo.py                                            1           0  0.25s           2026-02-27T23:04:54
/opt/airflow/dags/arquitectura_retail_completa.py                                        1           0  0.22s           2026-02-27T23:04:34
/opt/airflow/dags/pipeline_simple_dag.py                                                 1           0  0.20s           2026-02-27T23:04:35
/opt/airflow/dags/pipeline_procesamiento.py                                              0           1  0.13s           2026-02-27T23:04:34
/opt/airflow/dags/incident_runbook_dag.py                                                0           1  0.13s           2026-02-27T23:04:34
/opt/airflow/dags/Documentación y Presentación - Día 5.docx                              0           0  0.11s           2026-02-27T23:04:34
/opt/airflow/dags/Diseño de Arquitectura Completa - Día 1.docx                           0           0  0.09s           2026-02-27T23:04:35
/opt/airflow/dags/Optimización y Performance - Día 4.docx                                0           0  0.09s           2026-02-27T23:04:34
/opt/airflow/dags/Validación y Testing - Día 3.docx                                      0           0  0.08s           2026-02-27T23:04:34
================================================================================
[2026-02-27T23:05:31.980+0000] {manager.py:878} INFO - 
================================================================================
DAG File Processing Stats

File Path                                                       PID    Runtime      # DAGs    # Errors  Last Runtime    Last Run
--------------------------------------------------------------  -----  ---------  --------  ----------  --------------  -------------------
/opt/airflow/dags/pipeline_simple_dag.py                                                 1           0  0.24s           2026-02-27T23:05:06
/opt/airflow/dags/pipeline_monitoring_demo.py                                            1           0  0.24s           2026-02-27T23:05:24
/opt/airflow/dags/arquitectura_retail_completa.py                                        1           0  0.20s           2026-02-27T23:05:04
/opt/airflow/dags/pipeline_procesamiento.py                                              0           1  0.15s           2026-02-27T23:05:05
/opt/airflow/dags/incident_runbook_dag.py                                                0           1  0.13s           2026-02-27T23:05:04
/opt/airflow/dags/Documentación y Presentación - Día 5.docx                              0           0  0.11s           2026-02-27T23:05:04
/opt/airflow/dags/Diseño de Arquitectura Completa - Día 1.docx                           0           0  0.10s           2026-02-27T23:05:06
/opt/airflow/dags/Validación y Testing - Día 3.docx                                      0           0  0.09s           2026-02-27T23:05:05
/opt/airflow/dags/Optimización y Performance - Día 4.docx                                0           0  0.08s           2026-02-27T23:05:04
================================================================================
[2026-02-27T23:06:02.606+0000] {manager.py:878} INFO - 
================================================================================
DAG File Processing Stats

File Path                                                       PID    Runtime      # DAGs    # Errors  Last Runtime    Last Run
--------------------------------------------------------------  -----  ---------  --------  ----------  --------------  -------------------
/opt/airflow/dags/arquitectura_retail_completa.py                                        1           0  0.29s           2026-02-27T23:05:35
/opt/airflow/dags/pipeline_monitoring_demo.py                                            1           0  0.23s           2026-02-27T23:05:55
/opt/airflow/dags/pipeline_simple_dag.py                                                 1           0  0.20s           2026-02-27T23:05:36
/opt/airflow/dags/incident_runbook_dag.py                                                0           1  0.16s           2026-02-27T23:05:35
/opt/airflow/dags/Documentación y Presentación - Día 5.docx                              0           0  0.16s           2026-02-27T23:05:35
/opt/airflow/dags/pipeline_procesamiento.py                                              0           1  0.12s           2026-02-27T23:05:35
/opt/airflow/dags/Optimización y Performance - Día 4.docx                                0           0  0.12s           2026-02-27T23:05:35
/opt/airflow/dags/Validación y Testing - Día 3.docx                                      0           0  0.12s           2026-02-27T23:05:35
/opt/airflow/dags/Diseño de Arquitectura Completa - Día 1.docx                           0           0  0.09s           2026-02-27T23:05:36
================================================================================
[2026-02-27T23:06:09.062+0000] {manager.py:452} INFO - Exiting gracefully upon receiving signal 15
[2026-02-27T23:11:33.405+0000] {manager.py:470} INFO - Processing files using up to 2 processes at a time 
[2026-02-27T23:11:33.408+0000] {manager.py:471} INFO - Process each file at most once every 30 seconds
[2026-02-27T23:11:33.410+0000] {manager.py:472} INFO - Checking for new files in /opt/airflow/dags every 300 seconds
[2026-02-27T23:11:33.412+0000] {manager.py:737} INFO - Searching for files in /opt/airflow/dags
[2026-02-27T23:11:33.597+0000] {manager.py:740} INFO - There are 9 files in /opt/airflow/dags
[2026-02-27T23:11:33.959+0000] {manager.py:878} INFO - 
================================================================================
DAG File Processing Stats

File Path                                                         PID  Runtime      # DAGs    # Errors  Last Runtime    Last Run
--------------------------------------------------------------  -----  ---------  --------  ----------  --------------  ----------
/opt/airflow/dags/arquitectura_retail_completa.py                                        0           0
/opt/airflow/dags/Diseño de Arquitectura Completa - Día 1.docx                           0           0
/opt/airflow/dags/Documentación y Presentación - Día 5.docx                              0           0
/opt/airflow/dags/incident_runbook_dag.py                          34  0.08s             0           0
/opt/airflow/dags/Optimización y Performance - Día 4.docx                                0           0
/opt/airflow/dags/pipeline_monitoring_demo.py                      33  0.11s             0           0
/opt/airflow/dags/pipeline_procesamiento.py                                              0           0
/opt/airflow/dags/pipeline_simple_dag.py                                                 0           0
/opt/airflow/dags/Validación y Testing - Día 3.docx                                      0           0
================================================================================
[2026-02-27T23:12:04.736+0000] {manager.py:878} INFO - 
================================================================================
DAG File Processing Stats

File Path                                                         PID  Runtime      # DAGs    # Errors  Last Runtime    Last Run
--------------------------------------------------------------  -----  ---------  --------  ----------  --------------  -------------------
/opt/airflow/dags/incident_runbook_dag.py                                                1           0  0.98s           2026-02-27T23:11:34
/opt/airflow/dags/pipeline_procesamiento.py                                              1           0  0.66s           2026-02-27T23:11:35
/opt/airflow/dags/pipeline_monitoring_demo.py                      42  0.06s             1           0  0.38s           2026-02-27T23:11:34
/opt/airflow/dags/pipeline_simple_dag.py                                                 1           0  0.35s           2026-02-27T23:11:35
/opt/airflow/dags/arquitectura_retail_completa.py                  43  0.02s             1           0  0.30s           2026-02-27T23:11:34
/opt/airflow/dags/Optimización y Performance - Día 4.docx                                0           0  0.26s           2026-02-27T23:11:35
/opt/airflow/dags/Documentación y Presentación - Día 5.docx                              0           0  0.17s           2026-02-27T23:11:34
/opt/airflow/dags/Validación y Testing - Día 3.docx                                      0           0  0.14s           2026-02-27T23:11:35
/opt/airflow/dags/Diseño de Arquitectura Completa - Día 1.docx                           0           0  0.13s           2026-02-27T23:11:35
================================================================================
[2026-02-27T23:12:35.173+0000] {manager.py:878} INFO - 
================================================================================
DAG File Processing Stats

File Path                                                       PID    Runtime      # DAGs    # Errors  Last Runtime    Last Run
--------------------------------------------------------------  -----  ---------  --------  ----------  --------------  -------------------
/opt/airflow/dags/pipeline_monitoring_demo.py                                            1           0  0.70s           2026-02-27T23:12:05
/opt/airflow/dags/arquitectura_retail_completa.py                                        1           0  0.67s           2026-02-27T23:12:05
/opt/airflow/dags/pipeline_simple_dag.py                                                 1           0  0.28s           2026-02-27T23:12:06
/opt/airflow/dags/pipeline_procesamiento.py                                              1           0  0.27s           2026-02-27T23:12:06
/opt/airflow/dags/incident_runbook_dag.py                                                1           0  0.26s           2026-02-27T23:12:05
/opt/airflow/dags/Documentación y Presentación - Día 5.docx                              0           0  0.13s           2026-02-27T23:12:05
/opt/airflow/dags/Validación y Testing - Día 3.docx                                      0           0  0.12s           2026-02-27T23:12:05
/opt/airflow/dags/Diseño de Arquitectura Completa - Día 1.docx                           0           0  0.11s           2026-02-27T23:12:06
/opt/airflow/dags/Optimización y Performance - Día 4.docx                                0           0  0.10s           2026-02-27T23:12:05
================================================================================
[2026-02-27T23:13:05.246+0000] {manager.py:878} INFO - 
================================================================================
DAG File Processing Stats

File Path                                                       PID    Runtime      # DAGs    # Errors  Last Runtime    Last Run
--------------------------------------------------------------  -----  ---------  --------  ----------  --------------  -------------------
/opt/airflow/dags/incident_runbook_dag.py                                                1           0  0.29s           2026-02-27T23:12:36
/opt/airflow/dags/pipeline_monitoring_demo.py                                            1           0  0.28s           2026-02-27T23:12:36
/opt/airflow/dags/pipeline_procesamiento.py                                              1           0  0.27s           2026-02-27T23:12:37
/opt/airflow/dags/arquitectura_retail_completa.py                                        1           0  0.23s           2026-02-27T23:12:36
/opt/airflow/dags/pipeline_simple_dag.py                                                 1           0  0.20s           2026-02-27T23:12:37
/opt/airflow/dags/Documentación y Presentación - Día 5.docx                              0           0  0.14s           2026-02-27T23:12:36
/opt/airflow/dags/Optimización y Performance - Día 4.docx                                0           0  0.13s           2026-02-27T23:12:36
/opt/airflow/dags/Validación y Testing - Día 3.docx                                      0           0  0.11s           2026-02-27T23:12:37
/opt/airflow/dags/Diseño de Arquitectura Completa - Día 1.docx                           0           0  0.10s           2026-02-27T23:12:37
================================================================================
[2026-02-27T23:13:35.954+0000] {manager.py:878} INFO - 
================================================================================
DAG File Processing Stats

File Path                                                       PID    Runtime      # DAGs    # Errors  Last Runtime    Last Run
--------------------------------------------------------------  -----  ---------  --------  ----------  --------------  -------------------
/opt/airflow/dags/incident_runbook_dag.py                                                1           0  0.26s           2026-02-27T23:13:07
/opt/airflow/dags/pipeline_monitoring_demo.py                                            1           0  0.25s           2026-02-27T23:13:07
/opt/airflow/dags/arquitectura_retail_completa.py                                        1           0  0.23s           2026-02-27T23:13:07
/opt/airflow/dags/pipeline_procesamiento.py                                              1           0  0.23s           2026-02-27T23:13:08
/opt/airflow/dags/pipeline_simple_dag.py                                                 1           0  0.18s           2026-02-27T23:13:08
/opt/airflow/dags/Diseño de Arquitectura Completa - Día 1.docx                           0           0  0.14s           2026-02-27T23:13:08
/opt/airflow/dags/Validación y Testing - Día 3.docx                                      0           0  0.11s           2026-02-27T23:13:08
/opt/airflow/dags/Documentación y Presentación - Día 5.docx                              0           0  0.09s           2026-02-27T23:13:07
/opt/airflow/dags/Optimización y Performance - Día 4.docx                                0           0  0.09s           2026-02-27T23:13:07
================================================================================
[2026-02-27T23:14:06.043+0000] {manager.py:878} INFO - 
================================================================================
DAG File Processing Stats

File Path                                                       PID    Runtime      # DAGs    # Errors  Last Runtime    Last Run
--------------------------------------------------------------  -----  ---------  --------  ----------  --------------  -------------------
/opt/airflow/dags/pipeline_monitoring_demo.py                                            1           0  0.33s           2026-02-27T23:13:38
/opt/airflow/dags/incident_runbook_dag.py                                                1           0  0.32s           2026-02-27T23:13:38
/opt/airflow/dags/pipeline_procesamiento.py                                              1           0  0.28s           2026-02-27T23:13:39
/opt/airflow/dags/pipeline_simple_dag.py                                                 1           0  0.25s           2026-02-27T23:13:39
/opt/airflow/dags/arquitectura_retail_completa.py                                        1           0  0.21s           2026-02-27T23:13:38
/opt/airflow/dags/Diseño de Arquitectura Completa - Día 1.docx                           0           0  0.11s           2026-02-27T23:13:39
/opt/airflow/dags/Documentación y Presentación - Día 5.docx                              0           0  0.11s           2026-02-27T23:13:38
/opt/airflow/dags/Validación y Testing - Día 3.docx                                      0           0  0.10s           2026-02-27T23:13:39
/opt/airflow/dags/Optimización y Performance - Día 4.docx                                0           0  0.10s           2026-02-27T23:13:38
================================================================================
[2026-02-27T23:14:37.001+0000] {manager.py:878} INFO - 
================================================================================
DAG File Processing Stats

File Path                                                       PID    Runtime      # DAGs    # Errors  Last Runtime    Last Run
--------------------------------------------------------------  -----  ---------  --------  ----------  --------------  -------------------
/opt/airflow/dags/pipeline_procesamiento.py                                              1           0  0.29s           2026-02-27T23:14:10
/opt/airflow/dags/incident_runbook_dag.py                                                1           0  0.29s           2026-02-27T23:14:09
/opt/airflow/dags/pipeline_monitoring_demo.py                                            1           0  0.26s           2026-02-27T23:14:09
/opt/airflow/dags/arquitectura_retail_completa.py                                        1           0  0.26s           2026-02-27T23:14:09
/opt/airflow/dags/pipeline_simple_dag.py                                                 1           0  0.23s           2026-02-27T23:14:10
/opt/airflow/dags/Validación y Testing - Día 3.docx                                      0           0  0.16s           2026-02-27T23:14:10
/opt/airflow/dags/Documentación y Presentación - Día 5.docx                              0           0  0.11s           2026-02-27T23:14:09
/opt/airflow/dags/Diseño de Arquitectura Completa - Día 1.docx                           0           0  0.09s           2026-02-27T23:14:10
/opt/airflow/dags/Optimización y Performance - Día 4.docx                                0           0  0.09s           2026-02-27T23:14:09
================================================================================
[2026-02-27T23:15:07.872+0000] {manager.py:878} INFO - 
================================================================================
DAG File Processing Stats

File Path                                                       PID    Runtime      # DAGs    # Errors  Last Runtime    Last Run
--------------------------------------------------------------  -----  ---------  --------  ----------  --------------  -------------------
/opt/airflow/dags/incident_runbook_dag.py                                                1           0  0.26s           2026-02-27T23:14:40
/opt/airflow/dags/pipeline_monitoring_demo.py                                            1           0  0.26s           2026-02-27T23:14:40
/opt/airflow/dags/pipeline_procesamiento.py                                              1           0  0.24s           2026-02-27T23:14:41
/opt/airflow/dags/arquitectura_retail_completa.py                                        1           0  0.22s           2026-02-27T23:14:40
/opt/airflow/dags/pipeline_simple_dag.py                                                 1           0  0.21s           2026-02-27T23:14:41
/opt/airflow/dags/Documentación y Presentación - Día 5.docx                              0           0  0.10s           2026-02-27T23:14:40
/opt/airflow/dags/Optimización y Performance - Día 4.docx                                0           0  0.10s           2026-02-27T23:14:40
/opt/airflow/dags/Diseño de Arquitectura Completa - Día 1.docx                           0           0  0.09s           2026-02-27T23:14:41
/opt/airflow/dags/Validación y Testing - Día 3.docx                                      0           0  0.08s           2026-02-27T23:14:41
================================================================================
[2026-02-27T23:15:38.676+0000] {manager.py:878} INFO - 
================================================================================
DAG File Processing Stats

File Path                                                       PID    Runtime      # DAGs    # Errors  Last Runtime    Last Run
--------------------------------------------------------------  -----  ---------  --------  ----------  --------------  -------------------
/opt/airflow/dags/incident_runbook_dag.py                                                1           0  0.31s           2026-02-27T23:15:11
/opt/airflow/dags/pipeline_monitoring_demo.py                                            1           0  0.28s           2026-02-27T23:15:11
/opt/airflow/dags/arquitectura_retail_completa.py                                        1           0  0.22s           2026-02-27T23:15:11
/opt/airflow/dags/pipeline_procesamiento.py                                              1           0  0.21s           2026-02-27T23:15:11
/opt/airflow/dags/pipeline_simple_dag.py                                                 1           0  0.20s           2026-02-27T23:15:11
/opt/airflow/dags/Validación y Testing - Día 3.docx                                      0           0  0.10s           2026-02-27T23:15:11
/opt/airflow/dags/Diseño de Arquitectura Completa - Día 1.docx                           0           0  0.09s           2026-02-27T23:15:11
/opt/airflow/dags/Documentación y Presentación - Día 5.docx                              0           0  0.09s           2026-02-27T23:15:11
/opt/airflow/dags/Optimización y Performance - Día 4.docx                                0           0  0.08s           2026-02-27T23:15:11
================================================================================
[2026-02-27T23:16:09.090+0000] {manager.py:878} INFO - 
================================================================================
DAG File Processing Stats

File Path                                                       PID    Runtime      # DAGs    # Errors  Last Runtime    Last Run
--------------------------------------------------------------  -----  ---------  --------  ----------  --------------  -------------------
/opt/airflow/dags/pipeline_simple_dag.py                                                 1           0  0.45s           2026-02-27T23:15:43
/opt/airflow/dags/pipeline_procesamiento.py                                              1           0  0.31s           2026-02-27T23:15:42
/opt/airflow/dags/pipeline_monitoring_demo.py                                            1           0  0.30s           2026-02-27T23:15:42
/opt/airflow/dags/incident_runbook_dag.py                                                1           0  0.28s           2026-02-27T23:15:42
/opt/airflow/dags/arquitectura_retail_completa.py                                        1           0  0.24s           2026-02-27T23:15:42
/opt/airflow/dags/Validación y Testing - Día 3.docx                                      0           0  0.20s           2026-02-27T23:15:43
/opt/airflow/dags/Diseño de Arquitectura Completa - Día 1.docx                           0           0  0.19s           2026-02-27T23:15:43
/opt/airflow/dags/Optimización y Performance - Día 4.docx                                0           0  0.14s           2026-02-27T23:15:42
/opt/airflow/dags/Documentación y Presentación - Día 5.docx                              0           0  0.12s           2026-02-27T23:15:42
================================================================================
[2026-02-27T23:16:33.664+0000] {manager.py:737} INFO - Searching for files in /opt/airflow/dags
[2026-02-27T23:16:33.948+0000] {manager.py:740} INFO - There are 9 files in /opt/airflow/dags
[2026-02-27T23:16:39.337+0000] {manager.py:878} INFO - 
================================================================================
DAG File Processing Stats

File Path                                                       PID    Runtime      # DAGs    # Errors  Last Runtime    Last Run
--------------------------------------------------------------  -----  ---------  --------  ----------  --------------  -------------------
/opt/airflow/dags/pipeline_monitoring_demo.py                                            1           0  0.28s           2026-02-27T23:16:12
/opt/airflow/dags/incident_runbook_dag.py                                                1           0  0.26s           2026-02-27T23:16:12
/opt/airflow/dags/pipeline_procesamiento.py                                              1           0  0.25s           2026-02-27T23:16:14
/opt/airflow/dags/arquitectura_retail_completa.py                                        1           0  0.21s           2026-02-27T23:16:12
/opt/airflow/dags/pipeline_simple_dag.py                                                 1           0  0.20s           2026-02-27T23:16:14
/opt/airflow/dags/Documentación y Presentación - Día 5.docx                              0           0  0.09s           2026-02-27T23:16:12
/opt/airflow/dags/Optimización y Performance - Día 4.docx                                0           0  0.08s           2026-02-27T23:16:12
/opt/airflow/dags/Validación y Testing - Día 3.docx                                      0           0  0.07s           2026-02-27T23:16:14
/opt/airflow/dags/Diseño de Arquitectura Completa - Día 1.docx                           0           0  0.07s           2026-02-27T23:16:14
================================================================================
[2026-02-27T23:17:09.516+0000] {manager.py:878} INFO - 
================================================================================
DAG File Processing Stats

File Path                                                       PID    Runtime      # DAGs    # Errors  Last Runtime    Last Run
--------------------------------------------------------------  -----  ---------  --------  ----------  --------------  -------------------
/opt/airflow/dags/incident_runbook_dag.py                                                1           0  0.32s           2026-02-27T23:16:43
/opt/airflow/dags/pipeline_monitoring_demo.py                                            1           0  0.30s           2026-02-27T23:16:43
/opt/airflow/dags/pipeline_simple_dag.py                                                 1           0  0.30s           2026-02-27T23:16:44
/opt/airflow/dags/pipeline_procesamiento.py                                              1           0  0.30s           2026-02-27T23:16:44
/opt/airflow/dags/arquitectura_retail_completa.py                                        1           0  0.28s           2026-02-27T23:16:44
/opt/airflow/dags/Diseño de Arquitectura Completa - Día 1.docx                           0           0  0.16s           2026-02-27T23:16:44
/opt/airflow/dags/Documentación y Presentación - Día 5.docx                              0           0  0.13s           2026-02-27T23:16:44
/opt/airflow/dags/Optimización y Performance - Día 4.docx                                0           0  0.11s           2026-02-27T23:16:44
/opt/airflow/dags/Validación y Testing - Día 3.docx                                      0           0  0.11s           2026-02-27T23:16:44
================================================================================
[2026-02-27T23:17:40.284+0000] {manager.py:878} INFO - 
================================================================================
DAG File Processing Stats

File Path                                                       PID    Runtime      # DAGs    # Errors  Last Runtime    Last Run
--------------------------------------------------------------  -----  ---------  --------  ----------  --------------  -------------------
/opt/airflow/dags/pipeline_procesamiento.py                                              1           0  0.29s           2026-02-27T23:17:15
/opt/airflow/dags/arquitectura_retail_completa.py                                        1           0  0.27s           2026-02-27T23:17:14
/opt/airflow/dags/incident_runbook_dag.py                                                1           0  0.25s           2026-02-27T23:17:14
/opt/airflow/dags/pipeline_monitoring_demo.py                                            1           0  0.23s           2026-02-27T23:17:14
/opt/airflow/dags/pipeline_simple_dag.py                                                 1           0  0.20s           2026-02-27T23:17:15
/opt/airflow/dags/Optimización y Performance - Día 4.docx                                0           0  0.16s           2026-02-27T23:17:15
/opt/airflow/dags/Documentación y Presentación - Día 5.docx                              0           0  0.11s           2026-02-27T23:17:14
/opt/airflow/dags/Validación y Testing - Día 3.docx                                      0           0  0.09s           2026-02-27T23:17:15
/opt/airflow/dags/Diseño de Arquitectura Completa - Día 1.docx                           0           0  0.08s           2026-02-27T23:17:15
================================================================================
[2026-02-27T23:18:10.980+0000] {manager.py:878} INFO - 
================================================================================
DAG File Processing Stats

File Path                                                       PID    Runtime      # DAGs    # Errors  Last Runtime    Last Run
--------------------------------------------------------------  -----  ---------  --------  ----------  --------------  -------------------
/opt/airflow/dags/pipeline_procesamiento.py                                              1           0  0.25s           2026-02-27T23:17:46
/opt/airflow/dags/incident_runbook_dag.py                                                1           0  0.24s           2026-02-27T23:17:45
/opt/airflow/dags/pipeline_monitoring_demo.py                                            1           0  0.22s           2026-02-27T23:17:45
/opt/airflow/dags/pipeline_simple_dag.py                                                 1           0  0.22s           2026-02-27T23:17:46
/opt/airflow/dags/arquitectura_retail_completa.py                                        1           0  0.22s           2026-02-27T23:17:45
/opt/airflow/dags/Documentación y Presentación - Día 5.docx                              0           0  0.11s           2026-02-27T23:17:45
/opt/airflow/dags/Validación y Testing - Día 3.docx                                      0           0  0.11s           2026-02-27T23:17:46
/opt/airflow/dags/Diseño de Arquitectura Completa - Día 1.docx                           0           0  0.10s           2026-02-27T23:17:46
/opt/airflow/dags/Optimización y Performance - Día 4.docx                                0           0  0.08s           2026-02-27T23:17:45
================================================================================
[2026-02-27T23:18:41.754+0000] {manager.py:878} INFO - 
================================================================================
DAG File Processing Stats

File Path                                                       PID    Runtime      # DAGs    # Errors  Last Runtime    Last Run
--------------------------------------------------------------  -----  ---------  --------  ----------  --------------  -------------------
/opt/airflow/dags/incident_runbook_dag.py                                                1           0  0.27s           2026-02-27T23:18:16
/opt/airflow/dags/pipeline_monitoring_demo.py                                            1           0  0.25s           2026-02-27T23:18:16
/opt/airflow/dags/pipeline_procesamiento.py                                              1           0  0.25s           2026-02-27T23:18:16
/opt/airflow/dags/pipeline_simple_dag.py                                                 1           0  0.24s           2026-02-27T23:18:16
/opt/airflow/dags/arquitectura_retail_completa.py                                        1           0  0.22s           2026-02-27T23:18:16
/opt/airflow/dags/Validación y Testing - Día 3.docx                                      0           0  0.11s           2026-02-27T23:18:17
/opt/airflow/dags/Diseño de Arquitectura Completa - Día 1.docx                           0           0  0.10s           2026-02-27T23:18:17
/opt/airflow/dags/Documentación y Presentación - Día 5.docx                              0           0  0.10s           2026-02-27T23:18:16
/opt/airflow/dags/Optimización y Performance - Día 4.docx                                0           0  0.09s           2026-02-27T23:18:16
================================================================================
[2026-02-27T23:19:12.015+0000] {manager.py:878} INFO - 
================================================================================
DAG File Processing Stats

File Path                                                       PID    Runtime      # DAGs    # Errors  Last Runtime    Last Run
--------------------------------------------------------------  -----  ---------  --------  ----------  --------------  -------------------
/opt/airflow/dags/incident_runbook_dag.py                                                1           0  0.48s           2026-02-27T23:18:47
/opt/airflow/dags/pipeline_monitoring_demo.py                                            1           0  0.45s           2026-02-27T23:18:47
/opt/airflow/dags/pipeline_procesamiento.py                                              1           0  0.37s           2026-02-27T23:18:48
/opt/airflow/dags/arquitectura_retail_completa.py                                        1           0  0.26s           2026-02-27T23:18:47
/opt/airflow/dags/pipeline_simple_dag.py                                                 1           0  0.26s           2026-02-27T23:18:48
/opt/airflow/dags/Validación y Testing - Día 3.docx                                      0           0  0.15s           2026-02-27T23:18:48
/opt/airflow/dags/Diseño de Arquitectura Completa - Día 1.docx                           0           0  0.14s           2026-02-27T23:18:48
/opt/airflow/dags/Optimización y Performance - Día 4.docx                                0           0  0.13s           2026-02-27T23:18:47
/opt/airflow/dags/Documentación y Presentación - Día 5.docx                              0           0  0.12s           2026-02-27T23:18:47
================================================================================
[2026-02-27T23:19:42.805+0000] {manager.py:878} INFO - 
================================================================================
DAG File Processing Stats

File Path                                                       PID    Runtime      # DAGs    # Errors  Last Runtime    Last Run
--------------------------------------------------------------  -----  ---------  --------  ----------  --------------  -------------------
/opt/airflow/dags/pipeline_monitoring_demo.py                                            1           0  0.24s           2026-02-27T23:19:18
/opt/airflow/dags/incident_runbook_dag.py                                                1           0  0.23s           2026-02-27T23:19:18
/opt/airflow/dags/pipeline_procesamiento.py                                              1           0  0.22s           2026-02-27T23:19:18
/opt/airflow/dags/pipeline_simple_dag.py                                                 1           0  0.21s           2026-02-27T23:19:19
/opt/airflow/dags/arquitectura_retail_completa.py                                        1           0  0.20s           2026-02-27T23:19:18
/opt/airflow/dags/Diseño de Arquitectura Completa - Día 1.docx                           0           0  0.10s           2026-02-27T23:19:19
/opt/airflow/dags/Validación y Testing - Día 3.docx                                      0           0  0.08s           2026-02-27T23:19:19
/opt/airflow/dags/Optimización y Performance - Día 4.docx                                0           0  0.08s           2026-02-27T23:19:18
/opt/airflow/dags/Documentación y Presentación - Día 5.docx                              0           0  0.08s           2026-02-27T23:19:18
================================================================================
[2026-02-27T23:20:13.576+0000] {manager.py:878} INFO - 
================================================================================
DAG File Processing Stats

File Path                                                       PID    Runtime      # DAGs    # Errors  Last Runtime    Last Run
--------------------------------------------------------------  -----  ---------  --------  ----------  --------------  -------------------
/opt/airflow/dags/pipeline_procesamiento.py                                              1           0  0.28s           2026-02-27T23:19:49
/opt/airflow/dags/incident_runbook_dag.py                                                1           0  0.25s           2026-02-27T23:19:49
/opt/airflow/dags/pipeline_simple_dag.py                                                 1           0  0.24s           2026-02-27T23:19:49
/opt/airflow/dags/pipeline_monitoring_demo.py                                            1           0  0.23s           2026-02-27T23:19:49
/opt/airflow/dags/arquitectura_retail_completa.py                                        1           0  0.19s           2026-02-27T23:19:49
/opt/airflow/dags/Diseño de Arquitectura Completa - Día 1.docx                           0           0  0.12s           2026-02-27T23:19:50
/opt/airflow/dags/Validación y Testing - Día 3.docx                                      0           0  0.10s           2026-02-27T23:19:49
/opt/airflow/dags/Optimización y Performance - Día 4.docx                                0           0  0.09s           2026-02-27T23:19:49
/opt/airflow/dags/Documentación y Presentación - Día 5.docx                              0           0  0.08s           2026-02-27T23:19:49
================================================================================
[2026-02-27T23:20:44.337+0000] {manager.py:878} INFO - 
================================================================================
DAG File Processing Stats

File Path                                                       PID    Runtime      # DAGs    # Errors  Last Runtime    Last Run
--------------------------------------------------------------  -----  ---------  --------  ----------  --------------  -------------------
/opt/airflow/dags/arquitectura_retail_completa.py                                        1           0  0.26s           2026-02-27T23:20:20
/opt/airflow/dags/incident_runbook_dag.py                                                1           0  0.25s           2026-02-27T23:20:20
/opt/airflow/dags/pipeline_procesamiento.py                                              1           0  0.24s           2026-02-27T23:20:20
/opt/airflow/dags/pipeline_monitoring_demo.py                                            1           0  0.24s           2026-02-27T23:20:19
/opt/airflow/dags/pipeline_simple_dag.py                                                 1           0  0.20s           2026-02-27T23:20:20
/opt/airflow/dags/Documentación y Presentación - Día 5.docx                              0           0  0.12s           2026-02-27T23:20:20
/opt/airflow/dags/Optimización y Performance - Día 4.docx                                0           0  0.09s           2026-02-27T23:20:20
/opt/airflow/dags/Diseño de Arquitectura Completa - Día 1.docx                           0           0  0.08s           2026-02-27T23:20:20
/opt/airflow/dags/Validación y Testing - Día 3.docx                                      0           0  0.08s           2026-02-27T23:20:20
================================================================================
[2026-02-27T23:21:15.074+0000] {manager.py:878} INFO - 
================================================================================
DAG File Processing Stats

File Path                                                       PID    Runtime      # DAGs    # Errors  Last Runtime    Last Run
--------------------------------------------------------------  -----  ---------  --------  ----------  --------------  -------------------
/opt/airflow/dags/pipeline_procesamiento.py                                              1           0  0.27s           2026-02-27T23:20:51
/opt/airflow/dags/incident_runbook_dag.py                                                1           0  0.23s           2026-02-27T23:20:50
/opt/airflow/dags/pipeline_monitoring_demo.py                                            1           0  0.22s           2026-02-27T23:20:50
/opt/airflow/dags/pipeline_simple_dag.py                                                 1           0  0.22s           2026-02-27T23:20:51
/opt/airflow/dags/arquitectura_retail_completa.py                                        1           0  0.19s           2026-02-27T23:20:50
/opt/airflow/dags/Validación y Testing - Día 3.docx                                      0           0  0.09s           2026-02-27T23:20:51
/opt/airflow/dags/Optimización y Performance - Día 4.docx                                0           0  0.09s           2026-02-27T23:20:50
/opt/airflow/dags/Diseño de Arquitectura Completa - Día 1.docx                           0           0  0.08s           2026-02-27T23:20:51
/opt/airflow/dags/Documentación y Presentación - Día 5.docx                              0           0  0.08s           2026-02-27T23:20:50
================================================================================
[2026-02-27T23:21:33.807+0000] {manager.py:737} INFO - Searching for files in /opt/airflow/dags
[2026-02-27T23:21:34.065+0000] {manager.py:740} INFO - There are 9 files in /opt/airflow/dags
[2026-02-27T23:21:45.645+0000] {manager.py:878} INFO - 
================================================================================
DAG File Processing Stats

File Path                                                       PID    Runtime      # DAGs    # Errors  Last Runtime    Last Run
--------------------------------------------------------------  -----  ---------  --------  ----------  --------------  -------------------
/opt/airflow/dags/arquitectura_retail_completa.py                                        1           0  0.33s           2026-02-27T23:21:21
/opt/airflow/dags/pipeline_procesamiento.py                                              1           0  0.29s           2026-02-27T23:21:22
/opt/airflow/dags/incident_runbook_dag.py                                                1           0  0.28s           2026-02-27T23:21:21
/opt/airflow/dags/pipeline_monitoring_demo.py                                            1           0  0.27s           2026-02-27T23:21:21
/opt/airflow/dags/pipeline_simple_dag.py                                                 1           0  0.26s           2026-02-27T23:21:22
/opt/airflow/dags/Documentación y Presentación - Día 5.docx                              0           0  0.17s           2026-02-27T23:21:21
/opt/airflow/dags/Diseño de Arquitectura Completa - Día 1.docx                           0           0  0.15s           2026-02-27T23:21:22
/opt/airflow/dags/Validación y Testing - Día 3.docx                                      0           0  0.15s           2026-02-27T23:21:22
/opt/airflow/dags/Optimización y Performance - Día 4.docx                                0           0  0.11s           2026-02-27T23:21:22
================================================================================
[2026-02-27T23:22:16.593+0000] {manager.py:878} INFO - 
================================================================================
DAG File Processing Stats

File Path                                                       PID    Runtime      # DAGs    # Errors  Last Runtime    Last Run
--------------------------------------------------------------  -----  ---------  --------  ----------  --------------  -------------------
/opt/airflow/dags/incident_runbook_dag.py                                                1           0  0.29s           2026-02-27T23:21:52
/opt/airflow/dags/pipeline_procesamiento.py                                              1           0  0.27s           2026-02-27T23:21:52
/opt/airflow/dags/pipeline_monitoring_demo.py                                            1           0  0.27s           2026-02-27T23:21:52
/opt/airflow/dags/pipeline_simple_dag.py                                                 1           0  0.26s           2026-02-27T23:21:52
/opt/airflow/dags/arquitectura_retail_completa.py                                        1           0  0.23s           2026-02-27T23:21:52
/opt/airflow/dags/Validación y Testing - Día 3.docx                                      0           0  0.12s           2026-02-27T23:21:52
/opt/airflow/dags/Diseño de Arquitectura Completa - Día 1.docx                           0           0  0.11s           2026-02-27T23:21:53
/opt/airflow/dags/Optimización y Performance - Día 4.docx                                0           0  0.10s           2026-02-27T23:21:52
/opt/airflow/dags/Documentación y Presentación - Día 5.docx                              0           0  0.09s           2026-02-27T23:21:52
================================================================================
[2026-02-27T23:22:47.500+0000] {manager.py:878} INFO - 
================================================================================
DAG File Processing Stats

File Path                                                       PID    Runtime      # DAGs    # Errors  Last Runtime    Last Run
--------------------------------------------------------------  -----  ---------  --------  ----------  --------------  -------------------
/opt/airflow/dags/incident_runbook_dag.py                                                1           0  0.28s           2026-02-27T23:22:23
/opt/airflow/dags/pipeline_monitoring_demo.py                                            1           0  0.28s           2026-02-27T23:22:23
/opt/airflow/dags/arquitectura_retail_completa.py                                        1           0  0.24s           2026-02-27T23:22:23
/opt/airflow/dags/pipeline_simple_dag.py                                                 1           0  0.19s           2026-02-27T23:22:23
/opt/airflow/dags/pipeline_procesamiento.py                                              1           0  0.19s           2026-02-27T23:22:23
/opt/airflow/dags/Optimización y Performance - Día 4.docx                                0           0  0.09s           2026-02-27T23:22:23
/opt/airflow/dags/Documentación y Presentación - Día 5.docx                              0           0  0.08s           2026-02-27T23:22:23
/opt/airflow/dags/Diseño de Arquitectura Completa - Día 1.docx                           0           0  0.08s           2026-02-27T23:22:23
/opt/airflow/dags/Validación y Testing - Día 3.docx                                      0           0  0.08s           2026-02-27T23:22:23
================================================================================
[2026-02-27T23:23:18.117+0000] {manager.py:878} INFO - 
================================================================================
DAG File Processing Stats

File Path                                                       PID    Runtime      # DAGs    # Errors  Last Runtime    Last Run
--------------------------------------------------------------  -----  ---------  --------  ----------  --------------  -------------------
/opt/airflow/dags/incident_runbook_dag.py                                                1           0  0.22s           2026-02-27T23:22:53
/opt/airflow/dags/pipeline_monitoring_demo.py                                            1           0  0.21s           2026-02-27T23:22:53
/opt/airflow/dags/pipeline_procesamiento.py                                              1           0  0.21s           2026-02-27T23:22:54
/opt/airflow/dags/pipeline_simple_dag.py                                                 1           0  0.21s           2026-02-27T23:22:54
/opt/airflow/dags/arquitectura_retail_completa.py                                        1           0  0.19s           2026-02-27T23:22:54
/opt/airflow/dags/Validación y Testing - Día 3.docx                                      0           0  0.11s           2026-02-27T23:22:54
/opt/airflow/dags/Documentación y Presentación - Día 5.docx                              0           0  0.09s           2026-02-27T23:22:54
/opt/airflow/dags/Diseño de Arquitectura Completa - Día 1.docx                           0           0  0.08s           2026-02-27T23:22:54
/opt/airflow/dags/Optimización y Performance - Día 4.docx                                0           0  0.08s           2026-02-27T23:22:54
================================================================================
[2026-02-27T23:23:48.789+0000] {manager.py:878} INFO - 
================================================================================
DAG File Processing Stats

File Path                                                       PID    Runtime      # DAGs    # Errors  Last Runtime    Last Run
--------------------------------------------------------------  -----  ---------  --------  ----------  --------------  -------------------
/opt/airflow/dags/incident_runbook_dag.py                                                1           0  0.26s           2026-02-27T23:23:24
/opt/airflow/dags/pipeline_procesamiento.py                                              1           0  0.25s           2026-02-27T23:23:25
/opt/airflow/dags/pipeline_monitoring_demo.py                                            1           0  0.24s           2026-02-27T23:23:24
/opt/airflow/dags/pipeline_simple_dag.py                                                 1           0  0.24s           2026-02-27T23:23:25
/opt/airflow/dags/arquitectura_retail_completa.py                                        1           0  0.19s           2026-02-27T23:23:24
/opt/airflow/dags/Diseño de Arquitectura Completa - Día 1.docx                           0           0  0.13s           2026-02-27T23:23:25
/opt/airflow/dags/Validación y Testing - Día 3.docx                                      0           0  0.09s           2026-02-27T23:23:25
/opt/airflow/dags/Optimización y Performance - Día 4.docx                                0           0  0.09s           2026-02-27T23:23:24
/opt/airflow/dags/Documentación y Presentación - Día 5.docx                              0           0  0.09s           2026-02-27T23:23:24
================================================================================
[2026-02-27T23:24:19.627+0000] {manager.py:878} INFO - 
================================================================================
DAG File Processing Stats

File Path                                                       PID    Runtime      # DAGs    # Errors  Last Runtime    Last Run
--------------------------------------------------------------  -----  ---------  --------  ----------  --------------  -------------------
/opt/airflow/dags/arquitectura_retail_completa.py                                        1           0  0.37s           2026-02-27T23:23:55
/opt/airflow/dags/incident_runbook_dag.py                                                1           0  0.29s           2026-02-27T23:23:55
/opt/airflow/dags/pipeline_procesamiento.py                                              1           0  0.27s           2026-02-27T23:23:55
/opt/airflow/dags/pipeline_monitoring_demo.py                                            1           0  0.26s           2026-02-27T23:23:55
/opt/airflow/dags/pipeline_simple_dag.py                                                 1           0  0.20s           2026-02-27T23:23:55
/opt/airflow/dags/Documentación y Presentación - Día 5.docx                              0           0  0.14s           2026-02-27T23:23:55
/opt/airflow/dags/Optimización y Performance - Día 4.docx                                0           0  0.14s           2026-02-27T23:23:55
/opt/airflow/dags/Diseño de Arquitectura Completa - Día 1.docx                           0           0  0.09s           2026-02-27T23:23:56
/opt/airflow/dags/Validación y Testing - Día 3.docx                                      0           0  0.09s           2026-02-27T23:23:56
================================================================================
[2026-02-27T23:24:50.456+0000] {manager.py:878} INFO - 
================================================================================
DAG File Processing Stats

File Path                                                       PID    Runtime      # DAGs    # Errors  Last Runtime    Last Run
--------------------------------------------------------------  -----  ---------  --------  ----------  --------------  -------------------
/opt/airflow/dags/pipeline_simple_dag.py                                                 1           0  0.29s           2026-02-27T23:24:26
/opt/airflow/dags/pipeline_procesamiento.py                                              1           0  0.27s           2026-02-27T23:24:26
/opt/airflow/dags/incident_runbook_dag.py                                                1           0  0.26s           2026-02-27T23:24:26
/opt/airflow/dags/pipeline_monitoring_demo.py                                            1           0  0.24s           2026-02-27T23:24:26
/opt/airflow/dags/arquitectura_retail_completa.py                                        1           0  0.19s           2026-02-27T23:24:26
/opt/airflow/dags/Validación y Testing - Día 3.docx                                      0           0  0.11s           2026-02-27T23:24:26
/opt/airflow/dags/Diseño de Arquitectura Completa - Día 1.docx                           0           0  0.10s           2026-02-27T23:24:26
/opt/airflow/dags/Optimización y Performance - Día 4.docx                                0           0  0.09s           2026-02-27T23:24:26
/opt/airflow/dags/Documentación y Presentación - Día 5.docx                              0           0  0.08s           2026-02-27T23:24:26
================================================================================
[2026-02-27T23:25:20.689+0000] {manager.py:878} INFO - 
================================================================================
DAG File Processing Stats

File Path                                                       PID    Runtime      # DAGs    # Errors  Last Runtime    Last Run
--------------------------------------------------------------  -----  ---------  --------  ----------  --------------  -------------------
/opt/airflow/dags/pipeline_monitoring_demo.py                                            1           0  0.29s           2026-02-27T23:24:56
/opt/airflow/dags/incident_runbook_dag.py                                                1           0  0.28s           2026-02-27T23:24:56
/opt/airflow/dags/pipeline_simple_dag.py                                                 1           0  0.27s           2026-02-27T23:24:57
/opt/airflow/dags/pipeline_procesamiento.py                                              1           0  0.27s           2026-02-27T23:24:57
/opt/airflow/dags/arquitectura_retail_completa.py                                        1           0  0.25s           2026-02-27T23:24:57
/opt/airflow/dags/Diseño de Arquitectura Completa - Día 1.docx                           0           0  0.13s           2026-02-27T23:24:58
/opt/airflow/dags/Documentación y Presentación - Día 5.docx                              0           0  0.10s           2026-02-27T23:24:57
/opt/airflow/dags/Validación y Testing - Día 3.docx                                      0           0  0.10s           2026-02-27T23:24:57
/opt/airflow/dags/Optimización y Performance - Día 4.docx                                0           0  0.09s           2026-02-27T23:24:57
================================================================================
[2026-02-27T23:25:51.343+0000] {manager.py:878} INFO - 
================================================================================
DAG File Processing Stats

File Path                                                       PID    Runtime      # DAGs    # Errors  Last Runtime    Last Run
--------------------------------------------------------------  -----  ---------  --------  ----------  --------------  -------------------
/opt/airflow/dags/incident_runbook_dag.py                                                1           0  0.29s           2026-02-27T23:25:28
/opt/airflow/dags/pipeline_monitoring_demo.py                                            1           0  0.27s           2026-02-27T23:25:28
/opt/airflow/dags/pipeline_procesamiento.py                                              1           0  0.26s           2026-02-27T23:25:28
/opt/airflow/dags/arquitectura_retail_completa.py                                        1           0  0.22s           2026-02-27T23:25:28
/opt/airflow/dags/pipeline_simple_dag.py                                                 1           0  0.20s           2026-02-27T23:25:28
/opt/airflow/dags/Documentación y Presentación - Día 5.docx                              0           0  0.11s           2026-02-27T23:25:28
/opt/airflow/dags/Diseño de Arquitectura Completa - Día 1.docx                           0           0  0.09s           2026-02-27T23:25:28
/opt/airflow/dags/Validación y Testing - Día 3.docx                                      0           0  0.09s           2026-02-27T23:25:28
/opt/airflow/dags/Optimización y Performance - Día 4.docx                                0           0  0.08s           2026-02-27T23:25:28
================================================================================
[2026-02-27T23:26:22.226+0000] {manager.py:878} INFO - 
================================================================================
DAG File Processing Stats

File Path                                                       PID    Runtime      # DAGs    # Errors  Last Runtime    Last Run
--------------------------------------------------------------  -----  ---------  --------  ----------  --------------  -------------------
/opt/airflow/dags/pipeline_simple_dag.py                                                 1           0  0.28s           2026-02-27T23:25:59
/opt/airflow/dags/incident_runbook_dag.py                                                1           0  0.24s           2026-02-27T23:25:58
/opt/airflow/dags/pipeline_procesamiento.py                                              1           0  0.23s           2026-02-27T23:25:59
/opt/airflow/dags/pipeline_monitoring_demo.py                                            1           0  0.23s           2026-02-27T23:25:58
/opt/airflow/dags/arquitectura_retail_completa.py                                        1           0  0.20s           2026-02-27T23:25:58
/opt/airflow/dags/Validación y Testing - Día 3.docx                                      0           0  0.12s           2026-02-27T23:25:59
/opt/airflow/dags/Diseño de Arquitectura Completa - Día 1.docx                           0           0  0.10s           2026-02-27T23:25:59
/opt/airflow/dags/Optimización y Performance - Día 4.docx                                0           0  0.09s           2026-02-27T23:25:58
/opt/airflow/dags/Documentación y Presentación - Día 5.docx                              0           0  0.08s           2026-02-27T23:25:58
================================================================================
[2026-02-27T23:26:33.822+0000] {manager.py:737} INFO - Searching for files in /opt/airflow/dags
[2026-02-27T23:26:34.102+0000] {manager.py:740} INFO - There are 9 files in /opt/airflow/dags
[2026-02-27T23:26:52.873+0000] {manager.py:878} INFO - 
================================================================================
DAG File Processing Stats

File Path                                                       PID    Runtime      # DAGs    # Errors  Last Runtime    Last Run
--------------------------------------------------------------  -----  ---------  --------  ----------  --------------  -------------------
/opt/airflow/dags/pipeline_monitoring_demo.py                                            1           0  0.25s           2026-02-27T23:26:29
/opt/airflow/dags/incident_runbook_dag.py                                                1           0  0.24s           2026-02-27T23:26:29
/opt/airflow/dags/arquitectura_retail_completa.py                                        1           0  0.22s           2026-02-27T23:26:29
/opt/airflow/dags/pipeline_procesamiento.py                                              0           1  0.21s           2026-02-27T23:26:39
/opt/airflow/dags/pipeline_simple_dag.py                                                 1           0  0.20s           2026-02-27T23:26:30
/opt/airflow/dags/Optimización y Performance - Día 4.docx                                0           0  0.14s           2026-02-27T23:26:30
/opt/airflow/dags/Documentación y Presentación - Día 5.docx                              0           0  0.14s           2026-02-27T23:26:30
/opt/airflow/dags/Validación y Testing - Día 3.docx                                      0           0  0.11s           2026-02-27T23:26:30
/opt/airflow/dags/Diseño de Arquitectura Completa - Día 1.docx                           0           0  0.08s           2026-02-27T23:26:30
================================================================================
[2026-02-27T23:27:23.671+0000] {manager.py:878} INFO - 
================================================================================
DAG File Processing Stats

File Path                                                       PID    Runtime      # DAGs    # Errors  Last Runtime    Last Run
--------------------------------------------------------------  -----  ---------  --------  ----------  --------------  -------------------
/opt/airflow/dags/incident_runbook_dag.py                                                1           0  0.25s           2026-02-27T23:27:00
/opt/airflow/dags/pipeline_monitoring_demo.py                                            1           0  0.24s           2026-02-27T23:27:00
/opt/airflow/dags/arquitectura_retail_completa.py                                        1           0  0.23s           2026-02-27T23:27:00
/opt/airflow/dags/pipeline_simple_dag.py                                                 1           0  0.22s           2026-02-27T23:27:01
/opt/airflow/dags/pipeline_procesamiento.py                                              0           1  0.18s           2026-02-27T23:27:10
/opt/airflow/dags/Optimización y Performance - Día 4.docx                                0           0  0.15s           2026-02-27T23:27:00
/opt/airflow/dags/Documentación y Presentación - Día 5.docx                              0           0  0.13s           2026-02-27T23:27:00
/opt/airflow/dags/Validación y Testing - Día 3.docx                                      0           0  0.09s           2026-02-27T23:27:00
/opt/airflow/dags/Diseño de Arquitectura Completa - Día 1.docx                           0           0  0.09s           2026-02-27T23:27:01
================================================================================
[2026-02-27T23:27:53.872+0000] {manager.py:878} INFO - 
================================================================================
DAG File Processing Stats

File Path                                                       PID    Runtime      # DAGs    # Errors  Last Runtime    Last Run
--------------------------------------------------------------  -----  ---------  --------  ----------  --------------  -------------------
/opt/airflow/dags/incident_runbook_dag.py                                                1           0  0.33s           2026-02-27T23:27:31
/opt/airflow/dags/pipeline_monitoring_demo.py                                            1           0  0.32s           2026-02-27T23:27:31
/opt/airflow/dags/arquitectura_retail_completa.py                                        1           0  0.28s           2026-02-27T23:27:31
/opt/airflow/dags/pipeline_simple_dag.py                                                 1           0  0.21s           2026-02-27T23:27:32
/opt/airflow/dags/pipeline_procesamiento.py                                              0           1  0.21s           2026-02-27T23:27:41
/opt/airflow/dags/Documentación y Presentación - Día 5.docx                              0           0  0.14s           2026-02-27T23:27:31
/opt/airflow/dags/Optimización y Performance - Día 4.docx                                0           0  0.13s           2026-02-27T23:27:31
/opt/airflow/dags/Validación y Testing - Día 3.docx                                      0           0  0.09s           2026-02-27T23:27:31
/opt/airflow/dags/Diseño de Arquitectura Completa - Día 1.docx                           0           0  0.09s           2026-02-27T23:27:32
================================================================================
[2026-02-27T23:28:24.001+0000] {manager.py:878} INFO - 
================================================================================
DAG File Processing Stats

File Path                                                       PID    Runtime      # DAGs    # Errors  Last Runtime    Last Run
--------------------------------------------------------------  -----  ---------  --------  ----------  --------------  -------------------
/opt/airflow/dags/pipeline_monitoring_demo.py                                            1           0  0.26s           2026-02-27T23:28:02
/opt/airflow/dags/incident_runbook_dag.py                                                1           0  0.25s           2026-02-27T23:28:02
/opt/airflow/dags/pipeline_simple_dag.py                                                 1           0  0.25s           2026-02-27T23:28:03
/opt/airflow/dags/arquitectura_retail_completa.py                                        1           0  0.22s           2026-02-27T23:28:02
/opt/airflow/dags/pipeline_procesamiento.py                                              0           1  0.15s           2026-02-27T23:28:12
/opt/airflow/dags/Diseño de Arquitectura Completa - Día 1.docx                           0           0  0.12s           2026-02-27T23:28:03
/opt/airflow/dags/Optimización y Performance - Día 4.docx                                0           0  0.11s           2026-02-27T23:28:02
/opt/airflow/dags/Documentación y Presentación - Día 5.docx                              0           0  0.10s           2026-02-27T23:28:02
/opt/airflow/dags/Validación y Testing - Día 3.docx                                      0           0  0.08s           2026-02-27T23:28:02
================================================================================
[2026-02-27T23:28:54.532+0000] {manager.py:878} INFO - 
================================================================================
DAG File Processing Stats

File Path                                                       PID    Runtime      # DAGs    # Errors  Last Runtime    Last Run
--------------------------------------------------------------  -----  ---------  --------  ----------  --------------  -------------------
/opt/airflow/dags/incident_runbook_dag.py                                                1           0  0.29s           2026-02-27T23:28:33
/opt/airflow/dags/pipeline_monitoring_demo.py                                            1           0  0.29s           2026-02-27T23:28:33
/opt/airflow/dags/pipeline_simple_dag.py                                                 1           0  0.18s           2026-02-27T23:28:33
/opt/airflow/dags/arquitectura_retail_completa.py                                        1           0  0.18s           2026-02-27T23:28:33
/opt/airflow/dags/pipeline_procesamiento.py                                              0           1  0.16s           2026-02-27T23:28:43
/opt/airflow/dags/Optimización y Performance - Día 4.docx                                0           0  0.10s           2026-02-27T23:28:33
/opt/airflow/dags/Documentación y Presentación - Día 5.docx                              0           0  0.09s           2026-02-27T23:28:33
/opt/airflow/dags/Validación y Testing - Día 3.docx                                      0           0  0.08s           2026-02-27T23:28:33
/opt/airflow/dags/Diseño de Arquitectura Completa - Día 1.docx                           0           0  0.07s           2026-02-27T23:28:33
================================================================================
[2026-02-27T23:29:25.346+0000] {manager.py:878} INFO - 
================================================================================
DAG File Processing Stats

File Path                                                       PID    Runtime      # DAGs    # Errors  Last Runtime    Last Run
--------------------------------------------------------------  -----  ---------  --------  ----------  --------------  -------------------
/opt/airflow/dags/incident_runbook_dag.py                                                1           0  0.25s           2026-02-27T23:29:04
/opt/airflow/dags/pipeline_monitoring_demo.py                                            1           0  0.25s           2026-02-27T23:29:04
/opt/airflow/dags/arquitectura_retail_completa.py                                        1           0  0.24s           2026-02-27T23:29:04
/opt/airflow/dags/pipeline_simple_dag.py                                                 1           0  0.21s           2026-02-27T23:29:04
/opt/airflow/dags/pipeline_procesamiento.py                                              0           1  0.16s           2026-02-27T23:29:14
/opt/airflow/dags/Optimización y Performance - Día 4.docx                                0           0  0.12s           2026-02-27T23:29:04
/opt/airflow/dags/Documentación y Presentación - Día 5.docx                              0           0  0.11s           2026-02-27T23:29:04
/opt/airflow/dags/Validación y Testing - Día 3.docx                                      0           0  0.10s           2026-02-27T23:29:04
/opt/airflow/dags/Diseño de Arquitectura Completa - Día 1.docx                           0           0  0.08s           2026-02-27T23:29:04
================================================================================
[2026-02-27T23:29:56.076+0000] {manager.py:878} INFO - 
================================================================================
DAG File Processing Stats

File Path                                                       PID    Runtime      # DAGs    # Errors  Last Runtime    Last Run
--------------------------------------------------------------  -----  ---------  --------  ----------  --------------  -------------------
/opt/airflow/dags/incident_runbook_dag.py                                                1           0  0.24s           2026-02-27T23:29:34
/opt/airflow/dags/arquitectura_retail_completa.py                                        1           0  0.23s           2026-02-27T23:29:35
/opt/airflow/dags/pipeline_monitoring_demo.py                                            1           0  0.22s           2026-02-27T23:29:34
/opt/airflow/dags/pipeline_simple_dag.py                                                 1           0  0.22s           2026-02-27T23:29:35
/opt/airflow/dags/pipeline_procesamiento.py                                              0           1  0.15s           2026-02-27T23:29:44
/opt/airflow/dags/Diseño de Arquitectura Completa - Día 1.docx                           0           0  0.12s           2026-02-27T23:29:35
/opt/airflow/dags/Optimización y Performance - Día 4.docx                                0           0  0.10s           2026-02-27T23:29:35
/opt/airflow/dags/Documentación y Presentación - Día 5.docx                              0           0  0.09s           2026-02-27T23:29:35
/opt/airflow/dags/Validación y Testing - Día 3.docx                                      0           0  0.09s           2026-02-27T23:29:35
================================================================================
[2026-02-27T23:30:26.193+0000] {manager.py:878} INFO - 
================================================================================
DAG File Processing Stats

File Path                                                       PID    Runtime      # DAGs    # Errors  Last Runtime    Last Run
--------------------------------------------------------------  -----  ---------  --------  ----------  --------------  -------------------
/opt/airflow/dags/incident_runbook_dag.py                                                1           0  0.43s           2026-02-27T23:30:05
/opt/airflow/dags/pipeline_monitoring_demo.py                                            1           0  0.42s           2026-02-27T23:30:05
/opt/airflow/dags/arquitectura_retail_completa.py                                        1           0  0.22s           2026-02-27T23:30:06
/opt/airflow/dags/pipeline_simple_dag.py                                                 1           0  0.21s           2026-02-27T23:30:06
/opt/airflow/dags/pipeline_procesamiento.py                                              0           1  0.17s           2026-02-27T23:30:15
/opt/airflow/dags/Optimización y Performance - Día 4.docx                                0           0  0.11s           2026-02-27T23:30:06
/opt/airflow/dags/Validación y Testing - Día 3.docx                                      0           0  0.10s           2026-02-27T23:30:06
/opt/airflow/dags/Diseño de Arquitectura Completa - Día 1.docx                           0           0  0.10s           2026-02-27T23:30:06
/opt/airflow/dags/Documentación y Presentación - Día 5.docx                              0           0  0.10s           2026-02-27T23:30:06
================================================================================
[2026-02-27T23:30:56.711+0000] {manager.py:878} INFO - 
================================================================================
DAG File Processing Stats

File Path                                                       PID    Runtime      # DAGs    # Errors  Last Runtime    Last Run
--------------------------------------------------------------  -----  ---------  --------  ----------  --------------  -------------------
/opt/airflow/dags/incident_runbook_dag.py                                                1           0  0.26s           2026-02-27T23:30:36
/opt/airflow/dags/pipeline_monitoring_demo.py                                            1           0  0.25s           2026-02-27T23:30:36
/opt/airflow/dags/arquitectura_retail_completa.py                                        1           0  0.22s           2026-02-27T23:30:36
/opt/airflow/dags/pipeline_simple_dag.py                                                 1           0  0.18s           2026-02-27T23:30:37
/opt/airflow/dags/pipeline_procesamiento.py                                              0           1  0.16s           2026-02-27T23:30:46
/opt/airflow/dags/Documentación y Presentación - Día 5.docx                              0           0  0.09s           2026-02-27T23:30:36
/opt/airflow/dags/Optimización y Performance - Día 4.docx                                0           0  0.08s           2026-02-27T23:30:36
/opt/airflow/dags/Diseño de Arquitectura Completa - Día 1.docx                           0           0  0.08s           2026-02-27T23:30:37
/opt/airflow/dags/Validación y Testing - Día 3.docx                                      0           0  0.08s           2026-02-27T23:30:36
================================================================================
[2026-02-27T23:31:27.417+0000] {manager.py:878} INFO - 
================================================================================
DAG File Processing Stats

File Path                                                       PID    Runtime      # DAGs    # Errors  Last Runtime    Last Run
--------------------------------------------------------------  -----  ---------  --------  ----------  --------------  -------------------
/opt/airflow/dags/pipeline_simple_dag.py                                                 1           0  0.28s           2026-02-27T23:31:07
/opt/airflow/dags/incident_runbook_dag.py                                                1           0  0.28s           2026-02-27T23:31:07
/opt/airflow/dags/pipeline_monitoring_demo.py                                            1           0  0.27s           2026-02-27T23:31:07
/opt/airflow/dags/arquitectura_retail_completa.py                                        1           0  0.24s           2026-02-27T23:31:07
/opt/airflow/dags/pipeline_procesamiento.py                                              0           1  0.16s           2026-02-27T23:31:17
/opt/airflow/dags/Validación y Testing - Día 3.docx                                      0           0  0.11s           2026-02-27T23:31:07
/opt/airflow/dags/Diseño de Arquitectura Completa - Día 1.docx                           0           0  0.10s           2026-02-27T23:31:07
/opt/airflow/dags/Optimización y Performance - Día 4.docx                                0           0  0.10s           2026-02-27T23:31:07
/opt/airflow/dags/Documentación y Presentación - Día 5.docx                              0           0  0.10s           2026-02-27T23:31:07
================================================================================
[2026-02-27T23:31:34.575+0000] {manager.py:737} INFO - Searching for files in /opt/airflow/dags
[2026-02-27T23:31:34.870+0000] {manager.py:740} INFO - There are 9 files in /opt/airflow/dags
[2026-02-27T23:31:57.613+0000] {manager.py:878} INFO - 
================================================================================
DAG File Processing Stats

File Path                                                       PID    Runtime      # DAGs    # Errors  Last Runtime    Last Run
--------------------------------------------------------------  -----  ---------  --------  ----------  --------------  -------------------
/opt/airflow/dags/incident_runbook_dag.py                                                1           0  0.25s           2026-02-27T23:31:38
/opt/airflow/dags/pipeline_simple_dag.py                                                 1           0  0.23s           2026-02-27T23:31:38
/opt/airflow/dags/pipeline_monitoring_demo.py                                            1           0  0.23s           2026-02-27T23:31:38
/opt/airflow/dags/arquitectura_retail_completa.py                                        1           0  0.20s           2026-02-27T23:31:38
/opt/airflow/dags/pipeline_procesamiento.py                                              0           1  0.15s           2026-02-27T23:31:48
/opt/airflow/dags/Validación y Testing - Día 3.docx                                      0           0  0.10s           2026-02-27T23:31:38
/opt/airflow/dags/Diseño de Arquitectura Completa - Día 1.docx                           0           0  0.09s           2026-02-27T23:31:38
/opt/airflow/dags/Optimización y Performance - Día 4.docx                                0           0  0.09s           2026-02-27T23:31:38
/opt/airflow/dags/Documentación y Presentación - Día 5.docx                              0           0  0.09s           2026-02-27T23:31:38
================================================================================
[2026-02-27T23:32:28.487+0000] {manager.py:878} INFO - 
================================================================================
DAG File Processing Stats

File Path                                                       PID    Runtime      # DAGs    # Errors  Last Runtime    Last Run
--------------------------------------------------------------  -----  ---------  --------  ----------  --------------  -------------------
/opt/airflow/dags/incident_runbook_dag.py                                                1           0  0.62s           2026-02-27T23:32:10
/opt/airflow/dags/pipeline_monitoring_demo.py                                            1           0  0.57s           2026-02-27T23:32:10
/opt/airflow/dags/pipeline_simple_dag.py                                                 1           0  0.55s           2026-02-27T23:32:11
/opt/airflow/dags/Optimización y Performance - Día 4.docx                                0           0  0.32s           2026-02-27T23:32:10
/opt/airflow/dags/arquitectura_retail_completa.py                                        1           0  0.30s           2026-02-27T23:32:10
/opt/airflow/dags/Documentación y Presentación - Día 5.docx                              0           0  0.27s           2026-02-27T23:32:10
/opt/airflow/dags/Validación y Testing - Día 3.docx                                      0           0  0.23s           2026-02-27T23:32:11
/opt/airflow/dags/pipeline_procesamiento.py                                              0           1  0.21s           2026-02-27T23:32:19
/opt/airflow/dags/Diseño de Arquitectura Completa - Día 1.docx                           0           0  0.16s           2026-02-27T23:32:11
================================================================================
[2026-02-27T23:32:59.103+0000] {manager.py:878} INFO - 
================================================================================
DAG File Processing Stats

File Path                                                       PID    Runtime      # DAGs    # Errors  Last Runtime    Last Run
--------------------------------------------------------------  -----  ---------  --------  ----------  --------------  -------------------
/opt/airflow/dags/pipeline_simple_dag.py                                                 1           0  0.25s           2026-02-27T23:32:42
/opt/airflow/dags/incident_runbook_dag.py                                                1           0  0.24s           2026-02-27T23:32:41
/opt/airflow/dags/arquitectura_retail_completa.py                                        1           0  0.24s           2026-02-27T23:32:41
/opt/airflow/dags/pipeline_monitoring_demo.py                                            1           0  0.22s           2026-02-27T23:32:41
/opt/airflow/dags/pipeline_procesamiento.py                                              0           1  0.14s           2026-02-27T23:32:50
/opt/airflow/dags/Documentación y Presentación - Día 5.docx                              0           0  0.10s           2026-02-27T23:32:41
/opt/airflow/dags/Diseño de Arquitectura Completa - Día 1.docx                           0           0  0.08s           2026-02-27T23:32:42
/opt/airflow/dags/Optimización y Performance - Día 4.docx                                0           0  0.08s           2026-02-27T23:32:41
/opt/airflow/dags/Validación y Testing - Día 3.docx                                      0           0  0.08s           2026-02-27T23:32:41
================================================================================
[2026-02-27T23:33:29.738+0000] {manager.py:878} INFO - 
================================================================================
DAG File Processing Stats

File Path                                                       PID    Runtime      # DAGs    # Errors  Last Runtime    Last Run
--------------------------------------------------------------  -----  ---------  --------  ----------  --------------  -------------------
/opt/airflow/dags/incident_runbook_dag.py                                                1           0  0.30s           2026-02-27T23:33:11
/opt/airflow/dags/pipeline_monitoring_demo.py                                            1           0  0.29s           2026-02-27T23:33:11
/opt/airflow/dags/arquitectura_retail_completa.py                                        1           0  0.21s           2026-02-27T23:33:12
/opt/airflow/dags/pipeline_simple_dag.py                                                 1           0  0.20s           2026-02-27T23:33:13
/opt/airflow/dags/pipeline_procesamiento.py                                              0           1  0.14s           2026-02-27T23:33:20
/opt/airflow/dags/Optimización y Performance - Día 4.docx                                0           0  0.09s           2026-02-27T23:33:11
/opt/airflow/dags/Validación y Testing - Día 3.docx                                      0           0  0.09s           2026-02-27T23:33:12
/opt/airflow/dags/Diseño de Arquitectura Completa - Día 1.docx                           0           0  0.08s           2026-02-27T23:33:13
/opt/airflow/dags/Documentación y Presentación - Día 5.docx                              0           0  0.07s           2026-02-27T23:33:11
================================================================================
[2026-02-27T23:34:00.369+0000] {manager.py:878} INFO - 
================================================================================
DAG File Processing Stats

File Path                                                       PID    Runtime      # DAGs    # Errors  Last Runtime    Last Run
--------------------------------------------------------------  -----  ---------  --------  ----------  --------------  -------------------
/opt/airflow/dags/pipeline_simple_dag.py                                                 1           0  0.23s           2026-02-27T23:33:43
/opt/airflow/dags/pipeline_monitoring_demo.py                                            1           0  0.22s           2026-02-27T23:33:42
/opt/airflow/dags/incident_runbook_dag.py                                                1           0  0.21s           2026-02-27T23:33:42
/opt/airflow/dags/arquitectura_retail_completa.py                                        1           0  0.17s           2026-02-27T23:33:42
/opt/airflow/dags/pipeline_procesamiento.py                                              0           1  0.16s           2026-02-27T23:33:51
/opt/airflow/dags/Diseño de Arquitectura Completa - Día 1.docx                           0           0  0.09s           2026-02-27T23:33:43
/opt/airflow/dags/Validación y Testing - Día 3.docx                                      0           0  0.08s           2026-02-27T23:33:42
/opt/airflow/dags/Optimización y Performance - Día 4.docx                                0           0  0.08s           2026-02-27T23:33:42
/opt/airflow/dags/Documentación y Presentación - Día 5.docx                              0           0  0.08s           2026-02-27T23:33:42
================================================================================
[2026-02-27T23:34:31.046+0000] {manager.py:878} INFO - 
================================================================================
DAG File Processing Stats

File Path                                                       PID    Runtime      # DAGs    # Errors  Last Runtime    Last Run
--------------------------------------------------------------  -----  ---------  --------  ----------  --------------  -------------------
/opt/airflow/dags/incident_runbook_dag.py                                                1           0  0.26s           2026-02-27T23:34:13
/opt/airflow/dags/pipeline_monitoring_demo.py                                            1           0  0.25s           2026-02-27T23:34:12
/opt/airflow/dags/pipeline_simple_dag.py                                                 1           0  0.24s           2026-02-27T23:34:14
/opt/airflow/dags/arquitectura_retail_completa.py                                        1           0  0.16s           2026-02-27T23:34:13
/opt/airflow/dags/pipeline_procesamiento.py                                              0           1  0.13s           2026-02-27T23:34:21
/opt/airflow/dags/Optimización y Performance - Día 4.docx                                0           0  0.11s           2026-02-27T23:34:13
/opt/airflow/dags/Diseño de Arquitectura Completa - Día 1.docx                           0           0  0.09s           2026-02-27T23:34:14
/opt/airflow/dags/Validación y Testing - Día 3.docx                                      0           0  0.09s           2026-02-27T23:34:13
/opt/airflow/dags/Documentación y Presentación - Día 5.docx                              0           0  0.07s           2026-02-27T23:34:13
================================================================================
[2026-02-27T23:35:01.576+0000] {manager.py:878} INFO - 
================================================================================
DAG File Processing Stats

File Path                                                       PID    Runtime      # DAGs    # Errors  Last Runtime    Last Run
--------------------------------------------------------------  -----  ---------  --------  ----------  --------------  -------------------
/opt/airflow/dags/pipeline_simple_dag.py                                                 1           0  0.24s           2026-02-27T23:34:45
/opt/airflow/dags/arquitectura_retail_completa.py                                        1           0  0.21s           2026-02-27T23:34:43
/opt/airflow/dags/incident_runbook_dag.py                                                1           0  0.21s           2026-02-27T23:34:43
/opt/airflow/dags/pipeline_procesamiento.py                                              0           1  0.21s           2026-02-27T23:34:52
/opt/airflow/dags/pipeline_monitoring_demo.py                                            1           0  0.18s           2026-02-27T23:34:43
/opt/airflow/dags/Diseño de Arquitectura Completa - Día 1.docx                           0           0  0.10s           2026-02-27T23:34:45
/opt/airflow/dags/Documentación y Presentación - Día 5.docx                              0           0  0.10s           2026-02-27T23:34:43
/opt/airflow/dags/Optimización y Performance - Día 4.docx                                0           0  0.09s           2026-02-27T23:34:43
/opt/airflow/dags/Validación y Testing - Día 3.docx                                      0           0  0.08s           2026-02-27T23:34:43
================================================================================
[2026-02-27T23:35:32.547+0000] {manager.py:878} INFO - 
================================================================================
DAG File Processing Stats

File Path                                                       PID    Runtime      # DAGs    # Errors  Last Runtime    Last Run
--------------------------------------------------------------  -----  ---------  --------  ----------  --------------  -------------------
/opt/airflow/dags/pipeline_simple_dag.py                                                 1           0  0.34s           2026-02-27T23:35:16
/opt/airflow/dags/arquitectura_retail_completa.py                                        1           0  0.25s           2026-02-27T23:35:14
/opt/airflow/dags/incident_runbook_dag.py                                                1           0  0.21s           2026-02-27T23:35:14
/opt/airflow/dags/pipeline_monitoring_demo.py                                            1           0  0.20s           2026-02-27T23:35:14
/opt/airflow/dags/pipeline_procesamiento.py                                              0           1  0.18s           2026-02-27T23:35:23
/opt/airflow/dags/Optimización y Performance - Día 4.docx                                0           0  0.17s           2026-02-27T23:35:14
/opt/airflow/dags/Diseño de Arquitectura Completa - Día 1.docx                           0           0  0.14s           2026-02-27T23:35:15
/opt/airflow/dags/Documentación y Presentación - Día 5.docx                              0           0  0.13s           2026-02-27T23:35:14
/opt/airflow/dags/Validación y Testing - Día 3.docx                                      0           0  0.10s           2026-02-27T23:35:14
================================================================================
[2026-02-27T23:36:02.956+0000] {manager.py:878} INFO - 
================================================================================
DAG File Processing Stats

File Path                                                       PID    Runtime      # DAGs    # Errors  Last Runtime    Last Run
--------------------------------------------------------------  -----  ---------  --------  ----------  --------------  -------------------
/opt/airflow/dags/pipeline_procesamiento.py                                              0           1  0.20s           2026-02-27T23:35:53
/opt/airflow/dags/incident_runbook_dag.py                                                1           0  0.20s           2026-02-27T23:35:45
/opt/airflow/dags/pipeline_simple_dag.py                                                 1           0  0.20s           2026-02-27T23:35:46
/opt/airflow/dags/pipeline_monitoring_demo.py                                            1           0  0.19s           2026-02-27T23:35:45
/opt/airflow/dags/arquitectura_retail_completa.py                                        1           0  0.18s           2026-02-27T23:35:45
/opt/airflow/dags/Diseño de Arquitectura Completa - Día 1.docx                           0           0  0.09s           2026-02-27T23:35:46
/opt/airflow/dags/Optimización y Performance - Día 4.docx                                0           0  0.08s           2026-02-27T23:35:45
/opt/airflow/dags/Documentación y Presentación - Día 5.docx                              0           0  0.08s           2026-02-27T23:35:45
/opt/airflow/dags/Validación y Testing - Día 3.docx                                      0           0  0.07s           2026-02-27T23:35:45
================================================================================
[2026-02-27T23:36:33.843+0000] {manager.py:878} INFO - 
================================================================================
DAG File Processing Stats

File Path                                                       PID    Runtime      # DAGs    # Errors  Last Runtime    Last Run
--------------------------------------------------------------  -----  ---------  --------  ----------  --------------  -------------------
/opt/airflow/dags/arquitectura_retail_completa.py                                        1           0  0.36s           2026-02-27T23:36:16
/opt/airflow/dags/incident_runbook_dag.py                                                1           0  0.32s           2026-02-27T23:36:15
/opt/airflow/dags/pipeline_monitoring_demo.py                                            1           0  0.29s           2026-02-27T23:36:15
/opt/airflow/dags/pipeline_simple_dag.py                                                 1           0  0.20s           2026-02-27T23:36:17
/opt/airflow/dags/pipeline_procesamiento.py                                              0           1  0.17s           2026-02-27T23:36:24
/opt/airflow/dags/Optimización y Performance - Día 4.docx                                0           0  0.15s           2026-02-27T23:36:15
/opt/airflow/dags/Validación y Testing - Día 3.docx                                      0           0  0.12s           2026-02-27T23:36:16
/opt/airflow/dags/Diseño de Arquitectura Completa - Día 1.docx                           0           0  0.10s           2026-02-27T23:36:17
/opt/airflow/dags/Documentación y Presentación - Día 5.docx                              0           0  0.10s           2026-02-27T23:36:15
================================================================================
[2026-02-27T23:36:34.850+0000] {manager.py:737} INFO - Searching for files in /opt/airflow/dags
[2026-02-27T23:36:35.065+0000] {manager.py:740} INFO - There are 9 files in /opt/airflow/dags
[2026-02-27T23:37:04.711+0000] {manager.py:878} INFO - 
================================================================================
DAG File Processing Stats

File Path                                                       PID    Runtime      # DAGs    # Errors  Last Runtime    Last Run
--------------------------------------------------------------  -----  ---------  --------  ----------  --------------  -------------------
/opt/airflow/dags/incident_runbook_dag.py                                                1           0  0.25s           2026-02-27T23:36:46
/opt/airflow/dags/pipeline_monitoring_demo.py                                            1           0  0.24s           2026-02-27T23:36:46
/opt/airflow/dags/pipeline_simple_dag.py                                                 1           0  0.20s           2026-02-27T23:36:48
/opt/airflow/dags/arquitectura_retail_completa.py                                        1           0  0.18s           2026-02-27T23:36:46
/opt/airflow/dags/pipeline_procesamiento.py                                              0           1  0.14s           2026-02-27T23:36:55
/opt/airflow/dags/Diseño de Arquitectura Completa - Día 1.docx                           0           0  0.09s           2026-02-27T23:36:48
/opt/airflow/dags/Optimización y Performance - Día 4.docx                                0           0  0.08s           2026-02-27T23:36:47
/opt/airflow/dags/Validación y Testing - Día 3.docx                                      0           0  0.08s           2026-02-27T23:36:47
/opt/airflow/dags/Documentación y Presentación - Día 5.docx                              0           0  0.08s           2026-02-27T23:36:46
================================================================================
[2026-02-27T23:37:35.198+0000] {manager.py:878} INFO - 
================================================================================
DAG File Processing Stats

File Path                                                       PID    Runtime      # DAGs    # Errors  Last Runtime    Last Run
--------------------------------------------------------------  -----  ---------  --------  ----------  --------------  -------------------
/opt/airflow/dags/pipeline_procesamiento.py                                              0           1  0.30s           2026-02-27T23:37:26
/opt/airflow/dags/incident_runbook_dag.py                                                1           0  0.19s           2026-02-27T23:37:17
/opt/airflow/dags/pipeline_monitoring_demo.py                                            1           0  0.18s           2026-02-27T23:37:17
/opt/airflow/dags/arquitectura_retail_completa.py                                        1           0  0.16s           2026-02-27T23:37:17
/opt/airflow/dags/pipeline_simple_dag.py                                                 1           0  0.16s           2026-02-27T23:37:18
/opt/airflow/dags/Documentación y Presentación - Día 5.docx                              0           0  0.08s           2026-02-27T23:37:17
/opt/airflow/dags/Diseño de Arquitectura Completa - Día 1.docx                           0           0  0.07s           2026-02-27T23:37:18
/opt/airflow/dags/Optimización y Performance - Día 4.docx                                0           0  0.07s           2026-02-27T23:37:17
/opt/airflow/dags/Validación y Testing - Día 3.docx                                      0           0  0.07s           2026-02-27T23:37:17
================================================================================
[2026-02-27T23:38:05.875+0000] {manager.py:878} INFO - 
================================================================================
DAG File Processing Stats

File Path                                                       PID    Runtime      # DAGs    # Errors  Last Runtime    Last Run
--------------------------------------------------------------  -----  ---------  --------  ----------  --------------  -------------------
/opt/airflow/dags/pipeline_simple_dag.py                                                 1           0  0.25s           2026-02-27T23:37:49
/opt/airflow/dags/pipeline_monitoring_demo.py                                            1           0  0.22s           2026-02-27T23:37:47
/opt/airflow/dags/incident_runbook_dag.py                                                1           0  0.21s           2026-02-27T23:37:47
/opt/airflow/dags/pipeline_procesamiento.py                                              0           1  0.18s           2026-02-27T23:37:56
/opt/airflow/dags/arquitectura_retail_completa.py                                        1           0  0.16s           2026-02-27T23:37:47
/opt/airflow/dags/Diseño de Arquitectura Completa - Día 1.docx                           0           0  0.12s           2026-02-27T23:37:49
/opt/airflow/dags/Optimización y Performance - Día 4.docx                                0           0  0.11s           2026-02-27T23:37:48
/opt/airflow/dags/Documentación y Presentación - Día 5.docx                              0           0  0.11s           2026-02-27T23:37:48
/opt/airflow/dags/Validación y Testing - Día 3.docx                                      0           0  0.09s           2026-02-27T23:37:48
================================================================================
[2026-02-27T23:38:36.310+0000] {manager.py:878} INFO - 
================================================================================
DAG File Processing Stats

File Path                                                       PID    Runtime      # DAGs    # Errors  Last Runtime    Last Run
--------------------------------------------------------------  -----  ---------  --------  ----------  --------------  -------------------
/opt/airflow/dags/incident_runbook_dag.py                                                1           0  0.19s           2026-02-27T23:38:18
/opt/airflow/dags/pipeline_monitoring_demo.py                                            1           0  0.19s           2026-02-27T23:38:18
/opt/airflow/dags/pipeline_procesamiento.py                                              0           1  0.18s           2026-02-27T23:38:27
/opt/airflow/dags/pipeline_simple_dag.py                                                 1           0  0.17s           2026-02-27T23:38:19
/opt/airflow/dags/arquitectura_retail_completa.py                                        1           0  0.17s           2026-02-27T23:38:18
/opt/airflow/dags/Diseño de Arquitectura Completa - Día 1.docx                           0           0  0.08s           2026-02-27T23:38:19
/opt/airflow/dags/Documentación y Presentación - Día 5.docx                              0           0  0.07s           2026-02-27T23:38:18
/opt/airflow/dags/Validación y Testing - Día 3.docx                                      0           0  0.07s           2026-02-27T23:38:18
/opt/airflow/dags/Optimización y Performance - Día 4.docx                                0           0  0.07s           2026-02-27T23:38:18
================================================================================
[2026-02-27T23:39:06.845+0000] {manager.py:878} INFO - 
================================================================================
DAG File Processing Stats

File Path                                                       PID    Runtime      # DAGs    # Errors  Last Runtime    Last Run
--------------------------------------------------------------  -----  ---------  --------  ----------  --------------  -------------------
/opt/airflow/dags/incident_runbook_dag.py                                                1           0  0.24s           2026-02-27T23:38:48
/opt/airflow/dags/pipeline_monitoring_demo.py                                            1           0  0.23s           2026-02-27T23:38:48
/opt/airflow/dags/pipeline_simple_dag.py                                                 1           0  0.19s           2026-02-27T23:38:50
/opt/airflow/dags/arquitectura_retail_completa.py                                        1           0  0.17s           2026-02-27T23:38:49
/opt/airflow/dags/pipeline_procesamiento.py                                              0           1  0.14s           2026-02-27T23:38:57
/opt/airflow/dags/Documentación y Presentación - Día 5.docx                              0           0  0.09s           2026-02-27T23:38:49
/opt/airflow/dags/Diseño de Arquitectura Completa - Día 1.docx                           0           0  0.08s           2026-02-27T23:38:50
/opt/airflow/dags/Validación y Testing - Día 3.docx                                      0           0  0.07s           2026-02-27T23:38:49
/opt/airflow/dags/Optimización y Performance - Día 4.docx                                0           0  0.07s           2026-02-27T23:38:49
================================================================================
[2026-02-27T23:39:37.393+0000] {manager.py:878} INFO - 
================================================================================
DAG File Processing Stats

File Path                                                       PID    Runtime      # DAGs    # Errors  Last Runtime    Last Run
--------------------------------------------------------------  -----  ---------  --------  ----------  --------------  -------------------
/opt/airflow/dags/incident_runbook_dag.py                                                1           0  0.22s           2026-02-27T23:39:19
/opt/airflow/dags/pipeline_simple_dag.py                                                 1           0  0.22s           2026-02-27T23:39:20
/opt/airflow/dags/pipeline_monitoring_demo.py                                            1           0  0.20s           2026-02-27T23:39:19
/opt/airflow/dags/pipeline_procesamiento.py                                              0           1  0.20s           2026-02-27T23:39:28
/opt/airflow/dags/arquitectura_retail_completa.py                                        1           0  0.17s           2026-02-27T23:39:19
/opt/airflow/dags/Diseño de Arquitectura Completa - Día 1.docx                           0           0  0.10s           2026-02-27T23:39:20
/opt/airflow/dags/Validación y Testing - Día 3.docx                                      0           0  0.08s           2026-02-27T23:39:19
/opt/airflow/dags/Optimización y Performance - Día 4.docx                                0           0  0.07s           2026-02-27T23:39:19
/opt/airflow/dags/Documentación y Presentación - Día 5.docx                              0           0  0.06s           2026-02-27T23:39:19
================================================================================
[2026-02-27T23:40:07.857+0000] {manager.py:878} INFO - 
================================================================================
DAG File Processing Stats

File Path                                                       PID    Runtime      # DAGs    # Errors  Last Runtime    Last Run
--------------------------------------------------------------  -----  ---------  --------  ----------  --------------  -------------------
/opt/airflow/dags/incident_runbook_dag.py                                                1           0  0.20s           2026-02-27T23:39:49
/opt/airflow/dags/pipeline_monitoring_demo.py                                            1           0  0.20s           2026-02-27T23:39:49
/opt/airflow/dags/arquitectura_retail_completa.py                                        1           0  0.19s           2026-02-27T23:39:50
/opt/airflow/dags/pipeline_simple_dag.py                                                 1           0  0.17s           2026-02-27T23:39:51
/opt/airflow/dags/pipeline_procesamiento.py                                              0           1  0.16s           2026-02-27T23:39:58
/opt/airflow/dags/Optimización y Performance - Día 4.docx                                0           0  0.09s           2026-02-27T23:39:50
/opt/airflow/dags/Documentación y Presentación - Día 5.docx                              0           0  0.08s           2026-02-27T23:39:50
/opt/airflow/dags/Validación y Testing - Día 3.docx                                      0           0  0.08s           2026-02-27T23:39:50
/opt/airflow/dags/Diseño de Arquitectura Completa - Día 1.docx                           0           0  0.08s           2026-02-27T23:39:51
================================================================================
[2026-02-27T23:40:38.455+0000] {manager.py:878} INFO - 
================================================================================
DAG File Processing Stats

File Path                                                       PID    Runtime      # DAGs    # Errors  Last Runtime    Last Run
--------------------------------------------------------------  -----  ---------  --------  ----------  --------------  -------------------
/opt/airflow/dags/pipeline_simple_dag.py                                                 1           0  0.23s           2026-02-27T23:40:22
/opt/airflow/dags/pipeline_procesamiento.py                                              0           1  0.19s           2026-02-27T23:40:29
/opt/airflow/dags/incident_runbook_dag.py                                                1           0  0.18s           2026-02-27T23:40:20
/opt/airflow/dags/pipeline_monitoring_demo.py                                            1           0  0.18s           2026-02-27T23:40:20
/opt/airflow/dags/arquitectura_retail_completa.py                                        1           0  0.15s           2026-02-27T23:40:20
/opt/airflow/dags/Optimización y Performance - Día 4.docx                                0           0  0.13s           2026-02-27T23:40:20
/opt/airflow/dags/Documentación y Presentación - Día 5.docx                              0           0  0.13s           2026-02-27T23:40:20
/opt/airflow/dags/Diseño de Arquitectura Completa - Día 1.docx                           0           0  0.10s           2026-02-27T23:40:21
/opt/airflow/dags/Validación y Testing - Día 3.docx                                      0           0  0.07s           2026-02-27T23:40:20
================================================================================
[2026-02-27T23:41:09.146+0000] {manager.py:878} INFO - 
================================================================================
DAG File Processing Stats

File Path                                                       PID    Runtime      # DAGs    # Errors  Last Runtime    Last Run
--------------------------------------------------------------  -----  ---------  --------  ----------  --------------  -------------------
/opt/airflow/dags/pipeline_simple_dag.py                                                 1           0  0.22s           2026-02-27T23:40:52
/opt/airflow/dags/incident_runbook_dag.py                                                1           0  0.21s           2026-02-27T23:40:51
/opt/airflow/dags/pipeline_monitoring_demo.py                                            1           0  0.21s           2026-02-27T23:40:51
/opt/airflow/dags/arquitectura_retail_completa.py                                        1           0  0.18s           2026-02-27T23:40:51
/opt/airflow/dags/pipeline_procesamiento.py                                              0           1  0.16s           2026-02-27T23:41:00
/opt/airflow/dags/Validación y Testing - Día 3.docx                                      0           0  0.13s           2026-02-27T23:40:51
/opt/airflow/dags/Diseño de Arquitectura Completa - Día 1.docx                           0           0  0.10s           2026-02-27T23:40:52
/opt/airflow/dags/Optimización y Performance - Día 4.docx                                0           0  0.09s           2026-02-27T23:40:51
/opt/airflow/dags/Documentación y Presentación - Día 5.docx                              0           0  0.09s           2026-02-27T23:40:51
================================================================================
[2026-02-27T23:41:35.487+0000] {manager.py:737} INFO - Searching for files in /opt/airflow/dags
[2026-02-27T23:41:35.760+0000] {manager.py:740} INFO - There are 9 files in /opt/airflow/dags
[2026-02-27T23:41:39.951+0000] {manager.py:878} INFO - 
================================================================================
DAG File Processing Stats

File Path                                                       PID    Runtime      # DAGs    # Errors  Last Runtime    Last Run
--------------------------------------------------------------  -----  ---------  --------  ----------  --------------  -------------------
/opt/airflow/dags/pipeline_simple_dag.py                                                 1           0  0.21s           2026-02-27T23:41:23
/opt/airflow/dags/arquitectura_retail_completa.py                                        1           0  0.19s           2026-02-27T23:41:21
/opt/airflow/dags/incident_runbook_dag.py                                                1           0  0.19s           2026-02-27T23:41:21
/opt/airflow/dags/pipeline_monitoring_demo.py                                            1           0  0.18s           2026-02-27T23:41:21
/opt/airflow/dags/pipeline_procesamiento.py                                              0           1  0.14s           2026-02-27T23:41:30
/opt/airflow/dags/Diseño de Arquitectura Completa - Día 1.docx                           0           0  0.10s           2026-02-27T23:41:23
/opt/airflow/dags/Documentación y Presentación - Día 5.docx                              0           0  0.09s           2026-02-27T23:41:21
/opt/airflow/dags/Validación y Testing - Día 3.docx                                      0           0  0.08s           2026-02-27T23:41:21
/opt/airflow/dags/Optimización y Performance - Día 4.docx                                0           0  0.08s           2026-02-27T23:41:21
================================================================================
[2026-02-27T23:42:10.406+0000] {manager.py:878} INFO - 
================================================================================
DAG File Processing Stats

File Path                                                       PID    Runtime      # DAGs    # Errors  Last Runtime    Last Run
--------------------------------------------------------------  -----  ---------  --------  ----------  --------------  -------------------
/opt/airflow/dags/pipeline_procesamiento.py                                              1           0  0.55s           2026-02-27T23:42:01
/opt/airflow/dags/incident_runbook_dag.py                                                1           0  0.19s           2026-02-27T23:41:52
/opt/airflow/dags/pipeline_simple_dag.py                                                 1           0  0.18s           2026-02-27T23:41:53
/opt/airflow/dags/pipeline_monitoring_demo.py                                            1           0  0.17s           2026-02-27T23:41:52
/opt/airflow/dags/arquitectura_retail_completa.py                                        1           0  0.14s           2026-02-27T23:41:52
/opt/airflow/dags/Documentación y Presentación - Día 5.docx                              0           0  0.07s           2026-02-27T23:41:52
/opt/airflow/dags/Diseño de Arquitectura Completa - Día 1.docx                           0           0  0.06s           2026-02-27T23:41:53
/opt/airflow/dags/Optimización y Performance - Día 4.docx                                0           0  0.06s           2026-02-27T23:41:52
/opt/airflow/dags/Validación y Testing - Día 3.docx                                      0           0  0.06s           2026-02-27T23:41:52
================================================================================
[2026-02-27T23:42:40.804+0000] {manager.py:878} INFO - 
================================================================================
DAG File Processing Stats

File Path                                                       PID    Runtime      # DAGs    # Errors  Last Runtime    Last Run
--------------------------------------------------------------  -----  ---------  --------  ----------  --------------  -------------------
/opt/airflow/dags/pipeline_procesamiento.py                                              1           0  0.31s           2026-02-27T23:42:32
/opt/airflow/dags/incident_runbook_dag.py                                                1           0  0.22s           2026-02-27T23:42:22
/opt/airflow/dags/pipeline_monitoring_demo.py                                            1           0  0.21s           2026-02-27T23:42:22
/opt/airflow/dags/arquitectura_retail_completa.py                                        1           0  0.17s           2026-02-27T23:42:23
/opt/airflow/dags/pipeline_simple_dag.py                                                 1           0  0.16s           2026-02-27T23:42:24
/opt/airflow/dags/Optimización y Performance - Día 4.docx                                0           0  0.09s           2026-02-27T23:42:23
/opt/airflow/dags/Validación y Testing - Día 3.docx                                      0           0  0.08s           2026-02-27T23:42:23
/opt/airflow/dags/Documentación y Presentación - Día 5.docx                              0           0  0.07s           2026-02-27T23:42:23
/opt/airflow/dags/Diseño de Arquitectura Completa - Día 1.docx                           0           0  0.07s           2026-02-27T23:42:24
================================================================================
[2026-02-27T23:43:11.370+0000] {manager.py:878} INFO - 
================================================================================
DAG File Processing Stats

File Path                                                       PID    Runtime      # DAGs    # Errors  Last Runtime    Last Run
--------------------------------------------------------------  -----  ---------  --------  ----------  --------------  -------------------
/opt/airflow/dags/pipeline_procesamiento.py                                              1           0  0.26s           2026-02-27T23:43:03
/opt/airflow/dags/incident_runbook_dag.py                                                1           0  0.21s           2026-02-27T23:42:53
/opt/airflow/dags/pipeline_monitoring_demo.py                                            1           0  0.19s           2026-02-27T23:42:53
/opt/airflow/dags/arquitectura_retail_completa.py                                        1           0  0.18s           2026-02-27T23:42:53
/opt/airflow/dags/pipeline_simple_dag.py                                                 1           0  0.17s           2026-02-27T23:42:54
/opt/airflow/dags/Validación y Testing - Día 3.docx                                      0           0  0.08s           2026-02-27T23:42:53
/opt/airflow/dags/Optimización y Performance - Día 4.docx                                0           0  0.08s           2026-02-27T23:42:53
/opt/airflow/dags/Documentación y Presentación - Día 5.docx                              0           0  0.08s           2026-02-27T23:42:53
/opt/airflow/dags/Diseño de Arquitectura Completa - Día 1.docx                           0           0  0.07s           2026-02-27T23:42:54
================================================================================
[2026-02-27T23:43:41.961+0000] {manager.py:878} INFO - 
================================================================================
DAG File Processing Stats

File Path                                                       PID    Runtime      # DAGs    # Errors  Last Runtime    Last Run
--------------------------------------------------------------  -----  ---------  --------  ----------  --------------  -------------------
/opt/airflow/dags/pipeline_procesamiento.py                                              1           0  0.37s           2026-02-27T23:43:34
/opt/airflow/dags/pipeline_monitoring_demo.py                                            1           0  0.27s           2026-02-27T23:43:23
/opt/airflow/dags/incident_runbook_dag.py                                                1           0  0.26s           2026-02-27T23:43:23
/opt/airflow/dags/pipeline_simple_dag.py                                                 1           0  0.20s           2026-02-27T23:43:25
/opt/airflow/dags/arquitectura_retail_completa.py                                        1           0  0.18s           2026-02-27T23:43:24
/opt/airflow/dags/Optimización y Performance - Día 4.docx                                0           0  0.10s           2026-02-27T23:43:24
/opt/airflow/dags/Diseño de Arquitectura Completa - Día 1.docx                           0           0  0.07s           2026-02-27T23:43:25
/opt/airflow/dags/Validación y Testing - Día 3.docx                                      0           0  0.07s           2026-02-27T23:43:24
/opt/airflow/dags/Documentación y Presentación - Día 5.docx                              0           0  0.06s           2026-02-27T23:43:24
================================================================================
[2026-02-27T23:44:12.458+0000] {manager.py:878} INFO - 
================================================================================
DAG File Processing Stats

File Path                                                       PID    Runtime      # DAGs    # Errors  Last Runtime    Last Run
--------------------------------------------------------------  -----  ---------  --------  ----------  --------------  -------------------
/opt/airflow/dags/pipeline_procesamiento.py                                              1           0  0.26s           2026-02-27T23:44:04
/opt/airflow/dags/incident_runbook_dag.py                                                1           0  0.17s           2026-02-27T23:43:54
/opt/airflow/dags/pipeline_monitoring_demo.py                                            1           0  0.16s           2026-02-27T23:43:54
/opt/airflow/dags/pipeline_simple_dag.py                                                 1           0  0.15s           2026-02-27T23:43:55
/opt/airflow/dags/arquitectura_retail_completa.py                                        1           0  0.14s           2026-02-27T23:43:54
/opt/airflow/dags/Diseño de Arquitectura Completa - Día 1.docx                           0           0  0.07s           2026-02-27T23:43:55
/opt/airflow/dags/Optimización y Performance - Día 4.docx                                0           0  0.06s           2026-02-27T23:43:54
/opt/airflow/dags/Documentación y Presentación - Día 5.docx                              0           0  0.06s           2026-02-27T23:43:54
/opt/airflow/dags/Validación y Testing - Día 3.docx                                      0           0  0.06s           2026-02-27T23:43:54
================================================================================
[2026-02-27T23:44:43.084+0000] {manager.py:878} INFO - 
================================================================================
DAG File Processing Stats

File Path                                                       PID    Runtime      # DAGs    # Errors  Last Runtime    Last Run
--------------------------------------------------------------  -----  ---------  --------  ----------  --------------  -------------------
/opt/airflow/dags/pipeline_procesamiento.py                                              1           0  0.28s           2026-02-27T23:44:34
/opt/airflow/dags/pipeline_simple_dag.py                                                 1           0  0.19s           2026-02-27T23:44:26
/opt/airflow/dags/incident_runbook_dag.py                                                1           0  0.18s           2026-02-27T23:44:25
/opt/airflow/dags/pipeline_monitoring_demo.py                                            1           0  0.17s           2026-02-27T23:44:25
/opt/airflow/dags/arquitectura_retail_completa.py                                        1           0  0.15s           2026-02-27T23:44:25
/opt/airflow/dags/Diseño de Arquitectura Completa - Día 1.docx                           0           0  0.08s           2026-02-27T23:44:26
/opt/airflow/dags/Documentación y Presentación - Día 5.docx                              0           0  0.07s           2026-02-27T23:44:25
/opt/airflow/dags/Optimización y Performance - Día 4.docx                                0           0  0.06s           2026-02-27T23:44:25
/opt/airflow/dags/Validación y Testing - Día 3.docx                                      0           0  0.06s           2026-02-27T23:44:25
================================================================================
[2026-02-27T23:44:52.213+0000] {manager.py:452} INFO - Exiting gracefully upon receiving signal 15
