[2026-02-27T21:13:34.527+0000] {processor.py:161} INFO - Started process (PID=82) to work on /opt/airflow/dags/arquitectura_retail_completa.py
[2026-02-27T21:13:34.533+0000] {processor.py:830} INFO - Processing file /opt/airflow/dags/arquitectura_retail_completa.py for tasks to queue
[2026-02-27T21:13:34.542+0000] {logging_mixin.py:188} INFO - [2026-02-27T21:13:34.541+0000] {dagbag.py:540} INFO - Filling up the DagBag from /opt/airflow/dags/arquitectura_retail_completa.py
[2026-02-27T21:13:34.706+0000] {processor.py:840} INFO - DAG(s) 'arquitectura_retail_completa' retrieved from /opt/airflow/dags/arquitectura_retail_completa.py
[2026-02-27T21:13:35.542+0000] {logging_mixin.py:188} INFO - [2026-02-27T21:13:35.540+0000] {override.py:1829} INFO - Created Permission View: can read on DAG:arquitectura_retail_completa
[2026-02-27T21:13:35.576+0000] {logging_mixin.py:188} INFO - [2026-02-27T21:13:35.575+0000] {override.py:1829} INFO - Created Permission View: can delete on DAG:arquitectura_retail_completa
[2026-02-27T21:13:35.597+0000] {logging_mixin.py:188} INFO - [2026-02-27T21:13:35.596+0000] {override.py:1829} INFO - Created Permission View: can edit on DAG:arquitectura_retail_completa
[2026-02-27T21:13:35.598+0000] {logging_mixin.py:188} INFO - [2026-02-27T21:13:35.598+0000] {dag.py:3096} INFO - Sync 1 DAGs
[2026-02-27T21:13:35.647+0000] {logging_mixin.py:188} INFO - [2026-02-27T21:13:35.647+0000] {dag.py:3118} INFO - Creating ORM DAG for arquitectura_retail_completa
[2026-02-27T21:13:35.711+0000] {logging_mixin.py:188} INFO - [2026-02-27T21:13:35.710+0000] {dag.py:3954} INFO - Setting next_dagrun for arquitectura_retail_completa to 2026-02-26 00:00:00+00:00, run_after=2026-02-27 00:00:00+00:00
[2026-02-27T21:13:35.771+0000] {processor.py:183} INFO - Processing /opt/airflow/dags/arquitectura_retail_completa.py took 1.282 seconds
[2026-02-27T21:14:05.973+0000] {processor.py:161} INFO - Started process (PID=90) to work on /opt/airflow/dags/arquitectura_retail_completa.py
[2026-02-27T21:14:05.977+0000] {processor.py:830} INFO - Processing file /opt/airflow/dags/arquitectura_retail_completa.py for tasks to queue
[2026-02-27T21:14:05.985+0000] {logging_mixin.py:188} INFO - [2026-02-27T21:14:05.981+0000] {dagbag.py:540} INFO - Filling up the DagBag from /opt/airflow/dags/arquitectura_retail_completa.py
[2026-02-27T21:14:06.106+0000] {processor.py:840} INFO - DAG(s) 'arquitectura_retail_completa' retrieved from /opt/airflow/dags/arquitectura_retail_completa.py
[2026-02-27T21:14:06.242+0000] {logging_mixin.py:188} INFO - [2026-02-27T21:14:06.241+0000] {dag.py:3096} INFO - Sync 1 DAGs
[2026-02-27T21:14:06.368+0000] {logging_mixin.py:188} INFO - [2026-02-27T21:14:06.367+0000] {dag.py:3954} INFO - Setting next_dagrun for arquitectura_retail_completa to 2026-02-26 00:00:00+00:00, run_after=2026-02-27 00:00:00+00:00
[2026-02-27T21:14:06.462+0000] {processor.py:183} INFO - Processing /opt/airflow/dags/arquitectura_retail_completa.py took 0.508 seconds
[2026-02-27T21:14:36.657+0000] {processor.py:161} INFO - Started process (PID=98) to work on /opt/airflow/dags/arquitectura_retail_completa.py
[2026-02-27T21:14:36.659+0000] {processor.py:830} INFO - Processing file /opt/airflow/dags/arquitectura_retail_completa.py for tasks to queue
[2026-02-27T21:14:36.660+0000] {logging_mixin.py:188} INFO - [2026-02-27T21:14:36.660+0000] {dagbag.py:540} INFO - Filling up the DagBag from /opt/airflow/dags/arquitectura_retail_completa.py
[2026-02-27T21:14:36.705+0000] {processor.py:840} INFO - DAG(s) 'arquitectura_retail_completa' retrieved from /opt/airflow/dags/arquitectura_retail_completa.py
[2026-02-27T21:14:36.780+0000] {logging_mixin.py:188} INFO - [2026-02-27T21:14:36.779+0000] {dag.py:3096} INFO - Sync 1 DAGs
[2026-02-27T21:14:36.824+0000] {logging_mixin.py:188} INFO - [2026-02-27T21:14:36.824+0000] {dag.py:3954} INFO - Setting next_dagrun for arquitectura_retail_completa to 2026-02-26 00:00:00+00:00, run_after=2026-02-27 00:00:00+00:00
[2026-02-27T21:14:36.878+0000] {processor.py:183} INFO - Processing /opt/airflow/dags/arquitectura_retail_completa.py took 0.231 seconds
[2026-02-27T21:15:06.991+0000] {processor.py:161} INFO - Started process (PID=106) to work on /opt/airflow/dags/arquitectura_retail_completa.py
[2026-02-27T21:15:06.992+0000] {processor.py:830} INFO - Processing file /opt/airflow/dags/arquitectura_retail_completa.py for tasks to queue
[2026-02-27T21:15:06.994+0000] {logging_mixin.py:188} INFO - [2026-02-27T21:15:06.994+0000] {dagbag.py:540} INFO - Filling up the DagBag from /opt/airflow/dags/arquitectura_retail_completa.py
[2026-02-27T21:15:07.040+0000] {processor.py:840} INFO - DAG(s) 'arquitectura_retail_completa' retrieved from /opt/airflow/dags/arquitectura_retail_completa.py
[2026-02-27T21:15:07.095+0000] {logging_mixin.py:188} INFO - [2026-02-27T21:15:07.095+0000] {dag.py:3096} INFO - Sync 1 DAGs
[2026-02-27T21:15:07.130+0000] {logging_mixin.py:188} INFO - [2026-02-27T21:15:07.129+0000] {dag.py:3954} INFO - Setting next_dagrun for arquitectura_retail_completa to 2026-02-26 00:00:00+00:00, run_after=2026-02-27 00:00:00+00:00
[2026-02-27T21:15:07.162+0000] {processor.py:183} INFO - Processing /opt/airflow/dags/arquitectura_retail_completa.py took 0.179 seconds
[2026-02-27T21:15:37.243+0000] {processor.py:161} INFO - Started process (PID=114) to work on /opt/airflow/dags/arquitectura_retail_completa.py
[2026-02-27T21:15:37.245+0000] {processor.py:830} INFO - Processing file /opt/airflow/dags/arquitectura_retail_completa.py for tasks to queue
[2026-02-27T21:15:37.247+0000] {logging_mixin.py:188} INFO - [2026-02-27T21:15:37.247+0000] {dagbag.py:540} INFO - Filling up the DagBag from /opt/airflow/dags/arquitectura_retail_completa.py
[2026-02-27T21:15:37.296+0000] {processor.py:840} INFO - DAG(s) 'arquitectura_retail_completa' retrieved from /opt/airflow/dags/arquitectura_retail_completa.py
[2026-02-27T21:15:37.359+0000] {logging_mixin.py:188} INFO - [2026-02-27T21:15:37.358+0000] {dag.py:3096} INFO - Sync 1 DAGs
[2026-02-27T21:15:37.391+0000] {logging_mixin.py:188} INFO - [2026-02-27T21:15:37.390+0000] {dag.py:3954} INFO - Setting next_dagrun for arquitectura_retail_completa to 2026-02-26 00:00:00+00:00, run_after=2026-02-27 00:00:00+00:00
[2026-02-27T21:15:37.425+0000] {processor.py:183} INFO - Processing /opt/airflow/dags/arquitectura_retail_completa.py took 0.194 seconds
[2026-02-27T21:16:07.568+0000] {processor.py:161} INFO - Started process (PID=122) to work on /opt/airflow/dags/arquitectura_retail_completa.py
[2026-02-27T21:16:07.570+0000] {processor.py:830} INFO - Processing file /opt/airflow/dags/arquitectura_retail_completa.py for tasks to queue
[2026-02-27T21:16:07.572+0000] {logging_mixin.py:188} INFO - [2026-02-27T21:16:07.571+0000] {dagbag.py:540} INFO - Filling up the DagBag from /opt/airflow/dags/arquitectura_retail_completa.py
[2026-02-27T21:16:07.629+0000] {processor.py:840} INFO - DAG(s) 'arquitectura_retail_completa' retrieved from /opt/airflow/dags/arquitectura_retail_completa.py
[2026-02-27T21:16:07.691+0000] {logging_mixin.py:188} INFO - [2026-02-27T21:16:07.691+0000] {dag.py:3096} INFO - Sync 1 DAGs
[2026-02-27T21:16:07.722+0000] {logging_mixin.py:188} INFO - [2026-02-27T21:16:07.721+0000] {dag.py:3954} INFO - Setting next_dagrun for arquitectura_retail_completa to 2026-02-26 00:00:00+00:00, run_after=2026-02-27 00:00:00+00:00
[2026-02-27T21:16:07.755+0000] {processor.py:183} INFO - Processing /opt/airflow/dags/arquitectura_retail_completa.py took 0.199 seconds
[2026-02-27T21:16:37.922+0000] {processor.py:161} INFO - Started process (PID=131) to work on /opt/airflow/dags/arquitectura_retail_completa.py
[2026-02-27T21:16:37.924+0000] {processor.py:830} INFO - Processing file /opt/airflow/dags/arquitectura_retail_completa.py for tasks to queue
[2026-02-27T21:16:37.926+0000] {logging_mixin.py:188} INFO - [2026-02-27T21:16:37.925+0000] {dagbag.py:540} INFO - Filling up the DagBag from /opt/airflow/dags/arquitectura_retail_completa.py
[2026-02-27T21:16:37.974+0000] {processor.py:840} INFO - DAG(s) 'arquitectura_retail_completa' retrieved from /opt/airflow/dags/arquitectura_retail_completa.py
[2026-02-27T21:16:38.029+0000] {logging_mixin.py:188} INFO - [2026-02-27T21:16:38.029+0000] {dag.py:3096} INFO - Sync 1 DAGs
[2026-02-27T21:16:38.065+0000] {logging_mixin.py:188} INFO - [2026-02-27T21:16:38.065+0000] {dag.py:3954} INFO - Setting next_dagrun for arquitectura_retail_completa to 2026-02-26 00:00:00+00:00, run_after=2026-02-27 00:00:00+00:00
[2026-02-27T21:16:38.097+0000] {processor.py:183} INFO - Processing /opt/airflow/dags/arquitectura_retail_completa.py took 0.184 seconds
[2026-02-27T21:17:08.217+0000] {processor.py:161} INFO - Started process (PID=140) to work on /opt/airflow/dags/arquitectura_retail_completa.py
[2026-02-27T21:17:08.218+0000] {processor.py:830} INFO - Processing file /opt/airflow/dags/arquitectura_retail_completa.py for tasks to queue
[2026-02-27T21:17:08.220+0000] {logging_mixin.py:188} INFO - [2026-02-27T21:17:08.220+0000] {dagbag.py:540} INFO - Filling up the DagBag from /opt/airflow/dags/arquitectura_retail_completa.py
[2026-02-27T21:17:08.261+0000] {processor.py:840} INFO - DAG(s) 'arquitectura_retail_completa' retrieved from /opt/airflow/dags/arquitectura_retail_completa.py
[2026-02-27T21:17:08.316+0000] {logging_mixin.py:188} INFO - [2026-02-27T21:17:08.315+0000] {dag.py:3096} INFO - Sync 1 DAGs
[2026-02-27T21:17:08.352+0000] {logging_mixin.py:188} INFO - [2026-02-27T21:17:08.352+0000] {dag.py:3954} INFO - Setting next_dagrun for arquitectura_retail_completa to 2026-02-26 00:00:00+00:00, run_after=2026-02-27 00:00:00+00:00
[2026-02-27T21:17:08.388+0000] {processor.py:183} INFO - Processing /opt/airflow/dags/arquitectura_retail_completa.py took 0.181 seconds
[2026-02-27T21:17:38.479+0000] {processor.py:161} INFO - Started process (PID=146) to work on /opt/airflow/dags/arquitectura_retail_completa.py
[2026-02-27T21:17:38.481+0000] {processor.py:830} INFO - Processing file /opt/airflow/dags/arquitectura_retail_completa.py for tasks to queue
[2026-02-27T21:17:38.484+0000] {logging_mixin.py:188} INFO - [2026-02-27T21:17:38.483+0000] {dagbag.py:540} INFO - Filling up the DagBag from /opt/airflow/dags/arquitectura_retail_completa.py
[2026-02-27T21:17:38.540+0000] {processor.py:840} INFO - DAG(s) 'arquitectura_retail_completa' retrieved from /opt/airflow/dags/arquitectura_retail_completa.py
[2026-02-27T21:17:38.607+0000] {logging_mixin.py:188} INFO - [2026-02-27T21:17:38.607+0000] {dag.py:3096} INFO - Sync 1 DAGs
[2026-02-27T21:17:38.644+0000] {logging_mixin.py:188} INFO - [2026-02-27T21:17:38.643+0000] {dag.py:3954} INFO - Setting next_dagrun for arquitectura_retail_completa to 2026-02-26 00:00:00+00:00, run_after=2026-02-27 00:00:00+00:00
[2026-02-27T21:17:38.683+0000] {processor.py:183} INFO - Processing /opt/airflow/dags/arquitectura_retail_completa.py took 0.214 seconds
[2026-02-27T21:18:08.788+0000] {processor.py:161} INFO - Started process (PID=154) to work on /opt/airflow/dags/arquitectura_retail_completa.py
[2026-02-27T21:18:08.790+0000] {processor.py:830} INFO - Processing file /opt/airflow/dags/arquitectura_retail_completa.py for tasks to queue
[2026-02-27T21:18:08.792+0000] {logging_mixin.py:188} INFO - [2026-02-27T21:18:08.791+0000] {dagbag.py:540} INFO - Filling up the DagBag from /opt/airflow/dags/arquitectura_retail_completa.py
[2026-02-27T21:18:08.848+0000] {processor.py:840} INFO - DAG(s) 'arquitectura_retail_completa' retrieved from /opt/airflow/dags/arquitectura_retail_completa.py
[2026-02-27T21:18:08.920+0000] {logging_mixin.py:188} INFO - [2026-02-27T21:18:08.919+0000] {dag.py:3096} INFO - Sync 1 DAGs
[2026-02-27T21:18:08.951+0000] {logging_mixin.py:188} INFO - [2026-02-27T21:18:08.951+0000] {dag.py:3954} INFO - Setting next_dagrun for arquitectura_retail_completa to 2026-02-26 00:00:00+00:00, run_after=2026-02-27 00:00:00+00:00
[2026-02-27T21:18:08.985+0000] {processor.py:183} INFO - Processing /opt/airflow/dags/arquitectura_retail_completa.py took 0.209 seconds
[2026-02-27T21:18:39.536+0000] {processor.py:161} INFO - Started process (PID=162) to work on /opt/airflow/dags/arquitectura_retail_completa.py
[2026-02-27T21:18:39.538+0000] {processor.py:830} INFO - Processing file /opt/airflow/dags/arquitectura_retail_completa.py for tasks to queue
[2026-02-27T21:18:39.540+0000] {logging_mixin.py:188} INFO - [2026-02-27T21:18:39.539+0000] {dagbag.py:540} INFO - Filling up the DagBag from /opt/airflow/dags/arquitectura_retail_completa.py
[2026-02-27T21:18:39.596+0000] {processor.py:840} INFO - DAG(s) 'arquitectura_retail_completa' retrieved from /opt/airflow/dags/arquitectura_retail_completa.py
[2026-02-27T21:18:39.656+0000] {logging_mixin.py:188} INFO - [2026-02-27T21:18:39.656+0000] {dag.py:3096} INFO - Sync 1 DAGs
[2026-02-27T21:18:39.689+0000] {logging_mixin.py:188} INFO - [2026-02-27T21:18:39.689+0000] {dag.py:3954} INFO - Setting next_dagrun for arquitectura_retail_completa to 2026-02-26 00:00:00+00:00, run_after=2026-02-27 00:00:00+00:00
[2026-02-27T21:18:39.721+0000] {processor.py:183} INFO - Processing /opt/airflow/dags/arquitectura_retail_completa.py took 0.194 seconds
[2026-02-27T21:19:09.916+0000] {processor.py:161} INFO - Started process (PID=171) to work on /opt/airflow/dags/arquitectura_retail_completa.py
[2026-02-27T21:19:09.918+0000] {processor.py:830} INFO - Processing file /opt/airflow/dags/arquitectura_retail_completa.py for tasks to queue
[2026-02-27T21:19:09.920+0000] {logging_mixin.py:188} INFO - [2026-02-27T21:19:09.919+0000] {dagbag.py:540} INFO - Filling up the DagBag from /opt/airflow/dags/arquitectura_retail_completa.py
[2026-02-27T21:19:09.970+0000] {processor.py:840} INFO - DAG(s) 'arquitectura_retail_completa' retrieved from /opt/airflow/dags/arquitectura_retail_completa.py
[2026-02-27T21:19:10.027+0000] {logging_mixin.py:188} INFO - [2026-02-27T21:19:10.027+0000] {dag.py:3096} INFO - Sync 1 DAGs
[2026-02-27T21:19:10.062+0000] {logging_mixin.py:188} INFO - [2026-02-27T21:19:10.061+0000] {dag.py:3954} INFO - Setting next_dagrun for arquitectura_retail_completa to 2026-02-26 00:00:00+00:00, run_after=2026-02-27 00:00:00+00:00
[2026-02-27T21:19:10.097+0000] {processor.py:183} INFO - Processing /opt/airflow/dags/arquitectura_retail_completa.py took 0.192 seconds
[2026-02-27T21:19:40.271+0000] {processor.py:161} INFO - Started process (PID=180) to work on /opt/airflow/dags/arquitectura_retail_completa.py
[2026-02-27T21:19:40.273+0000] {processor.py:830} INFO - Processing file /opt/airflow/dags/arquitectura_retail_completa.py for tasks to queue
[2026-02-27T21:19:40.274+0000] {logging_mixin.py:188} INFO - [2026-02-27T21:19:40.274+0000] {dagbag.py:540} INFO - Filling up the DagBag from /opt/airflow/dags/arquitectura_retail_completa.py
[2026-02-27T21:19:40.318+0000] {processor.py:840} INFO - DAG(s) 'arquitectura_retail_completa' retrieved from /opt/airflow/dags/arquitectura_retail_completa.py
[2026-02-27T21:19:40.368+0000] {logging_mixin.py:188} INFO - [2026-02-27T21:19:40.367+0000] {dag.py:3096} INFO - Sync 1 DAGs
[2026-02-27T21:19:40.402+0000] {logging_mixin.py:188} INFO - [2026-02-27T21:19:40.401+0000] {dag.py:3954} INFO - Setting next_dagrun for arquitectura_retail_completa to 2026-02-26 00:00:00+00:00, run_after=2026-02-27 00:00:00+00:00
[2026-02-27T21:19:40.439+0000] {processor.py:183} INFO - Processing /opt/airflow/dags/arquitectura_retail_completa.py took 0.177 seconds
[2026-02-27T21:20:10.648+0000] {processor.py:161} INFO - Started process (PID=186) to work on /opt/airflow/dags/arquitectura_retail_completa.py
[2026-02-27T21:20:10.651+0000] {processor.py:830} INFO - Processing file /opt/airflow/dags/arquitectura_retail_completa.py for tasks to queue
[2026-02-27T21:20:10.654+0000] {logging_mixin.py:188} INFO - [2026-02-27T21:20:10.653+0000] {dagbag.py:540} INFO - Filling up the DagBag from /opt/airflow/dags/arquitectura_retail_completa.py
[2026-02-27T21:20:10.748+0000] {processor.py:840} INFO - DAG(s) 'arquitectura_retail_completa' retrieved from /opt/airflow/dags/arquitectura_retail_completa.py
[2026-02-27T21:20:10.818+0000] {logging_mixin.py:188} INFO - [2026-02-27T21:20:10.818+0000] {dag.py:3096} INFO - Sync 1 DAGs
[2026-02-27T21:20:10.865+0000] {logging_mixin.py:188} INFO - [2026-02-27T21:20:10.864+0000] {dag.py:3954} INFO - Setting next_dagrun for arquitectura_retail_completa to 2026-02-26 00:00:00+00:00, run_after=2026-02-27 00:00:00+00:00
[2026-02-27T21:20:10.906+0000] {processor.py:183} INFO - Processing /opt/airflow/dags/arquitectura_retail_completa.py took 0.267 seconds
[2026-02-27T21:20:41.110+0000] {processor.py:161} INFO - Started process (PID=194) to work on /opt/airflow/dags/arquitectura_retail_completa.py
[2026-02-27T21:20:41.112+0000] {processor.py:830} INFO - Processing file /opt/airflow/dags/arquitectura_retail_completa.py for tasks to queue
[2026-02-27T21:20:41.115+0000] {logging_mixin.py:188} INFO - [2026-02-27T21:20:41.114+0000] {dagbag.py:540} INFO - Filling up the DagBag from /opt/airflow/dags/arquitectura_retail_completa.py
[2026-02-27T21:20:41.161+0000] {processor.py:840} INFO - DAG(s) 'arquitectura_retail_completa' retrieved from /opt/airflow/dags/arquitectura_retail_completa.py
[2026-02-27T21:20:41.215+0000] {logging_mixin.py:188} INFO - [2026-02-27T21:20:41.214+0000] {dag.py:3096} INFO - Sync 1 DAGs
[2026-02-27T21:20:41.249+0000] {logging_mixin.py:188} INFO - [2026-02-27T21:20:41.249+0000] {dag.py:3954} INFO - Setting next_dagrun for arquitectura_retail_completa to 2026-02-26 00:00:00+00:00, run_after=2026-02-27 00:00:00+00:00
[2026-02-27T21:20:41.281+0000] {processor.py:183} INFO - Processing /opt/airflow/dags/arquitectura_retail_completa.py took 0.184 seconds
[2026-02-27T21:21:11.481+0000] {processor.py:161} INFO - Started process (PID=202) to work on /opt/airflow/dags/arquitectura_retail_completa.py
[2026-02-27T21:21:11.485+0000] {processor.py:830} INFO - Processing file /opt/airflow/dags/arquitectura_retail_completa.py for tasks to queue
[2026-02-27T21:21:11.487+0000] {logging_mixin.py:188} INFO - [2026-02-27T21:21:11.486+0000] {dagbag.py:540} INFO - Filling up the DagBag from /opt/airflow/dags/arquitectura_retail_completa.py
[2026-02-27T21:21:11.536+0000] {processor.py:840} INFO - DAG(s) 'arquitectura_retail_completa' retrieved from /opt/airflow/dags/arquitectura_retail_completa.py
[2026-02-27T21:21:11.593+0000] {logging_mixin.py:188} INFO - [2026-02-27T21:21:11.593+0000] {dag.py:3096} INFO - Sync 1 DAGs
[2026-02-27T21:21:11.624+0000] {logging_mixin.py:188} INFO - [2026-02-27T21:21:11.623+0000] {dag.py:3954} INFO - Setting next_dagrun for arquitectura_retail_completa to 2026-02-26 00:00:00+00:00, run_after=2026-02-27 00:00:00+00:00
[2026-02-27T21:21:11.658+0000] {processor.py:183} INFO - Processing /opt/airflow/dags/arquitectura_retail_completa.py took 0.188 seconds
[2026-02-27T21:21:41.875+0000] {processor.py:161} INFO - Started process (PID=210) to work on /opt/airflow/dags/arquitectura_retail_completa.py
[2026-02-27T21:21:41.877+0000] {processor.py:830} INFO - Processing file /opt/airflow/dags/arquitectura_retail_completa.py for tasks to queue
[2026-02-27T21:21:41.879+0000] {logging_mixin.py:188} INFO - [2026-02-27T21:21:41.878+0000] {dagbag.py:540} INFO - Filling up the DagBag from /opt/airflow/dags/arquitectura_retail_completa.py
[2026-02-27T21:21:41.915+0000] {processor.py:840} INFO - DAG(s) 'arquitectura_retail_completa' retrieved from /opt/airflow/dags/arquitectura_retail_completa.py
[2026-02-27T21:21:41.969+0000] {logging_mixin.py:188} INFO - [2026-02-27T21:21:41.969+0000] {dag.py:3096} INFO - Sync 1 DAGs
[2026-02-27T21:21:41.999+0000] {logging_mixin.py:188} INFO - [2026-02-27T21:21:41.998+0000] {dag.py:3954} INFO - Setting next_dagrun for arquitectura_retail_completa to 2026-02-26 00:00:00+00:00, run_after=2026-02-27 00:00:00+00:00
[2026-02-27T21:21:42.037+0000] {processor.py:183} INFO - Processing /opt/airflow/dags/arquitectura_retail_completa.py took 0.171 seconds
[2026-02-27T21:22:12.237+0000] {processor.py:161} INFO - Started process (PID=219) to work on /opt/airflow/dags/arquitectura_retail_completa.py
[2026-02-27T21:22:12.239+0000] {processor.py:830} INFO - Processing file /opt/airflow/dags/arquitectura_retail_completa.py for tasks to queue
[2026-02-27T21:22:12.241+0000] {logging_mixin.py:188} INFO - [2026-02-27T21:22:12.240+0000] {dagbag.py:540} INFO - Filling up the DagBag from /opt/airflow/dags/arquitectura_retail_completa.py
[2026-02-27T21:22:12.287+0000] {processor.py:840} INFO - DAG(s) 'arquitectura_retail_completa' retrieved from /opt/airflow/dags/arquitectura_retail_completa.py
[2026-02-27T21:22:12.341+0000] {logging_mixin.py:188} INFO - [2026-02-27T21:22:12.341+0000] {dag.py:3096} INFO - Sync 1 DAGs
[2026-02-27T21:22:12.373+0000] {logging_mixin.py:188} INFO - [2026-02-27T21:22:12.372+0000] {dag.py:3954} INFO - Setting next_dagrun for arquitectura_retail_completa to 2026-02-26 00:00:00+00:00, run_after=2026-02-27 00:00:00+00:00
[2026-02-27T21:22:12.399+0000] {processor.py:183} INFO - Processing /opt/airflow/dags/arquitectura_retail_completa.py took 0.176 seconds
[2026-02-27T21:22:42.677+0000] {processor.py:161} INFO - Started process (PID=228) to work on /opt/airflow/dags/arquitectura_retail_completa.py
[2026-02-27T21:22:42.679+0000] {processor.py:830} INFO - Processing file /opt/airflow/dags/arquitectura_retail_completa.py for tasks to queue
[2026-02-27T21:22:42.681+0000] {logging_mixin.py:188} INFO - [2026-02-27T21:22:42.681+0000] {dagbag.py:540} INFO - Filling up the DagBag from /opt/airflow/dags/arquitectura_retail_completa.py
[2026-02-27T21:22:42.720+0000] {processor.py:840} INFO - DAG(s) 'arquitectura_retail_completa' retrieved from /opt/airflow/dags/arquitectura_retail_completa.py
[2026-02-27T21:22:42.770+0000] {logging_mixin.py:188} INFO - [2026-02-27T21:22:42.770+0000] {dag.py:3096} INFO - Sync 1 DAGs
[2026-02-27T21:22:42.802+0000] {logging_mixin.py:188} INFO - [2026-02-27T21:22:42.802+0000] {dag.py:3954} INFO - Setting next_dagrun for arquitectura_retail_completa to 2026-02-26 00:00:00+00:00, run_after=2026-02-27 00:00:00+00:00
[2026-02-27T21:22:42.842+0000] {processor.py:183} INFO - Processing /opt/airflow/dags/arquitectura_retail_completa.py took 0.173 seconds
[2026-02-27T21:23:13.106+0000] {processor.py:161} INFO - Started process (PID=234) to work on /opt/airflow/dags/arquitectura_retail_completa.py
[2026-02-27T21:23:13.108+0000] {processor.py:830} INFO - Processing file /opt/airflow/dags/arquitectura_retail_completa.py for tasks to queue
[2026-02-27T21:23:13.110+0000] {logging_mixin.py:188} INFO - [2026-02-27T21:23:13.109+0000] {dagbag.py:540} INFO - Filling up the DagBag from /opt/airflow/dags/arquitectura_retail_completa.py
[2026-02-27T21:23:13.159+0000] {processor.py:840} INFO - DAG(s) 'arquitectura_retail_completa' retrieved from /opt/airflow/dags/arquitectura_retail_completa.py
[2026-02-27T21:23:13.231+0000] {logging_mixin.py:188} INFO - [2026-02-27T21:23:13.230+0000] {dag.py:3096} INFO - Sync 1 DAGs
[2026-02-27T21:23:13.283+0000] {logging_mixin.py:188} INFO - [2026-02-27T21:23:13.282+0000] {dag.py:3954} INFO - Setting next_dagrun for arquitectura_retail_completa to 2026-02-26 00:00:00+00:00, run_after=2026-02-27 00:00:00+00:00
[2026-02-27T21:23:13.335+0000] {processor.py:183} INFO - Processing /opt/airflow/dags/arquitectura_retail_completa.py took 0.238 seconds
[2026-02-27T21:23:43.913+0000] {processor.py:161} INFO - Started process (PID=242) to work on /opt/airflow/dags/arquitectura_retail_completa.py
[2026-02-27T21:23:43.915+0000] {processor.py:830} INFO - Processing file /opt/airflow/dags/arquitectura_retail_completa.py for tasks to queue
[2026-02-27T21:23:43.917+0000] {logging_mixin.py:188} INFO - [2026-02-27T21:23:43.917+0000] {dagbag.py:540} INFO - Filling up the DagBag from /opt/airflow/dags/arquitectura_retail_completa.py
[2026-02-27T21:23:43.969+0000] {processor.py:840} INFO - DAG(s) 'arquitectura_retail_completa' retrieved from /opt/airflow/dags/arquitectura_retail_completa.py
[2026-02-27T21:23:44.023+0000] {logging_mixin.py:188} INFO - [2026-02-27T21:23:44.023+0000] {dag.py:3096} INFO - Sync 1 DAGs
[2026-02-27T21:23:44.056+0000] {logging_mixin.py:188} INFO - [2026-02-27T21:23:44.055+0000] {dag.py:3954} INFO - Setting next_dagrun for arquitectura_retail_completa to 2026-02-26 00:00:00+00:00, run_after=2026-02-27 00:00:00+00:00
[2026-02-27T21:23:44.092+0000] {processor.py:183} INFO - Processing /opt/airflow/dags/arquitectura_retail_completa.py took 0.189 seconds
[2026-02-27T21:24:14.207+0000] {processor.py:161} INFO - Started process (PID=250) to work on /opt/airflow/dags/arquitectura_retail_completa.py
[2026-02-27T21:24:14.209+0000] {processor.py:830} INFO - Processing file /opt/airflow/dags/arquitectura_retail_completa.py for tasks to queue
[2026-02-27T21:24:14.211+0000] {logging_mixin.py:188} INFO - [2026-02-27T21:24:14.210+0000] {dagbag.py:540} INFO - Filling up the DagBag from /opt/airflow/dags/arquitectura_retail_completa.py
[2026-02-27T21:24:14.260+0000] {processor.py:840} INFO - DAG(s) 'arquitectura_retail_completa' retrieved from /opt/airflow/dags/arquitectura_retail_completa.py
[2026-02-27T21:24:14.311+0000] {logging_mixin.py:188} INFO - [2026-02-27T21:24:14.311+0000] {dag.py:3096} INFO - Sync 1 DAGs
[2026-02-27T21:24:14.341+0000] {logging_mixin.py:188} INFO - [2026-02-27T21:24:14.340+0000] {dag.py:3954} INFO - Setting next_dagrun for arquitectura_retail_completa to 2026-02-26 00:00:00+00:00, run_after=2026-02-27 00:00:00+00:00
[2026-02-27T21:24:14.372+0000] {processor.py:183} INFO - Processing /opt/airflow/dags/arquitectura_retail_completa.py took 0.173 seconds
[2026-02-27T21:24:44.443+0000] {processor.py:161} INFO - Started process (PID=258) to work on /opt/airflow/dags/arquitectura_retail_completa.py
[2026-02-27T21:24:44.445+0000] {processor.py:830} INFO - Processing file /opt/airflow/dags/arquitectura_retail_completa.py for tasks to queue
[2026-02-27T21:24:44.447+0000] {logging_mixin.py:188} INFO - [2026-02-27T21:24:44.446+0000] {dagbag.py:540} INFO - Filling up the DagBag from /opt/airflow/dags/arquitectura_retail_completa.py
[2026-02-27T21:24:44.495+0000] {processor.py:840} INFO - DAG(s) 'arquitectura_retail_completa' retrieved from /opt/airflow/dags/arquitectura_retail_completa.py
[2026-02-27T21:24:44.556+0000] {logging_mixin.py:188} INFO - [2026-02-27T21:24:44.555+0000] {dag.py:3096} INFO - Sync 1 DAGs
[2026-02-27T21:24:44.605+0000] {logging_mixin.py:188} INFO - [2026-02-27T21:24:44.605+0000] {dag.py:3954} INFO - Setting next_dagrun for arquitectura_retail_completa to 2026-02-26 00:00:00+00:00, run_after=2026-02-27 00:00:00+00:00
[2026-02-27T21:24:44.643+0000] {processor.py:183} INFO - Processing /opt/airflow/dags/arquitectura_retail_completa.py took 0.211 seconds
[2026-02-27T21:25:14.804+0000] {processor.py:161} INFO - Started process (PID=266) to work on /opt/airflow/dags/arquitectura_retail_completa.py
[2026-02-27T21:25:14.806+0000] {processor.py:830} INFO - Processing file /opt/airflow/dags/arquitectura_retail_completa.py for tasks to queue
[2026-02-27T21:25:14.809+0000] {logging_mixin.py:188} INFO - [2026-02-27T21:25:14.808+0000] {dagbag.py:540} INFO - Filling up the DagBag from /opt/airflow/dags/arquitectura_retail_completa.py
[2026-02-27T21:25:14.852+0000] {processor.py:840} INFO - DAG(s) 'arquitectura_retail_completa' retrieved from /opt/airflow/dags/arquitectura_retail_completa.py
[2026-02-27T21:25:14.914+0000] {logging_mixin.py:188} INFO - [2026-02-27T21:25:14.913+0000] {dag.py:3096} INFO - Sync 1 DAGs
[2026-02-27T21:25:14.956+0000] {logging_mixin.py:188} INFO - [2026-02-27T21:25:14.956+0000] {dag.py:3954} INFO - Setting next_dagrun for arquitectura_retail_completa to 2026-02-26 00:00:00+00:00, run_after=2026-02-27 00:00:00+00:00
[2026-02-27T21:25:14.996+0000] {processor.py:183} INFO - Processing /opt/airflow/dags/arquitectura_retail_completa.py took 0.206 seconds
[2026-02-27T21:25:45.270+0000] {processor.py:161} INFO - Started process (PID=274) to work on /opt/airflow/dags/arquitectura_retail_completa.py
[2026-02-27T21:25:45.272+0000] {processor.py:830} INFO - Processing file /opt/airflow/dags/arquitectura_retail_completa.py for tasks to queue
[2026-02-27T21:25:45.273+0000] {logging_mixin.py:188} INFO - [2026-02-27T21:25:45.273+0000] {dagbag.py:540} INFO - Filling up the DagBag from /opt/airflow/dags/arquitectura_retail_completa.py
[2026-02-27T21:25:45.314+0000] {processor.py:840} INFO - DAG(s) 'arquitectura_retail_completa' retrieved from /opt/airflow/dags/arquitectura_retail_completa.py
[2026-02-27T21:25:45.360+0000] {logging_mixin.py:188} INFO - [2026-02-27T21:25:45.360+0000] {dag.py:3096} INFO - Sync 1 DAGs
[2026-02-27T21:25:45.390+0000] {logging_mixin.py:188} INFO - [2026-02-27T21:25:45.389+0000] {dag.py:3954} INFO - Setting next_dagrun for arquitectura_retail_completa to 2026-02-26 00:00:00+00:00, run_after=2026-02-27 00:00:00+00:00
[2026-02-27T21:25:45.429+0000] {processor.py:183} INFO - Processing /opt/airflow/dags/arquitectura_retail_completa.py took 0.169 seconds
[2026-02-27T21:26:15.587+0000] {processor.py:161} INFO - Started process (PID=283) to work on /opt/airflow/dags/arquitectura_retail_completa.py
[2026-02-27T21:26:15.589+0000] {processor.py:830} INFO - Processing file /opt/airflow/dags/arquitectura_retail_completa.py for tasks to queue
[2026-02-27T21:26:15.591+0000] {logging_mixin.py:188} INFO - [2026-02-27T21:26:15.591+0000] {dagbag.py:540} INFO - Filling up the DagBag from /opt/airflow/dags/arquitectura_retail_completa.py
[2026-02-27T21:26:15.641+0000] {processor.py:840} INFO - DAG(s) 'arquitectura_retail_completa' retrieved from /opt/airflow/dags/arquitectura_retail_completa.py
[2026-02-27T21:26:15.696+0000] {logging_mixin.py:188} INFO - [2026-02-27T21:26:15.696+0000] {dag.py:3096} INFO - Sync 1 DAGs
[2026-02-27T21:26:15.758+0000] {logging_mixin.py:188} INFO - [2026-02-27T21:26:15.758+0000] {dag.py:3954} INFO - Setting next_dagrun for arquitectura_retail_completa to 2026-02-26 00:00:00+00:00, run_after=2026-02-27 00:00:00+00:00
[2026-02-27T21:26:15.801+0000] {processor.py:183} INFO - Processing /opt/airflow/dags/arquitectura_retail_completa.py took 0.223 seconds
[2026-02-27T21:26:46.141+0000] {processor.py:161} INFO - Started process (PID=290) to work on /opt/airflow/dags/arquitectura_retail_completa.py
[2026-02-27T21:26:46.143+0000] {processor.py:830} INFO - Processing file /opt/airflow/dags/arquitectura_retail_completa.py for tasks to queue
[2026-02-27T21:26:46.147+0000] {logging_mixin.py:188} INFO - [2026-02-27T21:26:46.146+0000] {dagbag.py:540} INFO - Filling up the DagBag from /opt/airflow/dags/arquitectura_retail_completa.py
[2026-02-27T21:26:46.204+0000] {processor.py:840} INFO - DAG(s) 'arquitectura_retail_completa' retrieved from /opt/airflow/dags/arquitectura_retail_completa.py
[2026-02-27T21:26:46.262+0000] {logging_mixin.py:188} INFO - [2026-02-27T21:26:46.261+0000] {dag.py:3096} INFO - Sync 1 DAGs
[2026-02-27T21:26:46.301+0000] {logging_mixin.py:188} INFO - [2026-02-27T21:26:46.301+0000] {dag.py:3954} INFO - Setting next_dagrun for arquitectura_retail_completa to 2026-02-26 00:00:00+00:00, run_after=2026-02-27 00:00:00+00:00
[2026-02-27T21:26:46.342+0000] {processor.py:183} INFO - Processing /opt/airflow/dags/arquitectura_retail_completa.py took 0.214 seconds
[2026-02-27T21:27:16.541+0000] {processor.py:161} INFO - Started process (PID=299) to work on /opt/airflow/dags/arquitectura_retail_completa.py
[2026-02-27T21:27:16.543+0000] {processor.py:830} INFO - Processing file /opt/airflow/dags/arquitectura_retail_completa.py for tasks to queue
[2026-02-27T21:27:16.545+0000] {logging_mixin.py:188} INFO - [2026-02-27T21:27:16.544+0000] {dagbag.py:540} INFO - Filling up the DagBag from /opt/airflow/dags/arquitectura_retail_completa.py
[2026-02-27T21:27:16.585+0000] {processor.py:840} INFO - DAG(s) 'arquitectura_retail_completa' retrieved from /opt/airflow/dags/arquitectura_retail_completa.py
[2026-02-27T21:27:16.637+0000] {logging_mixin.py:188} INFO - [2026-02-27T21:27:16.636+0000] {dag.py:3096} INFO - Sync 1 DAGs
[2026-02-27T21:27:16.669+0000] {logging_mixin.py:188} INFO - [2026-02-27T21:27:16.668+0000] {dag.py:3954} INFO - Setting next_dagrun for arquitectura_retail_completa to 2026-02-26 00:00:00+00:00, run_after=2026-02-27 00:00:00+00:00
[2026-02-27T21:27:16.708+0000] {processor.py:183} INFO - Processing /opt/airflow/dags/arquitectura_retail_completa.py took 0.177 seconds
[2026-02-27T21:27:46.915+0000] {processor.py:161} INFO - Started process (PID=306) to work on /opt/airflow/dags/arquitectura_retail_completa.py
[2026-02-27T21:27:46.917+0000] {processor.py:830} INFO - Processing file /opt/airflow/dags/arquitectura_retail_completa.py for tasks to queue
[2026-02-27T21:27:46.919+0000] {logging_mixin.py:188} INFO - [2026-02-27T21:27:46.918+0000] {dagbag.py:540} INFO - Filling up the DagBag from /opt/airflow/dags/arquitectura_retail_completa.py
[2026-02-27T21:27:46.958+0000] {processor.py:840} INFO - DAG(s) 'arquitectura_retail_completa' retrieved from /opt/airflow/dags/arquitectura_retail_completa.py
[2026-02-27T21:27:47.013+0000] {logging_mixin.py:188} INFO - [2026-02-27T21:27:47.013+0000] {dag.py:3096} INFO - Sync 1 DAGs
[2026-02-27T21:27:47.045+0000] {logging_mixin.py:188} INFO - [2026-02-27T21:27:47.044+0000] {dag.py:3954} INFO - Setting next_dagrun for arquitectura_retail_completa to 2026-02-26 00:00:00+00:00, run_after=2026-02-27 00:00:00+00:00
[2026-02-27T21:27:47.079+0000] {processor.py:183} INFO - Processing /opt/airflow/dags/arquitectura_retail_completa.py took 0.174 seconds
[2026-02-27T21:28:17.169+0000] {processor.py:161} INFO - Started process (PID=314) to work on /opt/airflow/dags/arquitectura_retail_completa.py
[2026-02-27T21:28:17.172+0000] {processor.py:830} INFO - Processing file /opt/airflow/dags/arquitectura_retail_completa.py for tasks to queue
[2026-02-27T21:28:17.174+0000] {logging_mixin.py:188} INFO - [2026-02-27T21:28:17.173+0000] {dagbag.py:540} INFO - Filling up the DagBag from /opt/airflow/dags/arquitectura_retail_completa.py
[2026-02-27T21:28:17.233+0000] {processor.py:840} INFO - DAG(s) 'arquitectura_retail_completa' retrieved from /opt/airflow/dags/arquitectura_retail_completa.py
[2026-02-27T21:28:17.302+0000] {logging_mixin.py:188} INFO - [2026-02-27T21:28:17.301+0000] {dag.py:3096} INFO - Sync 1 DAGs
[2026-02-27T21:28:17.338+0000] {logging_mixin.py:188} INFO - [2026-02-27T21:28:17.338+0000] {dag.py:3954} INFO - Setting next_dagrun for arquitectura_retail_completa to 2026-02-26 00:00:00+00:00, run_after=2026-02-27 00:00:00+00:00
[2026-02-27T21:28:17.373+0000] {processor.py:183} INFO - Processing /opt/airflow/dags/arquitectura_retail_completa.py took 0.216 seconds
[2026-02-27T21:28:47.528+0000] {processor.py:161} INFO - Started process (PID=323) to work on /opt/airflow/dags/arquitectura_retail_completa.py
[2026-02-27T21:28:47.529+0000] {processor.py:830} INFO - Processing file /opt/airflow/dags/arquitectura_retail_completa.py for tasks to queue
[2026-02-27T21:28:47.531+0000] {logging_mixin.py:188} INFO - [2026-02-27T21:28:47.531+0000] {dagbag.py:540} INFO - Filling up the DagBag from /opt/airflow/dags/arquitectura_retail_completa.py
[2026-02-27T21:28:47.567+0000] {processor.py:840} INFO - DAG(s) 'arquitectura_retail_completa' retrieved from /opt/airflow/dags/arquitectura_retail_completa.py
[2026-02-27T21:28:47.615+0000] {logging_mixin.py:188} INFO - [2026-02-27T21:28:47.615+0000] {dag.py:3096} INFO - Sync 1 DAGs
[2026-02-27T21:28:47.648+0000] {logging_mixin.py:188} INFO - [2026-02-27T21:28:47.647+0000] {dag.py:3954} INFO - Setting next_dagrun for arquitectura_retail_completa to 2026-02-26 00:00:00+00:00, run_after=2026-02-27 00:00:00+00:00
[2026-02-27T21:28:47.683+0000] {processor.py:183} INFO - Processing /opt/airflow/dags/arquitectura_retail_completa.py took 0.165 seconds
[2026-02-27T21:29:17.894+0000] {processor.py:161} INFO - Started process (PID=330) to work on /opt/airflow/dags/arquitectura_retail_completa.py
[2026-02-27T21:29:17.897+0000] {processor.py:830} INFO - Processing file /opt/airflow/dags/arquitectura_retail_completa.py for tasks to queue
[2026-02-27T21:29:17.899+0000] {logging_mixin.py:188} INFO - [2026-02-27T21:29:17.898+0000] {dagbag.py:540} INFO - Filling up the DagBag from /opt/airflow/dags/arquitectura_retail_completa.py
[2026-02-27T21:29:17.948+0000] {processor.py:840} INFO - DAG(s) 'arquitectura_retail_completa' retrieved from /opt/airflow/dags/arquitectura_retail_completa.py
[2026-02-27T21:29:18.010+0000] {logging_mixin.py:188} INFO - [2026-02-27T21:29:18.010+0000] {dag.py:3096} INFO - Sync 1 DAGs
[2026-02-27T21:29:18.042+0000] {logging_mixin.py:188} INFO - [2026-02-27T21:29:18.042+0000] {dag.py:3954} INFO - Setting next_dagrun for arquitectura_retail_completa to 2026-02-26 00:00:00+00:00, run_after=2026-02-27 00:00:00+00:00
[2026-02-27T21:29:18.075+0000] {processor.py:183} INFO - Processing /opt/airflow/dags/arquitectura_retail_completa.py took 0.195 seconds
[2026-02-27T21:29:48.279+0000] {processor.py:161} INFO - Started process (PID=339) to work on /opt/airflow/dags/arquitectura_retail_completa.py
[2026-02-27T21:29:48.281+0000] {processor.py:830} INFO - Processing file /opt/airflow/dags/arquitectura_retail_completa.py for tasks to queue
[2026-02-27T21:29:48.283+0000] {logging_mixin.py:188} INFO - [2026-02-27T21:29:48.283+0000] {dagbag.py:540} INFO - Filling up the DagBag from /opt/airflow/dags/arquitectura_retail_completa.py
[2026-02-27T21:29:48.329+0000] {processor.py:840} INFO - DAG(s) 'arquitectura_retail_completa' retrieved from /opt/airflow/dags/arquitectura_retail_completa.py
[2026-02-27T21:29:48.378+0000] {logging_mixin.py:188} INFO - [2026-02-27T21:29:48.377+0000] {dag.py:3096} INFO - Sync 1 DAGs
[2026-02-27T21:29:48.410+0000] {logging_mixin.py:188} INFO - [2026-02-27T21:29:48.410+0000] {dag.py:3954} INFO - Setting next_dagrun for arquitectura_retail_completa to 2026-02-26 00:00:00+00:00, run_after=2026-02-27 00:00:00+00:00
[2026-02-27T21:29:48.448+0000] {processor.py:183} INFO - Processing /opt/airflow/dags/arquitectura_retail_completa.py took 0.179 seconds
[2026-02-27T21:30:18.607+0000] {processor.py:161} INFO - Started process (PID=346) to work on /opt/airflow/dags/arquitectura_retail_completa.py
[2026-02-27T21:30:18.610+0000] {processor.py:830} INFO - Processing file /opt/airflow/dags/arquitectura_retail_completa.py for tasks to queue
[2026-02-27T21:30:18.614+0000] {logging_mixin.py:188} INFO - [2026-02-27T21:30:18.613+0000] {dagbag.py:540} INFO - Filling up the DagBag from /opt/airflow/dags/arquitectura_retail_completa.py
[2026-02-27T21:30:18.670+0000] {processor.py:840} INFO - DAG(s) 'arquitectura_retail_completa' retrieved from /opt/airflow/dags/arquitectura_retail_completa.py
[2026-02-27T21:30:18.726+0000] {logging_mixin.py:188} INFO - [2026-02-27T21:30:18.726+0000] {dag.py:3096} INFO - Sync 1 DAGs
[2026-02-27T21:30:18.763+0000] {logging_mixin.py:188} INFO - [2026-02-27T21:30:18.763+0000] {dag.py:3954} INFO - Setting next_dagrun for arquitectura_retail_completa to 2026-02-26 00:00:00+00:00, run_after=2026-02-27 00:00:00+00:00
[2026-02-27T21:30:18.801+0000] {processor.py:183} INFO - Processing /opt/airflow/dags/arquitectura_retail_completa.py took 0.210 seconds
[2026-02-27T21:30:49.287+0000] {processor.py:161} INFO - Started process (PID=354) to work on /opt/airflow/dags/arquitectura_retail_completa.py
[2026-02-27T21:30:49.289+0000] {processor.py:830} INFO - Processing file /opt/airflow/dags/arquitectura_retail_completa.py for tasks to queue
[2026-02-27T21:30:49.292+0000] {logging_mixin.py:188} INFO - [2026-02-27T21:30:49.291+0000] {dagbag.py:540} INFO - Filling up the DagBag from /opt/airflow/dags/arquitectura_retail_completa.py
[2026-02-27T21:30:49.356+0000] {processor.py:840} INFO - DAG(s) 'arquitectura_retail_completa' retrieved from /opt/airflow/dags/arquitectura_retail_completa.py
[2026-02-27T21:30:49.429+0000] {logging_mixin.py:188} INFO - [2026-02-27T21:30:49.429+0000] {dag.py:3096} INFO - Sync 1 DAGs
[2026-02-27T21:30:49.476+0000] {logging_mixin.py:188} INFO - [2026-02-27T21:30:49.475+0000] {dag.py:3954} INFO - Setting next_dagrun for arquitectura_retail_completa to 2026-02-26 00:00:00+00:00, run_after=2026-02-27 00:00:00+00:00
[2026-02-27T21:30:49.527+0000] {processor.py:183} INFO - Processing /opt/airflow/dags/arquitectura_retail_completa.py took 0.254 seconds
[2026-02-27T21:31:37.807+0000] {processor.py:161} INFO - Started process (PID=34) to work on /opt/airflow/dags/arquitectura_retail_completa.py
[2026-02-27T21:31:37.809+0000] {processor.py:830} INFO - Processing file /opt/airflow/dags/arquitectura_retail_completa.py for tasks to queue
[2026-02-27T21:31:37.816+0000] {logging_mixin.py:188} INFO - [2026-02-27T21:31:37.815+0000] {dagbag.py:540} INFO - Filling up the DagBag from /opt/airflow/dags/arquitectura_retail_completa.py
[2026-02-27T21:31:37.874+0000] {processor.py:840} INFO - DAG(s) 'arquitectura_retail_completa' retrieved from /opt/airflow/dags/arquitectura_retail_completa.py
[2026-02-27T21:31:37.973+0000] {logging_mixin.py:188} INFO - [2026-02-27T21:31:37.973+0000] {dag.py:3096} INFO - Sync 1 DAGs
[2026-02-27T21:31:38.019+0000] {logging_mixin.py:188} INFO - [2026-02-27T21:31:38.019+0000] {dag.py:3954} INFO - Setting next_dagrun for arquitectura_retail_completa to 2026-02-26 00:00:00+00:00, run_after=2026-02-27 00:00:00+00:00
[2026-02-27T21:31:38.078+0000] {processor.py:183} INFO - Processing /opt/airflow/dags/arquitectura_retail_completa.py took 0.286 seconds
[2026-02-27T21:32:08.311+0000] {processor.py:161} INFO - Started process (PID=42) to work on /opt/airflow/dags/arquitectura_retail_completa.py
[2026-02-27T21:32:08.313+0000] {processor.py:830} INFO - Processing file /opt/airflow/dags/arquitectura_retail_completa.py for tasks to queue
[2026-02-27T21:32:08.314+0000] {logging_mixin.py:188} INFO - [2026-02-27T21:32:08.314+0000] {dagbag.py:540} INFO - Filling up the DagBag from /opt/airflow/dags/arquitectura_retail_completa.py
[2026-02-27T21:32:08.359+0000] {processor.py:840} INFO - DAG(s) 'arquitectura_retail_completa' retrieved from /opt/airflow/dags/arquitectura_retail_completa.py
[2026-02-27T21:32:08.410+0000] {logging_mixin.py:188} INFO - [2026-02-27T21:32:08.410+0000] {dag.py:3096} INFO - Sync 1 DAGs
[2026-02-27T21:32:08.442+0000] {logging_mixin.py:188} INFO - [2026-02-27T21:32:08.442+0000] {dag.py:3954} INFO - Setting next_dagrun for arquitectura_retail_completa to 2026-02-26 00:00:00+00:00, run_after=2026-02-27 00:00:00+00:00
[2026-02-27T21:32:08.479+0000] {processor.py:183} INFO - Processing /opt/airflow/dags/arquitectura_retail_completa.py took 0.175 seconds
[2026-02-27T21:32:38.736+0000] {processor.py:161} INFO - Started process (PID=50) to work on /opt/airflow/dags/arquitectura_retail_completa.py
[2026-02-27T21:32:38.737+0000] {processor.py:830} INFO - Processing file /opt/airflow/dags/arquitectura_retail_completa.py for tasks to queue
[2026-02-27T21:32:38.739+0000] {logging_mixin.py:188} INFO - [2026-02-27T21:32:38.738+0000] {dagbag.py:540} INFO - Filling up the DagBag from /opt/airflow/dags/arquitectura_retail_completa.py
[2026-02-27T21:32:38.786+0000] {processor.py:840} INFO - DAG(s) 'arquitectura_retail_completa' retrieved from /opt/airflow/dags/arquitectura_retail_completa.py
[2026-02-27T21:32:38.842+0000] {logging_mixin.py:188} INFO - [2026-02-27T21:32:38.842+0000] {dag.py:3096} INFO - Sync 1 DAGs
[2026-02-27T21:32:38.872+0000] {logging_mixin.py:188} INFO - [2026-02-27T21:32:38.872+0000] {dag.py:3954} INFO - Setting next_dagrun for arquitectura_retail_completa to 2026-02-26 00:00:00+00:00, run_after=2026-02-27 00:00:00+00:00
[2026-02-27T21:32:38.903+0000] {processor.py:183} INFO - Processing /opt/airflow/dags/arquitectura_retail_completa.py took 0.177 seconds
[2026-02-27T21:33:09.043+0000] {processor.py:161} INFO - Started process (PID=58) to work on /opt/airflow/dags/arquitectura_retail_completa.py
[2026-02-27T21:33:09.044+0000] {processor.py:830} INFO - Processing file /opt/airflow/dags/arquitectura_retail_completa.py for tasks to queue
[2026-02-27T21:33:09.046+0000] {logging_mixin.py:188} INFO - [2026-02-27T21:33:09.046+0000] {dagbag.py:540} INFO - Filling up the DagBag from /opt/airflow/dags/arquitectura_retail_completa.py
[2026-02-27T21:33:09.096+0000] {processor.py:840} INFO - DAG(s) 'arquitectura_retail_completa' retrieved from /opt/airflow/dags/arquitectura_retail_completa.py
[2026-02-27T21:33:09.149+0000] {logging_mixin.py:188} INFO - [2026-02-27T21:33:09.148+0000] {dag.py:3096} INFO - Sync 1 DAGs
[2026-02-27T21:33:09.180+0000] {logging_mixin.py:188} INFO - [2026-02-27T21:33:09.180+0000] {dag.py:3954} INFO - Setting next_dagrun for arquitectura_retail_completa to 2026-02-26 00:00:00+00:00, run_after=2026-02-27 00:00:00+00:00
[2026-02-27T21:33:09.227+0000] {processor.py:183} INFO - Processing /opt/airflow/dags/arquitectura_retail_completa.py took 0.194 seconds
[2026-02-27T21:33:39.553+0000] {processor.py:161} INFO - Started process (PID=66) to work on /opt/airflow/dags/arquitectura_retail_completa.py
[2026-02-27T21:33:39.555+0000] {processor.py:830} INFO - Processing file /opt/airflow/dags/arquitectura_retail_completa.py for tasks to queue
[2026-02-27T21:33:39.557+0000] {logging_mixin.py:188} INFO - [2026-02-27T21:33:39.556+0000] {dagbag.py:540} INFO - Filling up the DagBag from /opt/airflow/dags/arquitectura_retail_completa.py
[2026-02-27T21:33:39.596+0000] {processor.py:840} INFO - DAG(s) 'arquitectura_retail_completa' retrieved from /opt/airflow/dags/arquitectura_retail_completa.py
[2026-02-27T21:33:39.642+0000] {logging_mixin.py:188} INFO - [2026-02-27T21:33:39.641+0000] {dag.py:3096} INFO - Sync 1 DAGs
[2026-02-27T21:33:39.672+0000] {logging_mixin.py:188} INFO - [2026-02-27T21:33:39.671+0000] {dag.py:3954} INFO - Setting next_dagrun for arquitectura_retail_completa to 2026-02-26 00:00:00+00:00, run_after=2026-02-27 00:00:00+00:00
[2026-02-27T21:33:39.700+0000] {processor.py:183} INFO - Processing /opt/airflow/dags/arquitectura_retail_completa.py took 0.160 seconds
[2026-02-27T21:34:09.916+0000] {processor.py:161} INFO - Started process (PID=74) to work on /opt/airflow/dags/arquitectura_retail_completa.py
[2026-02-27T21:34:09.917+0000] {processor.py:830} INFO - Processing file /opt/airflow/dags/arquitectura_retail_completa.py for tasks to queue
[2026-02-27T21:34:09.919+0000] {logging_mixin.py:188} INFO - [2026-02-27T21:34:09.918+0000] {dagbag.py:540} INFO - Filling up the DagBag from /opt/airflow/dags/arquitectura_retail_completa.py
[2026-02-27T21:34:09.960+0000] {processor.py:840} INFO - DAG(s) 'arquitectura_retail_completa' retrieved from /opt/airflow/dags/arquitectura_retail_completa.py
[2026-02-27T21:34:10.011+0000] {logging_mixin.py:188} INFO - [2026-02-27T21:34:10.010+0000] {dag.py:3096} INFO - Sync 1 DAGs
[2026-02-27T21:34:10.042+0000] {logging_mixin.py:188} INFO - [2026-02-27T21:34:10.042+0000] {dag.py:3954} INFO - Setting next_dagrun for arquitectura_retail_completa to 2026-02-26 00:00:00+00:00, run_after=2026-02-27 00:00:00+00:00
[2026-02-27T21:34:10.077+0000] {processor.py:183} INFO - Processing /opt/airflow/dags/arquitectura_retail_completa.py took 0.168 seconds
[2026-02-27T21:34:40.337+0000] {processor.py:161} INFO - Started process (PID=82) to work on /opt/airflow/dags/arquitectura_retail_completa.py
[2026-02-27T21:34:40.340+0000] {processor.py:830} INFO - Processing file /opt/airflow/dags/arquitectura_retail_completa.py for tasks to queue
[2026-02-27T21:34:40.342+0000] {logging_mixin.py:188} INFO - [2026-02-27T21:34:40.341+0000] {dagbag.py:540} INFO - Filling up the DagBag from /opt/airflow/dags/arquitectura_retail_completa.py
[2026-02-27T21:34:40.391+0000] {processor.py:840} INFO - DAG(s) 'arquitectura_retail_completa' retrieved from /opt/airflow/dags/arquitectura_retail_completa.py
[2026-02-27T21:34:40.444+0000] {logging_mixin.py:188} INFO - [2026-02-27T21:34:40.443+0000] {dag.py:3096} INFO - Sync 1 DAGs
[2026-02-27T21:34:40.480+0000] {logging_mixin.py:188} INFO - [2026-02-27T21:34:40.479+0000] {dag.py:3954} INFO - Setting next_dagrun for arquitectura_retail_completa to 2026-02-26 00:00:00+00:00, run_after=2026-02-27 00:00:00+00:00
[2026-02-27T21:34:40.513+0000] {processor.py:183} INFO - Processing /opt/airflow/dags/arquitectura_retail_completa.py took 0.187 seconds
[2026-02-27T21:35:10.689+0000] {processor.py:161} INFO - Started process (PID=90) to work on /opt/airflow/dags/arquitectura_retail_completa.py
[2026-02-27T21:35:10.690+0000] {processor.py:830} INFO - Processing file /opt/airflow/dags/arquitectura_retail_completa.py for tasks to queue
[2026-02-27T21:35:10.692+0000] {logging_mixin.py:188} INFO - [2026-02-27T21:35:10.691+0000] {dagbag.py:540} INFO - Filling up the DagBag from /opt/airflow/dags/arquitectura_retail_completa.py
[2026-02-27T21:35:10.736+0000] {processor.py:840} INFO - DAG(s) 'arquitectura_retail_completa' retrieved from /opt/airflow/dags/arquitectura_retail_completa.py
[2026-02-27T21:35:10.789+0000] {logging_mixin.py:188} INFO - [2026-02-27T21:35:10.788+0000] {dag.py:3096} INFO - Sync 1 DAGs
[2026-02-27T21:35:10.825+0000] {logging_mixin.py:188} INFO - [2026-02-27T21:35:10.825+0000] {dag.py:3954} INFO - Setting next_dagrun for arquitectura_retail_completa to 2026-02-26 00:00:00+00:00, run_after=2026-02-27 00:00:00+00:00
[2026-02-27T21:35:10.854+0000] {processor.py:183} INFO - Processing /opt/airflow/dags/arquitectura_retail_completa.py took 0.175 seconds
[2026-02-27T21:35:41.251+0000] {processor.py:161} INFO - Started process (PID=98) to work on /opt/airflow/dags/arquitectura_retail_completa.py
[2026-02-27T21:35:41.254+0000] {processor.py:830} INFO - Processing file /opt/airflow/dags/arquitectura_retail_completa.py for tasks to queue
[2026-02-27T21:35:41.256+0000] {logging_mixin.py:188} INFO - [2026-02-27T21:35:41.255+0000] {dagbag.py:540} INFO - Filling up the DagBag from /opt/airflow/dags/arquitectura_retail_completa.py
[2026-02-27T21:35:41.324+0000] {processor.py:840} INFO - DAG(s) 'arquitectura_retail_completa' retrieved from /opt/airflow/dags/arquitectura_retail_completa.py
[2026-02-27T21:35:41.395+0000] {logging_mixin.py:188} INFO - [2026-02-27T21:35:41.394+0000] {dag.py:3096} INFO - Sync 1 DAGs
[2026-02-27T21:35:41.468+0000] {logging_mixin.py:188} INFO - [2026-02-27T21:35:41.468+0000] {dag.py:3954} INFO - Setting next_dagrun for arquitectura_retail_completa to 2026-02-26 00:00:00+00:00, run_after=2026-02-27 00:00:00+00:00
[2026-02-27T21:35:41.530+0000] {processor.py:183} INFO - Processing /opt/airflow/dags/arquitectura_retail_completa.py took 0.300 seconds
[2026-02-27T21:36:11.808+0000] {processor.py:161} INFO - Started process (PID=106) to work on /opt/airflow/dags/arquitectura_retail_completa.py
[2026-02-27T21:36:11.810+0000] {processor.py:830} INFO - Processing file /opt/airflow/dags/arquitectura_retail_completa.py for tasks to queue
[2026-02-27T21:36:11.812+0000] {logging_mixin.py:188} INFO - [2026-02-27T21:36:11.812+0000] {dagbag.py:540} INFO - Filling up the DagBag from /opt/airflow/dags/arquitectura_retail_completa.py
[2026-02-27T21:36:11.860+0000] {processor.py:840} INFO - DAG(s) 'arquitectura_retail_completa' retrieved from /opt/airflow/dags/arquitectura_retail_completa.py
[2026-02-27T21:36:11.910+0000] {logging_mixin.py:188} INFO - [2026-02-27T21:36:11.909+0000] {dag.py:3096} INFO - Sync 1 DAGs
[2026-02-27T21:36:11.950+0000] {logging_mixin.py:188} INFO - [2026-02-27T21:36:11.950+0000] {dag.py:3954} INFO - Setting next_dagrun for arquitectura_retail_completa to 2026-02-26 00:00:00+00:00, run_after=2026-02-27 00:00:00+00:00
[2026-02-27T21:36:11.984+0000] {processor.py:183} INFO - Processing /opt/airflow/dags/arquitectura_retail_completa.py took 0.185 seconds
[2026-02-27T21:36:42.407+0000] {processor.py:161} INFO - Started process (PID=114) to work on /opt/airflow/dags/arquitectura_retail_completa.py
[2026-02-27T21:36:42.408+0000] {processor.py:830} INFO - Processing file /opt/airflow/dags/arquitectura_retail_completa.py for tasks to queue
[2026-02-27T21:36:42.410+0000] {logging_mixin.py:188} INFO - [2026-02-27T21:36:42.410+0000] {dagbag.py:540} INFO - Filling up the DagBag from /opt/airflow/dags/arquitectura_retail_completa.py
[2026-02-27T21:36:42.461+0000] {processor.py:840} INFO - DAG(s) 'arquitectura_retail_completa' retrieved from /opt/airflow/dags/arquitectura_retail_completa.py
[2026-02-27T21:36:42.516+0000] {logging_mixin.py:188} INFO - [2026-02-27T21:36:42.515+0000] {dag.py:3096} INFO - Sync 1 DAGs
[2026-02-27T21:36:42.564+0000] {logging_mixin.py:188} INFO - [2026-02-27T21:36:42.564+0000] {dag.py:3954} INFO - Setting next_dagrun for arquitectura_retail_completa to 2026-02-26 00:00:00+00:00, run_after=2026-02-27 00:00:00+00:00
[2026-02-27T21:36:42.610+0000] {processor.py:183} INFO - Processing /opt/airflow/dags/arquitectura_retail_completa.py took 0.223 seconds
[2026-02-27T21:37:12.859+0000] {processor.py:161} INFO - Started process (PID=122) to work on /opt/airflow/dags/arquitectura_retail_completa.py
[2026-02-27T21:37:12.861+0000] {processor.py:830} INFO - Processing file /opt/airflow/dags/arquitectura_retail_completa.py for tasks to queue
[2026-02-27T21:37:12.863+0000] {logging_mixin.py:188} INFO - [2026-02-27T21:37:12.863+0000] {dagbag.py:540} INFO - Filling up the DagBag from /opt/airflow/dags/arquitectura_retail_completa.py
[2026-02-27T21:37:12.908+0000] {processor.py:840} INFO - DAG(s) 'arquitectura_retail_completa' retrieved from /opt/airflow/dags/arquitectura_retail_completa.py
[2026-02-27T21:37:12.969+0000] {logging_mixin.py:188} INFO - [2026-02-27T21:37:12.969+0000] {dag.py:3096} INFO - Sync 1 DAGs
[2026-02-27T21:37:13.003+0000] {logging_mixin.py:188} INFO - [2026-02-27T21:37:13.003+0000] {dag.py:3954} INFO - Setting next_dagrun for arquitectura_retail_completa to 2026-02-26 00:00:00+00:00, run_after=2026-02-27 00:00:00+00:00
[2026-02-27T21:37:13.041+0000] {processor.py:183} INFO - Processing /opt/airflow/dags/arquitectura_retail_completa.py took 0.192 seconds
[2026-02-27T21:37:43.141+0000] {processor.py:161} INFO - Started process (PID=130) to work on /opt/airflow/dags/arquitectura_retail_completa.py
[2026-02-27T21:37:43.143+0000] {processor.py:830} INFO - Processing file /opt/airflow/dags/arquitectura_retail_completa.py for tasks to queue
[2026-02-27T21:37:43.144+0000] {logging_mixin.py:188} INFO - [2026-02-27T21:37:43.144+0000] {dagbag.py:540} INFO - Filling up the DagBag from /opt/airflow/dags/arquitectura_retail_completa.py
[2026-02-27T21:37:43.184+0000] {processor.py:840} INFO - DAG(s) 'arquitectura_retail_completa' retrieved from /opt/airflow/dags/arquitectura_retail_completa.py
[2026-02-27T21:37:43.234+0000] {logging_mixin.py:188} INFO - [2026-02-27T21:37:43.233+0000] {dag.py:3096} INFO - Sync 1 DAGs
[2026-02-27T21:37:43.265+0000] {logging_mixin.py:188} INFO - [2026-02-27T21:37:43.265+0000] {dag.py:3954} INFO - Setting next_dagrun for arquitectura_retail_completa to 2026-02-26 00:00:00+00:00, run_after=2026-02-27 00:00:00+00:00
[2026-02-27T21:37:43.304+0000] {processor.py:183} INFO - Processing /opt/airflow/dags/arquitectura_retail_completa.py took 0.171 seconds
[2026-02-27T21:38:13.617+0000] {processor.py:161} INFO - Started process (PID=138) to work on /opt/airflow/dags/arquitectura_retail_completa.py
[2026-02-27T21:38:13.619+0000] {processor.py:830} INFO - Processing file /opt/airflow/dags/arquitectura_retail_completa.py for tasks to queue
[2026-02-27T21:38:13.620+0000] {logging_mixin.py:188} INFO - [2026-02-27T21:38:13.620+0000] {dagbag.py:540} INFO - Filling up the DagBag from /opt/airflow/dags/arquitectura_retail_completa.py
[2026-02-27T21:38:13.673+0000] {processor.py:840} INFO - DAG(s) 'arquitectura_retail_completa' retrieved from /opt/airflow/dags/arquitectura_retail_completa.py
[2026-02-27T21:38:13.730+0000] {logging_mixin.py:188} INFO - [2026-02-27T21:38:13.730+0000] {dag.py:3096} INFO - Sync 1 DAGs
[2026-02-27T21:38:13.766+0000] {logging_mixin.py:188} INFO - [2026-02-27T21:38:13.765+0000] {dag.py:3954} INFO - Setting next_dagrun for arquitectura_retail_completa to 2026-02-26 00:00:00+00:00, run_after=2026-02-27 00:00:00+00:00
[2026-02-27T21:38:13.800+0000] {processor.py:183} INFO - Processing /opt/airflow/dags/arquitectura_retail_completa.py took 0.191 seconds
[2026-02-27T21:38:43.937+0000] {processor.py:161} INFO - Started process (PID=146) to work on /opt/airflow/dags/arquitectura_retail_completa.py
[2026-02-27T21:38:43.939+0000] {processor.py:830} INFO - Processing file /opt/airflow/dags/arquitectura_retail_completa.py for tasks to queue
[2026-02-27T21:38:43.942+0000] {logging_mixin.py:188} INFO - [2026-02-27T21:38:43.941+0000] {dagbag.py:540} INFO - Filling up the DagBag from /opt/airflow/dags/arquitectura_retail_completa.py
[2026-02-27T21:38:43.995+0000] {processor.py:840} INFO - DAG(s) 'arquitectura_retail_completa' retrieved from /opt/airflow/dags/arquitectura_retail_completa.py
[2026-02-27T21:38:44.061+0000] {logging_mixin.py:188} INFO - [2026-02-27T21:38:44.060+0000] {dag.py:3096} INFO - Sync 1 DAGs
[2026-02-27T21:38:44.111+0000] {logging_mixin.py:188} INFO - [2026-02-27T21:38:44.111+0000] {dag.py:3954} INFO - Setting next_dagrun for arquitectura_retail_completa to 2026-02-26 00:00:00+00:00, run_after=2026-02-27 00:00:00+00:00
[2026-02-27T21:38:44.155+0000] {processor.py:183} INFO - Processing /opt/airflow/dags/arquitectura_retail_completa.py took 0.232 seconds
[2026-02-27T21:39:14.561+0000] {processor.py:161} INFO - Started process (PID=154) to work on /opt/airflow/dags/arquitectura_retail_completa.py
[2026-02-27T21:39:14.562+0000] {processor.py:830} INFO - Processing file /opt/airflow/dags/arquitectura_retail_completa.py for tasks to queue
[2026-02-27T21:39:14.564+0000] {logging_mixin.py:188} INFO - [2026-02-27T21:39:14.564+0000] {dagbag.py:540} INFO - Filling up the DagBag from /opt/airflow/dags/arquitectura_retail_completa.py
[2026-02-27T21:39:14.602+0000] {processor.py:840} INFO - DAG(s) 'arquitectura_retail_completa' retrieved from /opt/airflow/dags/arquitectura_retail_completa.py
[2026-02-27T21:39:14.655+0000] {logging_mixin.py:188} INFO - [2026-02-27T21:39:14.655+0000] {dag.py:3096} INFO - Sync 1 DAGs
[2026-02-27T21:39:14.687+0000] {logging_mixin.py:188} INFO - [2026-02-27T21:39:14.686+0000] {dag.py:3954} INFO - Setting next_dagrun for arquitectura_retail_completa to 2026-02-26 00:00:00+00:00, run_after=2026-02-27 00:00:00+00:00
[2026-02-27T21:39:14.715+0000] {processor.py:183} INFO - Processing /opt/airflow/dags/arquitectura_retail_completa.py took 0.163 seconds
[2026-02-27T21:39:45.064+0000] {processor.py:161} INFO - Started process (PID=162) to work on /opt/airflow/dags/arquitectura_retail_completa.py
[2026-02-27T21:39:45.066+0000] {processor.py:830} INFO - Processing file /opt/airflow/dags/arquitectura_retail_completa.py for tasks to queue
[2026-02-27T21:39:45.067+0000] {logging_mixin.py:188} INFO - [2026-02-27T21:39:45.067+0000] {dagbag.py:540} INFO - Filling up the DagBag from /opt/airflow/dags/arquitectura_retail_completa.py
[2026-02-27T21:39:45.111+0000] {processor.py:840} INFO - DAG(s) 'arquitectura_retail_completa' retrieved from /opt/airflow/dags/arquitectura_retail_completa.py
[2026-02-27T21:39:45.166+0000] {logging_mixin.py:188} INFO - [2026-02-27T21:39:45.166+0000] {dag.py:3096} INFO - Sync 1 DAGs
[2026-02-27T21:39:45.200+0000] {logging_mixin.py:188} INFO - [2026-02-27T21:39:45.200+0000] {dag.py:3954} INFO - Setting next_dagrun for arquitectura_retail_completa to 2026-02-26 00:00:00+00:00, run_after=2026-02-27 00:00:00+00:00
[2026-02-27T21:39:45.229+0000] {processor.py:183} INFO - Processing /opt/airflow/dags/arquitectura_retail_completa.py took 0.178 seconds
[2026-02-27T21:40:15.366+0000] {processor.py:161} INFO - Started process (PID=170) to work on /opt/airflow/dags/arquitectura_retail_completa.py
[2026-02-27T21:40:15.368+0000] {processor.py:830} INFO - Processing file /opt/airflow/dags/arquitectura_retail_completa.py for tasks to queue
[2026-02-27T21:40:15.369+0000] {logging_mixin.py:188} INFO - [2026-02-27T21:40:15.369+0000] {dagbag.py:540} INFO - Filling up the DagBag from /opt/airflow/dags/arquitectura_retail_completa.py
[2026-02-27T21:40:15.409+0000] {processor.py:840} INFO - DAG(s) 'arquitectura_retail_completa' retrieved from /opt/airflow/dags/arquitectura_retail_completa.py
[2026-02-27T21:40:15.464+0000] {logging_mixin.py:188} INFO - [2026-02-27T21:40:15.463+0000] {dag.py:3096} INFO - Sync 1 DAGs
[2026-02-27T21:40:15.495+0000] {logging_mixin.py:188} INFO - [2026-02-27T21:40:15.495+0000] {dag.py:3954} INFO - Setting next_dagrun for arquitectura_retail_completa to 2026-02-26 00:00:00+00:00, run_after=2026-02-27 00:00:00+00:00
[2026-02-27T21:40:15.528+0000] {processor.py:183} INFO - Processing /opt/airflow/dags/arquitectura_retail_completa.py took 0.170 seconds
[2026-02-27T21:40:46.037+0000] {processor.py:161} INFO - Started process (PID=178) to work on /opt/airflow/dags/arquitectura_retail_completa.py
[2026-02-27T21:40:46.038+0000] {processor.py:830} INFO - Processing file /opt/airflow/dags/arquitectura_retail_completa.py for tasks to queue
[2026-02-27T21:40:46.041+0000] {logging_mixin.py:188} INFO - [2026-02-27T21:40:46.040+0000] {dagbag.py:540} INFO - Filling up the DagBag from /opt/airflow/dags/arquitectura_retail_completa.py
[2026-02-27T21:40:46.086+0000] {processor.py:840} INFO - DAG(s) 'arquitectura_retail_completa' retrieved from /opt/airflow/dags/arquitectura_retail_completa.py
[2026-02-27T21:40:46.130+0000] {logging_mixin.py:188} INFO - [2026-02-27T21:40:46.130+0000] {dag.py:3096} INFO - Sync 1 DAGs
[2026-02-27T21:40:46.160+0000] {logging_mixin.py:188} INFO - [2026-02-27T21:40:46.159+0000] {dag.py:3954} INFO - Setting next_dagrun for arquitectura_retail_completa to 2026-02-26 00:00:00+00:00, run_after=2026-02-27 00:00:00+00:00
[2026-02-27T21:40:46.189+0000] {processor.py:183} INFO - Processing /opt/airflow/dags/arquitectura_retail_completa.py took 0.160 seconds
[2026-02-27T21:41:16.541+0000] {processor.py:161} INFO - Started process (PID=186) to work on /opt/airflow/dags/arquitectura_retail_completa.py
[2026-02-27T21:41:16.542+0000] {processor.py:830} INFO - Processing file /opt/airflow/dags/arquitectura_retail_completa.py for tasks to queue
[2026-02-27T21:41:16.544+0000] {logging_mixin.py:188} INFO - [2026-02-27T21:41:16.544+0000] {dagbag.py:540} INFO - Filling up the DagBag from /opt/airflow/dags/arquitectura_retail_completa.py
[2026-02-27T21:41:16.599+0000] {processor.py:840} INFO - DAG(s) 'arquitectura_retail_completa' retrieved from /opt/airflow/dags/arquitectura_retail_completa.py
[2026-02-27T21:41:16.665+0000] {logging_mixin.py:188} INFO - [2026-02-27T21:41:16.664+0000] {dag.py:3096} INFO - Sync 1 DAGs
[2026-02-27T21:41:16.698+0000] {logging_mixin.py:188} INFO - [2026-02-27T21:41:16.698+0000] {dag.py:3954} INFO - Setting next_dagrun for arquitectura_retail_completa to 2026-02-26 00:00:00+00:00, run_after=2026-02-27 00:00:00+00:00
[2026-02-27T21:41:16.734+0000] {processor.py:183} INFO - Processing /opt/airflow/dags/arquitectura_retail_completa.py took 0.203 seconds
[2026-02-27T21:41:47.073+0000] {processor.py:161} INFO - Started process (PID=194) to work on /opt/airflow/dags/arquitectura_retail_completa.py
[2026-02-27T21:41:47.075+0000] {processor.py:830} INFO - Processing file /opt/airflow/dags/arquitectura_retail_completa.py for tasks to queue
[2026-02-27T21:41:47.077+0000] {logging_mixin.py:188} INFO - [2026-02-27T21:41:47.076+0000] {dagbag.py:540} INFO - Filling up the DagBag from /opt/airflow/dags/arquitectura_retail_completa.py
[2026-02-27T21:41:47.124+0000] {processor.py:840} INFO - DAG(s) 'arquitectura_retail_completa' retrieved from /opt/airflow/dags/arquitectura_retail_completa.py
[2026-02-27T21:41:47.176+0000] {logging_mixin.py:188} INFO - [2026-02-27T21:41:47.176+0000] {dag.py:3096} INFO - Sync 1 DAGs
[2026-02-27T21:41:47.208+0000] {logging_mixin.py:188} INFO - [2026-02-27T21:41:47.207+0000] {dag.py:3954} INFO - Setting next_dagrun for arquitectura_retail_completa to 2026-02-26 00:00:00+00:00, run_after=2026-02-27 00:00:00+00:00
[2026-02-27T21:41:47.236+0000] {processor.py:183} INFO - Processing /opt/airflow/dags/arquitectura_retail_completa.py took 0.173 seconds
[2026-02-27T21:42:17.369+0000] {processor.py:161} INFO - Started process (PID=202) to work on /opt/airflow/dags/arquitectura_retail_completa.py
[2026-02-27T21:42:17.370+0000] {processor.py:830} INFO - Processing file /opt/airflow/dags/arquitectura_retail_completa.py for tasks to queue
[2026-02-27T21:42:17.372+0000] {logging_mixin.py:188} INFO - [2026-02-27T21:42:17.372+0000] {dagbag.py:540} INFO - Filling up the DagBag from /opt/airflow/dags/arquitectura_retail_completa.py
[2026-02-27T21:42:17.415+0000] {processor.py:840} INFO - DAG(s) 'arquitectura_retail_completa' retrieved from /opt/airflow/dags/arquitectura_retail_completa.py
[2026-02-27T21:42:17.470+0000] {logging_mixin.py:188} INFO - [2026-02-27T21:42:17.470+0000] {dag.py:3096} INFO - Sync 1 DAGs
[2026-02-27T21:42:17.503+0000] {logging_mixin.py:188} INFO - [2026-02-27T21:42:17.502+0000] {dag.py:3954} INFO - Setting next_dagrun for arquitectura_retail_completa to 2026-02-26 00:00:00+00:00, run_after=2026-02-27 00:00:00+00:00
[2026-02-27T21:42:17.532+0000] {processor.py:183} INFO - Processing /opt/airflow/dags/arquitectura_retail_completa.py took 0.175 seconds
[2026-02-27T21:42:47.801+0000] {processor.py:161} INFO - Started process (PID=210) to work on /opt/airflow/dags/arquitectura_retail_completa.py
[2026-02-27T21:42:47.803+0000] {processor.py:830} INFO - Processing file /opt/airflow/dags/arquitectura_retail_completa.py for tasks to queue
[2026-02-27T21:42:47.806+0000] {logging_mixin.py:188} INFO - [2026-02-27T21:42:47.804+0000] {dagbag.py:540} INFO - Filling up the DagBag from /opt/airflow/dags/arquitectura_retail_completa.py
[2026-02-27T21:42:47.869+0000] {processor.py:840} INFO - DAG(s) 'arquitectura_retail_completa' retrieved from /opt/airflow/dags/arquitectura_retail_completa.py
[2026-02-27T21:42:47.925+0000] {logging_mixin.py:188} INFO - [2026-02-27T21:42:47.925+0000] {dag.py:3096} INFO - Sync 1 DAGs
[2026-02-27T21:42:47.960+0000] {logging_mixin.py:188} INFO - [2026-02-27T21:42:47.960+0000] {dag.py:3954} INFO - Setting next_dagrun for arquitectura_retail_completa to 2026-02-26 00:00:00+00:00, run_after=2026-02-27 00:00:00+00:00
[2026-02-27T21:42:47.995+0000] {processor.py:183} INFO - Processing /opt/airflow/dags/arquitectura_retail_completa.py took 0.202 seconds
[2026-02-27T21:43:18.193+0000] {processor.py:161} INFO - Started process (PID=218) to work on /opt/airflow/dags/arquitectura_retail_completa.py
[2026-02-27T21:43:18.195+0000] {processor.py:830} INFO - Processing file /opt/airflow/dags/arquitectura_retail_completa.py for tasks to queue
[2026-02-27T21:43:18.197+0000] {logging_mixin.py:188} INFO - [2026-02-27T21:43:18.197+0000] {dagbag.py:540} INFO - Filling up the DagBag from /opt/airflow/dags/arquitectura_retail_completa.py
[2026-02-27T21:43:18.241+0000] {processor.py:840} INFO - DAG(s) 'arquitectura_retail_completa' retrieved from /opt/airflow/dags/arquitectura_retail_completa.py
[2026-02-27T21:43:18.297+0000] {logging_mixin.py:188} INFO - [2026-02-27T21:43:18.297+0000] {dag.py:3096} INFO - Sync 1 DAGs
[2026-02-27T21:43:18.327+0000] {logging_mixin.py:188} INFO - [2026-02-27T21:43:18.327+0000] {dag.py:3954} INFO - Setting next_dagrun for arquitectura_retail_completa to 2026-02-26 00:00:00+00:00, run_after=2026-02-27 00:00:00+00:00
[2026-02-27T21:43:18.359+0000] {processor.py:183} INFO - Processing /opt/airflow/dags/arquitectura_retail_completa.py took 0.175 seconds
[2026-02-27T21:43:48.596+0000] {processor.py:161} INFO - Started process (PID=226) to work on /opt/airflow/dags/arquitectura_retail_completa.py
[2026-02-27T21:43:48.598+0000] {processor.py:830} INFO - Processing file /opt/airflow/dags/arquitectura_retail_completa.py for tasks to queue
[2026-02-27T21:43:48.600+0000] {logging_mixin.py:188} INFO - [2026-02-27T21:43:48.599+0000] {dagbag.py:540} INFO - Filling up the DagBag from /opt/airflow/dags/arquitectura_retail_completa.py
[2026-02-27T21:43:48.653+0000] {processor.py:840} INFO - DAG(s) 'arquitectura_retail_completa' retrieved from /opt/airflow/dags/arquitectura_retail_completa.py
[2026-02-27T21:43:48.730+0000] {logging_mixin.py:188} INFO - [2026-02-27T21:43:48.729+0000] {dag.py:3096} INFO - Sync 1 DAGs
[2026-02-27T21:43:48.780+0000] {logging_mixin.py:188} INFO - [2026-02-27T21:43:48.779+0000] {dag.py:3954} INFO - Setting next_dagrun for arquitectura_retail_completa to 2026-02-26 00:00:00+00:00, run_after=2026-02-27 00:00:00+00:00
[2026-02-27T21:43:48.823+0000] {processor.py:183} INFO - Processing /opt/airflow/dags/arquitectura_retail_completa.py took 0.236 seconds
[2026-02-27T21:44:18.994+0000] {processor.py:161} INFO - Started process (PID=234) to work on /opt/airflow/dags/arquitectura_retail_completa.py
[2026-02-27T21:44:18.995+0000] {processor.py:830} INFO - Processing file /opt/airflow/dags/arquitectura_retail_completa.py for tasks to queue
[2026-02-27T21:44:18.997+0000] {logging_mixin.py:188} INFO - [2026-02-27T21:44:18.996+0000] {dagbag.py:540} INFO - Filling up the DagBag from /opt/airflow/dags/arquitectura_retail_completa.py
[2026-02-27T21:44:19.039+0000] {processor.py:840} INFO - DAG(s) 'arquitectura_retail_completa' retrieved from /opt/airflow/dags/arquitectura_retail_completa.py
[2026-02-27T21:44:19.100+0000] {logging_mixin.py:188} INFO - [2026-02-27T21:44:19.099+0000] {dag.py:3096} INFO - Sync 1 DAGs
[2026-02-27T21:44:19.146+0000] {logging_mixin.py:188} INFO - [2026-02-27T21:44:19.145+0000] {dag.py:3954} INFO - Setting next_dagrun for arquitectura_retail_completa to 2026-02-26 00:00:00+00:00, run_after=2026-02-27 00:00:00+00:00
[2026-02-27T21:44:19.191+0000] {processor.py:183} INFO - Processing /opt/airflow/dags/arquitectura_retail_completa.py took 0.205 seconds
[2026-02-27T21:44:49.416+0000] {processor.py:161} INFO - Started process (PID=242) to work on /opt/airflow/dags/arquitectura_retail_completa.py
[2026-02-27T21:44:49.418+0000] {processor.py:830} INFO - Processing file /opt/airflow/dags/arquitectura_retail_completa.py for tasks to queue
[2026-02-27T21:44:49.419+0000] {logging_mixin.py:188} INFO - [2026-02-27T21:44:49.419+0000] {dagbag.py:540} INFO - Filling up the DagBag from /opt/airflow/dags/arquitectura_retail_completa.py
[2026-02-27T21:44:49.461+0000] {processor.py:840} INFO - DAG(s) 'arquitectura_retail_completa' retrieved from /opt/airflow/dags/arquitectura_retail_completa.py
[2026-02-27T21:44:49.514+0000] {logging_mixin.py:188} INFO - [2026-02-27T21:44:49.514+0000] {dag.py:3096} INFO - Sync 1 DAGs
[2026-02-27T21:44:49.547+0000] {logging_mixin.py:188} INFO - [2026-02-27T21:44:49.547+0000] {dag.py:3954} INFO - Setting next_dagrun for arquitectura_retail_completa to 2026-02-26 00:00:00+00:00, run_after=2026-02-27 00:00:00+00:00
[2026-02-27T21:44:49.576+0000] {processor.py:183} INFO - Processing /opt/airflow/dags/arquitectura_retail_completa.py took 0.170 seconds
[2026-02-27T21:45:19.693+0000] {processor.py:161} INFO - Started process (PID=250) to work on /opt/airflow/dags/arquitectura_retail_completa.py
[2026-02-27T21:45:19.696+0000] {processor.py:830} INFO - Processing file /opt/airflow/dags/arquitectura_retail_completa.py for tasks to queue
[2026-02-27T21:45:19.698+0000] {logging_mixin.py:188} INFO - [2026-02-27T21:45:19.697+0000] {dagbag.py:540} INFO - Filling up the DagBag from /opt/airflow/dags/arquitectura_retail_completa.py
[2026-02-27T21:45:19.756+0000] {processor.py:840} INFO - DAG(s) 'arquitectura_retail_completa' retrieved from /opt/airflow/dags/arquitectura_retail_completa.py
[2026-02-27T21:45:19.822+0000] {logging_mixin.py:188} INFO - [2026-02-27T21:45:19.822+0000] {dag.py:3096} INFO - Sync 1 DAGs
[2026-02-27T21:45:19.858+0000] {logging_mixin.py:188} INFO - [2026-02-27T21:45:19.857+0000] {dag.py:3954} INFO - Setting next_dagrun for arquitectura_retail_completa to 2026-02-26 00:00:00+00:00, run_after=2026-02-27 00:00:00+00:00
[2026-02-27T21:45:19.891+0000] {processor.py:183} INFO - Processing /opt/airflow/dags/arquitectura_retail_completa.py took 0.214 seconds
[2026-02-27T21:45:50.147+0000] {processor.py:161} INFO - Started process (PID=258) to work on /opt/airflow/dags/arquitectura_retail_completa.py
[2026-02-27T21:45:50.149+0000] {processor.py:830} INFO - Processing file /opt/airflow/dags/arquitectura_retail_completa.py for tasks to queue
[2026-02-27T21:45:50.151+0000] {logging_mixin.py:188} INFO - [2026-02-27T21:45:50.151+0000] {dagbag.py:540} INFO - Filling up the DagBag from /opt/airflow/dags/arquitectura_retail_completa.py
[2026-02-27T21:45:50.203+0000] {processor.py:840} INFO - DAG(s) 'arquitectura_retail_completa' retrieved from /opt/airflow/dags/arquitectura_retail_completa.py
[2026-02-27T21:45:50.256+0000] {logging_mixin.py:188} INFO - [2026-02-27T21:45:50.255+0000] {dag.py:3096} INFO - Sync 1 DAGs
[2026-02-27T21:45:50.286+0000] {logging_mixin.py:188} INFO - [2026-02-27T21:45:50.286+0000] {dag.py:3954} INFO - Setting next_dagrun for arquitectura_retail_completa to 2026-02-26 00:00:00+00:00, run_after=2026-02-27 00:00:00+00:00
[2026-02-27T21:45:50.322+0000] {processor.py:183} INFO - Processing /opt/airflow/dags/arquitectura_retail_completa.py took 0.183 seconds
[2026-02-27T21:46:20.616+0000] {processor.py:161} INFO - Started process (PID=266) to work on /opt/airflow/dags/arquitectura_retail_completa.py
[2026-02-27T21:46:20.618+0000] {processor.py:830} INFO - Processing file /opt/airflow/dags/arquitectura_retail_completa.py for tasks to queue
[2026-02-27T21:46:20.621+0000] {logging_mixin.py:188} INFO - [2026-02-27T21:46:20.619+0000] {dagbag.py:540} INFO - Filling up the DagBag from /opt/airflow/dags/arquitectura_retail_completa.py
[2026-02-27T21:46:20.665+0000] {processor.py:840} INFO - DAG(s) 'arquitectura_retail_completa' retrieved from /opt/airflow/dags/arquitectura_retail_completa.py
[2026-02-27T21:46:20.722+0000] {logging_mixin.py:188} INFO - [2026-02-27T21:46:20.721+0000] {dag.py:3096} INFO - Sync 1 DAGs
[2026-02-27T21:46:20.752+0000] {logging_mixin.py:188} INFO - [2026-02-27T21:46:20.751+0000] {dag.py:3954} INFO - Setting next_dagrun for arquitectura_retail_completa to 2026-02-26 00:00:00+00:00, run_after=2026-02-27 00:00:00+00:00
[2026-02-27T21:46:20.786+0000] {processor.py:183} INFO - Processing /opt/airflow/dags/arquitectura_retail_completa.py took 0.181 seconds
[2026-02-27T21:46:51.186+0000] {processor.py:161} INFO - Started process (PID=274) to work on /opt/airflow/dags/arquitectura_retail_completa.py
[2026-02-27T21:46:51.188+0000] {processor.py:830} INFO - Processing file /opt/airflow/dags/arquitectura_retail_completa.py for tasks to queue
[2026-02-27T21:46:51.190+0000] {logging_mixin.py:188} INFO - [2026-02-27T21:46:51.189+0000] {dagbag.py:540} INFO - Filling up the DagBag from /opt/airflow/dags/arquitectura_retail_completa.py
[2026-02-27T21:46:51.234+0000] {processor.py:840} INFO - DAG(s) 'arquitectura_retail_completa' retrieved from /opt/airflow/dags/arquitectura_retail_completa.py
[2026-02-27T21:46:51.288+0000] {logging_mixin.py:188} INFO - [2026-02-27T21:46:51.288+0000] {dag.py:3096} INFO - Sync 1 DAGs
[2026-02-27T21:46:51.325+0000] {logging_mixin.py:188} INFO - [2026-02-27T21:46:51.324+0000] {dag.py:3954} INFO - Setting next_dagrun for arquitectura_retail_completa to 2026-02-26 00:00:00+00:00, run_after=2026-02-27 00:00:00+00:00
[2026-02-27T21:46:51.354+0000] {processor.py:183} INFO - Processing /opt/airflow/dags/arquitectura_retail_completa.py took 0.178 seconds
[2026-02-27T21:47:21.671+0000] {processor.py:161} INFO - Started process (PID=282) to work on /opt/airflow/dags/arquitectura_retail_completa.py
[2026-02-27T21:47:21.673+0000] {processor.py:830} INFO - Processing file /opt/airflow/dags/arquitectura_retail_completa.py for tasks to queue
[2026-02-27T21:47:21.678+0000] {logging_mixin.py:188} INFO - [2026-02-27T21:47:21.676+0000] {dagbag.py:540} INFO - Filling up the DagBag from /opt/airflow/dags/arquitectura_retail_completa.py
[2026-02-27T21:47:21.766+0000] {processor.py:840} INFO - DAG(s) 'arquitectura_retail_completa' retrieved from /opt/airflow/dags/arquitectura_retail_completa.py
[2026-02-27T21:47:21.863+0000] {logging_mixin.py:188} INFO - [2026-02-27T21:47:21.862+0000] {dag.py:3096} INFO - Sync 1 DAGs
[2026-02-27T21:47:21.941+0000] {logging_mixin.py:188} INFO - [2026-02-27T21:47:21.940+0000] {dag.py:3954} INFO - Setting next_dagrun for arquitectura_retail_completa to 2026-02-26 00:00:00+00:00, run_after=2026-02-27 00:00:00+00:00
[2026-02-27T21:47:22.000+0000] {processor.py:183} INFO - Processing /opt/airflow/dags/arquitectura_retail_completa.py took 0.348 seconds
[2026-02-27T21:47:52.249+0000] {processor.py:161} INFO - Started process (PID=290) to work on /opt/airflow/dags/arquitectura_retail_completa.py
[2026-02-27T21:47:52.250+0000] {processor.py:830} INFO - Processing file /opt/airflow/dags/arquitectura_retail_completa.py for tasks to queue
[2026-02-27T21:47:52.252+0000] {logging_mixin.py:188} INFO - [2026-02-27T21:47:52.251+0000] {dagbag.py:540} INFO - Filling up the DagBag from /opt/airflow/dags/arquitectura_retail_completa.py
[2026-02-27T21:47:52.297+0000] {processor.py:840} INFO - DAG(s) 'arquitectura_retail_completa' retrieved from /opt/airflow/dags/arquitectura_retail_completa.py
[2026-02-27T21:47:52.351+0000] {logging_mixin.py:188} INFO - [2026-02-27T21:47:52.351+0000] {dag.py:3096} INFO - Sync 1 DAGs
[2026-02-27T21:47:52.386+0000] {logging_mixin.py:188} INFO - [2026-02-27T21:47:52.385+0000] {dag.py:3954} INFO - Setting next_dagrun for arquitectura_retail_completa to 2026-02-26 00:00:00+00:00, run_after=2026-02-27 00:00:00+00:00
[2026-02-27T21:47:52.423+0000] {processor.py:183} INFO - Processing /opt/airflow/dags/arquitectura_retail_completa.py took 0.185 seconds
[2026-02-27T21:48:22.653+0000] {processor.py:161} INFO - Started process (PID=298) to work on /opt/airflow/dags/arquitectura_retail_completa.py
[2026-02-27T21:48:22.654+0000] {processor.py:830} INFO - Processing file /opt/airflow/dags/arquitectura_retail_completa.py for tasks to queue
[2026-02-27T21:48:22.656+0000] {logging_mixin.py:188} INFO - [2026-02-27T21:48:22.656+0000] {dagbag.py:540} INFO - Filling up the DagBag from /opt/airflow/dags/arquitectura_retail_completa.py
[2026-02-27T21:48:22.705+0000] {processor.py:840} INFO - DAG(s) 'arquitectura_retail_completa' retrieved from /opt/airflow/dags/arquitectura_retail_completa.py
[2026-02-27T21:48:22.753+0000] {logging_mixin.py:188} INFO - [2026-02-27T21:48:22.753+0000] {dag.py:3096} INFO - Sync 1 DAGs
[2026-02-27T21:48:22.785+0000] {logging_mixin.py:188} INFO - [2026-02-27T21:48:22.784+0000] {dag.py:3954} INFO - Setting next_dagrun for arquitectura_retail_completa to 2026-02-26 00:00:00+00:00, run_after=2026-02-27 00:00:00+00:00
[2026-02-27T21:48:22.817+0000] {processor.py:183} INFO - Processing /opt/airflow/dags/arquitectura_retail_completa.py took 0.174 seconds
[2026-02-27T21:48:52.979+0000] {processor.py:161} INFO - Started process (PID=306) to work on /opt/airflow/dags/arquitectura_retail_completa.py
[2026-02-27T21:48:52.981+0000] {processor.py:830} INFO - Processing file /opt/airflow/dags/arquitectura_retail_completa.py for tasks to queue
[2026-02-27T21:48:52.983+0000] {logging_mixin.py:188} INFO - [2026-02-27T21:48:52.982+0000] {dagbag.py:540} INFO - Filling up the DagBag from /opt/airflow/dags/arquitectura_retail_completa.py
[2026-02-27T21:48:53.035+0000] {processor.py:840} INFO - DAG(s) 'arquitectura_retail_completa' retrieved from /opt/airflow/dags/arquitectura_retail_completa.py
[2026-02-27T21:48:53.091+0000] {logging_mixin.py:188} INFO - [2026-02-27T21:48:53.091+0000] {dag.py:3096} INFO - Sync 1 DAGs
[2026-02-27T21:48:53.128+0000] {logging_mixin.py:188} INFO - [2026-02-27T21:48:53.128+0000] {dag.py:3954} INFO - Setting next_dagrun for arquitectura_retail_completa to 2026-02-26 00:00:00+00:00, run_after=2026-02-27 00:00:00+00:00
[2026-02-27T21:48:53.163+0000] {processor.py:183} INFO - Processing /opt/airflow/dags/arquitectura_retail_completa.py took 0.192 seconds
[2026-02-27T21:49:23.473+0000] {processor.py:161} INFO - Started process (PID=314) to work on /opt/airflow/dags/arquitectura_retail_completa.py
[2026-02-27T21:49:23.475+0000] {processor.py:830} INFO - Processing file /opt/airflow/dags/arquitectura_retail_completa.py for tasks to queue
[2026-02-27T21:49:23.477+0000] {logging_mixin.py:188} INFO - [2026-02-27T21:49:23.476+0000] {dagbag.py:540} INFO - Filling up the DagBag from /opt/airflow/dags/arquitectura_retail_completa.py
[2026-02-27T21:49:23.528+0000] {processor.py:840} INFO - DAG(s) 'arquitectura_retail_completa' retrieved from /opt/airflow/dags/arquitectura_retail_completa.py
[2026-02-27T21:49:23.597+0000] {logging_mixin.py:188} INFO - [2026-02-27T21:49:23.596+0000] {dag.py:3096} INFO - Sync 1 DAGs
[2026-02-27T21:49:23.633+0000] {logging_mixin.py:188} INFO - [2026-02-27T21:49:23.633+0000] {dag.py:3954} INFO - Setting next_dagrun for arquitectura_retail_completa to 2026-02-26 00:00:00+00:00, run_after=2026-02-27 00:00:00+00:00
[2026-02-27T21:49:23.665+0000] {processor.py:183} INFO - Processing /opt/airflow/dags/arquitectura_retail_completa.py took 0.203 seconds
[2026-02-27T21:49:53.895+0000] {processor.py:161} INFO - Started process (PID=322) to work on /opt/airflow/dags/arquitectura_retail_completa.py
[2026-02-27T21:49:53.897+0000] {processor.py:830} INFO - Processing file /opt/airflow/dags/arquitectura_retail_completa.py for tasks to queue
[2026-02-27T21:49:53.899+0000] {logging_mixin.py:188} INFO - [2026-02-27T21:49:53.898+0000] {dagbag.py:540} INFO - Filling up the DagBag from /opt/airflow/dags/arquitectura_retail_completa.py
[2026-02-27T21:49:53.949+0000] {processor.py:840} INFO - DAG(s) 'arquitectura_retail_completa' retrieved from /opt/airflow/dags/arquitectura_retail_completa.py
[2026-02-27T21:49:54.002+0000] {logging_mixin.py:188} INFO - [2026-02-27T21:49:54.001+0000] {dag.py:3096} INFO - Sync 1 DAGs
[2026-02-27T21:49:54.032+0000] {logging_mixin.py:188} INFO - [2026-02-27T21:49:54.032+0000] {dag.py:3954} INFO - Setting next_dagrun for arquitectura_retail_completa to 2026-02-26 00:00:00+00:00, run_after=2026-02-27 00:00:00+00:00
[2026-02-27T21:49:54.081+0000] {processor.py:183} INFO - Processing /opt/airflow/dags/arquitectura_retail_completa.py took 0.196 seconds
[2026-02-27T21:50:24.388+0000] {processor.py:161} INFO - Started process (PID=330) to work on /opt/airflow/dags/arquitectura_retail_completa.py
[2026-02-27T21:50:24.390+0000] {processor.py:830} INFO - Processing file /opt/airflow/dags/arquitectura_retail_completa.py for tasks to queue
[2026-02-27T21:50:24.392+0000] {logging_mixin.py:188} INFO - [2026-02-27T21:50:24.392+0000] {dagbag.py:540} INFO - Filling up the DagBag from /opt/airflow/dags/arquitectura_retail_completa.py
[2026-02-27T21:50:24.447+0000] {processor.py:840} INFO - DAG(s) 'arquitectura_retail_completa' retrieved from /opt/airflow/dags/arquitectura_retail_completa.py
[2026-02-27T21:50:24.504+0000] {logging_mixin.py:188} INFO - [2026-02-27T21:50:24.504+0000] {dag.py:3096} INFO - Sync 1 DAGs
[2026-02-27T21:50:24.536+0000] {logging_mixin.py:188} INFO - [2026-02-27T21:50:24.535+0000] {dag.py:3954} INFO - Setting next_dagrun for arquitectura_retail_completa to 2026-02-26 00:00:00+00:00, run_after=2026-02-27 00:00:00+00:00
[2026-02-27T21:50:24.568+0000] {processor.py:183} INFO - Processing /opt/airflow/dags/arquitectura_retail_completa.py took 0.193 seconds
[2026-02-27T21:50:54.947+0000] {processor.py:161} INFO - Started process (PID=338) to work on /opt/airflow/dags/arquitectura_retail_completa.py
[2026-02-27T21:50:54.949+0000] {processor.py:830} INFO - Processing file /opt/airflow/dags/arquitectura_retail_completa.py for tasks to queue
[2026-02-27T21:50:54.951+0000] {logging_mixin.py:188} INFO - [2026-02-27T21:50:54.950+0000] {dagbag.py:540} INFO - Filling up the DagBag from /opt/airflow/dags/arquitectura_retail_completa.py
[2026-02-27T21:50:55.019+0000] {processor.py:840} INFO - DAG(s) 'arquitectura_retail_completa' retrieved from /opt/airflow/dags/arquitectura_retail_completa.py
[2026-02-27T21:50:55.079+0000] {logging_mixin.py:188} INFO - [2026-02-27T21:50:55.078+0000] {dag.py:3096} INFO - Sync 1 DAGs
[2026-02-27T21:50:55.115+0000] {logging_mixin.py:188} INFO - [2026-02-27T21:50:55.115+0000] {dag.py:3954} INFO - Setting next_dagrun for arquitectura_retail_completa to 2026-02-26 00:00:00+00:00, run_after=2026-02-27 00:00:00+00:00
[2026-02-27T21:50:55.156+0000] {processor.py:183} INFO - Processing /opt/airflow/dags/arquitectura_retail_completa.py took 0.219 seconds
[2026-02-27T21:51:25.405+0000] {processor.py:161} INFO - Started process (PID=346) to work on /opt/airflow/dags/arquitectura_retail_completa.py
[2026-02-27T21:51:25.407+0000] {processor.py:830} INFO - Processing file /opt/airflow/dags/arquitectura_retail_completa.py for tasks to queue
[2026-02-27T21:51:25.410+0000] {logging_mixin.py:188} INFO - [2026-02-27T21:51:25.409+0000] {dagbag.py:540} INFO - Filling up the DagBag from /opt/airflow/dags/arquitectura_retail_completa.py
[2026-02-27T21:51:25.461+0000] {processor.py:840} INFO - DAG(s) 'arquitectura_retail_completa' retrieved from /opt/airflow/dags/arquitectura_retail_completa.py
[2026-02-27T21:51:25.521+0000] {logging_mixin.py:188} INFO - [2026-02-27T21:51:25.521+0000] {dag.py:3096} INFO - Sync 1 DAGs
[2026-02-27T21:51:25.561+0000] {logging_mixin.py:188} INFO - [2026-02-27T21:51:25.561+0000] {dag.py:3954} INFO - Setting next_dagrun for arquitectura_retail_completa to 2026-02-26 00:00:00+00:00, run_after=2026-02-27 00:00:00+00:00
[2026-02-27T21:51:25.594+0000] {processor.py:183} INFO - Processing /opt/airflow/dags/arquitectura_retail_completa.py took 0.199 seconds
[2026-02-27T21:51:56.457+0000] {processor.py:161} INFO - Started process (PID=354) to work on /opt/airflow/dags/arquitectura_retail_completa.py
[2026-02-27T21:51:56.458+0000] {processor.py:830} INFO - Processing file /opt/airflow/dags/arquitectura_retail_completa.py for tasks to queue
[2026-02-27T21:51:56.460+0000] {logging_mixin.py:188} INFO - [2026-02-27T21:51:56.459+0000] {dagbag.py:540} INFO - Filling up the DagBag from /opt/airflow/dags/arquitectura_retail_completa.py
[2026-02-27T21:51:56.504+0000] {processor.py:840} INFO - DAG(s) 'arquitectura_retail_completa' retrieved from /opt/airflow/dags/arquitectura_retail_completa.py
[2026-02-27T21:51:56.553+0000] {logging_mixin.py:188} INFO - [2026-02-27T21:51:56.553+0000] {dag.py:3096} INFO - Sync 1 DAGs
[2026-02-27T21:51:56.585+0000] {logging_mixin.py:188} INFO - [2026-02-27T21:51:56.584+0000] {dag.py:3954} INFO - Setting next_dagrun for arquitectura_retail_completa to 2026-02-26 00:00:00+00:00, run_after=2026-02-27 00:00:00+00:00
[2026-02-27T21:51:56.618+0000] {processor.py:183} INFO - Processing /opt/airflow/dags/arquitectura_retail_completa.py took 0.168 seconds
[2026-02-27T21:52:27.104+0000] {processor.py:161} INFO - Started process (PID=362) to work on /opt/airflow/dags/arquitectura_retail_completa.py
[2026-02-27T21:52:27.106+0000] {processor.py:830} INFO - Processing file /opt/airflow/dags/arquitectura_retail_completa.py for tasks to queue
[2026-02-27T21:52:27.110+0000] {logging_mixin.py:188} INFO - [2026-02-27T21:52:27.109+0000] {dagbag.py:540} INFO - Filling up the DagBag from /opt/airflow/dags/arquitectura_retail_completa.py
[2026-02-27T21:52:27.188+0000] {processor.py:840} INFO - DAG(s) 'arquitectura_retail_completa' retrieved from /opt/airflow/dags/arquitectura_retail_completa.py
[2026-02-27T21:52:27.282+0000] {logging_mixin.py:188} INFO - [2026-02-27T21:52:27.281+0000] {dag.py:3096} INFO - Sync 1 DAGs
[2026-02-27T21:52:27.319+0000] {logging_mixin.py:188} INFO - [2026-02-27T21:52:27.319+0000] {dag.py:3954} INFO - Setting next_dagrun for arquitectura_retail_completa to 2026-02-26 00:00:00+00:00, run_after=2026-02-27 00:00:00+00:00
[2026-02-27T21:52:27.355+0000] {processor.py:183} INFO - Processing /opt/airflow/dags/arquitectura_retail_completa.py took 0.262 seconds
[2026-02-27T21:52:57.801+0000] {processor.py:161} INFO - Started process (PID=370) to work on /opt/airflow/dags/arquitectura_retail_completa.py
[2026-02-27T21:52:57.803+0000] {processor.py:830} INFO - Processing file /opt/airflow/dags/arquitectura_retail_completa.py for tasks to queue
[2026-02-27T21:52:57.804+0000] {logging_mixin.py:188} INFO - [2026-02-27T21:52:57.804+0000] {dagbag.py:540} INFO - Filling up the DagBag from /opt/airflow/dags/arquitectura_retail_completa.py
[2026-02-27T21:52:57.849+0000] {processor.py:840} INFO - DAG(s) 'arquitectura_retail_completa' retrieved from /opt/airflow/dags/arquitectura_retail_completa.py
[2026-02-27T21:52:57.902+0000] {logging_mixin.py:188} INFO - [2026-02-27T21:52:57.902+0000] {dag.py:3096} INFO - Sync 1 DAGs
[2026-02-27T21:52:57.935+0000] {logging_mixin.py:188} INFO - [2026-02-27T21:52:57.934+0000] {dag.py:3954} INFO - Setting next_dagrun for arquitectura_retail_completa to 2026-02-26 00:00:00+00:00, run_after=2026-02-27 00:00:00+00:00
[2026-02-27T21:52:57.964+0000] {processor.py:183} INFO - Processing /opt/airflow/dags/arquitectura_retail_completa.py took 0.173 seconds
[2026-02-27T21:53:28.289+0000] {processor.py:161} INFO - Started process (PID=378) to work on /opt/airflow/dags/arquitectura_retail_completa.py
[2026-02-27T21:53:28.291+0000] {processor.py:830} INFO - Processing file /opt/airflow/dags/arquitectura_retail_completa.py for tasks to queue
[2026-02-27T21:53:28.294+0000] {logging_mixin.py:188} INFO - [2026-02-27T21:53:28.293+0000] {dagbag.py:540} INFO - Filling up the DagBag from /opt/airflow/dags/arquitectura_retail_completa.py
[2026-02-27T21:53:28.346+0000] {processor.py:840} INFO - DAG(s) 'arquitectura_retail_completa' retrieved from /opt/airflow/dags/arquitectura_retail_completa.py
[2026-02-27T21:53:28.430+0000] {logging_mixin.py:188} INFO - [2026-02-27T21:53:28.429+0000] {dag.py:3096} INFO - Sync 1 DAGs
[2026-02-27T21:53:28.483+0000] {logging_mixin.py:188} INFO - [2026-02-27T21:53:28.483+0000] {dag.py:3954} INFO - Setting next_dagrun for arquitectura_retail_completa to 2026-02-26 00:00:00+00:00, run_after=2026-02-27 00:00:00+00:00
[2026-02-27T21:53:28.521+0000] {processor.py:183} INFO - Processing /opt/airflow/dags/arquitectura_retail_completa.py took 0.252 seconds
[2026-02-27T21:53:58.855+0000] {processor.py:161} INFO - Started process (PID=386) to work on /opt/airflow/dags/arquitectura_retail_completa.py
[2026-02-27T21:53:58.857+0000] {processor.py:830} INFO - Processing file /opt/airflow/dags/arquitectura_retail_completa.py for tasks to queue
[2026-02-27T21:53:58.860+0000] {logging_mixin.py:188} INFO - [2026-02-27T21:53:58.859+0000] {dagbag.py:540} INFO - Filling up the DagBag from /opt/airflow/dags/arquitectura_retail_completa.py
[2026-02-27T21:53:58.922+0000] {processor.py:840} INFO - DAG(s) 'arquitectura_retail_completa' retrieved from /opt/airflow/dags/arquitectura_retail_completa.py
[2026-02-27T21:53:59.044+0000] {logging_mixin.py:188} INFO - [2026-02-27T21:53:59.043+0000] {dag.py:3096} INFO - Sync 1 DAGs
[2026-02-27T21:53:59.088+0000] {logging_mixin.py:188} INFO - [2026-02-27T21:53:59.088+0000] {dag.py:3954} INFO - Setting next_dagrun for arquitectura_retail_completa to 2026-02-26 00:00:00+00:00, run_after=2026-02-27 00:00:00+00:00
[2026-02-27T21:53:59.127+0000] {processor.py:183} INFO - Processing /opt/airflow/dags/arquitectura_retail_completa.py took 0.285 seconds
[2026-02-27T21:54:29.370+0000] {processor.py:161} INFO - Started process (PID=394) to work on /opt/airflow/dags/arquitectura_retail_completa.py
[2026-02-27T21:54:29.371+0000] {processor.py:830} INFO - Processing file /opt/airflow/dags/arquitectura_retail_completa.py for tasks to queue
[2026-02-27T21:54:29.374+0000] {logging_mixin.py:188} INFO - [2026-02-27T21:54:29.373+0000] {dagbag.py:540} INFO - Filling up the DagBag from /opt/airflow/dags/arquitectura_retail_completa.py
[2026-02-27T21:54:29.417+0000] {processor.py:840} INFO - DAG(s) 'arquitectura_retail_completa' retrieved from /opt/airflow/dags/arquitectura_retail_completa.py
[2026-02-27T21:54:29.467+0000] {logging_mixin.py:188} INFO - [2026-02-27T21:54:29.466+0000] {dag.py:3096} INFO - Sync 1 DAGs
[2026-02-27T21:54:29.498+0000] {logging_mixin.py:188} INFO - [2026-02-27T21:54:29.498+0000] {dag.py:3954} INFO - Setting next_dagrun for arquitectura_retail_completa to 2026-02-26 00:00:00+00:00, run_after=2026-02-27 00:00:00+00:00
[2026-02-27T21:54:29.533+0000] {processor.py:183} INFO - Processing /opt/airflow/dags/arquitectura_retail_completa.py took 0.179 seconds
[2026-02-27T21:54:59.808+0000] {processor.py:161} INFO - Started process (PID=402) to work on /opt/airflow/dags/arquitectura_retail_completa.py
[2026-02-27T21:54:59.810+0000] {processor.py:830} INFO - Processing file /opt/airflow/dags/arquitectura_retail_completa.py for tasks to queue
[2026-02-27T21:54:59.813+0000] {logging_mixin.py:188} INFO - [2026-02-27T21:54:59.812+0000] {dagbag.py:540} INFO - Filling up the DagBag from /opt/airflow/dags/arquitectura_retail_completa.py
[2026-02-27T21:54:59.876+0000] {processor.py:840} INFO - DAG(s) 'arquitectura_retail_completa' retrieved from /opt/airflow/dags/arquitectura_retail_completa.py
[2026-02-27T21:54:59.929+0000] {logging_mixin.py:188} INFO - [2026-02-27T21:54:59.928+0000] {dag.py:3096} INFO - Sync 1 DAGs
[2026-02-27T21:54:59.967+0000] {logging_mixin.py:188} INFO - [2026-02-27T21:54:59.966+0000] {dag.py:3954} INFO - Setting next_dagrun for arquitectura_retail_completa to 2026-02-26 00:00:00+00:00, run_after=2026-02-27 00:00:00+00:00
[2026-02-27T21:55:00.002+0000] {processor.py:183} INFO - Processing /opt/airflow/dags/arquitectura_retail_completa.py took 0.207 seconds
[2026-02-27T21:55:30.335+0000] {processor.py:161} INFO - Started process (PID=410) to work on /opt/airflow/dags/arquitectura_retail_completa.py
[2026-02-27T21:55:30.337+0000] {processor.py:830} INFO - Processing file /opt/airflow/dags/arquitectura_retail_completa.py for tasks to queue
[2026-02-27T21:55:30.341+0000] {logging_mixin.py:188} INFO - [2026-02-27T21:55:30.339+0000] {dagbag.py:540} INFO - Filling up the DagBag from /opt/airflow/dags/arquitectura_retail_completa.py
[2026-02-27T21:55:30.394+0000] {processor.py:840} INFO - DAG(s) 'arquitectura_retail_completa' retrieved from /opt/airflow/dags/arquitectura_retail_completa.py
[2026-02-27T21:55:30.462+0000] {logging_mixin.py:188} INFO - [2026-02-27T21:55:30.461+0000] {dag.py:3096} INFO - Sync 1 DAGs
[2026-02-27T21:55:30.503+0000] {logging_mixin.py:188} INFO - [2026-02-27T21:55:30.503+0000] {dag.py:3954} INFO - Setting next_dagrun for arquitectura_retail_completa to 2026-02-26 00:00:00+00:00, run_after=2026-02-27 00:00:00+00:00
[2026-02-27T21:55:30.541+0000] {processor.py:183} INFO - Processing /opt/airflow/dags/arquitectura_retail_completa.py took 0.217 seconds
[2026-02-27T21:56:00.878+0000] {processor.py:161} INFO - Started process (PID=418) to work on /opt/airflow/dags/arquitectura_retail_completa.py
[2026-02-27T21:56:00.880+0000] {processor.py:830} INFO - Processing file /opt/airflow/dags/arquitectura_retail_completa.py for tasks to queue
[2026-02-27T21:56:00.882+0000] {logging_mixin.py:188} INFO - [2026-02-27T21:56:00.881+0000] {dagbag.py:540} INFO - Filling up the DagBag from /opt/airflow/dags/arquitectura_retail_completa.py
[2026-02-27T21:56:00.928+0000] {processor.py:840} INFO - DAG(s) 'arquitectura_retail_completa' retrieved from /opt/airflow/dags/arquitectura_retail_completa.py
[2026-02-27T21:56:00.993+0000] {logging_mixin.py:188} INFO - [2026-02-27T21:56:00.992+0000] {dag.py:3096} INFO - Sync 1 DAGs
[2026-02-27T21:56:01.055+0000] {logging_mixin.py:188} INFO - [2026-02-27T21:56:01.054+0000] {dag.py:3954} INFO - Setting next_dagrun for arquitectura_retail_completa to 2026-02-26 00:00:00+00:00, run_after=2026-02-27 00:00:00+00:00
[2026-02-27T21:56:01.121+0000] {processor.py:183} INFO - Processing /opt/airflow/dags/arquitectura_retail_completa.py took 0.252 seconds
[2026-02-27T21:56:31.530+0000] {processor.py:161} INFO - Started process (PID=426) to work on /opt/airflow/dags/arquitectura_retail_completa.py
[2026-02-27T21:56:31.532+0000] {processor.py:830} INFO - Processing file /opt/airflow/dags/arquitectura_retail_completa.py for tasks to queue
[2026-02-27T21:56:31.533+0000] {logging_mixin.py:188} INFO - [2026-02-27T21:56:31.533+0000] {dagbag.py:540} INFO - Filling up the DagBag from /opt/airflow/dags/arquitectura_retail_completa.py
[2026-02-27T21:56:31.578+0000] {processor.py:840} INFO - DAG(s) 'arquitectura_retail_completa' retrieved from /opt/airflow/dags/arquitectura_retail_completa.py
[2026-02-27T21:56:31.632+0000] {logging_mixin.py:188} INFO - [2026-02-27T21:56:31.631+0000] {dag.py:3096} INFO - Sync 1 DAGs
[2026-02-27T21:56:31.668+0000] {logging_mixin.py:188} INFO - [2026-02-27T21:56:31.668+0000] {dag.py:3954} INFO - Setting next_dagrun for arquitectura_retail_completa to 2026-02-26 00:00:00+00:00, run_after=2026-02-27 00:00:00+00:00
[2026-02-27T21:56:31.699+0000] {processor.py:183} INFO - Processing /opt/airflow/dags/arquitectura_retail_completa.py took 0.179 seconds
[2026-02-27T21:57:02.308+0000] {processor.py:161} INFO - Started process (PID=434) to work on /opt/airflow/dags/arquitectura_retail_completa.py
[2026-02-27T21:57:02.311+0000] {processor.py:830} INFO - Processing file /opt/airflow/dags/arquitectura_retail_completa.py for tasks to queue
[2026-02-27T21:57:02.314+0000] {logging_mixin.py:188} INFO - [2026-02-27T21:57:02.312+0000] {dagbag.py:540} INFO - Filling up the DagBag from /opt/airflow/dags/arquitectura_retail_completa.py
[2026-02-27T21:57:02.373+0000] {processor.py:840} INFO - DAG(s) 'arquitectura_retail_completa' retrieved from /opt/airflow/dags/arquitectura_retail_completa.py
[2026-02-27T21:57:02.443+0000] {logging_mixin.py:188} INFO - [2026-02-27T21:57:02.443+0000] {dag.py:3096} INFO - Sync 1 DAGs
[2026-02-27T21:57:02.477+0000] {logging_mixin.py:188} INFO - [2026-02-27T21:57:02.476+0000] {dag.py:3954} INFO - Setting next_dagrun for arquitectura_retail_completa to 2026-02-26 00:00:00+00:00, run_after=2026-02-27 00:00:00+00:00
[2026-02-27T21:57:02.509+0000] {processor.py:183} INFO - Processing /opt/airflow/dags/arquitectura_retail_completa.py took 0.213 seconds
[2026-02-27T21:57:32.761+0000] {processor.py:161} INFO - Started process (PID=442) to work on /opt/airflow/dags/arquitectura_retail_completa.py
[2026-02-27T21:57:32.764+0000] {processor.py:830} INFO - Processing file /opt/airflow/dags/arquitectura_retail_completa.py for tasks to queue
[2026-02-27T21:57:32.766+0000] {logging_mixin.py:188} INFO - [2026-02-27T21:57:32.765+0000] {dagbag.py:540} INFO - Filling up the DagBag from /opt/airflow/dags/arquitectura_retail_completa.py
[2026-02-27T21:57:32.814+0000] {processor.py:840} INFO - DAG(s) 'arquitectura_retail_completa' retrieved from /opt/airflow/dags/arquitectura_retail_completa.py
[2026-02-27T21:57:32.869+0000] {logging_mixin.py:188} INFO - [2026-02-27T21:57:32.869+0000] {dag.py:3096} INFO - Sync 1 DAGs
[2026-02-27T21:57:32.900+0000] {logging_mixin.py:188} INFO - [2026-02-27T21:57:32.900+0000] {dag.py:3954} INFO - Setting next_dagrun for arquitectura_retail_completa to 2026-02-26 00:00:00+00:00, run_after=2026-02-27 00:00:00+00:00
[2026-02-27T21:57:32.926+0000] {processor.py:183} INFO - Processing /opt/airflow/dags/arquitectura_retail_completa.py took 0.175 seconds
[2026-02-27T21:58:03.152+0000] {processor.py:161} INFO - Started process (PID=450) to work on /opt/airflow/dags/arquitectura_retail_completa.py
[2026-02-27T21:58:03.154+0000] {processor.py:830} INFO - Processing file /opt/airflow/dags/arquitectura_retail_completa.py for tasks to queue
[2026-02-27T21:58:03.156+0000] {logging_mixin.py:188} INFO - [2026-02-27T21:58:03.156+0000] {dagbag.py:540} INFO - Filling up the DagBag from /opt/airflow/dags/arquitectura_retail_completa.py
[2026-02-27T21:58:03.202+0000] {processor.py:840} INFO - DAG(s) 'arquitectura_retail_completa' retrieved from /opt/airflow/dags/arquitectura_retail_completa.py
[2026-02-27T21:58:03.252+0000] {logging_mixin.py:188} INFO - [2026-02-27T21:58:03.252+0000] {dag.py:3096} INFO - Sync 1 DAGs
[2026-02-27T21:58:03.281+0000] {logging_mixin.py:188} INFO - [2026-02-27T21:58:03.280+0000] {dag.py:3954} INFO - Setting next_dagrun for arquitectura_retail_completa to 2026-02-26 00:00:00+00:00, run_after=2026-02-27 00:00:00+00:00
[2026-02-27T21:58:03.311+0000] {processor.py:183} INFO - Processing /opt/airflow/dags/arquitectura_retail_completa.py took 0.169 seconds
[2026-02-27T21:58:33.461+0000] {processor.py:161} INFO - Started process (PID=458) to work on /opt/airflow/dags/arquitectura_retail_completa.py
[2026-02-27T21:58:33.463+0000] {processor.py:830} INFO - Processing file /opt/airflow/dags/arquitectura_retail_completa.py for tasks to queue
[2026-02-27T21:58:33.464+0000] {logging_mixin.py:188} INFO - [2026-02-27T21:58:33.464+0000] {dagbag.py:540} INFO - Filling up the DagBag from /opt/airflow/dags/arquitectura_retail_completa.py
[2026-02-27T21:58:33.520+0000] {processor.py:840} INFO - DAG(s) 'arquitectura_retail_completa' retrieved from /opt/airflow/dags/arquitectura_retail_completa.py
[2026-02-27T21:58:33.568+0000] {logging_mixin.py:188} INFO - [2026-02-27T21:58:33.568+0000] {dag.py:3096} INFO - Sync 1 DAGs
[2026-02-27T21:58:33.598+0000] {logging_mixin.py:188} INFO - [2026-02-27T21:58:33.597+0000] {dag.py:3954} INFO - Setting next_dagrun for arquitectura_retail_completa to 2026-02-26 00:00:00+00:00, run_after=2026-02-27 00:00:00+00:00
[2026-02-27T21:58:33.630+0000] {processor.py:183} INFO - Processing /opt/airflow/dags/arquitectura_retail_completa.py took 0.178 seconds
[2026-02-27T21:59:03.995+0000] {processor.py:161} INFO - Started process (PID=466) to work on /opt/airflow/dags/arquitectura_retail_completa.py
[2026-02-27T21:59:03.997+0000] {processor.py:830} INFO - Processing file /opt/airflow/dags/arquitectura_retail_completa.py for tasks to queue
[2026-02-27T21:59:04.000+0000] {logging_mixin.py:188} INFO - [2026-02-27T21:59:03.999+0000] {dagbag.py:540} INFO - Filling up the DagBag from /opt/airflow/dags/arquitectura_retail_completa.py
[2026-02-27T21:59:04.051+0000] {processor.py:840} INFO - DAG(s) 'arquitectura_retail_completa' retrieved from /opt/airflow/dags/arquitectura_retail_completa.py
[2026-02-27T21:59:04.111+0000] {logging_mixin.py:188} INFO - [2026-02-27T21:59:04.111+0000] {dag.py:3096} INFO - Sync 1 DAGs
[2026-02-27T21:59:04.146+0000] {logging_mixin.py:188} INFO - [2026-02-27T21:59:04.146+0000] {dag.py:3954} INFO - Setting next_dagrun for arquitectura_retail_completa to 2026-02-26 00:00:00+00:00, run_after=2026-02-27 00:00:00+00:00
[2026-02-27T21:59:04.178+0000] {processor.py:183} INFO - Processing /opt/airflow/dags/arquitectura_retail_completa.py took 0.195 seconds
[2026-02-27T21:59:34.464+0000] {processor.py:161} INFO - Started process (PID=474) to work on /opt/airflow/dags/arquitectura_retail_completa.py
[2026-02-27T21:59:34.466+0000] {processor.py:830} INFO - Processing file /opt/airflow/dags/arquitectura_retail_completa.py for tasks to queue
[2026-02-27T21:59:34.468+0000] {logging_mixin.py:188} INFO - [2026-02-27T21:59:34.468+0000] {dagbag.py:540} INFO - Filling up the DagBag from /opt/airflow/dags/arquitectura_retail_completa.py
[2026-02-27T21:59:34.529+0000] {processor.py:840} INFO - DAG(s) 'arquitectura_retail_completa' retrieved from /opt/airflow/dags/arquitectura_retail_completa.py
[2026-02-27T21:59:34.584+0000] {logging_mixin.py:188} INFO - [2026-02-27T21:59:34.583+0000] {dag.py:3096} INFO - Sync 1 DAGs
[2026-02-27T21:59:34.619+0000] {logging_mixin.py:188} INFO - [2026-02-27T21:59:34.618+0000] {dag.py:3954} INFO - Setting next_dagrun for arquitectura_retail_completa to 2026-02-26 00:00:00+00:00, run_after=2026-02-27 00:00:00+00:00
[2026-02-27T21:59:34.667+0000] {processor.py:183} INFO - Processing /opt/airflow/dags/arquitectura_retail_completa.py took 0.223 seconds
[2026-02-27T22:00:05.018+0000] {processor.py:161} INFO - Started process (PID=482) to work on /opt/airflow/dags/arquitectura_retail_completa.py
[2026-02-27T22:00:05.020+0000] {processor.py:830} INFO - Processing file /opt/airflow/dags/arquitectura_retail_completa.py for tasks to queue
[2026-02-27T22:00:05.022+0000] {logging_mixin.py:188} INFO - [2026-02-27T22:00:05.021+0000] {dagbag.py:540} INFO - Filling up the DagBag from /opt/airflow/dags/arquitectura_retail_completa.py
[2026-02-27T22:00:05.080+0000] {processor.py:840} INFO - DAG(s) 'arquitectura_retail_completa' retrieved from /opt/airflow/dags/arquitectura_retail_completa.py
[2026-02-27T22:00:05.139+0000] {logging_mixin.py:188} INFO - [2026-02-27T22:00:05.139+0000] {dag.py:3096} INFO - Sync 1 DAGs
[2026-02-27T22:00:05.177+0000] {logging_mixin.py:188} INFO - [2026-02-27T22:00:05.176+0000] {dag.py:3954} INFO - Setting next_dagrun for arquitectura_retail_completa to 2026-02-26 00:00:00+00:00, run_after=2026-02-27 00:00:00+00:00
[2026-02-27T22:00:05.215+0000] {processor.py:183} INFO - Processing /opt/airflow/dags/arquitectura_retail_completa.py took 0.206 seconds
[2026-02-27T22:00:35.536+0000] {processor.py:161} INFO - Started process (PID=490) to work on /opt/airflow/dags/arquitectura_retail_completa.py
[2026-02-27T22:00:35.538+0000] {processor.py:830} INFO - Processing file /opt/airflow/dags/arquitectura_retail_completa.py for tasks to queue
[2026-02-27T22:00:35.542+0000] {logging_mixin.py:188} INFO - [2026-02-27T22:00:35.541+0000] {dagbag.py:540} INFO - Filling up the DagBag from /opt/airflow/dags/arquitectura_retail_completa.py
[2026-02-27T22:00:35.630+0000] {processor.py:840} INFO - DAG(s) 'arquitectura_retail_completa' retrieved from /opt/airflow/dags/arquitectura_retail_completa.py
[2026-02-27T22:00:35.689+0000] {logging_mixin.py:188} INFO - [2026-02-27T22:00:35.689+0000] {dag.py:3096} INFO - Sync 1 DAGs
[2026-02-27T22:00:35.732+0000] {logging_mixin.py:188} INFO - [2026-02-27T22:00:35.731+0000] {dag.py:3954} INFO - Setting next_dagrun for arquitectura_retail_completa to 2026-02-26 00:00:00+00:00, run_after=2026-02-27 00:00:00+00:00
[2026-02-27T22:00:35.770+0000] {processor.py:183} INFO - Processing /opt/airflow/dags/arquitectura_retail_completa.py took 0.251 seconds
[2026-02-27T22:01:05.955+0000] {processor.py:161} INFO - Started process (PID=498) to work on /opt/airflow/dags/arquitectura_retail_completa.py
[2026-02-27T22:01:05.957+0000] {processor.py:830} INFO - Processing file /opt/airflow/dags/arquitectura_retail_completa.py for tasks to queue
[2026-02-27T22:01:05.959+0000] {logging_mixin.py:188} INFO - [2026-02-27T22:01:05.959+0000] {dagbag.py:540} INFO - Filling up the DagBag from /opt/airflow/dags/arquitectura_retail_completa.py
[2026-02-27T22:01:06.005+0000] {processor.py:840} INFO - DAG(s) 'arquitectura_retail_completa' retrieved from /opt/airflow/dags/arquitectura_retail_completa.py
[2026-02-27T22:01:06.060+0000] {logging_mixin.py:188} INFO - [2026-02-27T22:01:06.060+0000] {dag.py:3096} INFO - Sync 1 DAGs
[2026-02-27T22:01:06.093+0000] {logging_mixin.py:188} INFO - [2026-02-27T22:01:06.092+0000] {dag.py:3954} INFO - Setting next_dagrun for arquitectura_retail_completa to 2026-02-26 00:00:00+00:00, run_after=2026-02-27 00:00:00+00:00
[2026-02-27T22:01:06.122+0000] {processor.py:183} INFO - Processing /opt/airflow/dags/arquitectura_retail_completa.py took 0.180 seconds
[2026-02-27T22:01:36.340+0000] {processor.py:161} INFO - Started process (PID=506) to work on /opt/airflow/dags/arquitectura_retail_completa.py
[2026-02-27T22:01:36.342+0000] {processor.py:830} INFO - Processing file /opt/airflow/dags/arquitectura_retail_completa.py for tasks to queue
[2026-02-27T22:01:36.344+0000] {logging_mixin.py:188} INFO - [2026-02-27T22:01:36.343+0000] {dagbag.py:540} INFO - Filling up the DagBag from /opt/airflow/dags/arquitectura_retail_completa.py
[2026-02-27T22:01:36.402+0000] {processor.py:840} INFO - DAG(s) 'arquitectura_retail_completa' retrieved from /opt/airflow/dags/arquitectura_retail_completa.py
[2026-02-27T22:01:36.467+0000] {logging_mixin.py:188} INFO - [2026-02-27T22:01:36.466+0000] {dag.py:3096} INFO - Sync 1 DAGs
[2026-02-27T22:01:36.510+0000] {logging_mixin.py:188} INFO - [2026-02-27T22:01:36.509+0000] {dag.py:3954} INFO - Setting next_dagrun for arquitectura_retail_completa to 2026-02-26 00:00:00+00:00, run_after=2026-02-27 00:00:00+00:00
[2026-02-27T22:01:36.547+0000] {processor.py:183} INFO - Processing /opt/airflow/dags/arquitectura_retail_completa.py took 0.221 seconds
[2026-02-27T22:02:07.002+0000] {processor.py:161} INFO - Started process (PID=514) to work on /opt/airflow/dags/arquitectura_retail_completa.py
[2026-02-27T22:02:07.003+0000] {processor.py:830} INFO - Processing file /opt/airflow/dags/arquitectura_retail_completa.py for tasks to queue
[2026-02-27T22:02:07.006+0000] {logging_mixin.py:188} INFO - [2026-02-27T22:02:07.005+0000] {dagbag.py:540} INFO - Filling up the DagBag from /opt/airflow/dags/arquitectura_retail_completa.py
[2026-02-27T22:02:07.056+0000] {processor.py:840} INFO - DAG(s) 'arquitectura_retail_completa' retrieved from /opt/airflow/dags/arquitectura_retail_completa.py
[2026-02-27T22:02:07.112+0000] {logging_mixin.py:188} INFO - [2026-02-27T22:02:07.111+0000] {dag.py:3096} INFO - Sync 1 DAGs
[2026-02-27T22:02:07.151+0000] {logging_mixin.py:188} INFO - [2026-02-27T22:02:07.151+0000] {dag.py:3954} INFO - Setting next_dagrun for arquitectura_retail_completa to 2026-02-26 00:00:00+00:00, run_after=2026-02-27 00:00:00+00:00
[2026-02-27T22:02:07.187+0000] {processor.py:183} INFO - Processing /opt/airflow/dags/arquitectura_retail_completa.py took 0.198 seconds
[2026-02-27T22:02:37.342+0000] {processor.py:161} INFO - Started process (PID=522) to work on /opt/airflow/dags/arquitectura_retail_completa.py
[2026-02-27T22:02:37.344+0000] {processor.py:830} INFO - Processing file /opt/airflow/dags/arquitectura_retail_completa.py for tasks to queue
[2026-02-27T22:02:37.346+0000] {logging_mixin.py:188} INFO - [2026-02-27T22:02:37.345+0000] {dagbag.py:540} INFO - Filling up the DagBag from /opt/airflow/dags/arquitectura_retail_completa.py
[2026-02-27T22:02:37.391+0000] {processor.py:840} INFO - DAG(s) 'arquitectura_retail_completa' retrieved from /opt/airflow/dags/arquitectura_retail_completa.py
[2026-02-27T22:02:37.474+0000] {logging_mixin.py:188} INFO - [2026-02-27T22:02:37.473+0000] {dag.py:3096} INFO - Sync 1 DAGs
[2026-02-27T22:02:37.523+0000] {logging_mixin.py:188} INFO - [2026-02-27T22:02:37.523+0000] {dag.py:3954} INFO - Setting next_dagrun for arquitectura_retail_completa to 2026-02-26 00:00:00+00:00, run_after=2026-02-27 00:00:00+00:00
[2026-02-27T22:02:37.568+0000] {processor.py:183} INFO - Processing /opt/airflow/dags/arquitectura_retail_completa.py took 0.238 seconds
[2026-02-27T22:03:07.785+0000] {processor.py:161} INFO - Started process (PID=530) to work on /opt/airflow/dags/arquitectura_retail_completa.py
[2026-02-27T22:03:07.786+0000] {processor.py:830} INFO - Processing file /opt/airflow/dags/arquitectura_retail_completa.py for tasks to queue
[2026-02-27T22:03:07.788+0000] {logging_mixin.py:188} INFO - [2026-02-27T22:03:07.787+0000] {dagbag.py:540} INFO - Filling up the DagBag from /opt/airflow/dags/arquitectura_retail_completa.py
[2026-02-27T22:03:07.831+0000] {processor.py:840} INFO - DAG(s) 'arquitectura_retail_completa' retrieved from /opt/airflow/dags/arquitectura_retail_completa.py
[2026-02-27T22:03:07.882+0000] {logging_mixin.py:188} INFO - [2026-02-27T22:03:07.882+0000] {dag.py:3096} INFO - Sync 1 DAGs
[2026-02-27T22:03:07.914+0000] {logging_mixin.py:188} INFO - [2026-02-27T22:03:07.913+0000] {dag.py:3954} INFO - Setting next_dagrun for arquitectura_retail_completa to 2026-02-26 00:00:00+00:00, run_after=2026-02-27 00:00:00+00:00
[2026-02-27T22:03:07.944+0000] {processor.py:183} INFO - Processing /opt/airflow/dags/arquitectura_retail_completa.py took 0.170 seconds
[2026-02-27T22:03:38.288+0000] {processor.py:161} INFO - Started process (PID=538) to work on /opt/airflow/dags/arquitectura_retail_completa.py
[2026-02-27T22:03:38.290+0000] {processor.py:830} INFO - Processing file /opt/airflow/dags/arquitectura_retail_completa.py for tasks to queue
[2026-02-27T22:03:38.293+0000] {logging_mixin.py:188} INFO - [2026-02-27T22:03:38.292+0000] {dagbag.py:540} INFO - Filling up the DagBag from /opt/airflow/dags/arquitectura_retail_completa.py
[2026-02-27T22:03:38.345+0000] {processor.py:840} INFO - DAG(s) 'arquitectura_retail_completa' retrieved from /opt/airflow/dags/arquitectura_retail_completa.py
[2026-02-27T22:03:38.399+0000] {logging_mixin.py:188} INFO - [2026-02-27T22:03:38.398+0000] {dag.py:3096} INFO - Sync 1 DAGs
[2026-02-27T22:03:38.428+0000] {logging_mixin.py:188} INFO - [2026-02-27T22:03:38.427+0000] {dag.py:3954} INFO - Setting next_dagrun for arquitectura_retail_completa to 2026-02-26 00:00:00+00:00, run_after=2026-02-27 00:00:00+00:00
[2026-02-27T22:03:38.458+0000] {processor.py:183} INFO - Processing /opt/airflow/dags/arquitectura_retail_completa.py took 0.184 seconds
[2026-02-27T22:04:08.575+0000] {processor.py:161} INFO - Started process (PID=546) to work on /opt/airflow/dags/arquitectura_retail_completa.py
[2026-02-27T22:04:08.577+0000] {processor.py:830} INFO - Processing file /opt/airflow/dags/arquitectura_retail_completa.py for tasks to queue
[2026-02-27T22:04:08.578+0000] {logging_mixin.py:188} INFO - [2026-02-27T22:04:08.578+0000] {dagbag.py:540} INFO - Filling up the DagBag from /opt/airflow/dags/arquitectura_retail_completa.py
[2026-02-27T22:04:08.614+0000] {processor.py:840} INFO - DAG(s) 'arquitectura_retail_completa' retrieved from /opt/airflow/dags/arquitectura_retail_completa.py
[2026-02-27T22:04:08.662+0000] {logging_mixin.py:188} INFO - [2026-02-27T22:04:08.661+0000] {dag.py:3096} INFO - Sync 1 DAGs
[2026-02-27T22:04:08.693+0000] {logging_mixin.py:188} INFO - [2026-02-27T22:04:08.693+0000] {dag.py:3954} INFO - Setting next_dagrun for arquitectura_retail_completa to 2026-02-26 00:00:00+00:00, run_after=2026-02-27 00:00:00+00:00
[2026-02-27T22:04:08.723+0000] {processor.py:183} INFO - Processing /opt/airflow/dags/arquitectura_retail_completa.py took 0.161 seconds
[2026-02-27T22:04:38.952+0000] {processor.py:161} INFO - Started process (PID=554) to work on /opt/airflow/dags/arquitectura_retail_completa.py
[2026-02-27T22:04:38.953+0000] {processor.py:830} INFO - Processing file /opt/airflow/dags/arquitectura_retail_completa.py for tasks to queue
[2026-02-27T22:04:38.955+0000] {logging_mixin.py:188} INFO - [2026-02-27T22:04:38.955+0000] {dagbag.py:540} INFO - Filling up the DagBag from /opt/airflow/dags/arquitectura_retail_completa.py
[2026-02-27T22:04:38.996+0000] {processor.py:840} INFO - DAG(s) 'arquitectura_retail_completa' retrieved from /opt/airflow/dags/arquitectura_retail_completa.py
[2026-02-27T22:04:39.053+0000] {logging_mixin.py:188} INFO - [2026-02-27T22:04:39.052+0000] {dag.py:3096} INFO - Sync 1 DAGs
[2026-02-27T22:04:39.087+0000] {logging_mixin.py:188} INFO - [2026-02-27T22:04:39.087+0000] {dag.py:3954} INFO - Setting next_dagrun for arquitectura_retail_completa to 2026-02-26 00:00:00+00:00, run_after=2026-02-27 00:00:00+00:00
[2026-02-27T22:04:39.122+0000] {processor.py:183} INFO - Processing /opt/airflow/dags/arquitectura_retail_completa.py took 0.180 seconds
[2026-02-27T22:05:09.551+0000] {processor.py:161} INFO - Started process (PID=562) to work on /opt/airflow/dags/arquitectura_retail_completa.py
[2026-02-27T22:05:09.552+0000] {processor.py:830} INFO - Processing file /opt/airflow/dags/arquitectura_retail_completa.py for tasks to queue
[2026-02-27T22:05:09.553+0000] {logging_mixin.py:188} INFO - [2026-02-27T22:05:09.553+0000] {dagbag.py:540} INFO - Filling up the DagBag from /opt/airflow/dags/arquitectura_retail_completa.py
[2026-02-27T22:05:09.600+0000] {processor.py:840} INFO - DAG(s) 'arquitectura_retail_completa' retrieved from /opt/airflow/dags/arquitectura_retail_completa.py
[2026-02-27T22:05:09.659+0000] {logging_mixin.py:188} INFO - [2026-02-27T22:05:09.659+0000] {dag.py:3096} INFO - Sync 1 DAGs
[2026-02-27T22:05:09.693+0000] {logging_mixin.py:188} INFO - [2026-02-27T22:05:09.693+0000] {dag.py:3954} INFO - Setting next_dagrun for arquitectura_retail_completa to 2026-02-26 00:00:00+00:00, run_after=2026-02-27 00:00:00+00:00
[2026-02-27T22:05:09.721+0000] {processor.py:183} INFO - Processing /opt/airflow/dags/arquitectura_retail_completa.py took 0.179 seconds
[2026-02-27T22:05:39.898+0000] {processor.py:161} INFO - Started process (PID=570) to work on /opt/airflow/dags/arquitectura_retail_completa.py
[2026-02-27T22:05:39.900+0000] {processor.py:830} INFO - Processing file /opt/airflow/dags/arquitectura_retail_completa.py for tasks to queue
[2026-02-27T22:05:39.901+0000] {logging_mixin.py:188} INFO - [2026-02-27T22:05:39.901+0000] {dagbag.py:540} INFO - Filling up the DagBag from /opt/airflow/dags/arquitectura_retail_completa.py
[2026-02-27T22:05:39.958+0000] {processor.py:840} INFO - DAG(s) 'arquitectura_retail_completa' retrieved from /opt/airflow/dags/arquitectura_retail_completa.py
[2026-02-27T22:05:40.020+0000] {logging_mixin.py:188} INFO - [2026-02-27T22:05:40.019+0000] {dag.py:3096} INFO - Sync 1 DAGs
[2026-02-27T22:05:40.061+0000] {logging_mixin.py:188} INFO - [2026-02-27T22:05:40.060+0000] {dag.py:3954} INFO - Setting next_dagrun for arquitectura_retail_completa to 2026-02-26 00:00:00+00:00, run_after=2026-02-27 00:00:00+00:00
[2026-02-27T22:05:40.094+0000] {processor.py:183} INFO - Processing /opt/airflow/dags/arquitectura_retail_completa.py took 0.206 seconds
[2026-02-27T22:06:10.351+0000] {processor.py:161} INFO - Started process (PID=578) to work on /opt/airflow/dags/arquitectura_retail_completa.py
[2026-02-27T22:06:10.353+0000] {processor.py:830} INFO - Processing file /opt/airflow/dags/arquitectura_retail_completa.py for tasks to queue
[2026-02-27T22:06:10.355+0000] {logging_mixin.py:188} INFO - [2026-02-27T22:06:10.354+0000] {dagbag.py:540} INFO - Filling up the DagBag from /opt/airflow/dags/arquitectura_retail_completa.py
[2026-02-27T22:06:10.403+0000] {processor.py:840} INFO - DAG(s) 'arquitectura_retail_completa' retrieved from /opt/airflow/dags/arquitectura_retail_completa.py
[2026-02-27T22:06:10.471+0000] {logging_mixin.py:188} INFO - [2026-02-27T22:06:10.471+0000] {dag.py:3096} INFO - Sync 1 DAGs
[2026-02-27T22:06:10.512+0000] {logging_mixin.py:188} INFO - [2026-02-27T22:06:10.512+0000] {dag.py:3954} INFO - Setting next_dagrun for arquitectura_retail_completa to 2026-02-26 00:00:00+00:00, run_after=2026-02-27 00:00:00+00:00
[2026-02-27T22:06:10.548+0000] {processor.py:183} INFO - Processing /opt/airflow/dags/arquitectura_retail_completa.py took 0.205 seconds
[2026-02-27T22:06:41.064+0000] {processor.py:161} INFO - Started process (PID=586) to work on /opt/airflow/dags/arquitectura_retail_completa.py
[2026-02-27T22:06:41.066+0000] {processor.py:830} INFO - Processing file /opt/airflow/dags/arquitectura_retail_completa.py for tasks to queue
[2026-02-27T22:06:41.067+0000] {logging_mixin.py:188} INFO - [2026-02-27T22:06:41.067+0000] {dagbag.py:540} INFO - Filling up the DagBag from /opt/airflow/dags/arquitectura_retail_completa.py
[2026-02-27T22:06:41.118+0000] {processor.py:840} INFO - DAG(s) 'arquitectura_retail_completa' retrieved from /opt/airflow/dags/arquitectura_retail_completa.py
[2026-02-27T22:06:41.169+0000] {logging_mixin.py:188} INFO - [2026-02-27T22:06:41.168+0000] {dag.py:3096} INFO - Sync 1 DAGs
[2026-02-27T22:06:41.200+0000] {logging_mixin.py:188} INFO - [2026-02-27T22:06:41.200+0000] {dag.py:3954} INFO - Setting next_dagrun for arquitectura_retail_completa to 2026-02-26 00:00:00+00:00, run_after=2026-02-27 00:00:00+00:00
[2026-02-27T22:06:41.234+0000] {processor.py:183} INFO - Processing /opt/airflow/dags/arquitectura_retail_completa.py took 0.179 seconds
[2026-02-27T22:07:11.374+0000] {processor.py:161} INFO - Started process (PID=594) to work on /opt/airflow/dags/arquitectura_retail_completa.py
[2026-02-27T22:07:11.376+0000] {processor.py:830} INFO - Processing file /opt/airflow/dags/arquitectura_retail_completa.py for tasks to queue
[2026-02-27T22:07:11.379+0000] {logging_mixin.py:188} INFO - [2026-02-27T22:07:11.378+0000] {dagbag.py:540} INFO - Filling up the DagBag from /opt/airflow/dags/arquitectura_retail_completa.py
[2026-02-27T22:07:11.425+0000] {processor.py:840} INFO - DAG(s) 'arquitectura_retail_completa' retrieved from /opt/airflow/dags/arquitectura_retail_completa.py
[2026-02-27T22:07:11.477+0000] {logging_mixin.py:188} INFO - [2026-02-27T22:07:11.477+0000] {dag.py:3096} INFO - Sync 1 DAGs
[2026-02-27T22:07:11.507+0000] {logging_mixin.py:188} INFO - [2026-02-27T22:07:11.507+0000] {dag.py:3954} INFO - Setting next_dagrun for arquitectura_retail_completa to 2026-02-26 00:00:00+00:00, run_after=2026-02-27 00:00:00+00:00
[2026-02-27T22:07:11.536+0000] {processor.py:183} INFO - Processing /opt/airflow/dags/arquitectura_retail_completa.py took 0.176 seconds
[2026-02-27T22:07:41.678+0000] {processor.py:161} INFO - Started process (PID=602) to work on /opt/airflow/dags/arquitectura_retail_completa.py
[2026-02-27T22:07:41.680+0000] {processor.py:830} INFO - Processing file /opt/airflow/dags/arquitectura_retail_completa.py for tasks to queue
[2026-02-27T22:07:41.682+0000] {logging_mixin.py:188} INFO - [2026-02-27T22:07:41.681+0000] {dagbag.py:540} INFO - Filling up the DagBag from /opt/airflow/dags/arquitectura_retail_completa.py
[2026-02-27T22:07:41.738+0000] {processor.py:840} INFO - DAG(s) 'arquitectura_retail_completa' retrieved from /opt/airflow/dags/arquitectura_retail_completa.py
[2026-02-27T22:07:41.794+0000] {logging_mixin.py:188} INFO - [2026-02-27T22:07:41.794+0000] {dag.py:3096} INFO - Sync 1 DAGs
[2026-02-27T22:07:41.837+0000] {logging_mixin.py:188} INFO - [2026-02-27T22:07:41.836+0000] {dag.py:3954} INFO - Setting next_dagrun for arquitectura_retail_completa to 2026-02-26 00:00:00+00:00, run_after=2026-02-27 00:00:00+00:00
[2026-02-27T22:07:41.878+0000] {processor.py:183} INFO - Processing /opt/airflow/dags/arquitectura_retail_completa.py took 0.209 seconds
[2026-02-27T22:08:12.262+0000] {processor.py:161} INFO - Started process (PID=610) to work on /opt/airflow/dags/arquitectura_retail_completa.py
[2026-02-27T22:08:12.263+0000] {processor.py:830} INFO - Processing file /opt/airflow/dags/arquitectura_retail_completa.py for tasks to queue
[2026-02-27T22:08:12.265+0000] {logging_mixin.py:188} INFO - [2026-02-27T22:08:12.265+0000] {dagbag.py:540} INFO - Filling up the DagBag from /opt/airflow/dags/arquitectura_retail_completa.py
[2026-02-27T22:08:12.308+0000] {processor.py:840} INFO - DAG(s) 'arquitectura_retail_completa' retrieved from /opt/airflow/dags/arquitectura_retail_completa.py
[2026-02-27T22:08:12.360+0000] {logging_mixin.py:188} INFO - [2026-02-27T22:08:12.360+0000] {dag.py:3096} INFO - Sync 1 DAGs
[2026-02-27T22:08:12.393+0000] {logging_mixin.py:188} INFO - [2026-02-27T22:08:12.393+0000] {dag.py:3954} INFO - Setting next_dagrun for arquitectura_retail_completa to 2026-02-26 00:00:00+00:00, run_after=2026-02-27 00:00:00+00:00
[2026-02-27T22:08:12.429+0000] {processor.py:183} INFO - Processing /opt/airflow/dags/arquitectura_retail_completa.py took 0.180 seconds
[2026-02-27T22:08:42.692+0000] {processor.py:161} INFO - Started process (PID=618) to work on /opt/airflow/dags/arquitectura_retail_completa.py
[2026-02-27T22:08:42.698+0000] {processor.py:830} INFO - Processing file /opt/airflow/dags/arquitectura_retail_completa.py for tasks to queue
[2026-02-27T22:08:42.701+0000] {logging_mixin.py:188} INFO - [2026-02-27T22:08:42.700+0000] {dagbag.py:540} INFO - Filling up the DagBag from /opt/airflow/dags/arquitectura_retail_completa.py
[2026-02-27T22:08:42.767+0000] {processor.py:840} INFO - DAG(s) 'arquitectura_retail_completa' retrieved from /opt/airflow/dags/arquitectura_retail_completa.py
[2026-02-27T22:08:42.837+0000] {logging_mixin.py:188} INFO - [2026-02-27T22:08:42.836+0000] {dag.py:3096} INFO - Sync 1 DAGs
[2026-02-27T22:08:42.896+0000] {logging_mixin.py:188} INFO - [2026-02-27T22:08:42.895+0000] {dag.py:3954} INFO - Setting next_dagrun for arquitectura_retail_completa to 2026-02-26 00:00:00+00:00, run_after=2026-02-27 00:00:00+00:00
[2026-02-27T22:08:42.944+0000] {processor.py:183} INFO - Processing /opt/airflow/dags/arquitectura_retail_completa.py took 0.267 seconds
[2026-02-27T22:09:13.143+0000] {processor.py:161} INFO - Started process (PID=626) to work on /opt/airflow/dags/arquitectura_retail_completa.py
[2026-02-27T22:09:13.145+0000] {processor.py:830} INFO - Processing file /opt/airflow/dags/arquitectura_retail_completa.py for tasks to queue
[2026-02-27T22:09:13.147+0000] {logging_mixin.py:188} INFO - [2026-02-27T22:09:13.146+0000] {dagbag.py:540} INFO - Filling up the DagBag from /opt/airflow/dags/arquitectura_retail_completa.py
[2026-02-27T22:09:13.191+0000] {processor.py:840} INFO - DAG(s) 'arquitectura_retail_completa' retrieved from /opt/airflow/dags/arquitectura_retail_completa.py
[2026-02-27T22:09:13.251+0000] {logging_mixin.py:188} INFO - [2026-02-27T22:09:13.251+0000] {dag.py:3096} INFO - Sync 1 DAGs
[2026-02-27T22:09:13.286+0000] {logging_mixin.py:188} INFO - [2026-02-27T22:09:13.285+0000] {dag.py:3954} INFO - Setting next_dagrun for arquitectura_retail_completa to 2026-02-26 00:00:00+00:00, run_after=2026-02-27 00:00:00+00:00
[2026-02-27T22:09:13.315+0000] {processor.py:183} INFO - Processing /opt/airflow/dags/arquitectura_retail_completa.py took 0.181 seconds
[2026-02-27T22:09:43.531+0000] {processor.py:161} INFO - Started process (PID=634) to work on /opt/airflow/dags/arquitectura_retail_completa.py
[2026-02-27T22:09:43.533+0000] {processor.py:830} INFO - Processing file /opt/airflow/dags/arquitectura_retail_completa.py for tasks to queue
[2026-02-27T22:09:43.535+0000] {logging_mixin.py:188} INFO - [2026-02-27T22:09:43.534+0000] {dagbag.py:540} INFO - Filling up the DagBag from /opt/airflow/dags/arquitectura_retail_completa.py
[2026-02-27T22:09:43.584+0000] {processor.py:840} INFO - DAG(s) 'arquitectura_retail_completa' retrieved from /opt/airflow/dags/arquitectura_retail_completa.py
[2026-02-27T22:09:43.639+0000] {logging_mixin.py:188} INFO - [2026-02-27T22:09:43.638+0000] {dag.py:3096} INFO - Sync 1 DAGs
[2026-02-27T22:09:43.675+0000] {logging_mixin.py:188} INFO - [2026-02-27T22:09:43.674+0000] {dag.py:3954} INFO - Setting next_dagrun for arquitectura_retail_completa to 2026-02-26 00:00:00+00:00, run_after=2026-02-27 00:00:00+00:00
[2026-02-27T22:09:43.710+0000] {processor.py:183} INFO - Processing /opt/airflow/dags/arquitectura_retail_completa.py took 0.195 seconds
[2026-02-27T22:10:14.058+0000] {processor.py:161} INFO - Started process (PID=642) to work on /opt/airflow/dags/arquitectura_retail_completa.py
[2026-02-27T22:10:14.060+0000] {processor.py:830} INFO - Processing file /opt/airflow/dags/arquitectura_retail_completa.py for tasks to queue
[2026-02-27T22:10:14.061+0000] {logging_mixin.py:188} INFO - [2026-02-27T22:10:14.061+0000] {dagbag.py:540} INFO - Filling up the DagBag from /opt/airflow/dags/arquitectura_retail_completa.py
[2026-02-27T22:10:14.112+0000] {processor.py:840} INFO - DAG(s) 'arquitectura_retail_completa' retrieved from /opt/airflow/dags/arquitectura_retail_completa.py
[2026-02-27T22:10:14.165+0000] {logging_mixin.py:188} INFO - [2026-02-27T22:10:14.165+0000] {dag.py:3096} INFO - Sync 1 DAGs
[2026-02-27T22:10:14.206+0000] {logging_mixin.py:188} INFO - [2026-02-27T22:10:14.205+0000] {dag.py:3954} INFO - Setting next_dagrun for arquitectura_retail_completa to 2026-02-26 00:00:00+00:00, run_after=2026-02-27 00:00:00+00:00
[2026-02-27T22:10:14.246+0000] {processor.py:183} INFO - Processing /opt/airflow/dags/arquitectura_retail_completa.py took 0.197 seconds
[2026-02-27T22:10:44.425+0000] {processor.py:161} INFO - Started process (PID=650) to work on /opt/airflow/dags/arquitectura_retail_completa.py
[2026-02-27T22:10:44.427+0000] {processor.py:830} INFO - Processing file /opt/airflow/dags/arquitectura_retail_completa.py for tasks to queue
[2026-02-27T22:10:44.430+0000] {logging_mixin.py:188} INFO - [2026-02-27T22:10:44.429+0000] {dagbag.py:540} INFO - Filling up the DagBag from /opt/airflow/dags/arquitectura_retail_completa.py
[2026-02-27T22:10:44.482+0000] {processor.py:840} INFO - DAG(s) 'arquitectura_retail_completa' retrieved from /opt/airflow/dags/arquitectura_retail_completa.py
[2026-02-27T22:10:44.548+0000] {logging_mixin.py:188} INFO - [2026-02-27T22:10:44.547+0000] {dag.py:3096} INFO - Sync 1 DAGs
[2026-02-27T22:10:44.583+0000] {logging_mixin.py:188} INFO - [2026-02-27T22:10:44.583+0000] {dag.py:3954} INFO - Setting next_dagrun for arquitectura_retail_completa to 2026-02-26 00:00:00+00:00, run_after=2026-02-27 00:00:00+00:00
[2026-02-27T22:10:44.623+0000] {processor.py:183} INFO - Processing /opt/airflow/dags/arquitectura_retail_completa.py took 0.208 seconds
[2026-02-27T22:11:14.750+0000] {processor.py:161} INFO - Started process (PID=658) to work on /opt/airflow/dags/arquitectura_retail_completa.py
[2026-02-27T22:11:14.752+0000] {processor.py:830} INFO - Processing file /opt/airflow/dags/arquitectura_retail_completa.py for tasks to queue
[2026-02-27T22:11:14.754+0000] {logging_mixin.py:188} INFO - [2026-02-27T22:11:14.753+0000] {dagbag.py:540} INFO - Filling up the DagBag from /opt/airflow/dags/arquitectura_retail_completa.py
[2026-02-27T22:11:14.798+0000] {processor.py:840} INFO - DAG(s) 'arquitectura_retail_completa' retrieved from /opt/airflow/dags/arquitectura_retail_completa.py
[2026-02-27T22:11:14.850+0000] {logging_mixin.py:188} INFO - [2026-02-27T22:11:14.849+0000] {dag.py:3096} INFO - Sync 1 DAGs
[2026-02-27T22:11:14.917+0000] {logging_mixin.py:188} INFO - [2026-02-27T22:11:14.916+0000] {dag.py:3954} INFO - Setting next_dagrun for arquitectura_retail_completa to 2026-02-26 00:00:00+00:00, run_after=2026-02-27 00:00:00+00:00
[2026-02-27T22:11:14.973+0000] {processor.py:183} INFO - Processing /opt/airflow/dags/arquitectura_retail_completa.py took 0.238 seconds
[2026-02-27T22:11:45.464+0000] {processor.py:161} INFO - Started process (PID=666) to work on /opt/airflow/dags/arquitectura_retail_completa.py
[2026-02-27T22:11:45.466+0000] {processor.py:830} INFO - Processing file /opt/airflow/dags/arquitectura_retail_completa.py for tasks to queue
[2026-02-27T22:11:45.467+0000] {logging_mixin.py:188} INFO - [2026-02-27T22:11:45.467+0000] {dagbag.py:540} INFO - Filling up the DagBag from /opt/airflow/dags/arquitectura_retail_completa.py
[2026-02-27T22:11:45.513+0000] {processor.py:840} INFO - DAG(s) 'arquitectura_retail_completa' retrieved from /opt/airflow/dags/arquitectura_retail_completa.py
[2026-02-27T22:11:45.569+0000] {logging_mixin.py:188} INFO - [2026-02-27T22:11:45.569+0000] {dag.py:3096} INFO - Sync 1 DAGs
[2026-02-27T22:11:45.610+0000] {logging_mixin.py:188} INFO - [2026-02-27T22:11:45.609+0000] {dag.py:3954} INFO - Setting next_dagrun for arquitectura_retail_completa to 2026-02-26 00:00:00+00:00, run_after=2026-02-27 00:00:00+00:00
[2026-02-27T22:11:45.648+0000] {processor.py:183} INFO - Processing /opt/airflow/dags/arquitectura_retail_completa.py took 0.194 seconds
[2026-02-27T22:12:15.998+0000] {processor.py:161} INFO - Started process (PID=674) to work on /opt/airflow/dags/arquitectura_retail_completa.py
[2026-02-27T22:12:15.999+0000] {processor.py:830} INFO - Processing file /opt/airflow/dags/arquitectura_retail_completa.py for tasks to queue
[2026-02-27T22:12:16.001+0000] {logging_mixin.py:188} INFO - [2026-02-27T22:12:16.000+0000] {dagbag.py:540} INFO - Filling up the DagBag from /opt/airflow/dags/arquitectura_retail_completa.py
[2026-02-27T22:12:16.039+0000] {processor.py:840} INFO - DAG(s) 'arquitectura_retail_completa' retrieved from /opt/airflow/dags/arquitectura_retail_completa.py
[2026-02-27T22:12:16.090+0000] {logging_mixin.py:188} INFO - [2026-02-27T22:12:16.090+0000] {dag.py:3096} INFO - Sync 1 DAGs
[2026-02-27T22:12:16.136+0000] {logging_mixin.py:188} INFO - [2026-02-27T22:12:16.135+0000] {dag.py:3954} INFO - Setting next_dagrun for arquitectura_retail_completa to 2026-02-26 00:00:00+00:00, run_after=2026-02-27 00:00:00+00:00
[2026-02-27T22:12:16.175+0000] {processor.py:183} INFO - Processing /opt/airflow/dags/arquitectura_retail_completa.py took 0.186 seconds
[2026-02-27T22:12:46.352+0000] {processor.py:161} INFO - Started process (PID=682) to work on /opt/airflow/dags/arquitectura_retail_completa.py
[2026-02-27T22:12:46.354+0000] {processor.py:830} INFO - Processing file /opt/airflow/dags/arquitectura_retail_completa.py for tasks to queue
[2026-02-27T22:12:46.356+0000] {logging_mixin.py:188} INFO - [2026-02-27T22:12:46.356+0000] {dagbag.py:540} INFO - Filling up the DagBag from /opt/airflow/dags/arquitectura_retail_completa.py
[2026-02-27T22:12:46.419+0000] {processor.py:840} INFO - DAG(s) 'arquitectura_retail_completa' retrieved from /opt/airflow/dags/arquitectura_retail_completa.py
[2026-02-27T22:12:46.488+0000] {logging_mixin.py:188} INFO - [2026-02-27T22:12:46.488+0000] {dag.py:3096} INFO - Sync 1 DAGs
[2026-02-27T22:12:46.532+0000] {logging_mixin.py:188} INFO - [2026-02-27T22:12:46.531+0000] {dag.py:3954} INFO - Setting next_dagrun for arquitectura_retail_completa to 2026-02-26 00:00:00+00:00, run_after=2026-02-27 00:00:00+00:00
[2026-02-27T22:12:46.584+0000] {processor.py:183} INFO - Processing /opt/airflow/dags/arquitectura_retail_completa.py took 0.241 seconds
[2026-02-27T22:13:16.792+0000] {processor.py:161} INFO - Started process (PID=690) to work on /opt/airflow/dags/arquitectura_retail_completa.py
[2026-02-27T22:13:16.794+0000] {processor.py:830} INFO - Processing file /opt/airflow/dags/arquitectura_retail_completa.py for tasks to queue
[2026-02-27T22:13:16.797+0000] {logging_mixin.py:188} INFO - [2026-02-27T22:13:16.796+0000] {dagbag.py:540} INFO - Filling up the DagBag from /opt/airflow/dags/arquitectura_retail_completa.py
[2026-02-27T22:13:16.845+0000] {processor.py:840} INFO - DAG(s) 'arquitectura_retail_completa' retrieved from /opt/airflow/dags/arquitectura_retail_completa.py
[2026-02-27T22:13:16.897+0000] {logging_mixin.py:188} INFO - [2026-02-27T22:13:16.896+0000] {dag.py:3096} INFO - Sync 1 DAGs
[2026-02-27T22:13:16.932+0000] {logging_mixin.py:188} INFO - [2026-02-27T22:13:16.932+0000] {dag.py:3954} INFO - Setting next_dagrun for arquitectura_retail_completa to 2026-02-26 00:00:00+00:00, run_after=2026-02-27 00:00:00+00:00
[2026-02-27T22:13:16.966+0000] {processor.py:183} INFO - Processing /opt/airflow/dags/arquitectura_retail_completa.py took 0.187 seconds
[2026-02-27T22:13:47.392+0000] {processor.py:161} INFO - Started process (PID=698) to work on /opt/airflow/dags/arquitectura_retail_completa.py
[2026-02-27T22:13:47.393+0000] {processor.py:830} INFO - Processing file /opt/airflow/dags/arquitectura_retail_completa.py for tasks to queue
[2026-02-27T22:13:47.395+0000] {logging_mixin.py:188} INFO - [2026-02-27T22:13:47.394+0000] {dagbag.py:540} INFO - Filling up the DagBag from /opt/airflow/dags/arquitectura_retail_completa.py
[2026-02-27T22:13:47.443+0000] {processor.py:840} INFO - DAG(s) 'arquitectura_retail_completa' retrieved from /opt/airflow/dags/arquitectura_retail_completa.py
[2026-02-27T22:13:47.495+0000] {logging_mixin.py:188} INFO - [2026-02-27T22:13:47.495+0000] {dag.py:3096} INFO - Sync 1 DAGs
[2026-02-27T22:13:47.534+0000] {logging_mixin.py:188} INFO - [2026-02-27T22:13:47.534+0000] {dag.py:3954} INFO - Setting next_dagrun for arquitectura_retail_completa to 2026-02-26 00:00:00+00:00, run_after=2026-02-27 00:00:00+00:00
[2026-02-27T22:13:47.579+0000] {processor.py:183} INFO - Processing /opt/airflow/dags/arquitectura_retail_completa.py took 0.196 seconds
[2026-02-27T22:14:17.928+0000] {processor.py:161} INFO - Started process (PID=706) to work on /opt/airflow/dags/arquitectura_retail_completa.py
[2026-02-27T22:14:17.929+0000] {processor.py:830} INFO - Processing file /opt/airflow/dags/arquitectura_retail_completa.py for tasks to queue
[2026-02-27T22:14:17.931+0000] {logging_mixin.py:188} INFO - [2026-02-27T22:14:17.930+0000] {dagbag.py:540} INFO - Filling up the DagBag from /opt/airflow/dags/arquitectura_retail_completa.py
[2026-02-27T22:14:17.973+0000] {processor.py:840} INFO - DAG(s) 'arquitectura_retail_completa' retrieved from /opt/airflow/dags/arquitectura_retail_completa.py
[2026-02-27T22:14:18.025+0000] {logging_mixin.py:188} INFO - [2026-02-27T22:14:18.025+0000] {dag.py:3096} INFO - Sync 1 DAGs
[2026-02-27T22:14:18.071+0000] {logging_mixin.py:188} INFO - [2026-02-27T22:14:18.070+0000] {dag.py:3954} INFO - Setting next_dagrun for arquitectura_retail_completa to 2026-02-26 00:00:00+00:00, run_after=2026-02-27 00:00:00+00:00
[2026-02-27T22:14:18.112+0000] {processor.py:183} INFO - Processing /opt/airflow/dags/arquitectura_retail_completa.py took 0.194 seconds
[2026-02-27T22:14:48.303+0000] {processor.py:161} INFO - Started process (PID=715) to work on /opt/airflow/dags/arquitectura_retail_completa.py
[2026-02-27T22:14:48.304+0000] {processor.py:830} INFO - Processing file /opt/airflow/dags/arquitectura_retail_completa.py for tasks to queue
[2026-02-27T22:14:48.306+0000] {logging_mixin.py:188} INFO - [2026-02-27T22:14:48.306+0000] {dagbag.py:540} INFO - Filling up the DagBag from /opt/airflow/dags/arquitectura_retail_completa.py
[2026-02-27T22:14:48.357+0000] {processor.py:840} INFO - DAG(s) 'arquitectura_retail_completa' retrieved from /opt/airflow/dags/arquitectura_retail_completa.py
[2026-02-27T22:14:48.400+0000] {logging_mixin.py:188} INFO - [2026-02-27T22:14:48.400+0000] {dag.py:3096} INFO - Sync 1 DAGs
[2026-02-27T22:14:48.429+0000] {logging_mixin.py:188} INFO - [2026-02-27T22:14:48.429+0000] {dag.py:3954} INFO - Setting next_dagrun for arquitectura_retail_completa to 2026-02-26 00:00:00+00:00, run_after=2026-02-27 00:00:00+00:00
[2026-02-27T22:14:48.471+0000] {processor.py:183} INFO - Processing /opt/airflow/dags/arquitectura_retail_completa.py took 0.176 seconds
[2026-02-27T22:15:18.612+0000] {processor.py:161} INFO - Started process (PID=722) to work on /opt/airflow/dags/arquitectura_retail_completa.py
[2026-02-27T22:15:18.615+0000] {processor.py:830} INFO - Processing file /opt/airflow/dags/arquitectura_retail_completa.py for tasks to queue
[2026-02-27T22:15:18.617+0000] {logging_mixin.py:188} INFO - [2026-02-27T22:15:18.616+0000] {dagbag.py:540} INFO - Filling up the DagBag from /opt/airflow/dags/arquitectura_retail_completa.py
[2026-02-27T22:15:18.667+0000] {processor.py:840} INFO - DAG(s) 'arquitectura_retail_completa' retrieved from /opt/airflow/dags/arquitectura_retail_completa.py
[2026-02-27T22:15:18.720+0000] {logging_mixin.py:188} INFO - [2026-02-27T22:15:18.720+0000] {dag.py:3096} INFO - Sync 1 DAGs
[2026-02-27T22:15:18.754+0000] {logging_mixin.py:188} INFO - [2026-02-27T22:15:18.753+0000] {dag.py:3954} INFO - Setting next_dagrun for arquitectura_retail_completa to 2026-02-26 00:00:00+00:00, run_after=2026-02-27 00:00:00+00:00
[2026-02-27T22:15:18.785+0000] {processor.py:183} INFO - Processing /opt/airflow/dags/arquitectura_retail_completa.py took 0.186 seconds
[2026-02-27T22:15:48.985+0000] {processor.py:161} INFO - Started process (PID=730) to work on /opt/airflow/dags/arquitectura_retail_completa.py
[2026-02-27T22:15:48.987+0000] {processor.py:830} INFO - Processing file /opt/airflow/dags/arquitectura_retail_completa.py for tasks to queue
[2026-02-27T22:15:48.989+0000] {logging_mixin.py:188} INFO - [2026-02-27T22:15:48.988+0000] {dagbag.py:540} INFO - Filling up the DagBag from /opt/airflow/dags/arquitectura_retail_completa.py
[2026-02-27T22:15:49.043+0000] {processor.py:840} INFO - DAG(s) 'arquitectura_retail_completa' retrieved from /opt/airflow/dags/arquitectura_retail_completa.py
[2026-02-27T22:15:49.114+0000] {logging_mixin.py:188} INFO - [2026-02-27T22:15:49.113+0000] {dag.py:3096} INFO - Sync 1 DAGs
[2026-02-27T22:15:49.157+0000] {logging_mixin.py:188} INFO - [2026-02-27T22:15:49.157+0000] {dag.py:3954} INFO - Setting next_dagrun for arquitectura_retail_completa to 2026-02-26 00:00:00+00:00, run_after=2026-02-27 00:00:00+00:00
[2026-02-27T22:15:49.196+0000] {processor.py:183} INFO - Processing /opt/airflow/dags/arquitectura_retail_completa.py took 0.220 seconds
[2026-02-27T22:16:19.546+0000] {processor.py:161} INFO - Started process (PID=738) to work on /opt/airflow/dags/arquitectura_retail_completa.py
[2026-02-27T22:16:19.548+0000] {processor.py:830} INFO - Processing file /opt/airflow/dags/arquitectura_retail_completa.py for tasks to queue
[2026-02-27T22:16:19.550+0000] {logging_mixin.py:188} INFO - [2026-02-27T22:16:19.549+0000] {dagbag.py:540} INFO - Filling up the DagBag from /opt/airflow/dags/arquitectura_retail_completa.py
[2026-02-27T22:16:19.596+0000] {processor.py:840} INFO - DAG(s) 'arquitectura_retail_completa' retrieved from /opt/airflow/dags/arquitectura_retail_completa.py
[2026-02-27T22:16:19.652+0000] {logging_mixin.py:188} INFO - [2026-02-27T22:16:19.652+0000] {dag.py:3096} INFO - Sync 1 DAGs
[2026-02-27T22:16:19.688+0000] {logging_mixin.py:188} INFO - [2026-02-27T22:16:19.688+0000] {dag.py:3954} INFO - Setting next_dagrun for arquitectura_retail_completa to 2026-02-26 00:00:00+00:00, run_after=2026-02-27 00:00:00+00:00
[2026-02-27T22:16:19.718+0000] {processor.py:183} INFO - Processing /opt/airflow/dags/arquitectura_retail_completa.py took 0.186 seconds
[2026-02-27T22:16:50.085+0000] {processor.py:161} INFO - Started process (PID=746) to work on /opt/airflow/dags/arquitectura_retail_completa.py
[2026-02-27T22:16:50.087+0000] {processor.py:830} INFO - Processing file /opt/airflow/dags/arquitectura_retail_completa.py for tasks to queue
[2026-02-27T22:16:50.089+0000] {logging_mixin.py:188} INFO - [2026-02-27T22:16:50.088+0000] {dagbag.py:540} INFO - Filling up the DagBag from /opt/airflow/dags/arquitectura_retail_completa.py
[2026-02-27T22:16:50.139+0000] {processor.py:840} INFO - DAG(s) 'arquitectura_retail_completa' retrieved from /opt/airflow/dags/arquitectura_retail_completa.py
[2026-02-27T22:16:50.202+0000] {logging_mixin.py:188} INFO - [2026-02-27T22:16:50.201+0000] {dag.py:3096} INFO - Sync 1 DAGs
[2026-02-27T22:16:50.233+0000] {logging_mixin.py:188} INFO - [2026-02-27T22:16:50.233+0000] {dag.py:3954} INFO - Setting next_dagrun for arquitectura_retail_completa to 2026-02-26 00:00:00+00:00, run_after=2026-02-27 00:00:00+00:00
[2026-02-27T22:16:50.264+0000] {processor.py:183} INFO - Processing /opt/airflow/dags/arquitectura_retail_completa.py took 0.189 seconds
[2026-02-27T22:17:20.402+0000] {processor.py:161} INFO - Started process (PID=754) to work on /opt/airflow/dags/arquitectura_retail_completa.py
[2026-02-27T22:17:20.404+0000] {processor.py:830} INFO - Processing file /opt/airflow/dags/arquitectura_retail_completa.py for tasks to queue
[2026-02-27T22:17:20.406+0000] {logging_mixin.py:188} INFO - [2026-02-27T22:17:20.405+0000] {dagbag.py:540} INFO - Filling up the DagBag from /opt/airflow/dags/arquitectura_retail_completa.py
[2026-02-27T22:17:20.452+0000] {processor.py:840} INFO - DAG(s) 'arquitectura_retail_completa' retrieved from /opt/airflow/dags/arquitectura_retail_completa.py
[2026-02-27T22:17:20.514+0000] {logging_mixin.py:188} INFO - [2026-02-27T22:17:20.514+0000] {dag.py:3096} INFO - Sync 1 DAGs
[2026-02-27T22:17:20.562+0000] {logging_mixin.py:188} INFO - [2026-02-27T22:17:20.562+0000] {dag.py:3954} INFO - Setting next_dagrun for arquitectura_retail_completa to 2026-02-26 00:00:00+00:00, run_after=2026-02-27 00:00:00+00:00
[2026-02-27T22:17:20.619+0000] {processor.py:183} INFO - Processing /opt/airflow/dags/arquitectura_retail_completa.py took 0.226 seconds
[2026-02-27T22:17:50.779+0000] {processor.py:161} INFO - Started process (PID=762) to work on /opt/airflow/dags/arquitectura_retail_completa.py
[2026-02-27T22:17:50.781+0000] {processor.py:830} INFO - Processing file /opt/airflow/dags/arquitectura_retail_completa.py for tasks to queue
[2026-02-27T22:17:50.783+0000] {logging_mixin.py:188} INFO - [2026-02-27T22:17:50.782+0000] {dagbag.py:540} INFO - Filling up the DagBag from /opt/airflow/dags/arquitectura_retail_completa.py
[2026-02-27T22:17:50.827+0000] {processor.py:840} INFO - DAG(s) 'arquitectura_retail_completa' retrieved from /opt/airflow/dags/arquitectura_retail_completa.py
[2026-02-27T22:17:50.889+0000] {logging_mixin.py:188} INFO - [2026-02-27T22:17:50.889+0000] {dag.py:3096} INFO - Sync 1 DAGs
[2026-02-27T22:17:50.932+0000] {logging_mixin.py:188} INFO - [2026-02-27T22:17:50.931+0000] {dag.py:3954} INFO - Setting next_dagrun for arquitectura_retail_completa to 2026-02-26 00:00:00+00:00, run_after=2026-02-27 00:00:00+00:00
[2026-02-27T22:17:50.966+0000] {processor.py:183} INFO - Processing /opt/airflow/dags/arquitectura_retail_completa.py took 0.195 seconds
[2026-02-27T22:18:21.098+0000] {processor.py:161} INFO - Started process (PID=770) to work on /opt/airflow/dags/arquitectura_retail_completa.py
[2026-02-27T22:18:21.100+0000] {processor.py:830} INFO - Processing file /opt/airflow/dags/arquitectura_retail_completa.py for tasks to queue
[2026-02-27T22:18:21.103+0000] {logging_mixin.py:188} INFO - [2026-02-27T22:18:21.102+0000] {dagbag.py:540} INFO - Filling up the DagBag from /opt/airflow/dags/arquitectura_retail_completa.py
[2026-02-27T22:18:21.151+0000] {processor.py:840} INFO - DAG(s) 'arquitectura_retail_completa' retrieved from /opt/airflow/dags/arquitectura_retail_completa.py
[2026-02-27T22:18:21.211+0000] {logging_mixin.py:188} INFO - [2026-02-27T22:18:21.211+0000] {dag.py:3096} INFO - Sync 1 DAGs
[2026-02-27T22:18:21.242+0000] {logging_mixin.py:188} INFO - [2026-02-27T22:18:21.241+0000] {dag.py:3954} INFO - Setting next_dagrun for arquitectura_retail_completa to 2026-02-26 00:00:00+00:00, run_after=2026-02-27 00:00:00+00:00
[2026-02-27T22:18:21.271+0000] {processor.py:183} INFO - Processing /opt/airflow/dags/arquitectura_retail_completa.py took 0.182 seconds
[2026-02-27T22:18:51.547+0000] {processor.py:161} INFO - Started process (PID=778) to work on /opt/airflow/dags/arquitectura_retail_completa.py
[2026-02-27T22:18:51.549+0000] {processor.py:830} INFO - Processing file /opt/airflow/dags/arquitectura_retail_completa.py for tasks to queue
[2026-02-27T22:18:51.551+0000] {logging_mixin.py:188} INFO - [2026-02-27T22:18:51.550+0000] {dagbag.py:540} INFO - Filling up the DagBag from /opt/airflow/dags/arquitectura_retail_completa.py
[2026-02-27T22:18:51.603+0000] {processor.py:840} INFO - DAG(s) 'arquitectura_retail_completa' retrieved from /opt/airflow/dags/arquitectura_retail_completa.py
[2026-02-27T22:18:51.657+0000] {logging_mixin.py:188} INFO - [2026-02-27T22:18:51.656+0000] {dag.py:3096} INFO - Sync 1 DAGs
[2026-02-27T22:18:51.690+0000] {logging_mixin.py:188} INFO - [2026-02-27T22:18:51.690+0000] {dag.py:3954} INFO - Setting next_dagrun for arquitectura_retail_completa to 2026-02-26 00:00:00+00:00, run_after=2026-02-27 00:00:00+00:00
[2026-02-27T22:18:51.722+0000] {processor.py:183} INFO - Processing /opt/airflow/dags/arquitectura_retail_completa.py took 0.186 seconds
[2026-02-27T22:19:21.998+0000] {processor.py:161} INFO - Started process (PID=786) to work on /opt/airflow/dags/arquitectura_retail_completa.py
[2026-02-27T22:19:21.999+0000] {processor.py:830} INFO - Processing file /opt/airflow/dags/arquitectura_retail_completa.py for tasks to queue
[2026-02-27T22:19:22.001+0000] {logging_mixin.py:188} INFO - [2026-02-27T22:19:22.001+0000] {dagbag.py:540} INFO - Filling up the DagBag from /opt/airflow/dags/arquitectura_retail_completa.py
[2026-02-27T22:19:22.054+0000] {processor.py:840} INFO - DAG(s) 'arquitectura_retail_completa' retrieved from /opt/airflow/dags/arquitectura_retail_completa.py
[2026-02-27T22:19:22.109+0000] {logging_mixin.py:188} INFO - [2026-02-27T22:19:22.109+0000] {dag.py:3096} INFO - Sync 1 DAGs
[2026-02-27T22:19:22.143+0000] {logging_mixin.py:188} INFO - [2026-02-27T22:19:22.143+0000] {dag.py:3954} INFO - Setting next_dagrun for arquitectura_retail_completa to 2026-02-26 00:00:00+00:00, run_after=2026-02-27 00:00:00+00:00
[2026-02-27T22:19:22.176+0000] {processor.py:183} INFO - Processing /opt/airflow/dags/arquitectura_retail_completa.py took 0.188 seconds
[2026-02-27T22:19:52.398+0000] {processor.py:161} INFO - Started process (PID=794) to work on /opt/airflow/dags/arquitectura_retail_completa.py
[2026-02-27T22:19:52.400+0000] {processor.py:830} INFO - Processing file /opt/airflow/dags/arquitectura_retail_completa.py for tasks to queue
[2026-02-27T22:19:52.404+0000] {logging_mixin.py:188} INFO - [2026-02-27T22:19:52.403+0000] {dagbag.py:540} INFO - Filling up the DagBag from /opt/airflow/dags/arquitectura_retail_completa.py
[2026-02-27T22:19:52.452+0000] {processor.py:840} INFO - DAG(s) 'arquitectura_retail_completa' retrieved from /opt/airflow/dags/arquitectura_retail_completa.py
[2026-02-27T22:19:52.506+0000] {logging_mixin.py:188} INFO - [2026-02-27T22:19:52.505+0000] {dag.py:3096} INFO - Sync 1 DAGs
[2026-02-27T22:19:52.543+0000] {logging_mixin.py:188} INFO - [2026-02-27T22:19:52.543+0000] {dag.py:3954} INFO - Setting next_dagrun for arquitectura_retail_completa to 2026-02-26 00:00:00+00:00, run_after=2026-02-27 00:00:00+00:00
[2026-02-27T22:19:52.588+0000] {processor.py:183} INFO - Processing /opt/airflow/dags/arquitectura_retail_completa.py took 0.201 seconds
[2026-02-27T22:20:23.017+0000] {processor.py:161} INFO - Started process (PID=802) to work on /opt/airflow/dags/arquitectura_retail_completa.py
[2026-02-27T22:20:23.019+0000] {processor.py:830} INFO - Processing file /opt/airflow/dags/arquitectura_retail_completa.py for tasks to queue
[2026-02-27T22:20:23.021+0000] {logging_mixin.py:188} INFO - [2026-02-27T22:20:23.020+0000] {dagbag.py:540} INFO - Filling up the DagBag from /opt/airflow/dags/arquitectura_retail_completa.py
[2026-02-27T22:20:23.075+0000] {processor.py:840} INFO - DAG(s) 'arquitectura_retail_completa' retrieved from /opt/airflow/dags/arquitectura_retail_completa.py
[2026-02-27T22:20:23.127+0000] {logging_mixin.py:188} INFO - [2026-02-27T22:20:23.126+0000] {dag.py:3096} INFO - Sync 1 DAGs
[2026-02-27T22:20:23.161+0000] {logging_mixin.py:188} INFO - [2026-02-27T22:20:23.161+0000] {dag.py:3954} INFO - Setting next_dagrun for arquitectura_retail_completa to 2026-02-26 00:00:00+00:00, run_after=2026-02-27 00:00:00+00:00
[2026-02-27T22:20:23.195+0000] {processor.py:183} INFO - Processing /opt/airflow/dags/arquitectura_retail_completa.py took 0.188 seconds
[2026-02-27T22:20:53.600+0000] {processor.py:161} INFO - Started process (PID=810) to work on /opt/airflow/dags/arquitectura_retail_completa.py
[2026-02-27T22:20:53.601+0000] {processor.py:830} INFO - Processing file /opt/airflow/dags/arquitectura_retail_completa.py for tasks to queue
[2026-02-27T22:20:53.603+0000] {logging_mixin.py:188} INFO - [2026-02-27T22:20:53.602+0000] {dagbag.py:540} INFO - Filling up the DagBag from /opt/airflow/dags/arquitectura_retail_completa.py
[2026-02-27T22:20:53.654+0000] {processor.py:840} INFO - DAG(s) 'arquitectura_retail_completa' retrieved from /opt/airflow/dags/arquitectura_retail_completa.py
[2026-02-27T22:20:53.720+0000] {logging_mixin.py:188} INFO - [2026-02-27T22:20:53.719+0000] {dag.py:3096} INFO - Sync 1 DAGs
[2026-02-27T22:20:53.760+0000] {logging_mixin.py:188} INFO - [2026-02-27T22:20:53.759+0000] {dag.py:3954} INFO - Setting next_dagrun for arquitectura_retail_completa to 2026-02-26 00:00:00+00:00, run_after=2026-02-27 00:00:00+00:00
[2026-02-27T22:20:53.798+0000] {processor.py:183} INFO - Processing /opt/airflow/dags/arquitectura_retail_completa.py took 0.208 seconds
[2026-02-27T22:21:24.230+0000] {processor.py:161} INFO - Started process (PID=818) to work on /opt/airflow/dags/arquitectura_retail_completa.py
[2026-02-27T22:21:24.232+0000] {processor.py:830} INFO - Processing file /opt/airflow/dags/arquitectura_retail_completa.py for tasks to queue
[2026-02-27T22:21:24.234+0000] {logging_mixin.py:188} INFO - [2026-02-27T22:21:24.233+0000] {dagbag.py:540} INFO - Filling up the DagBag from /opt/airflow/dags/arquitectura_retail_completa.py
[2026-02-27T22:21:24.277+0000] {processor.py:840} INFO - DAG(s) 'arquitectura_retail_completa' retrieved from /opt/airflow/dags/arquitectura_retail_completa.py
[2026-02-27T22:21:24.329+0000] {logging_mixin.py:188} INFO - [2026-02-27T22:21:24.328+0000] {dag.py:3096} INFO - Sync 1 DAGs
[2026-02-27T22:21:24.363+0000] {logging_mixin.py:188} INFO - [2026-02-27T22:21:24.363+0000] {dag.py:3954} INFO - Setting next_dagrun for arquitectura_retail_completa to 2026-02-26 00:00:00+00:00, run_after=2026-02-27 00:00:00+00:00
[2026-02-27T22:21:24.393+0000] {processor.py:183} INFO - Processing /opt/airflow/dags/arquitectura_retail_completa.py took 0.170 seconds
[2026-02-27T22:21:54.847+0000] {processor.py:161} INFO - Started process (PID=826) to work on /opt/airflow/dags/arquitectura_retail_completa.py
[2026-02-27T22:21:54.849+0000] {processor.py:830} INFO - Processing file /opt/airflow/dags/arquitectura_retail_completa.py for tasks to queue
[2026-02-27T22:21:54.851+0000] {logging_mixin.py:188} INFO - [2026-02-27T22:21:54.851+0000] {dagbag.py:540} INFO - Filling up the DagBag from /opt/airflow/dags/arquitectura_retail_completa.py
[2026-02-27T22:21:54.909+0000] {processor.py:840} INFO - DAG(s) 'arquitectura_retail_completa' retrieved from /opt/airflow/dags/arquitectura_retail_completa.py
[2026-02-27T22:21:54.977+0000] {logging_mixin.py:188} INFO - [2026-02-27T22:21:54.976+0000] {dag.py:3096} INFO - Sync 1 DAGs
[2026-02-27T22:21:55.020+0000] {logging_mixin.py:188} INFO - [2026-02-27T22:21:55.020+0000] {dag.py:3954} INFO - Setting next_dagrun for arquitectura_retail_completa to 2026-02-26 00:00:00+00:00, run_after=2026-02-27 00:00:00+00:00
[2026-02-27T22:21:55.054+0000] {processor.py:183} INFO - Processing /opt/airflow/dags/arquitectura_retail_completa.py took 0.218 seconds
[2026-02-27T22:22:25.566+0000] {processor.py:161} INFO - Started process (PID=834) to work on /opt/airflow/dags/arquitectura_retail_completa.py
[2026-02-27T22:22:25.568+0000] {processor.py:830} INFO - Processing file /opt/airflow/dags/arquitectura_retail_completa.py for tasks to queue
[2026-02-27T22:22:25.570+0000] {logging_mixin.py:188} INFO - [2026-02-27T22:22:25.569+0000] {dagbag.py:540} INFO - Filling up the DagBag from /opt/airflow/dags/arquitectura_retail_completa.py
[2026-02-27T22:22:25.645+0000] {processor.py:840} INFO - DAG(s) 'arquitectura_retail_completa' retrieved from /opt/airflow/dags/arquitectura_retail_completa.py
[2026-02-27T22:22:25.699+0000] {logging_mixin.py:188} INFO - [2026-02-27T22:22:25.699+0000] {dag.py:3096} INFO - Sync 1 DAGs
[2026-02-27T22:22:25.744+0000] {logging_mixin.py:188} INFO - [2026-02-27T22:22:25.743+0000] {dag.py:3954} INFO - Setting next_dagrun for arquitectura_retail_completa to 2026-02-26 00:00:00+00:00, run_after=2026-02-27 00:00:00+00:00
[2026-02-27T22:22:25.777+0000] {processor.py:183} INFO - Processing /opt/airflow/dags/arquitectura_retail_completa.py took 0.225 seconds
[2026-02-27T22:22:56.193+0000] {processor.py:161} INFO - Started process (PID=842) to work on /opt/airflow/dags/arquitectura_retail_completa.py
[2026-02-27T22:22:56.195+0000] {processor.py:830} INFO - Processing file /opt/airflow/dags/arquitectura_retail_completa.py for tasks to queue
[2026-02-27T22:22:56.198+0000] {logging_mixin.py:188} INFO - [2026-02-27T22:22:56.197+0000] {dagbag.py:540} INFO - Filling up the DagBag from /opt/airflow/dags/arquitectura_retail_completa.py
[2026-02-27T22:22:56.257+0000] {processor.py:840} INFO - DAG(s) 'arquitectura_retail_completa' retrieved from /opt/airflow/dags/arquitectura_retail_completa.py
[2026-02-27T22:22:56.313+0000] {logging_mixin.py:188} INFO - [2026-02-27T22:22:56.313+0000] {dag.py:3096} INFO - Sync 1 DAGs
[2026-02-27T22:22:56.348+0000] {logging_mixin.py:188} INFO - [2026-02-27T22:22:56.348+0000] {dag.py:3954} INFO - Setting next_dagrun for arquitectura_retail_completa to 2026-02-26 00:00:00+00:00, run_after=2026-02-27 00:00:00+00:00
[2026-02-27T22:22:56.386+0000] {processor.py:183} INFO - Processing /opt/airflow/dags/arquitectura_retail_completa.py took 0.204 seconds
[2026-02-27T22:23:26.701+0000] {processor.py:161} INFO - Started process (PID=850) to work on /opt/airflow/dags/arquitectura_retail_completa.py
[2026-02-27T22:23:26.703+0000] {processor.py:830} INFO - Processing file /opt/airflow/dags/arquitectura_retail_completa.py for tasks to queue
[2026-02-27T22:23:26.706+0000] {logging_mixin.py:188} INFO - [2026-02-27T22:23:26.705+0000] {dagbag.py:540} INFO - Filling up the DagBag from /opt/airflow/dags/arquitectura_retail_completa.py
[2026-02-27T22:23:26.751+0000] {processor.py:840} INFO - DAG(s) 'arquitectura_retail_completa' retrieved from /opt/airflow/dags/arquitectura_retail_completa.py
[2026-02-27T22:23:26.799+0000] {logging_mixin.py:188} INFO - [2026-02-27T22:23:26.798+0000] {dag.py:3096} INFO - Sync 1 DAGs
[2026-02-27T22:23:26.834+0000] {logging_mixin.py:188} INFO - [2026-02-27T22:23:26.834+0000] {dag.py:3954} INFO - Setting next_dagrun for arquitectura_retail_completa to 2026-02-26 00:00:00+00:00, run_after=2026-02-27 00:00:00+00:00
[2026-02-27T22:23:26.869+0000] {processor.py:183} INFO - Processing /opt/airflow/dags/arquitectura_retail_completa.py took 0.181 seconds
[2026-02-27T22:23:57.128+0000] {processor.py:161} INFO - Started process (PID=858) to work on /opt/airflow/dags/arquitectura_retail_completa.py
[2026-02-27T22:23:57.130+0000] {processor.py:830} INFO - Processing file /opt/airflow/dags/arquitectura_retail_completa.py for tasks to queue
[2026-02-27T22:23:57.132+0000] {logging_mixin.py:188} INFO - [2026-02-27T22:23:57.131+0000] {dagbag.py:540} INFO - Filling up the DagBag from /opt/airflow/dags/arquitectura_retail_completa.py
[2026-02-27T22:23:57.185+0000] {processor.py:840} INFO - DAG(s) 'arquitectura_retail_completa' retrieved from /opt/airflow/dags/arquitectura_retail_completa.py
[2026-02-27T22:23:57.235+0000] {logging_mixin.py:188} INFO - [2026-02-27T22:23:57.235+0000] {dag.py:3096} INFO - Sync 1 DAGs
[2026-02-27T22:23:57.271+0000] {logging_mixin.py:188} INFO - [2026-02-27T22:23:57.270+0000] {dag.py:3954} INFO - Setting next_dagrun for arquitectura_retail_completa to 2026-02-26 00:00:00+00:00, run_after=2026-02-27 00:00:00+00:00
[2026-02-27T22:23:57.303+0000] {processor.py:183} INFO - Processing /opt/airflow/dags/arquitectura_retail_completa.py took 0.186 seconds
[2026-02-27T22:24:27.593+0000] {processor.py:161} INFO - Started process (PID=866) to work on /opt/airflow/dags/arquitectura_retail_completa.py
[2026-02-27T22:24:27.594+0000] {processor.py:830} INFO - Processing file /opt/airflow/dags/arquitectura_retail_completa.py for tasks to queue
[2026-02-27T22:24:27.596+0000] {logging_mixin.py:188} INFO - [2026-02-27T22:24:27.596+0000] {dagbag.py:540} INFO - Filling up the DagBag from /opt/airflow/dags/arquitectura_retail_completa.py
[2026-02-27T22:24:27.648+0000] {processor.py:840} INFO - DAG(s) 'arquitectura_retail_completa' retrieved from /opt/airflow/dags/arquitectura_retail_completa.py
[2026-02-27T22:24:27.725+0000] {logging_mixin.py:188} INFO - [2026-02-27T22:24:27.724+0000] {dag.py:3096} INFO - Sync 1 DAGs
[2026-02-27T22:24:27.780+0000] {logging_mixin.py:188} INFO - [2026-02-27T22:24:27.779+0000] {dag.py:3954} INFO - Setting next_dagrun for arquitectura_retail_completa to 2026-02-26 00:00:00+00:00, run_after=2026-02-27 00:00:00+00:00
[2026-02-27T22:24:27.839+0000] {processor.py:183} INFO - Processing /opt/airflow/dags/arquitectura_retail_completa.py took 0.258 seconds
[2026-02-27T22:24:58.241+0000] {processor.py:161} INFO - Started process (PID=874) to work on /opt/airflow/dags/arquitectura_retail_completa.py
[2026-02-27T22:24:58.243+0000] {processor.py:830} INFO - Processing file /opt/airflow/dags/arquitectura_retail_completa.py for tasks to queue
[2026-02-27T22:24:58.245+0000] {logging_mixin.py:188} INFO - [2026-02-27T22:24:58.245+0000] {dagbag.py:540} INFO - Filling up the DagBag from /opt/airflow/dags/arquitectura_retail_completa.py
[2026-02-27T22:24:58.301+0000] {processor.py:840} INFO - DAG(s) 'arquitectura_retail_completa' retrieved from /opt/airflow/dags/arquitectura_retail_completa.py
[2026-02-27T22:24:58.364+0000] {logging_mixin.py:188} INFO - [2026-02-27T22:24:58.363+0000] {dag.py:3096} INFO - Sync 1 DAGs
[2026-02-27T22:24:58.401+0000] {logging_mixin.py:188} INFO - [2026-02-27T22:24:58.400+0000] {dag.py:3954} INFO - Setting next_dagrun for arquitectura_retail_completa to 2026-02-26 00:00:00+00:00, run_after=2026-02-27 00:00:00+00:00
[2026-02-27T22:24:58.434+0000] {processor.py:183} INFO - Processing /opt/airflow/dags/arquitectura_retail_completa.py took 0.208 seconds
[2026-02-27T22:25:28.660+0000] {processor.py:161} INFO - Started process (PID=882) to work on /opt/airflow/dags/arquitectura_retail_completa.py
[2026-02-27T22:25:28.662+0000] {processor.py:830} INFO - Processing file /opt/airflow/dags/arquitectura_retail_completa.py for tasks to queue
[2026-02-27T22:25:28.663+0000] {logging_mixin.py:188} INFO - [2026-02-27T22:25:28.663+0000] {dagbag.py:540} INFO - Filling up the DagBag from /opt/airflow/dags/arquitectura_retail_completa.py
[2026-02-27T22:25:28.709+0000] {processor.py:840} INFO - DAG(s) 'arquitectura_retail_completa' retrieved from /opt/airflow/dags/arquitectura_retail_completa.py
[2026-02-27T22:25:28.764+0000] {logging_mixin.py:188} INFO - [2026-02-27T22:25:28.763+0000] {dag.py:3096} INFO - Sync 1 DAGs
[2026-02-27T22:25:28.796+0000] {logging_mixin.py:188} INFO - [2026-02-27T22:25:28.795+0000] {dag.py:3954} INFO - Setting next_dagrun for arquitectura_retail_completa to 2026-02-26 00:00:00+00:00, run_after=2026-02-27 00:00:00+00:00
[2026-02-27T22:25:28.826+0000] {processor.py:183} INFO - Processing /opt/airflow/dags/arquitectura_retail_completa.py took 0.176 seconds
[2026-02-27T22:25:59.082+0000] {processor.py:161} INFO - Started process (PID=890) to work on /opt/airflow/dags/arquitectura_retail_completa.py
[2026-02-27T22:25:59.083+0000] {processor.py:830} INFO - Processing file /opt/airflow/dags/arquitectura_retail_completa.py for tasks to queue
[2026-02-27T22:25:59.085+0000] {logging_mixin.py:188} INFO - [2026-02-27T22:25:59.084+0000] {dagbag.py:540} INFO - Filling up the DagBag from /opt/airflow/dags/arquitectura_retail_completa.py
[2026-02-27T22:25:59.139+0000] {processor.py:840} INFO - DAG(s) 'arquitectura_retail_completa' retrieved from /opt/airflow/dags/arquitectura_retail_completa.py
[2026-02-27T22:25:59.203+0000] {logging_mixin.py:188} INFO - [2026-02-27T22:25:59.203+0000] {dag.py:3096} INFO - Sync 1 DAGs
[2026-02-27T22:25:59.245+0000] {logging_mixin.py:188} INFO - [2026-02-27T22:25:59.245+0000] {dag.py:3954} INFO - Setting next_dagrun for arquitectura_retail_completa to 2026-02-26 00:00:00+00:00, run_after=2026-02-27 00:00:00+00:00
[2026-02-27T22:25:59.277+0000] {processor.py:183} INFO - Processing /opt/airflow/dags/arquitectura_retail_completa.py took 0.204 seconds
[2026-02-27T22:26:29.494+0000] {processor.py:161} INFO - Started process (PID=898) to work on /opt/airflow/dags/arquitectura_retail_completa.py
[2026-02-27T22:26:29.496+0000] {processor.py:830} INFO - Processing file /opt/airflow/dags/arquitectura_retail_completa.py for tasks to queue
[2026-02-27T22:26:29.498+0000] {logging_mixin.py:188} INFO - [2026-02-27T22:26:29.497+0000] {dagbag.py:540} INFO - Filling up the DagBag from /opt/airflow/dags/arquitectura_retail_completa.py
[2026-02-27T22:26:29.548+0000] {processor.py:840} INFO - DAG(s) 'arquitectura_retail_completa' retrieved from /opt/airflow/dags/arquitectura_retail_completa.py
[2026-02-27T22:26:29.603+0000] {logging_mixin.py:188} INFO - [2026-02-27T22:26:29.602+0000] {dag.py:3096} INFO - Sync 1 DAGs
[2026-02-27T22:26:29.638+0000] {logging_mixin.py:188} INFO - [2026-02-27T22:26:29.638+0000] {dag.py:3954} INFO - Setting next_dagrun for arquitectura_retail_completa to 2026-02-26 00:00:00+00:00, run_after=2026-02-27 00:00:00+00:00
[2026-02-27T22:26:29.682+0000] {processor.py:183} INFO - Processing /opt/airflow/dags/arquitectura_retail_completa.py took 0.200 seconds
[2026-02-27T22:27:00.056+0000] {processor.py:161} INFO - Started process (PID=906) to work on /opt/airflow/dags/arquitectura_retail_completa.py
[2026-02-27T22:27:00.057+0000] {processor.py:830} INFO - Processing file /opt/airflow/dags/arquitectura_retail_completa.py for tasks to queue
[2026-02-27T22:27:00.059+0000] {logging_mixin.py:188} INFO - [2026-02-27T22:27:00.058+0000] {dagbag.py:540} INFO - Filling up the DagBag from /opt/airflow/dags/arquitectura_retail_completa.py
[2026-02-27T22:27:00.114+0000] {processor.py:840} INFO - DAG(s) 'arquitectura_retail_completa' retrieved from /opt/airflow/dags/arquitectura_retail_completa.py
[2026-02-27T22:27:00.165+0000] {logging_mixin.py:188} INFO - [2026-02-27T22:27:00.165+0000] {dag.py:3096} INFO - Sync 1 DAGs
[2026-02-27T22:27:00.210+0000] {logging_mixin.py:188} INFO - [2026-02-27T22:27:00.210+0000] {dag.py:3954} INFO - Setting next_dagrun for arquitectura_retail_completa to 2026-02-26 00:00:00+00:00, run_after=2026-02-27 00:00:00+00:00
[2026-02-27T22:27:00.256+0000] {processor.py:183} INFO - Processing /opt/airflow/dags/arquitectura_retail_completa.py took 0.210 seconds
[2026-02-27T22:27:30.441+0000] {processor.py:161} INFO - Started process (PID=914) to work on /opt/airflow/dags/arquitectura_retail_completa.py
[2026-02-27T22:27:30.443+0000] {processor.py:830} INFO - Processing file /opt/airflow/dags/arquitectura_retail_completa.py for tasks to queue
[2026-02-27T22:27:30.445+0000] {logging_mixin.py:188} INFO - [2026-02-27T22:27:30.444+0000] {dagbag.py:540} INFO - Filling up the DagBag from /opt/airflow/dags/arquitectura_retail_completa.py
[2026-02-27T22:27:30.496+0000] {processor.py:840} INFO - DAG(s) 'arquitectura_retail_completa' retrieved from /opt/airflow/dags/arquitectura_retail_completa.py
[2026-02-27T22:27:30.546+0000] {logging_mixin.py:188} INFO - [2026-02-27T22:27:30.546+0000] {dag.py:3096} INFO - Sync 1 DAGs
[2026-02-27T22:27:30.580+0000] {logging_mixin.py:188} INFO - [2026-02-27T22:27:30.579+0000] {dag.py:3954} INFO - Setting next_dagrun for arquitectura_retail_completa to 2026-02-26 00:00:00+00:00, run_after=2026-02-27 00:00:00+00:00
[2026-02-27T22:27:30.621+0000] {processor.py:183} INFO - Processing /opt/airflow/dags/arquitectura_retail_completa.py took 0.191 seconds
[2026-02-27T22:28:00.879+0000] {processor.py:161} INFO - Started process (PID=922) to work on /opt/airflow/dags/arquitectura_retail_completa.py
[2026-02-27T22:28:00.881+0000] {processor.py:830} INFO - Processing file /opt/airflow/dags/arquitectura_retail_completa.py for tasks to queue
[2026-02-27T22:28:00.883+0000] {logging_mixin.py:188} INFO - [2026-02-27T22:28:00.882+0000] {dagbag.py:540} INFO - Filling up the DagBag from /opt/airflow/dags/arquitectura_retail_completa.py
[2026-02-27T22:28:00.933+0000] {processor.py:840} INFO - DAG(s) 'arquitectura_retail_completa' retrieved from /opt/airflow/dags/arquitectura_retail_completa.py
[2026-02-27T22:28:00.988+0000] {logging_mixin.py:188} INFO - [2026-02-27T22:28:00.988+0000] {dag.py:3096} INFO - Sync 1 DAGs
[2026-02-27T22:28:01.019+0000] {logging_mixin.py:188} INFO - [2026-02-27T22:28:01.019+0000] {dag.py:3954} INFO - Setting next_dagrun for arquitectura_retail_completa to 2026-02-26 00:00:00+00:00, run_after=2026-02-27 00:00:00+00:00
[2026-02-27T22:28:01.049+0000] {processor.py:183} INFO - Processing /opt/airflow/dags/arquitectura_retail_completa.py took 0.180 seconds
[2026-02-27T22:28:31.325+0000] {processor.py:161} INFO - Started process (PID=930) to work on /opt/airflow/dags/arquitectura_retail_completa.py
[2026-02-27T22:28:31.327+0000] {processor.py:830} INFO - Processing file /opt/airflow/dags/arquitectura_retail_completa.py for tasks to queue
[2026-02-27T22:28:31.329+0000] {logging_mixin.py:188} INFO - [2026-02-27T22:28:31.329+0000] {dagbag.py:540} INFO - Filling up the DagBag from /opt/airflow/dags/arquitectura_retail_completa.py
[2026-02-27T22:28:31.377+0000] {processor.py:840} INFO - DAG(s) 'arquitectura_retail_completa' retrieved from /opt/airflow/dags/arquitectura_retail_completa.py
[2026-02-27T22:28:31.428+0000] {logging_mixin.py:188} INFO - [2026-02-27T22:28:31.428+0000] {dag.py:3096} INFO - Sync 1 DAGs
[2026-02-27T22:28:31.462+0000] {logging_mixin.py:188} INFO - [2026-02-27T22:28:31.462+0000] {dag.py:3954} INFO - Setting next_dagrun for arquitectura_retail_completa to 2026-02-26 00:00:00+00:00, run_after=2026-02-27 00:00:00+00:00
[2026-02-27T22:28:31.494+0000] {processor.py:183} INFO - Processing /opt/airflow/dags/arquitectura_retail_completa.py took 0.181 seconds
[2026-02-27T22:29:01.757+0000] {processor.py:161} INFO - Started process (PID=938) to work on /opt/airflow/dags/arquitectura_retail_completa.py
[2026-02-27T22:29:01.758+0000] {processor.py:830} INFO - Processing file /opt/airflow/dags/arquitectura_retail_completa.py for tasks to queue
[2026-02-27T22:29:01.760+0000] {logging_mixin.py:188} INFO - [2026-02-27T22:29:01.760+0000] {dagbag.py:540} INFO - Filling up the DagBag from /opt/airflow/dags/arquitectura_retail_completa.py
[2026-02-27T22:29:01.817+0000] {processor.py:840} INFO - DAG(s) 'arquitectura_retail_completa' retrieved from /opt/airflow/dags/arquitectura_retail_completa.py
[2026-02-27T22:29:01.871+0000] {logging_mixin.py:188} INFO - [2026-02-27T22:29:01.871+0000] {dag.py:3096} INFO - Sync 1 DAGs
[2026-02-27T22:29:01.906+0000] {logging_mixin.py:188} INFO - [2026-02-27T22:29:01.906+0000] {dag.py:3954} INFO - Setting next_dagrun for arquitectura_retail_completa to 2026-02-26 00:00:00+00:00, run_after=2026-02-27 00:00:00+00:00
[2026-02-27T22:29:01.943+0000] {processor.py:183} INFO - Processing /opt/airflow/dags/arquitectura_retail_completa.py took 0.197 seconds
[2026-02-27T22:29:32.116+0000] {processor.py:161} INFO - Started process (PID=946) to work on /opt/airflow/dags/arquitectura_retail_completa.py
[2026-02-27T22:29:32.117+0000] {processor.py:830} INFO - Processing file /opt/airflow/dags/arquitectura_retail_completa.py for tasks to queue
[2026-02-27T22:29:32.120+0000] {logging_mixin.py:188} INFO - [2026-02-27T22:29:32.119+0000] {dagbag.py:540} INFO - Filling up the DagBag from /opt/airflow/dags/arquitectura_retail_completa.py
[2026-02-27T22:29:32.177+0000] {processor.py:840} INFO - DAG(s) 'arquitectura_retail_completa' retrieved from /opt/airflow/dags/arquitectura_retail_completa.py
[2026-02-27T22:29:32.236+0000] {logging_mixin.py:188} INFO - [2026-02-27T22:29:32.235+0000] {dag.py:3096} INFO - Sync 1 DAGs
[2026-02-27T22:29:32.269+0000] {logging_mixin.py:188} INFO - [2026-02-27T22:29:32.269+0000] {dag.py:3954} INFO - Setting next_dagrun for arquitectura_retail_completa to 2026-02-26 00:00:00+00:00, run_after=2026-02-27 00:00:00+00:00
[2026-02-27T22:29:32.299+0000] {processor.py:183} INFO - Processing /opt/airflow/dags/arquitectura_retail_completa.py took 0.195 seconds
[2026-02-27T22:30:02.648+0000] {processor.py:161} INFO - Started process (PID=954) to work on /opt/airflow/dags/arquitectura_retail_completa.py
[2026-02-27T22:30:02.651+0000] {processor.py:830} INFO - Processing file /opt/airflow/dags/arquitectura_retail_completa.py for tasks to queue
[2026-02-27T22:30:02.653+0000] {logging_mixin.py:188} INFO - [2026-02-27T22:30:02.652+0000] {dagbag.py:540} INFO - Filling up the DagBag from /opt/airflow/dags/arquitectura_retail_completa.py
[2026-02-27T22:30:02.702+0000] {processor.py:840} INFO - DAG(s) 'arquitectura_retail_completa' retrieved from /opt/airflow/dags/arquitectura_retail_completa.py
[2026-02-27T22:30:02.752+0000] {logging_mixin.py:188} INFO - [2026-02-27T22:30:02.752+0000] {dag.py:3096} INFO - Sync 1 DAGs
[2026-02-27T22:30:02.783+0000] {logging_mixin.py:188} INFO - [2026-02-27T22:30:02.783+0000] {dag.py:3954} INFO - Setting next_dagrun for arquitectura_retail_completa to 2026-02-26 00:00:00+00:00, run_after=2026-02-27 00:00:00+00:00
[2026-02-27T22:30:02.813+0000] {processor.py:183} INFO - Processing /opt/airflow/dags/arquitectura_retail_completa.py took 0.180 seconds
[2026-02-27T22:30:33.012+0000] {processor.py:161} INFO - Started process (PID=962) to work on /opt/airflow/dags/arquitectura_retail_completa.py
[2026-02-27T22:30:33.013+0000] {processor.py:830} INFO - Processing file /opt/airflow/dags/arquitectura_retail_completa.py for tasks to queue
[2026-02-27T22:30:33.016+0000] {logging_mixin.py:188} INFO - [2026-02-27T22:30:33.015+0000] {dagbag.py:540} INFO - Filling up the DagBag from /opt/airflow/dags/arquitectura_retail_completa.py
[2026-02-27T22:30:33.068+0000] {processor.py:840} INFO - DAG(s) 'arquitectura_retail_completa' retrieved from /opt/airflow/dags/arquitectura_retail_completa.py
[2026-02-27T22:30:33.129+0000] {logging_mixin.py:188} INFO - [2026-02-27T22:30:33.128+0000] {dag.py:3096} INFO - Sync 1 DAGs
[2026-02-27T22:30:33.165+0000] {logging_mixin.py:188} INFO - [2026-02-27T22:30:33.164+0000] {dag.py:3954} INFO - Setting next_dagrun for arquitectura_retail_completa to 2026-02-26 00:00:00+00:00, run_after=2026-02-27 00:00:00+00:00
[2026-02-27T22:30:33.199+0000] {processor.py:183} INFO - Processing /opt/airflow/dags/arquitectura_retail_completa.py took 0.199 seconds
[2026-02-27T22:31:03.422+0000] {processor.py:161} INFO - Started process (PID=970) to work on /opt/airflow/dags/arquitectura_retail_completa.py
[2026-02-27T22:31:03.423+0000] {processor.py:830} INFO - Processing file /opt/airflow/dags/arquitectura_retail_completa.py for tasks to queue
[2026-02-27T22:31:03.426+0000] {logging_mixin.py:188} INFO - [2026-02-27T22:31:03.425+0000] {dagbag.py:540} INFO - Filling up the DagBag from /opt/airflow/dags/arquitectura_retail_completa.py
[2026-02-27T22:31:03.474+0000] {processor.py:840} INFO - DAG(s) 'arquitectura_retail_completa' retrieved from /opt/airflow/dags/arquitectura_retail_completa.py
[2026-02-27T22:31:03.522+0000] {logging_mixin.py:188} INFO - [2026-02-27T22:31:03.522+0000] {dag.py:3096} INFO - Sync 1 DAGs
[2026-02-27T22:31:03.556+0000] {logging_mixin.py:188} INFO - [2026-02-27T22:31:03.556+0000] {dag.py:3954} INFO - Setting next_dagrun for arquitectura_retail_completa to 2026-02-26 00:00:00+00:00, run_after=2026-02-27 00:00:00+00:00
[2026-02-27T22:31:03.590+0000] {processor.py:183} INFO - Processing /opt/airflow/dags/arquitectura_retail_completa.py took 0.181 seconds
[2026-02-27T22:31:33.908+0000] {processor.py:161} INFO - Started process (PID=978) to work on /opt/airflow/dags/arquitectura_retail_completa.py
[2026-02-27T22:31:33.909+0000] {processor.py:830} INFO - Processing file /opt/airflow/dags/arquitectura_retail_completa.py for tasks to queue
[2026-02-27T22:31:33.912+0000] {logging_mixin.py:188} INFO - [2026-02-27T22:31:33.911+0000] {dagbag.py:540} INFO - Filling up the DagBag from /opt/airflow/dags/arquitectura_retail_completa.py
[2026-02-27T22:31:33.962+0000] {processor.py:840} INFO - DAG(s) 'arquitectura_retail_completa' retrieved from /opt/airflow/dags/arquitectura_retail_completa.py
[2026-02-27T22:31:34.029+0000] {logging_mixin.py:188} INFO - [2026-02-27T22:31:34.029+0000] {dag.py:3096} INFO - Sync 1 DAGs
[2026-02-27T22:31:34.064+0000] {logging_mixin.py:188} INFO - [2026-02-27T22:31:34.064+0000] {dag.py:3954} INFO - Setting next_dagrun for arquitectura_retail_completa to 2026-02-26 00:00:00+00:00, run_after=2026-02-27 00:00:00+00:00
[2026-02-27T22:31:34.092+0000] {processor.py:183} INFO - Processing /opt/airflow/dags/arquitectura_retail_completa.py took 0.195 seconds
[2026-02-27T22:32:04.528+0000] {processor.py:161} INFO - Started process (PID=986) to work on /opt/airflow/dags/arquitectura_retail_completa.py
[2026-02-27T22:32:04.530+0000] {processor.py:830} INFO - Processing file /opt/airflow/dags/arquitectura_retail_completa.py for tasks to queue
[2026-02-27T22:32:04.531+0000] {logging_mixin.py:188} INFO - [2026-02-27T22:32:04.531+0000] {dagbag.py:540} INFO - Filling up the DagBag from /opt/airflow/dags/arquitectura_retail_completa.py
[2026-02-27T22:32:04.575+0000] {processor.py:840} INFO - DAG(s) 'arquitectura_retail_completa' retrieved from /opt/airflow/dags/arquitectura_retail_completa.py
[2026-02-27T22:32:04.626+0000] {logging_mixin.py:188} INFO - [2026-02-27T22:32:04.626+0000] {dag.py:3096} INFO - Sync 1 DAGs
[2026-02-27T22:32:04.662+0000] {logging_mixin.py:188} INFO - [2026-02-27T22:32:04.662+0000] {dag.py:3954} INFO - Setting next_dagrun for arquitectura_retail_completa to 2026-02-26 00:00:00+00:00, run_after=2026-02-27 00:00:00+00:00
[2026-02-27T22:32:04.694+0000] {processor.py:183} INFO - Processing /opt/airflow/dags/arquitectura_retail_completa.py took 0.178 seconds
[2026-02-27T22:32:34.799+0000] {processor.py:161} INFO - Started process (PID=994) to work on /opt/airflow/dags/arquitectura_retail_completa.py
[2026-02-27T22:32:34.803+0000] {processor.py:830} INFO - Processing file /opt/airflow/dags/arquitectura_retail_completa.py for tasks to queue
[2026-02-27T22:32:34.805+0000] {logging_mixin.py:188} INFO - [2026-02-27T22:32:34.804+0000] {dagbag.py:540} INFO - Filling up the DagBag from /opt/airflow/dags/arquitectura_retail_completa.py
[2026-02-27T22:32:34.856+0000] {processor.py:840} INFO - DAG(s) 'arquitectura_retail_completa' retrieved from /opt/airflow/dags/arquitectura_retail_completa.py
[2026-02-27T22:32:34.917+0000] {logging_mixin.py:188} INFO - [2026-02-27T22:32:34.917+0000] {dag.py:3096} INFO - Sync 1 DAGs
[2026-02-27T22:32:34.952+0000] {logging_mixin.py:188} INFO - [2026-02-27T22:32:34.951+0000] {dag.py:3954} INFO - Setting next_dagrun for arquitectura_retail_completa to 2026-02-26 00:00:00+00:00, run_after=2026-02-27 00:00:00+00:00
[2026-02-27T22:32:34.985+0000] {processor.py:183} INFO - Processing /opt/airflow/dags/arquitectura_retail_completa.py took 0.198 seconds
[2026-02-27T22:33:05.292+0000] {processor.py:161} INFO - Started process (PID=1002) to work on /opt/airflow/dags/arquitectura_retail_completa.py
[2026-02-27T22:33:05.294+0000] {processor.py:830} INFO - Processing file /opt/airflow/dags/arquitectura_retail_completa.py for tasks to queue
[2026-02-27T22:33:05.296+0000] {logging_mixin.py:188} INFO - [2026-02-27T22:33:05.295+0000] {dagbag.py:540} INFO - Filling up the DagBag from /opt/airflow/dags/arquitectura_retail_completa.py
[2026-02-27T22:33:05.352+0000] {processor.py:840} INFO - DAG(s) 'arquitectura_retail_completa' retrieved from /opt/airflow/dags/arquitectura_retail_completa.py
[2026-02-27T22:33:05.413+0000] {logging_mixin.py:188} INFO - [2026-02-27T22:33:05.412+0000] {dag.py:3096} INFO - Sync 1 DAGs
[2026-02-27T22:33:05.457+0000] {logging_mixin.py:188} INFO - [2026-02-27T22:33:05.457+0000] {dag.py:3954} INFO - Setting next_dagrun for arquitectura_retail_completa to 2026-02-26 00:00:00+00:00, run_after=2026-02-27 00:00:00+00:00
[2026-02-27T22:33:05.513+0000] {processor.py:183} INFO - Processing /opt/airflow/dags/arquitectura_retail_completa.py took 0.239 seconds
[2026-02-27T22:33:35.808+0000] {processor.py:161} INFO - Started process (PID=1010) to work on /opt/airflow/dags/arquitectura_retail_completa.py
[2026-02-27T22:33:35.810+0000] {processor.py:830} INFO - Processing file /opt/airflow/dags/arquitectura_retail_completa.py for tasks to queue
[2026-02-27T22:33:35.813+0000] {logging_mixin.py:188} INFO - [2026-02-27T22:33:35.812+0000] {dagbag.py:540} INFO - Filling up the DagBag from /opt/airflow/dags/arquitectura_retail_completa.py
[2026-02-27T22:33:35.865+0000] {processor.py:840} INFO - DAG(s) 'arquitectura_retail_completa' retrieved from /opt/airflow/dags/arquitectura_retail_completa.py
[2026-02-27T22:33:35.918+0000] {logging_mixin.py:188} INFO - [2026-02-27T22:33:35.918+0000] {dag.py:3096} INFO - Sync 1 DAGs
[2026-02-27T22:33:35.952+0000] {logging_mixin.py:188} INFO - [2026-02-27T22:33:35.951+0000] {dag.py:3954} INFO - Setting next_dagrun for arquitectura_retail_completa to 2026-02-26 00:00:00+00:00, run_after=2026-02-27 00:00:00+00:00
[2026-02-27T22:33:35.984+0000] {processor.py:183} INFO - Processing /opt/airflow/dags/arquitectura_retail_completa.py took 0.194 seconds
[2026-02-27T22:34:06.336+0000] {processor.py:161} INFO - Started process (PID=1018) to work on /opt/airflow/dags/arquitectura_retail_completa.py
[2026-02-27T22:34:06.338+0000] {processor.py:830} INFO - Processing file /opt/airflow/dags/arquitectura_retail_completa.py for tasks to queue
[2026-02-27T22:34:06.340+0000] {logging_mixin.py:188} INFO - [2026-02-27T22:34:06.340+0000] {dagbag.py:540} INFO - Filling up the DagBag from /opt/airflow/dags/arquitectura_retail_completa.py
[2026-02-27T22:34:06.397+0000] {processor.py:840} INFO - DAG(s) 'arquitectura_retail_completa' retrieved from /opt/airflow/dags/arquitectura_retail_completa.py
[2026-02-27T22:34:06.479+0000] {logging_mixin.py:188} INFO - [2026-02-27T22:34:06.478+0000] {dag.py:3096} INFO - Sync 1 DAGs
[2026-02-27T22:34:06.526+0000] {logging_mixin.py:188} INFO - [2026-02-27T22:34:06.525+0000] {dag.py:3954} INFO - Setting next_dagrun for arquitectura_retail_completa to 2026-02-26 00:00:00+00:00, run_after=2026-02-27 00:00:00+00:00
[2026-02-27T22:34:06.572+0000] {processor.py:183} INFO - Processing /opt/airflow/dags/arquitectura_retail_completa.py took 0.245 seconds
[2026-02-27T22:34:36.870+0000] {processor.py:161} INFO - Started process (PID=1026) to work on /opt/airflow/dags/arquitectura_retail_completa.py
[2026-02-27T22:34:36.872+0000] {processor.py:830} INFO - Processing file /opt/airflow/dags/arquitectura_retail_completa.py for tasks to queue
[2026-02-27T22:34:36.875+0000] {logging_mixin.py:188} INFO - [2026-02-27T22:34:36.874+0000] {dagbag.py:540} INFO - Filling up the DagBag from /opt/airflow/dags/arquitectura_retail_completa.py
[2026-02-27T22:34:36.940+0000] {processor.py:840} INFO - DAG(s) 'arquitectura_retail_completa' retrieved from /opt/airflow/dags/arquitectura_retail_completa.py
[2026-02-27T22:34:37.022+0000] {logging_mixin.py:188} INFO - [2026-02-27T22:34:37.022+0000] {dag.py:3096} INFO - Sync 1 DAGs
[2026-02-27T22:34:37.071+0000] {logging_mixin.py:188} INFO - [2026-02-27T22:34:37.070+0000] {dag.py:3954} INFO - Setting next_dagrun for arquitectura_retail_completa to 2026-02-26 00:00:00+00:00, run_after=2026-02-27 00:00:00+00:00
[2026-02-27T22:34:37.105+0000] {processor.py:183} INFO - Processing /opt/airflow/dags/arquitectura_retail_completa.py took 0.251 seconds
[2026-02-27T22:35:07.358+0000] {processor.py:161} INFO - Started process (PID=1034) to work on /opt/airflow/dags/arquitectura_retail_completa.py
[2026-02-27T22:35:07.360+0000] {processor.py:830} INFO - Processing file /opt/airflow/dags/arquitectura_retail_completa.py for tasks to queue
[2026-02-27T22:35:07.362+0000] {logging_mixin.py:188} INFO - [2026-02-27T22:35:07.361+0000] {dagbag.py:540} INFO - Filling up the DagBag from /opt/airflow/dags/arquitectura_retail_completa.py
[2026-02-27T22:35:07.409+0000] {processor.py:840} INFO - DAG(s) 'arquitectura_retail_completa' retrieved from /opt/airflow/dags/arquitectura_retail_completa.py
[2026-02-27T22:35:07.464+0000] {logging_mixin.py:188} INFO - [2026-02-27T22:35:07.464+0000] {dag.py:3096} INFO - Sync 1 DAGs
[2026-02-27T22:35:07.498+0000] {logging_mixin.py:188} INFO - [2026-02-27T22:35:07.498+0000] {dag.py:3954} INFO - Setting next_dagrun for arquitectura_retail_completa to 2026-02-26 00:00:00+00:00, run_after=2026-02-27 00:00:00+00:00
[2026-02-27T22:35:07.528+0000] {processor.py:183} INFO - Processing /opt/airflow/dags/arquitectura_retail_completa.py took 0.183 seconds
[2026-02-27T22:35:37.776+0000] {processor.py:161} INFO - Started process (PID=1042) to work on /opt/airflow/dags/arquitectura_retail_completa.py
[2026-02-27T22:35:37.777+0000] {processor.py:830} INFO - Processing file /opt/airflow/dags/arquitectura_retail_completa.py for tasks to queue
[2026-02-27T22:35:37.780+0000] {logging_mixin.py:188} INFO - [2026-02-27T22:35:37.779+0000] {dagbag.py:540} INFO - Filling up the DagBag from /opt/airflow/dags/arquitectura_retail_completa.py
[2026-02-27T22:35:37.831+0000] {processor.py:840} INFO - DAG(s) 'arquitectura_retail_completa' retrieved from /opt/airflow/dags/arquitectura_retail_completa.py
[2026-02-27T22:35:37.885+0000] {logging_mixin.py:188} INFO - [2026-02-27T22:35:37.884+0000] {dag.py:3096} INFO - Sync 1 DAGs
[2026-02-27T22:35:37.921+0000] {logging_mixin.py:188} INFO - [2026-02-27T22:35:37.920+0000] {dag.py:3954} INFO - Setting next_dagrun for arquitectura_retail_completa to 2026-02-26 00:00:00+00:00, run_after=2026-02-27 00:00:00+00:00
[2026-02-27T22:35:37.956+0000] {processor.py:183} INFO - Processing /opt/airflow/dags/arquitectura_retail_completa.py took 0.191 seconds
[2026-02-27T22:36:08.219+0000] {processor.py:161} INFO - Started process (PID=1050) to work on /opt/airflow/dags/arquitectura_retail_completa.py
[2026-02-27T22:36:08.221+0000] {processor.py:830} INFO - Processing file /opt/airflow/dags/arquitectura_retail_completa.py for tasks to queue
[2026-02-27T22:36:08.223+0000] {logging_mixin.py:188} INFO - [2026-02-27T22:36:08.222+0000] {dagbag.py:540} INFO - Filling up the DagBag from /opt/airflow/dags/arquitectura_retail_completa.py
[2026-02-27T22:36:08.274+0000] {processor.py:840} INFO - DAG(s) 'arquitectura_retail_completa' retrieved from /opt/airflow/dags/arquitectura_retail_completa.py
[2026-02-27T22:36:08.335+0000] {logging_mixin.py:188} INFO - [2026-02-27T22:36:08.335+0000] {dag.py:3096} INFO - Sync 1 DAGs
[2026-02-27T22:36:08.368+0000] {logging_mixin.py:188} INFO - [2026-02-27T22:36:08.367+0000] {dag.py:3954} INFO - Setting next_dagrun for arquitectura_retail_completa to 2026-02-26 00:00:00+00:00, run_after=2026-02-27 00:00:00+00:00
[2026-02-27T22:36:08.399+0000] {processor.py:183} INFO - Processing /opt/airflow/dags/arquitectura_retail_completa.py took 0.189 seconds
[2026-02-27T22:36:38.620+0000] {processor.py:161} INFO - Started process (PID=1058) to work on /opt/airflow/dags/arquitectura_retail_completa.py
[2026-02-27T22:36:38.621+0000] {processor.py:830} INFO - Processing file /opt/airflow/dags/arquitectura_retail_completa.py for tasks to queue
[2026-02-27T22:36:38.623+0000] {logging_mixin.py:188} INFO - [2026-02-27T22:36:38.622+0000] {dagbag.py:540} INFO - Filling up the DagBag from /opt/airflow/dags/arquitectura_retail_completa.py
[2026-02-27T22:36:38.678+0000] {processor.py:840} INFO - DAG(s) 'arquitectura_retail_completa' retrieved from /opt/airflow/dags/arquitectura_retail_completa.py
[2026-02-27T22:36:38.743+0000] {logging_mixin.py:188} INFO - [2026-02-27T22:36:38.742+0000] {dag.py:3096} INFO - Sync 1 DAGs
[2026-02-27T22:36:38.781+0000] {logging_mixin.py:188} INFO - [2026-02-27T22:36:38.781+0000] {dag.py:3954} INFO - Setting next_dagrun for arquitectura_retail_completa to 2026-02-26 00:00:00+00:00, run_after=2026-02-27 00:00:00+00:00
[2026-02-27T22:36:38.819+0000] {processor.py:183} INFO - Processing /opt/airflow/dags/arquitectura_retail_completa.py took 0.208 seconds
[2026-02-27T22:37:09.229+0000] {processor.py:161} INFO - Started process (PID=1066) to work on /opt/airflow/dags/arquitectura_retail_completa.py
[2026-02-27T22:37:09.230+0000] {processor.py:830} INFO - Processing file /opt/airflow/dags/arquitectura_retail_completa.py for tasks to queue
[2026-02-27T22:37:09.232+0000] {logging_mixin.py:188} INFO - [2026-02-27T22:37:09.232+0000] {dagbag.py:540} INFO - Filling up the DagBag from /opt/airflow/dags/arquitectura_retail_completa.py
[2026-02-27T22:37:09.278+0000] {processor.py:840} INFO - DAG(s) 'arquitectura_retail_completa' retrieved from /opt/airflow/dags/arquitectura_retail_completa.py
[2026-02-27T22:37:09.333+0000] {logging_mixin.py:188} INFO - [2026-02-27T22:37:09.332+0000] {dag.py:3096} INFO - Sync 1 DAGs
[2026-02-27T22:37:09.362+0000] {logging_mixin.py:188} INFO - [2026-02-27T22:37:09.361+0000] {dag.py:3954} INFO - Setting next_dagrun for arquitectura_retail_completa to 2026-02-26 00:00:00+00:00, run_after=2026-02-27 00:00:00+00:00
[2026-02-27T22:37:09.393+0000] {processor.py:183} INFO - Processing /opt/airflow/dags/arquitectura_retail_completa.py took 0.171 seconds
[2026-02-27T22:37:39.613+0000] {processor.py:161} INFO - Started process (PID=1074) to work on /opt/airflow/dags/arquitectura_retail_completa.py
[2026-02-27T22:37:39.615+0000] {processor.py:830} INFO - Processing file /opt/airflow/dags/arquitectura_retail_completa.py for tasks to queue
[2026-02-27T22:37:39.617+0000] {logging_mixin.py:188} INFO - [2026-02-27T22:37:39.616+0000] {dagbag.py:540} INFO - Filling up the DagBag from /opt/airflow/dags/arquitectura_retail_completa.py
[2026-02-27T22:37:39.661+0000] {processor.py:840} INFO - DAG(s) 'arquitectura_retail_completa' retrieved from /opt/airflow/dags/arquitectura_retail_completa.py
[2026-02-27T22:37:39.721+0000] {logging_mixin.py:188} INFO - [2026-02-27T22:37:39.720+0000] {dag.py:3096} INFO - Sync 1 DAGs
[2026-02-27T22:37:39.758+0000] {logging_mixin.py:188} INFO - [2026-02-27T22:37:39.758+0000] {dag.py:3954} INFO - Setting next_dagrun for arquitectura_retail_completa to 2026-02-26 00:00:00+00:00, run_after=2026-02-27 00:00:00+00:00
[2026-02-27T22:37:39.788+0000] {processor.py:183} INFO - Processing /opt/airflow/dags/arquitectura_retail_completa.py took 0.185 seconds
[2026-02-27T22:38:10.063+0000] {processor.py:161} INFO - Started process (PID=1082) to work on /opt/airflow/dags/arquitectura_retail_completa.py
[2026-02-27T22:38:10.064+0000] {processor.py:830} INFO - Processing file /opt/airflow/dags/arquitectura_retail_completa.py for tasks to queue
[2026-02-27T22:38:10.066+0000] {logging_mixin.py:188} INFO - [2026-02-27T22:38:10.066+0000] {dagbag.py:540} INFO - Filling up the DagBag from /opt/airflow/dags/arquitectura_retail_completa.py
[2026-02-27T22:38:10.136+0000] {processor.py:840} INFO - DAG(s) 'arquitectura_retail_completa' retrieved from /opt/airflow/dags/arquitectura_retail_completa.py
[2026-02-27T22:38:10.206+0000] {logging_mixin.py:188} INFO - [2026-02-27T22:38:10.206+0000] {dag.py:3096} INFO - Sync 1 DAGs
[2026-02-27T22:38:10.243+0000] {logging_mixin.py:188} INFO - [2026-02-27T22:38:10.243+0000] {dag.py:3954} INFO - Setting next_dagrun for arquitectura_retail_completa to 2026-02-26 00:00:00+00:00, run_after=2026-02-27 00:00:00+00:00
[2026-02-27T22:38:10.274+0000] {processor.py:183} INFO - Processing /opt/airflow/dags/arquitectura_retail_completa.py took 0.222 seconds
[2026-02-27T22:38:40.608+0000] {processor.py:161} INFO - Started process (PID=1090) to work on /opt/airflow/dags/arquitectura_retail_completa.py
[2026-02-27T22:38:40.610+0000] {processor.py:830} INFO - Processing file /opt/airflow/dags/arquitectura_retail_completa.py for tasks to queue
[2026-02-27T22:38:40.612+0000] {logging_mixin.py:188} INFO - [2026-02-27T22:38:40.611+0000] {dagbag.py:540} INFO - Filling up the DagBag from /opt/airflow/dags/arquitectura_retail_completa.py
[2026-02-27T22:38:40.662+0000] {processor.py:840} INFO - DAG(s) 'arquitectura_retail_completa' retrieved from /opt/airflow/dags/arquitectura_retail_completa.py
[2026-02-27T22:38:40.725+0000] {logging_mixin.py:188} INFO - [2026-02-27T22:38:40.724+0000] {dag.py:3096} INFO - Sync 1 DAGs
[2026-02-27T22:38:40.769+0000] {logging_mixin.py:188} INFO - [2026-02-27T22:38:40.769+0000] {dag.py:3954} INFO - Setting next_dagrun for arquitectura_retail_completa to 2026-02-26 00:00:00+00:00, run_after=2026-02-27 00:00:00+00:00
[2026-02-27T22:38:40.813+0000] {processor.py:183} INFO - Processing /opt/airflow/dags/arquitectura_retail_completa.py took 0.219 seconds
[2026-02-27T22:39:10.971+0000] {processor.py:161} INFO - Started process (PID=1098) to work on /opt/airflow/dags/arquitectura_retail_completa.py
[2026-02-27T22:39:10.972+0000] {processor.py:830} INFO - Processing file /opt/airflow/dags/arquitectura_retail_completa.py for tasks to queue
[2026-02-27T22:39:10.974+0000] {logging_mixin.py:188} INFO - [2026-02-27T22:39:10.974+0000] {dagbag.py:540} INFO - Filling up the DagBag from /opt/airflow/dags/arquitectura_retail_completa.py
[2026-02-27T22:39:11.019+0000] {processor.py:840} INFO - DAG(s) 'arquitectura_retail_completa' retrieved from /opt/airflow/dags/arquitectura_retail_completa.py
[2026-02-27T22:39:11.077+0000] {logging_mixin.py:188} INFO - [2026-02-27T22:39:11.076+0000] {dag.py:3096} INFO - Sync 1 DAGs
[2026-02-27T22:39:11.113+0000] {logging_mixin.py:188} INFO - [2026-02-27T22:39:11.112+0000] {dag.py:3954} INFO - Setting next_dagrun for arquitectura_retail_completa to 2026-02-26 00:00:00+00:00, run_after=2026-02-27 00:00:00+00:00
[2026-02-27T22:39:11.148+0000] {processor.py:183} INFO - Processing /opt/airflow/dags/arquitectura_retail_completa.py took 0.186 seconds
[2026-02-27T22:39:41.578+0000] {processor.py:161} INFO - Started process (PID=1106) to work on /opt/airflow/dags/arquitectura_retail_completa.py
[2026-02-27T22:39:41.580+0000] {processor.py:830} INFO - Processing file /opt/airflow/dags/arquitectura_retail_completa.py for tasks to queue
[2026-02-27T22:39:41.582+0000] {logging_mixin.py:188} INFO - [2026-02-27T22:39:41.581+0000] {dagbag.py:540} INFO - Filling up the DagBag from /opt/airflow/dags/arquitectura_retail_completa.py
[2026-02-27T22:39:41.636+0000] {processor.py:840} INFO - DAG(s) 'arquitectura_retail_completa' retrieved from /opt/airflow/dags/arquitectura_retail_completa.py
[2026-02-27T22:39:41.690+0000] {logging_mixin.py:188} INFO - [2026-02-27T22:39:41.689+0000] {dag.py:3096} INFO - Sync 1 DAGs
[2026-02-27T22:39:41.724+0000] {logging_mixin.py:188} INFO - [2026-02-27T22:39:41.723+0000] {dag.py:3954} INFO - Setting next_dagrun for arquitectura_retail_completa to 2026-02-26 00:00:00+00:00, run_after=2026-02-27 00:00:00+00:00
[2026-02-27T22:39:41.759+0000] {processor.py:183} INFO - Processing /opt/airflow/dags/arquitectura_retail_completa.py took 0.194 seconds
[2026-02-27T22:40:12.185+0000] {processor.py:161} INFO - Started process (PID=1114) to work on /opt/airflow/dags/arquitectura_retail_completa.py
[2026-02-27T22:40:12.187+0000] {processor.py:830} INFO - Processing file /opt/airflow/dags/arquitectura_retail_completa.py for tasks to queue
[2026-02-27T22:40:12.188+0000] {logging_mixin.py:188} INFO - [2026-02-27T22:40:12.188+0000] {dagbag.py:540} INFO - Filling up the DagBag from /opt/airflow/dags/arquitectura_retail_completa.py
[2026-02-27T22:40:12.232+0000] {processor.py:840} INFO - DAG(s) 'arquitectura_retail_completa' retrieved from /opt/airflow/dags/arquitectura_retail_completa.py
[2026-02-27T22:40:12.290+0000] {logging_mixin.py:188} INFO - [2026-02-27T22:40:12.290+0000] {dag.py:3096} INFO - Sync 1 DAGs
[2026-02-27T22:40:12.323+0000] {logging_mixin.py:188} INFO - [2026-02-27T22:40:12.322+0000] {dag.py:3954} INFO - Setting next_dagrun for arquitectura_retail_completa to 2026-02-26 00:00:00+00:00, run_after=2026-02-27 00:00:00+00:00
[2026-02-27T22:40:12.359+0000] {processor.py:183} INFO - Processing /opt/airflow/dags/arquitectura_retail_completa.py took 0.185 seconds
[2026-02-27T22:40:42.725+0000] {processor.py:161} INFO - Started process (PID=1122) to work on /opt/airflow/dags/arquitectura_retail_completa.py
[2026-02-27T22:40:42.727+0000] {processor.py:830} INFO - Processing file /opt/airflow/dags/arquitectura_retail_completa.py for tasks to queue
[2026-02-27T22:40:42.729+0000] {logging_mixin.py:188} INFO - [2026-02-27T22:40:42.728+0000] {dagbag.py:540} INFO - Filling up the DagBag from /opt/airflow/dags/arquitectura_retail_completa.py
[2026-02-27T22:40:42.774+0000] {processor.py:840} INFO - DAG(s) 'arquitectura_retail_completa' retrieved from /opt/airflow/dags/arquitectura_retail_completa.py
[2026-02-27T22:40:42.826+0000] {logging_mixin.py:188} INFO - [2026-02-27T22:40:42.826+0000] {dag.py:3096} INFO - Sync 1 DAGs
[2026-02-27T22:40:42.864+0000] {logging_mixin.py:188} INFO - [2026-02-27T22:40:42.864+0000] {dag.py:3954} INFO - Setting next_dagrun for arquitectura_retail_completa to 2026-02-26 00:00:00+00:00, run_after=2026-02-27 00:00:00+00:00
[2026-02-27T22:40:42.895+0000] {processor.py:183} INFO - Processing /opt/airflow/dags/arquitectura_retail_completa.py took 0.185 seconds
[2026-02-27T22:41:13.339+0000] {processor.py:161} INFO - Started process (PID=1130) to work on /opt/airflow/dags/arquitectura_retail_completa.py
[2026-02-27T22:41:13.340+0000] {processor.py:830} INFO - Processing file /opt/airflow/dags/arquitectura_retail_completa.py for tasks to queue
[2026-02-27T22:41:13.342+0000] {logging_mixin.py:188} INFO - [2026-02-27T22:41:13.342+0000] {dagbag.py:540} INFO - Filling up the DagBag from /opt/airflow/dags/arquitectura_retail_completa.py
[2026-02-27T22:41:13.396+0000] {processor.py:840} INFO - DAG(s) 'arquitectura_retail_completa' retrieved from /opt/airflow/dags/arquitectura_retail_completa.py
[2026-02-27T22:41:13.448+0000] {logging_mixin.py:188} INFO - [2026-02-27T22:41:13.448+0000] {dag.py:3096} INFO - Sync 1 DAGs
[2026-02-27T22:41:13.490+0000] {logging_mixin.py:188} INFO - [2026-02-27T22:41:13.490+0000] {dag.py:3954} INFO - Setting next_dagrun for arquitectura_retail_completa to 2026-02-26 00:00:00+00:00, run_after=2026-02-27 00:00:00+00:00
[2026-02-27T22:41:13.534+0000] {processor.py:183} INFO - Processing /opt/airflow/dags/arquitectura_retail_completa.py took 0.207 seconds
[2026-02-27T22:41:44.614+0000] {processor.py:161} INFO - Started process (PID=1139) to work on /opt/airflow/dags/arquitectura_retail_completa.py
[2026-02-27T22:41:44.617+0000] {processor.py:830} INFO - Processing file /opt/airflow/dags/arquitectura_retail_completa.py for tasks to queue
[2026-02-27T22:41:44.619+0000] {logging_mixin.py:188} INFO - [2026-02-27T22:41:44.618+0000] {dagbag.py:540} INFO - Filling up the DagBag from /opt/airflow/dags/arquitectura_retail_completa.py
[2026-02-27T22:41:44.664+0000] {processor.py:840} INFO - DAG(s) 'arquitectura_retail_completa' retrieved from /opt/airflow/dags/arquitectura_retail_completa.py
[2026-02-27T22:41:44.726+0000] {logging_mixin.py:188} INFO - [2026-02-27T22:41:44.725+0000] {dag.py:3096} INFO - Sync 1 DAGs
[2026-02-27T22:41:44.763+0000] {logging_mixin.py:188} INFO - [2026-02-27T22:41:44.763+0000] {dag.py:3954} INFO - Setting next_dagrun for arquitectura_retail_completa to 2026-02-26 00:00:00+00:00, run_after=2026-02-27 00:00:00+00:00
[2026-02-27T22:41:44.804+0000] {processor.py:183} INFO - Processing /opt/airflow/dags/arquitectura_retail_completa.py took 0.201 seconds
[2026-02-27T22:42:15.495+0000] {processor.py:161} INFO - Started process (PID=1148) to work on /opt/airflow/dags/arquitectura_retail_completa.py
[2026-02-27T22:42:15.497+0000] {processor.py:830} INFO - Processing file /opt/airflow/dags/arquitectura_retail_completa.py for tasks to queue
[2026-02-27T22:42:15.499+0000] {logging_mixin.py:188} INFO - [2026-02-27T22:42:15.499+0000] {dagbag.py:540} INFO - Filling up the DagBag from /opt/airflow/dags/arquitectura_retail_completa.py
[2026-02-27T22:42:15.554+0000] {processor.py:840} INFO - DAG(s) 'arquitectura_retail_completa' retrieved from /opt/airflow/dags/arquitectura_retail_completa.py
[2026-02-27T22:42:15.622+0000] {logging_mixin.py:188} INFO - [2026-02-27T22:42:15.622+0000] {dag.py:3096} INFO - Sync 1 DAGs
[2026-02-27T22:42:15.686+0000] {logging_mixin.py:188} INFO - [2026-02-27T22:42:15.685+0000] {dag.py:3954} INFO - Setting next_dagrun for arquitectura_retail_completa to 2026-02-26 00:00:00+00:00, run_after=2026-02-27 00:00:00+00:00
[2026-02-27T22:42:15.742+0000] {processor.py:183} INFO - Processing /opt/airflow/dags/arquitectura_retail_completa.py took 0.256 seconds
[2026-02-27T22:42:46.468+0000] {processor.py:161} INFO - Started process (PID=1157) to work on /opt/airflow/dags/arquitectura_retail_completa.py
[2026-02-27T22:42:46.470+0000] {processor.py:830} INFO - Processing file /opt/airflow/dags/arquitectura_retail_completa.py for tasks to queue
[2026-02-27T22:42:46.471+0000] {logging_mixin.py:188} INFO - [2026-02-27T22:42:46.471+0000] {dagbag.py:540} INFO - Filling up the DagBag from /opt/airflow/dags/arquitectura_retail_completa.py
[2026-02-27T22:42:46.533+0000] {processor.py:840} INFO - DAG(s) 'arquitectura_retail_completa' retrieved from /opt/airflow/dags/arquitectura_retail_completa.py
[2026-02-27T22:42:46.583+0000] {logging_mixin.py:188} INFO - [2026-02-27T22:42:46.583+0000] {dag.py:3096} INFO - Sync 1 DAGs
[2026-02-27T22:42:46.620+0000] {logging_mixin.py:188} INFO - [2026-02-27T22:42:46.619+0000] {dag.py:3954} INFO - Setting next_dagrun for arquitectura_retail_completa to 2026-02-26 00:00:00+00:00, run_after=2026-02-27 00:00:00+00:00
[2026-02-27T22:42:46.665+0000] {processor.py:183} INFO - Processing /opt/airflow/dags/arquitectura_retail_completa.py took 0.205 seconds
[2026-02-27T22:43:17.172+0000] {processor.py:161} INFO - Started process (PID=1166) to work on /opt/airflow/dags/arquitectura_retail_completa.py
[2026-02-27T22:43:17.173+0000] {processor.py:830} INFO - Processing file /opt/airflow/dags/arquitectura_retail_completa.py for tasks to queue
[2026-02-27T22:43:17.175+0000] {logging_mixin.py:188} INFO - [2026-02-27T22:43:17.175+0000] {dagbag.py:540} INFO - Filling up the DagBag from /opt/airflow/dags/arquitectura_retail_completa.py
[2026-02-27T22:43:17.231+0000] {processor.py:840} INFO - DAG(s) 'arquitectura_retail_completa' retrieved from /opt/airflow/dags/arquitectura_retail_completa.py
[2026-02-27T22:43:17.297+0000] {logging_mixin.py:188} INFO - [2026-02-27T22:43:17.296+0000] {dag.py:3096} INFO - Sync 1 DAGs
[2026-02-27T22:43:17.342+0000] {logging_mixin.py:188} INFO - [2026-02-27T22:43:17.342+0000] {dag.py:3954} INFO - Setting next_dagrun for arquitectura_retail_completa to 2026-02-26 00:00:00+00:00, run_after=2026-02-27 00:00:00+00:00
[2026-02-27T22:43:17.389+0000] {processor.py:183} INFO - Processing /opt/airflow/dags/arquitectura_retail_completa.py took 0.226 seconds
[2026-02-27T22:43:47.937+0000] {processor.py:161} INFO - Started process (PID=1175) to work on /opt/airflow/dags/arquitectura_retail_completa.py
[2026-02-27T22:43:47.939+0000] {processor.py:830} INFO - Processing file /opt/airflow/dags/arquitectura_retail_completa.py for tasks to queue
[2026-02-27T22:43:47.941+0000] {logging_mixin.py:188} INFO - [2026-02-27T22:43:47.941+0000] {dagbag.py:540} INFO - Filling up the DagBag from /opt/airflow/dags/arquitectura_retail_completa.py
[2026-02-27T22:43:47.981+0000] {processor.py:840} INFO - DAG(s) 'arquitectura_retail_completa' retrieved from /opt/airflow/dags/arquitectura_retail_completa.py
[2026-02-27T22:43:48.055+0000] {logging_mixin.py:188} INFO - [2026-02-27T22:43:48.055+0000] {dag.py:3096} INFO - Sync 1 DAGs
[2026-02-27T22:43:48.099+0000] {logging_mixin.py:188} INFO - [2026-02-27T22:43:48.098+0000] {dag.py:3954} INFO - Setting next_dagrun for arquitectura_retail_completa to 2026-02-26 00:00:00+00:00, run_after=2026-02-27 00:00:00+00:00
[2026-02-27T22:43:48.147+0000] {processor.py:183} INFO - Processing /opt/airflow/dags/arquitectura_retail_completa.py took 0.219 seconds
[2026-02-27T22:44:18.824+0000] {processor.py:161} INFO - Started process (PID=1184) to work on /opt/airflow/dags/arquitectura_retail_completa.py
[2026-02-27T22:44:18.826+0000] {processor.py:830} INFO - Processing file /opt/airflow/dags/arquitectura_retail_completa.py for tasks to queue
[2026-02-27T22:44:18.828+0000] {logging_mixin.py:188} INFO - [2026-02-27T22:44:18.828+0000] {dagbag.py:540} INFO - Filling up the DagBag from /opt/airflow/dags/arquitectura_retail_completa.py
[2026-02-27T22:44:18.879+0000] {processor.py:840} INFO - DAG(s) 'arquitectura_retail_completa' retrieved from /opt/airflow/dags/arquitectura_retail_completa.py
[2026-02-27T22:44:18.926+0000] {logging_mixin.py:188} INFO - [2026-02-27T22:44:18.925+0000] {dag.py:3096} INFO - Sync 1 DAGs
[2026-02-27T22:44:18.953+0000] {logging_mixin.py:188} INFO - [2026-02-27T22:44:18.953+0000] {dag.py:3954} INFO - Setting next_dagrun for arquitectura_retail_completa to 2026-02-26 00:00:00+00:00, run_after=2026-02-27 00:00:00+00:00
[2026-02-27T22:44:18.984+0000] {processor.py:183} INFO - Processing /opt/airflow/dags/arquitectura_retail_completa.py took 0.168 seconds
[2026-02-27T22:44:49.696+0000] {processor.py:161} INFO - Started process (PID=1193) to work on /opt/airflow/dags/arquitectura_retail_completa.py
[2026-02-27T22:44:49.698+0000] {processor.py:830} INFO - Processing file /opt/airflow/dags/arquitectura_retail_completa.py for tasks to queue
[2026-02-27T22:44:49.700+0000] {logging_mixin.py:188} INFO - [2026-02-27T22:44:49.699+0000] {dagbag.py:540} INFO - Filling up the DagBag from /opt/airflow/dags/arquitectura_retail_completa.py
[2026-02-27T22:44:49.749+0000] {processor.py:840} INFO - DAG(s) 'arquitectura_retail_completa' retrieved from /opt/airflow/dags/arquitectura_retail_completa.py
[2026-02-27T22:44:49.798+0000] {logging_mixin.py:188} INFO - [2026-02-27T22:44:49.798+0000] {dag.py:3096} INFO - Sync 1 DAGs
[2026-02-27T22:44:49.827+0000] {logging_mixin.py:188} INFO - [2026-02-27T22:44:49.827+0000] {dag.py:3954} INFO - Setting next_dagrun for arquitectura_retail_completa to 2026-02-26 00:00:00+00:00, run_after=2026-02-27 00:00:00+00:00
[2026-02-27T22:44:49.855+0000] {processor.py:183} INFO - Processing /opt/airflow/dags/arquitectura_retail_completa.py took 0.170 seconds
[2026-02-27T22:45:20.301+0000] {processor.py:161} INFO - Started process (PID=1202) to work on /opt/airflow/dags/arquitectura_retail_completa.py
[2026-02-27T22:45:20.303+0000] {processor.py:830} INFO - Processing file /opt/airflow/dags/arquitectura_retail_completa.py for tasks to queue
[2026-02-27T22:45:20.304+0000] {logging_mixin.py:188} INFO - [2026-02-27T22:45:20.304+0000] {dagbag.py:540} INFO - Filling up the DagBag from /opt/airflow/dags/arquitectura_retail_completa.py
[2026-02-27T22:45:20.346+0000] {processor.py:840} INFO - DAG(s) 'arquitectura_retail_completa' retrieved from /opt/airflow/dags/arquitectura_retail_completa.py
[2026-02-27T22:45:20.402+0000] {logging_mixin.py:188} INFO - [2026-02-27T22:45:20.401+0000] {dag.py:3096} INFO - Sync 1 DAGs
[2026-02-27T22:45:20.431+0000] {logging_mixin.py:188} INFO - [2026-02-27T22:45:20.430+0000] {dag.py:3954} INFO - Setting next_dagrun for arquitectura_retail_completa to 2026-02-26 00:00:00+00:00, run_after=2026-02-27 00:00:00+00:00
[2026-02-27T22:45:20.470+0000] {processor.py:183} INFO - Processing /opt/airflow/dags/arquitectura_retail_completa.py took 0.181 seconds
[2026-02-27T22:45:51.097+0000] {processor.py:161} INFO - Started process (PID=1211) to work on /opt/airflow/dags/arquitectura_retail_completa.py
[2026-02-27T22:45:51.099+0000] {processor.py:830} INFO - Processing file /opt/airflow/dags/arquitectura_retail_completa.py for tasks to queue
[2026-02-27T22:45:51.100+0000] {logging_mixin.py:188} INFO - [2026-02-27T22:45:51.100+0000] {dagbag.py:540} INFO - Filling up the DagBag from /opt/airflow/dags/arquitectura_retail_completa.py
[2026-02-27T22:45:51.131+0000] {processor.py:840} INFO - DAG(s) 'arquitectura_retail_completa' retrieved from /opt/airflow/dags/arquitectura_retail_completa.py
[2026-02-27T22:45:51.182+0000] {logging_mixin.py:188} INFO - [2026-02-27T22:45:51.182+0000] {dag.py:3096} INFO - Sync 1 DAGs
[2026-02-27T22:45:51.210+0000] {logging_mixin.py:188} INFO - [2026-02-27T22:45:51.210+0000] {dag.py:3954} INFO - Setting next_dagrun for arquitectura_retail_completa to 2026-02-26 00:00:00+00:00, run_after=2026-02-27 00:00:00+00:00
[2026-02-27T22:45:51.237+0000] {processor.py:183} INFO - Processing /opt/airflow/dags/arquitectura_retail_completa.py took 0.150 seconds
[2026-02-27T22:46:21.836+0000] {processor.py:161} INFO - Started process (PID=1220) to work on /opt/airflow/dags/arquitectura_retail_completa.py
[2026-02-27T22:46:21.838+0000] {processor.py:830} INFO - Processing file /opt/airflow/dags/arquitectura_retail_completa.py for tasks to queue
[2026-02-27T22:46:21.840+0000] {logging_mixin.py:188} INFO - [2026-02-27T22:46:21.840+0000] {dagbag.py:540} INFO - Filling up the DagBag from /opt/airflow/dags/arquitectura_retail_completa.py
[2026-02-27T22:46:21.899+0000] {processor.py:840} INFO - DAG(s) 'arquitectura_retail_completa' retrieved from /opt/airflow/dags/arquitectura_retail_completa.py
[2026-02-27T22:46:21.947+0000] {logging_mixin.py:188} INFO - [2026-02-27T22:46:21.947+0000] {dag.py:3096} INFO - Sync 1 DAGs
[2026-02-27T22:46:21.977+0000] {logging_mixin.py:188} INFO - [2026-02-27T22:46:21.977+0000] {dag.py:3954} INFO - Setting next_dagrun for arquitectura_retail_completa to 2026-02-26 00:00:00+00:00, run_after=2026-02-27 00:00:00+00:00
[2026-02-27T22:46:22.019+0000] {processor.py:183} INFO - Processing /opt/airflow/dags/arquitectura_retail_completa.py took 0.193 seconds
[2026-02-27T22:46:52.291+0000] {processor.py:161} INFO - Started process (PID=1229) to work on /opt/airflow/dags/arquitectura_retail_completa.py
[2026-02-27T22:46:52.294+0000] {processor.py:830} INFO - Processing file /opt/airflow/dags/arquitectura_retail_completa.py for tasks to queue
[2026-02-27T22:46:52.296+0000] {logging_mixin.py:188} INFO - [2026-02-27T22:46:52.296+0000] {dagbag.py:540} INFO - Filling up the DagBag from /opt/airflow/dags/arquitectura_retail_completa.py
[2026-02-27T22:46:52.349+0000] {processor.py:840} INFO - DAG(s) 'arquitectura_retail_completa' retrieved from /opt/airflow/dags/arquitectura_retail_completa.py
[2026-02-27T22:46:52.403+0000] {logging_mixin.py:188} INFO - [2026-02-27T22:46:52.403+0000] {dag.py:3096} INFO - Sync 1 DAGs
[2026-02-27T22:46:52.439+0000] {logging_mixin.py:188} INFO - [2026-02-27T22:46:52.438+0000] {dag.py:3954} INFO - Setting next_dagrun for arquitectura_retail_completa to 2026-02-26 00:00:00+00:00, run_after=2026-02-27 00:00:00+00:00
[2026-02-27T22:46:52.471+0000] {processor.py:183} INFO - Processing /opt/airflow/dags/arquitectura_retail_completa.py took 0.191 seconds
[2026-02-27T22:47:23.279+0000] {processor.py:161} INFO - Started process (PID=1238) to work on /opt/airflow/dags/arquitectura_retail_completa.py
[2026-02-27T22:47:23.281+0000] {processor.py:830} INFO - Processing file /opt/airflow/dags/arquitectura_retail_completa.py for tasks to queue
[2026-02-27T22:47:23.283+0000] {logging_mixin.py:188} INFO - [2026-02-27T22:47:23.282+0000] {dagbag.py:540} INFO - Filling up the DagBag from /opt/airflow/dags/arquitectura_retail_completa.py
[2026-02-27T22:47:23.341+0000] {processor.py:840} INFO - DAG(s) 'arquitectura_retail_completa' retrieved from /opt/airflow/dags/arquitectura_retail_completa.py
[2026-02-27T22:47:23.395+0000] {logging_mixin.py:188} INFO - [2026-02-27T22:47:23.394+0000] {dag.py:3096} INFO - Sync 1 DAGs
[2026-02-27T22:47:23.430+0000] {logging_mixin.py:188} INFO - [2026-02-27T22:47:23.429+0000] {dag.py:3954} INFO - Setting next_dagrun for arquitectura_retail_completa to 2026-02-26 00:00:00+00:00, run_after=2026-02-27 00:00:00+00:00
[2026-02-27T22:47:23.473+0000] {processor.py:183} INFO - Processing /opt/airflow/dags/arquitectura_retail_completa.py took 0.202 seconds
[2026-02-27T22:47:54.326+0000] {processor.py:161} INFO - Started process (PID=1247) to work on /opt/airflow/dags/arquitectura_retail_completa.py
[2026-02-27T22:47:54.328+0000] {processor.py:830} INFO - Processing file /opt/airflow/dags/arquitectura_retail_completa.py for tasks to queue
[2026-02-27T22:47:54.330+0000] {logging_mixin.py:188} INFO - [2026-02-27T22:47:54.329+0000] {dagbag.py:540} INFO - Filling up the DagBag from /opt/airflow/dags/arquitectura_retail_completa.py
[2026-02-27T22:47:54.373+0000] {processor.py:840} INFO - DAG(s) 'arquitectura_retail_completa' retrieved from /opt/airflow/dags/arquitectura_retail_completa.py
[2026-02-27T22:47:54.419+0000] {logging_mixin.py:188} INFO - [2026-02-27T22:47:54.418+0000] {dag.py:3096} INFO - Sync 1 DAGs
[2026-02-27T22:47:54.456+0000] {logging_mixin.py:188} INFO - [2026-02-27T22:47:54.456+0000] {dag.py:3954} INFO - Setting next_dagrun for arquitectura_retail_completa to 2026-02-26 00:00:00+00:00, run_after=2026-02-27 00:00:00+00:00
[2026-02-27T22:47:54.490+0000] {processor.py:183} INFO - Processing /opt/airflow/dags/arquitectura_retail_completa.py took 0.174 seconds
[2026-02-27T22:48:25.279+0000] {processor.py:161} INFO - Started process (PID=1256) to work on /opt/airflow/dags/arquitectura_retail_completa.py
[2026-02-27T22:48:25.281+0000] {processor.py:830} INFO - Processing file /opt/airflow/dags/arquitectura_retail_completa.py for tasks to queue
[2026-02-27T22:48:25.283+0000] {logging_mixin.py:188} INFO - [2026-02-27T22:48:25.283+0000] {dagbag.py:540} INFO - Filling up the DagBag from /opt/airflow/dags/arquitectura_retail_completa.py
[2026-02-27T22:48:25.348+0000] {processor.py:840} INFO - DAG(s) 'arquitectura_retail_completa' retrieved from /opt/airflow/dags/arquitectura_retail_completa.py
[2026-02-27T22:48:25.400+0000] {logging_mixin.py:188} INFO - [2026-02-27T22:48:25.400+0000] {dag.py:3096} INFO - Sync 1 DAGs
[2026-02-27T22:48:25.433+0000] {logging_mixin.py:188} INFO - [2026-02-27T22:48:25.433+0000] {dag.py:3954} INFO - Setting next_dagrun for arquitectura_retail_completa to 2026-02-26 00:00:00+00:00, run_after=2026-02-27 00:00:00+00:00
[2026-02-27T22:48:25.473+0000] {processor.py:183} INFO - Processing /opt/airflow/dags/arquitectura_retail_completa.py took 0.203 seconds
[2026-02-27T22:48:56.104+0000] {processor.py:161} INFO - Started process (PID=1265) to work on /opt/airflow/dags/arquitectura_retail_completa.py
[2026-02-27T22:48:56.106+0000] {processor.py:830} INFO - Processing file /opt/airflow/dags/arquitectura_retail_completa.py for tasks to queue
[2026-02-27T22:48:56.107+0000] {logging_mixin.py:188} INFO - [2026-02-27T22:48:56.107+0000] {dagbag.py:540} INFO - Filling up the DagBag from /opt/airflow/dags/arquitectura_retail_completa.py
[2026-02-27T22:48:56.151+0000] {processor.py:840} INFO - DAG(s) 'arquitectura_retail_completa' retrieved from /opt/airflow/dags/arquitectura_retail_completa.py
[2026-02-27T22:48:56.210+0000] {logging_mixin.py:188} INFO - [2026-02-27T22:48:56.209+0000] {dag.py:3096} INFO - Sync 1 DAGs
[2026-02-27T22:48:56.249+0000] {logging_mixin.py:188} INFO - [2026-02-27T22:48:56.249+0000] {dag.py:3954} INFO - Setting next_dagrun for arquitectura_retail_completa to 2026-02-26 00:00:00+00:00, run_after=2026-02-27 00:00:00+00:00
[2026-02-27T22:48:56.292+0000] {processor.py:183} INFO - Processing /opt/airflow/dags/arquitectura_retail_completa.py took 0.198 seconds
[2026-02-27T22:49:27.158+0000] {processor.py:161} INFO - Started process (PID=1274) to work on /opt/airflow/dags/arquitectura_retail_completa.py
[2026-02-27T22:49:27.161+0000] {processor.py:830} INFO - Processing file /opt/airflow/dags/arquitectura_retail_completa.py for tasks to queue
[2026-02-27T22:49:27.164+0000] {logging_mixin.py:188} INFO - [2026-02-27T22:49:27.163+0000] {dagbag.py:540} INFO - Filling up the DagBag from /opt/airflow/dags/arquitectura_retail_completa.py
[2026-02-27T22:49:27.226+0000] {processor.py:840} INFO - DAG(s) 'arquitectura_retail_completa' retrieved from /opt/airflow/dags/arquitectura_retail_completa.py
[2026-02-27T22:49:27.280+0000] {logging_mixin.py:188} INFO - [2026-02-27T22:49:27.280+0000] {dag.py:3096} INFO - Sync 1 DAGs
[2026-02-27T22:49:27.314+0000] {logging_mixin.py:188} INFO - [2026-02-27T22:49:27.314+0000] {dag.py:3954} INFO - Setting next_dagrun for arquitectura_retail_completa to 2026-02-26 00:00:00+00:00, run_after=2026-02-27 00:00:00+00:00
[2026-02-27T22:49:27.346+0000] {processor.py:183} INFO - Processing /opt/airflow/dags/arquitectura_retail_completa.py took 0.200 seconds
[2026-02-27T22:49:58.108+0000] {processor.py:161} INFO - Started process (PID=1283) to work on /opt/airflow/dags/arquitectura_retail_completa.py
[2026-02-27T22:49:58.112+0000] {processor.py:830} INFO - Processing file /opt/airflow/dags/arquitectura_retail_completa.py for tasks to queue
[2026-02-27T22:49:58.116+0000] {logging_mixin.py:188} INFO - [2026-02-27T22:49:58.114+0000] {dagbag.py:540} INFO - Filling up the DagBag from /opt/airflow/dags/arquitectura_retail_completa.py
[2026-02-27T22:49:58.176+0000] {processor.py:840} INFO - DAG(s) 'arquitectura_retail_completa' retrieved from /opt/airflow/dags/arquitectura_retail_completa.py
[2026-02-27T22:49:58.232+0000] {logging_mixin.py:188} INFO - [2026-02-27T22:49:58.231+0000] {dag.py:3096} INFO - Sync 1 DAGs
[2026-02-27T22:49:58.269+0000] {logging_mixin.py:188} INFO - [2026-02-27T22:49:58.268+0000] {dag.py:3954} INFO - Setting next_dagrun for arquitectura_retail_completa to 2026-02-26 00:00:00+00:00, run_after=2026-02-27 00:00:00+00:00
[2026-02-27T22:49:58.303+0000] {processor.py:183} INFO - Processing /opt/airflow/dags/arquitectura_retail_completa.py took 0.206 seconds
[2026-02-27T22:50:28.986+0000] {processor.py:161} INFO - Started process (PID=1292) to work on /opt/airflow/dags/arquitectura_retail_completa.py
[2026-02-27T22:50:28.989+0000] {processor.py:830} INFO - Processing file /opt/airflow/dags/arquitectura_retail_completa.py for tasks to queue
[2026-02-27T22:50:28.992+0000] {logging_mixin.py:188} INFO - [2026-02-27T22:50:28.991+0000] {dagbag.py:540} INFO - Filling up the DagBag from /opt/airflow/dags/arquitectura_retail_completa.py
[2026-02-27T22:50:29.070+0000] {processor.py:840} INFO - DAG(s) 'arquitectura_retail_completa' retrieved from /opt/airflow/dags/arquitectura_retail_completa.py
[2026-02-27T22:50:29.122+0000] {logging_mixin.py:188} INFO - [2026-02-27T22:50:29.122+0000] {dag.py:3096} INFO - Sync 1 DAGs
[2026-02-27T22:50:29.157+0000] {logging_mixin.py:188} INFO - [2026-02-27T22:50:29.157+0000] {dag.py:3954} INFO - Setting next_dagrun for arquitectura_retail_completa to 2026-02-26 00:00:00+00:00, run_after=2026-02-27 00:00:00+00:00
[2026-02-27T22:50:29.192+0000] {processor.py:183} INFO - Processing /opt/airflow/dags/arquitectura_retail_completa.py took 0.217 seconds
[2026-02-27T22:50:59.957+0000] {processor.py:161} INFO - Started process (PID=1301) to work on /opt/airflow/dags/arquitectura_retail_completa.py
[2026-02-27T22:50:59.959+0000] {processor.py:830} INFO - Processing file /opt/airflow/dags/arquitectura_retail_completa.py for tasks to queue
[2026-02-27T22:50:59.960+0000] {logging_mixin.py:188} INFO - [2026-02-27T22:50:59.960+0000] {dagbag.py:540} INFO - Filling up the DagBag from /opt/airflow/dags/arquitectura_retail_completa.py
[2026-02-27T22:51:00.004+0000] {processor.py:840} INFO - DAG(s) 'arquitectura_retail_completa' retrieved from /opt/airflow/dags/arquitectura_retail_completa.py
[2026-02-27T22:51:00.068+0000] {logging_mixin.py:188} INFO - [2026-02-27T22:51:00.068+0000] {dag.py:3096} INFO - Sync 1 DAGs
[2026-02-27T22:51:00.101+0000] {logging_mixin.py:188} INFO - [2026-02-27T22:51:00.100+0000] {dag.py:3954} INFO - Setting next_dagrun for arquitectura_retail_completa to 2026-02-26 00:00:00+00:00, run_after=2026-02-27 00:00:00+00:00
[2026-02-27T22:51:00.138+0000] {processor.py:183} INFO - Processing /opt/airflow/dags/arquitectura_retail_completa.py took 0.191 seconds
[2026-02-27T22:51:30.310+0000] {processor.py:161} INFO - Started process (PID=1310) to work on /opt/airflow/dags/arquitectura_retail_completa.py
[2026-02-27T22:51:30.312+0000] {processor.py:830} INFO - Processing file /opt/airflow/dags/arquitectura_retail_completa.py for tasks to queue
[2026-02-27T22:51:30.313+0000] {logging_mixin.py:188} INFO - [2026-02-27T22:51:30.313+0000] {dagbag.py:540} INFO - Filling up the DagBag from /opt/airflow/dags/arquitectura_retail_completa.py
[2026-02-27T22:51:30.346+0000] {processor.py:840} INFO - DAG(s) 'arquitectura_retail_completa' retrieved from /opt/airflow/dags/arquitectura_retail_completa.py
[2026-02-27T22:51:30.401+0000] {logging_mixin.py:188} INFO - [2026-02-27T22:51:30.401+0000] {dag.py:3096} INFO - Sync 1 DAGs
[2026-02-27T22:51:30.441+0000] {logging_mixin.py:188} INFO - [2026-02-27T22:51:30.441+0000] {dag.py:3954} INFO - Setting next_dagrun for arquitectura_retail_completa to 2026-02-26 00:00:00+00:00, run_after=2026-02-27 00:00:00+00:00
[2026-02-27T22:51:30.503+0000] {processor.py:183} INFO - Processing /opt/airflow/dags/arquitectura_retail_completa.py took 0.202 seconds
[2026-02-27T22:52:49.755+0000] {processor.py:161} INFO - Started process (PID=34) to work on /opt/airflow/dags/arquitectura_retail_completa.py
[2026-02-27T22:52:49.758+0000] {processor.py:830} INFO - Processing file /opt/airflow/dags/arquitectura_retail_completa.py for tasks to queue
[2026-02-27T22:52:49.765+0000] {logging_mixin.py:188} INFO - [2026-02-27T22:52:49.763+0000] {dagbag.py:540} INFO - Filling up the DagBag from /opt/airflow/dags/arquitectura_retail_completa.py
[2026-02-27T22:52:49.819+0000] {processor.py:840} INFO - DAG(s) 'arquitectura_retail_completa' retrieved from /opt/airflow/dags/arquitectura_retail_completa.py
[2026-02-27T22:52:49.887+0000] {logging_mixin.py:188} INFO - [2026-02-27T22:52:49.886+0000] {dag.py:3096} INFO - Sync 1 DAGs
[2026-02-27T22:52:49.945+0000] {logging_mixin.py:188} INFO - [2026-02-27T22:52:49.945+0000] {dag.py:3954} INFO - Setting next_dagrun for arquitectura_retail_completa to 2026-02-26 00:00:00+00:00, run_after=2026-02-27 00:00:00+00:00
[2026-02-27T22:52:49.994+0000] {processor.py:183} INFO - Processing /opt/airflow/dags/arquitectura_retail_completa.py took 0.251 seconds
[2026-02-27T22:53:20.509+0000] {processor.py:161} INFO - Started process (PID=43) to work on /opt/airflow/dags/arquitectura_retail_completa.py
[2026-02-27T22:53:20.510+0000] {processor.py:830} INFO - Processing file /opt/airflow/dags/arquitectura_retail_completa.py for tasks to queue
[2026-02-27T22:53:20.512+0000] {logging_mixin.py:188} INFO - [2026-02-27T22:53:20.512+0000] {dagbag.py:540} INFO - Filling up the DagBag from /opt/airflow/dags/arquitectura_retail_completa.py
[2026-02-27T22:53:20.554+0000] {processor.py:840} INFO - DAG(s) 'arquitectura_retail_completa' retrieved from /opt/airflow/dags/arquitectura_retail_completa.py
[2026-02-27T22:53:20.600+0000] {logging_mixin.py:188} INFO - [2026-02-27T22:53:20.600+0000] {dag.py:3096} INFO - Sync 1 DAGs
[2026-02-27T22:53:20.635+0000] {logging_mixin.py:188} INFO - [2026-02-27T22:53:20.634+0000] {dag.py:3954} INFO - Setting next_dagrun for arquitectura_retail_completa to 2026-02-26 00:00:00+00:00, run_after=2026-02-27 00:00:00+00:00
[2026-02-27T22:53:20.667+0000] {processor.py:183} INFO - Processing /opt/airflow/dags/arquitectura_retail_completa.py took 0.167 seconds
[2026-02-27T22:53:51.415+0000] {processor.py:161} INFO - Started process (PID=52) to work on /opt/airflow/dags/arquitectura_retail_completa.py
[2026-02-27T22:53:51.417+0000] {processor.py:830} INFO - Processing file /opt/airflow/dags/arquitectura_retail_completa.py for tasks to queue
[2026-02-27T22:53:51.423+0000] {logging_mixin.py:188} INFO - [2026-02-27T22:53:51.421+0000] {dagbag.py:540} INFO - Filling up the DagBag from /opt/airflow/dags/arquitectura_retail_completa.py
[2026-02-27T22:53:51.475+0000] {processor.py:840} INFO - DAG(s) 'arquitectura_retail_completa' retrieved from /opt/airflow/dags/arquitectura_retail_completa.py
[2026-02-27T22:53:51.533+0000] {logging_mixin.py:188} INFO - [2026-02-27T22:53:51.532+0000] {dag.py:3096} INFO - Sync 1 DAGs
[2026-02-27T22:53:51.571+0000] {logging_mixin.py:188} INFO - [2026-02-27T22:53:51.571+0000] {dag.py:3954} INFO - Setting next_dagrun for arquitectura_retail_completa to 2026-02-26 00:00:00+00:00, run_after=2026-02-27 00:00:00+00:00
[2026-02-27T22:53:51.618+0000] {processor.py:183} INFO - Processing /opt/airflow/dags/arquitectura_retail_completa.py took 0.219 seconds
[2026-02-27T22:54:22.222+0000] {processor.py:161} INFO - Started process (PID=61) to work on /opt/airflow/dags/arquitectura_retail_completa.py
[2026-02-27T22:54:22.226+0000] {processor.py:830} INFO - Processing file /opt/airflow/dags/arquitectura_retail_completa.py for tasks to queue
[2026-02-27T22:54:22.229+0000] {logging_mixin.py:188} INFO - [2026-02-27T22:54:22.228+0000] {dagbag.py:540} INFO - Filling up the DagBag from /opt/airflow/dags/arquitectura_retail_completa.py
[2026-02-27T22:54:22.300+0000] {processor.py:840} INFO - DAG(s) 'arquitectura_retail_completa' retrieved from /opt/airflow/dags/arquitectura_retail_completa.py
[2026-02-27T22:54:22.410+0000] {logging_mixin.py:188} INFO - [2026-02-27T22:54:22.409+0000] {dag.py:3096} INFO - Sync 1 DAGs
[2026-02-27T22:54:22.473+0000] {logging_mixin.py:188} INFO - [2026-02-27T22:54:22.473+0000] {dag.py:3954} INFO - Setting next_dagrun for arquitectura_retail_completa to 2026-02-26 00:00:00+00:00, run_after=2026-02-27 00:00:00+00:00
[2026-02-27T22:54:22.524+0000] {processor.py:183} INFO - Processing /opt/airflow/dags/arquitectura_retail_completa.py took 0.325 seconds
[2026-02-27T22:54:53.383+0000] {processor.py:161} INFO - Started process (PID=70) to work on /opt/airflow/dags/arquitectura_retail_completa.py
[2026-02-27T22:54:53.385+0000] {processor.py:830} INFO - Processing file /opt/airflow/dags/arquitectura_retail_completa.py for tasks to queue
[2026-02-27T22:54:53.387+0000] {logging_mixin.py:188} INFO - [2026-02-27T22:54:53.387+0000] {dagbag.py:540} INFO - Filling up the DagBag from /opt/airflow/dags/arquitectura_retail_completa.py
[2026-02-27T22:54:53.435+0000] {processor.py:840} INFO - DAG(s) 'arquitectura_retail_completa' retrieved from /opt/airflow/dags/arquitectura_retail_completa.py
[2026-02-27T22:54:53.491+0000] {logging_mixin.py:188} INFO - [2026-02-27T22:54:53.491+0000] {dag.py:3096} INFO - Sync 1 DAGs
[2026-02-27T22:54:53.530+0000] {logging_mixin.py:188} INFO - [2026-02-27T22:54:53.529+0000] {dag.py:3954} INFO - Setting next_dagrun for arquitectura_retail_completa to 2026-02-26 00:00:00+00:00, run_after=2026-02-27 00:00:00+00:00
[2026-02-27T22:54:53.579+0000] {processor.py:183} INFO - Processing /opt/airflow/dags/arquitectura_retail_completa.py took 0.205 seconds
[2026-02-27T22:55:23.981+0000] {processor.py:161} INFO - Started process (PID=79) to work on /opt/airflow/dags/arquitectura_retail_completa.py
[2026-02-27T22:55:23.984+0000] {processor.py:830} INFO - Processing file /opt/airflow/dags/arquitectura_retail_completa.py for tasks to queue
[2026-02-27T22:55:23.986+0000] {logging_mixin.py:188} INFO - [2026-02-27T22:55:23.985+0000] {dagbag.py:540} INFO - Filling up the DagBag from /opt/airflow/dags/arquitectura_retail_completa.py
[2026-02-27T22:55:24.039+0000] {processor.py:840} INFO - DAG(s) 'arquitectura_retail_completa' retrieved from /opt/airflow/dags/arquitectura_retail_completa.py
[2026-02-27T22:55:24.100+0000] {logging_mixin.py:188} INFO - [2026-02-27T22:55:24.099+0000] {dag.py:3096} INFO - Sync 1 DAGs
[2026-02-27T22:55:24.142+0000] {logging_mixin.py:188} INFO - [2026-02-27T22:55:24.141+0000] {dag.py:3954} INFO - Setting next_dagrun for arquitectura_retail_completa to 2026-02-26 00:00:00+00:00, run_after=2026-02-27 00:00:00+00:00
[2026-02-27T22:55:24.194+0000] {processor.py:183} INFO - Processing /opt/airflow/dags/arquitectura_retail_completa.py took 0.222 seconds
[2026-02-27T22:55:54.513+0000] {processor.py:161} INFO - Started process (PID=88) to work on /opt/airflow/dags/arquitectura_retail_completa.py
[2026-02-27T22:55:54.515+0000] {processor.py:830} INFO - Processing file /opt/airflow/dags/arquitectura_retail_completa.py for tasks to queue
[2026-02-27T22:55:54.517+0000] {logging_mixin.py:188} INFO - [2026-02-27T22:55:54.516+0000] {dagbag.py:540} INFO - Filling up the DagBag from /opt/airflow/dags/arquitectura_retail_completa.py
[2026-02-27T22:55:54.559+0000] {processor.py:840} INFO - DAG(s) 'arquitectura_retail_completa' retrieved from /opt/airflow/dags/arquitectura_retail_completa.py
[2026-02-27T22:55:54.604+0000] {logging_mixin.py:188} INFO - [2026-02-27T22:55:54.604+0000] {dag.py:3096} INFO - Sync 1 DAGs
[2026-02-27T22:55:54.635+0000] {logging_mixin.py:188} INFO - [2026-02-27T22:55:54.635+0000] {dag.py:3954} INFO - Setting next_dagrun for arquitectura_retail_completa to 2026-02-26 00:00:00+00:00, run_after=2026-02-27 00:00:00+00:00
[2026-02-27T22:55:54.677+0000] {processor.py:183} INFO - Processing /opt/airflow/dags/arquitectura_retail_completa.py took 0.172 seconds
[2026-02-27T22:56:25.168+0000] {processor.py:161} INFO - Started process (PID=97) to work on /opt/airflow/dags/arquitectura_retail_completa.py
[2026-02-27T22:56:25.170+0000] {processor.py:830} INFO - Processing file /opt/airflow/dags/arquitectura_retail_completa.py for tasks to queue
[2026-02-27T22:56:25.173+0000] {logging_mixin.py:188} INFO - [2026-02-27T22:56:25.172+0000] {dagbag.py:540} INFO - Filling up the DagBag from /opt/airflow/dags/arquitectura_retail_completa.py
[2026-02-27T22:56:25.220+0000] {processor.py:840} INFO - DAG(s) 'arquitectura_retail_completa' retrieved from /opt/airflow/dags/arquitectura_retail_completa.py
[2026-02-27T22:56:25.272+0000] {logging_mixin.py:188} INFO - [2026-02-27T22:56:25.271+0000] {dag.py:3096} INFO - Sync 1 DAGs
[2026-02-27T22:56:25.305+0000] {logging_mixin.py:188} INFO - [2026-02-27T22:56:25.304+0000] {dag.py:3954} INFO - Setting next_dagrun for arquitectura_retail_completa to 2026-02-26 00:00:00+00:00, run_after=2026-02-27 00:00:00+00:00
[2026-02-27T22:56:25.333+0000] {processor.py:183} INFO - Processing /opt/airflow/dags/arquitectura_retail_completa.py took 0.176 seconds
[2026-02-27T22:56:55.958+0000] {processor.py:161} INFO - Started process (PID=106) to work on /opt/airflow/dags/arquitectura_retail_completa.py
[2026-02-27T22:56:55.960+0000] {processor.py:830} INFO - Processing file /opt/airflow/dags/arquitectura_retail_completa.py for tasks to queue
[2026-02-27T22:56:55.962+0000] {logging_mixin.py:188} INFO - [2026-02-27T22:56:55.961+0000] {dagbag.py:540} INFO - Filling up the DagBag from /opt/airflow/dags/arquitectura_retail_completa.py
[2026-02-27T22:56:56.007+0000] {processor.py:840} INFO - DAG(s) 'arquitectura_retail_completa' retrieved from /opt/airflow/dags/arquitectura_retail_completa.py
[2026-02-27T22:56:56.072+0000] {logging_mixin.py:188} INFO - [2026-02-27T22:56:56.071+0000] {dag.py:3096} INFO - Sync 1 DAGs
[2026-02-27T22:56:56.119+0000] {logging_mixin.py:188} INFO - [2026-02-27T22:56:56.119+0000] {dag.py:3954} INFO - Setting next_dagrun for arquitectura_retail_completa to 2026-02-26 00:00:00+00:00, run_after=2026-02-27 00:00:00+00:00
[2026-02-27T22:56:56.184+0000] {processor.py:183} INFO - Processing /opt/airflow/dags/arquitectura_retail_completa.py took 0.237 seconds
[2026-02-27T22:57:26.765+0000] {processor.py:161} INFO - Started process (PID=115) to work on /opt/airflow/dags/arquitectura_retail_completa.py
[2026-02-27T22:57:26.767+0000] {processor.py:830} INFO - Processing file /opt/airflow/dags/arquitectura_retail_completa.py for tasks to queue
[2026-02-27T22:57:26.768+0000] {logging_mixin.py:188} INFO - [2026-02-27T22:57:26.768+0000] {dagbag.py:540} INFO - Filling up the DagBag from /opt/airflow/dags/arquitectura_retail_completa.py
[2026-02-27T22:57:26.825+0000] {processor.py:840} INFO - DAG(s) 'arquitectura_retail_completa' retrieved from /opt/airflow/dags/arquitectura_retail_completa.py
[2026-02-27T22:57:26.876+0000] {logging_mixin.py:188} INFO - [2026-02-27T22:57:26.875+0000] {dag.py:3096} INFO - Sync 1 DAGs
[2026-02-27T22:57:26.907+0000] {logging_mixin.py:188} INFO - [2026-02-27T22:57:26.907+0000] {dag.py:3954} INFO - Setting next_dagrun for arquitectura_retail_completa to 2026-02-26 00:00:00+00:00, run_after=2026-02-27 00:00:00+00:00
[2026-02-27T22:57:26.937+0000] {processor.py:183} INFO - Processing /opt/airflow/dags/arquitectura_retail_completa.py took 0.182 seconds
[2026-02-27T22:57:57.043+0000] {processor.py:161} INFO - Started process (PID=124) to work on /opt/airflow/dags/arquitectura_retail_completa.py
[2026-02-27T22:57:57.045+0000] {processor.py:830} INFO - Processing file /opt/airflow/dags/arquitectura_retail_completa.py for tasks to queue
[2026-02-27T22:57:57.046+0000] {logging_mixin.py:188} INFO - [2026-02-27T22:57:57.046+0000] {dagbag.py:540} INFO - Filling up the DagBag from /opt/airflow/dags/arquitectura_retail_completa.py
[2026-02-27T22:57:57.091+0000] {processor.py:840} INFO - DAG(s) 'arquitectura_retail_completa' retrieved from /opt/airflow/dags/arquitectura_retail_completa.py
[2026-02-27T22:57:57.156+0000] {logging_mixin.py:188} INFO - [2026-02-27T22:57:57.155+0000] {dag.py:3096} INFO - Sync 1 DAGs
[2026-02-27T22:57:57.197+0000] {logging_mixin.py:188} INFO - [2026-02-27T22:57:57.197+0000] {dag.py:3954} INFO - Setting next_dagrun for arquitectura_retail_completa to 2026-02-26 00:00:00+00:00, run_after=2026-02-27 00:00:00+00:00
[2026-02-27T22:57:57.248+0000] {processor.py:183} INFO - Processing /opt/airflow/dags/arquitectura_retail_completa.py took 0.216 seconds
[2026-02-27T22:58:27.538+0000] {processor.py:161} INFO - Started process (PID=133) to work on /opt/airflow/dags/arquitectura_retail_completa.py
[2026-02-27T22:58:27.544+0000] {processor.py:830} INFO - Processing file /opt/airflow/dags/arquitectura_retail_completa.py for tasks to queue
[2026-02-27T22:58:27.547+0000] {logging_mixin.py:188} INFO - [2026-02-27T22:58:27.546+0000] {dagbag.py:540} INFO - Filling up the DagBag from /opt/airflow/dags/arquitectura_retail_completa.py
[2026-02-27T22:58:27.628+0000] {processor.py:840} INFO - DAG(s) 'arquitectura_retail_completa' retrieved from /opt/airflow/dags/arquitectura_retail_completa.py
[2026-02-27T22:58:27.774+0000] {logging_mixin.py:188} INFO - [2026-02-27T22:58:27.773+0000] {dag.py:3096} INFO - Sync 1 DAGs
[2026-02-27T22:58:27.814+0000] {logging_mixin.py:188} INFO - [2026-02-27T22:58:27.814+0000] {dag.py:3954} INFO - Setting next_dagrun for arquitectura_retail_completa to 2026-02-26 00:00:00+00:00, run_after=2026-02-27 00:00:00+00:00
[2026-02-27T22:58:27.848+0000] {processor.py:183} INFO - Processing /opt/airflow/dags/arquitectura_retail_completa.py took 0.333 seconds
[2026-02-27T22:58:58.087+0000] {processor.py:161} INFO - Started process (PID=142) to work on /opt/airflow/dags/arquitectura_retail_completa.py
[2026-02-27T22:58:58.089+0000] {processor.py:830} INFO - Processing file /opt/airflow/dags/arquitectura_retail_completa.py for tasks to queue
[2026-02-27T22:58:58.090+0000] {logging_mixin.py:188} INFO - [2026-02-27T22:58:58.090+0000] {dagbag.py:540} INFO - Filling up the DagBag from /opt/airflow/dags/arquitectura_retail_completa.py
[2026-02-27T22:58:58.138+0000] {processor.py:840} INFO - DAG(s) 'arquitectura_retail_completa' retrieved from /opt/airflow/dags/arquitectura_retail_completa.py
[2026-02-27T22:58:58.190+0000] {logging_mixin.py:188} INFO - [2026-02-27T22:58:58.189+0000] {dag.py:3096} INFO - Sync 1 DAGs
[2026-02-27T22:58:58.225+0000] {logging_mixin.py:188} INFO - [2026-02-27T22:58:58.224+0000] {dag.py:3954} INFO - Setting next_dagrun for arquitectura_retail_completa to 2026-02-26 00:00:00+00:00, run_after=2026-02-27 00:00:00+00:00
[2026-02-27T22:58:58.257+0000] {processor.py:183} INFO - Processing /opt/airflow/dags/arquitectura_retail_completa.py took 0.184 seconds
[2026-02-27T22:59:28.934+0000] {processor.py:161} INFO - Started process (PID=151) to work on /opt/airflow/dags/arquitectura_retail_completa.py
[2026-02-27T22:59:28.938+0000] {processor.py:830} INFO - Processing file /opt/airflow/dags/arquitectura_retail_completa.py for tasks to queue
[2026-02-27T22:59:28.943+0000] {logging_mixin.py:188} INFO - [2026-02-27T22:59:28.942+0000] {dagbag.py:540} INFO - Filling up the DagBag from /opt/airflow/dags/arquitectura_retail_completa.py
[2026-02-27T22:59:28.998+0000] {processor.py:840} INFO - DAG(s) 'arquitectura_retail_completa' retrieved from /opt/airflow/dags/arquitectura_retail_completa.py
[2026-02-27T22:59:29.056+0000] {logging_mixin.py:188} INFO - [2026-02-27T22:59:29.056+0000] {dag.py:3096} INFO - Sync 1 DAGs
[2026-02-27T22:59:29.089+0000] {logging_mixin.py:188} INFO - [2026-02-27T22:59:29.089+0000] {dag.py:3954} INFO - Setting next_dagrun for arquitectura_retail_completa to 2026-02-26 00:00:00+00:00, run_after=2026-02-27 00:00:00+00:00
[2026-02-27T22:59:29.123+0000] {processor.py:183} INFO - Processing /opt/airflow/dags/arquitectura_retail_completa.py took 0.200 seconds
[2026-02-27T22:59:59.547+0000] {processor.py:161} INFO - Started process (PID=160) to work on /opt/airflow/dags/arquitectura_retail_completa.py
[2026-02-27T22:59:59.550+0000] {processor.py:830} INFO - Processing file /opt/airflow/dags/arquitectura_retail_completa.py for tasks to queue
[2026-02-27T22:59:59.554+0000] {logging_mixin.py:188} INFO - [2026-02-27T22:59:59.553+0000] {dagbag.py:540} INFO - Filling up the DagBag from /opt/airflow/dags/arquitectura_retail_completa.py
[2026-02-27T22:59:59.610+0000] {processor.py:840} INFO - DAG(s) 'arquitectura_retail_completa' retrieved from /opt/airflow/dags/arquitectura_retail_completa.py
[2026-02-27T22:59:59.663+0000] {logging_mixin.py:188} INFO - [2026-02-27T22:59:59.662+0000] {dag.py:3096} INFO - Sync 1 DAGs
[2026-02-27T22:59:59.691+0000] {logging_mixin.py:188} INFO - [2026-02-27T22:59:59.691+0000] {dag.py:3954} INFO - Setting next_dagrun for arquitectura_retail_completa to 2026-02-26 00:00:00+00:00, run_after=2026-02-27 00:00:00+00:00
[2026-02-27T22:59:59.726+0000] {processor.py:183} INFO - Processing /opt/airflow/dags/arquitectura_retail_completa.py took 0.199 seconds
[2026-02-27T23:00:30.048+0000] {processor.py:161} INFO - Started process (PID=169) to work on /opt/airflow/dags/arquitectura_retail_completa.py
[2026-02-27T23:00:30.050+0000] {processor.py:830} INFO - Processing file /opt/airflow/dags/arquitectura_retail_completa.py for tasks to queue
[2026-02-27T23:00:30.051+0000] {logging_mixin.py:188} INFO - [2026-02-27T23:00:30.051+0000] {dagbag.py:540} INFO - Filling up the DagBag from /opt/airflow/dags/arquitectura_retail_completa.py
[2026-02-27T23:00:30.090+0000] {processor.py:840} INFO - DAG(s) 'arquitectura_retail_completa' retrieved from /opt/airflow/dags/arquitectura_retail_completa.py
[2026-02-27T23:00:30.147+0000] {logging_mixin.py:188} INFO - [2026-02-27T23:00:30.147+0000] {dag.py:3096} INFO - Sync 1 DAGs
[2026-02-27T23:00:30.176+0000] {logging_mixin.py:188} INFO - [2026-02-27T23:00:30.175+0000] {dag.py:3954} INFO - Setting next_dagrun for arquitectura_retail_completa to 2026-02-26 00:00:00+00:00, run_after=2026-02-27 00:00:00+00:00
[2026-02-27T23:00:30.208+0000] {processor.py:183} INFO - Processing /opt/airflow/dags/arquitectura_retail_completa.py took 0.171 seconds
[2026-02-27T23:01:00.538+0000] {processor.py:161} INFO - Started process (PID=178) to work on /opt/airflow/dags/arquitectura_retail_completa.py
[2026-02-27T23:01:00.540+0000] {processor.py:830} INFO - Processing file /opt/airflow/dags/arquitectura_retail_completa.py for tasks to queue
[2026-02-27T23:01:00.542+0000] {logging_mixin.py:188} INFO - [2026-02-27T23:01:00.542+0000] {dagbag.py:540} INFO - Filling up the DagBag from /opt/airflow/dags/arquitectura_retail_completa.py
[2026-02-27T23:01:00.590+0000] {processor.py:840} INFO - DAG(s) 'arquitectura_retail_completa' retrieved from /opt/airflow/dags/arquitectura_retail_completa.py
[2026-02-27T23:01:00.641+0000] {logging_mixin.py:188} INFO - [2026-02-27T23:01:00.641+0000] {dag.py:3096} INFO - Sync 1 DAGs
[2026-02-27T23:01:00.672+0000] {logging_mixin.py:188} INFO - [2026-02-27T23:01:00.671+0000] {dag.py:3954} INFO - Setting next_dagrun for arquitectura_retail_completa to 2026-02-26 00:00:00+00:00, run_after=2026-02-27 00:00:00+00:00
[2026-02-27T23:01:00.710+0000] {processor.py:183} INFO - Processing /opt/airflow/dags/arquitectura_retail_completa.py took 0.182 seconds
[2026-02-27T23:01:31.226+0000] {processor.py:161} INFO - Started process (PID=187) to work on /opt/airflow/dags/arquitectura_retail_completa.py
[2026-02-27T23:01:31.227+0000] {processor.py:830} INFO - Processing file /opt/airflow/dags/arquitectura_retail_completa.py for tasks to queue
[2026-02-27T23:01:31.229+0000] {logging_mixin.py:188} INFO - [2026-02-27T23:01:31.228+0000] {dagbag.py:540} INFO - Filling up the DagBag from /opt/airflow/dags/arquitectura_retail_completa.py
[2026-02-27T23:01:31.275+0000] {processor.py:840} INFO - DAG(s) 'arquitectura_retail_completa' retrieved from /opt/airflow/dags/arquitectura_retail_completa.py
[2026-02-27T23:01:31.329+0000] {logging_mixin.py:188} INFO - [2026-02-27T23:01:31.329+0000] {dag.py:3096} INFO - Sync 1 DAGs
[2026-02-27T23:01:31.365+0000] {logging_mixin.py:188} INFO - [2026-02-27T23:01:31.364+0000] {dag.py:3954} INFO - Setting next_dagrun for arquitectura_retail_completa to 2026-02-26 00:00:00+00:00, run_after=2026-02-27 00:00:00+00:00
[2026-02-27T23:01:31.414+0000] {processor.py:183} INFO - Processing /opt/airflow/dags/arquitectura_retail_completa.py took 0.198 seconds
[2026-02-27T23:02:01.703+0000] {processor.py:161} INFO - Started process (PID=196) to work on /opt/airflow/dags/arquitectura_retail_completa.py
[2026-02-27T23:02:01.705+0000] {processor.py:830} INFO - Processing file /opt/airflow/dags/arquitectura_retail_completa.py for tasks to queue
[2026-02-27T23:02:01.707+0000] {logging_mixin.py:188} INFO - [2026-02-27T23:02:01.706+0000] {dagbag.py:540} INFO - Filling up the DagBag from /opt/airflow/dags/arquitectura_retail_completa.py
[2026-02-27T23:02:01.751+0000] {processor.py:840} INFO - DAG(s) 'arquitectura_retail_completa' retrieved from /opt/airflow/dags/arquitectura_retail_completa.py
[2026-02-27T23:02:01.804+0000] {logging_mixin.py:188} INFO - [2026-02-27T23:02:01.803+0000] {dag.py:3096} INFO - Sync 1 DAGs
[2026-02-27T23:02:01.834+0000] {logging_mixin.py:188} INFO - [2026-02-27T23:02:01.834+0000] {dag.py:3954} INFO - Setting next_dagrun for arquitectura_retail_completa to 2026-02-26 00:00:00+00:00, run_after=2026-02-27 00:00:00+00:00
[2026-02-27T23:02:01.863+0000] {processor.py:183} INFO - Processing /opt/airflow/dags/arquitectura_retail_completa.py took 0.168 seconds
[2026-02-27T23:02:32.163+0000] {processor.py:161} INFO - Started process (PID=205) to work on /opt/airflow/dags/arquitectura_retail_completa.py
[2026-02-27T23:02:32.166+0000] {processor.py:830} INFO - Processing file /opt/airflow/dags/arquitectura_retail_completa.py for tasks to queue
[2026-02-27T23:02:32.168+0000] {logging_mixin.py:188} INFO - [2026-02-27T23:02:32.167+0000] {dagbag.py:540} INFO - Filling up the DagBag from /opt/airflow/dags/arquitectura_retail_completa.py
[2026-02-27T23:02:32.226+0000] {processor.py:840} INFO - DAG(s) 'arquitectura_retail_completa' retrieved from /opt/airflow/dags/arquitectura_retail_completa.py
[2026-02-27T23:02:32.294+0000] {logging_mixin.py:188} INFO - [2026-02-27T23:02:32.294+0000] {dag.py:3096} INFO - Sync 1 DAGs
[2026-02-27T23:02:32.335+0000] {logging_mixin.py:188} INFO - [2026-02-27T23:02:32.335+0000] {dag.py:3954} INFO - Setting next_dagrun for arquitectura_retail_completa to 2026-02-26 00:00:00+00:00, run_after=2026-02-27 00:00:00+00:00
[2026-02-27T23:02:32.380+0000] {processor.py:183} INFO - Processing /opt/airflow/dags/arquitectura_retail_completa.py took 0.229 seconds
[2026-02-27T23:03:02.744+0000] {processor.py:161} INFO - Started process (PID=214) to work on /opt/airflow/dags/arquitectura_retail_completa.py
[2026-02-27T23:03:02.746+0000] {processor.py:830} INFO - Processing file /opt/airflow/dags/arquitectura_retail_completa.py for tasks to queue
[2026-02-27T23:03:02.747+0000] {logging_mixin.py:188} INFO - [2026-02-27T23:03:02.747+0000] {dagbag.py:540} INFO - Filling up the DagBag from /opt/airflow/dags/arquitectura_retail_completa.py
[2026-02-27T23:03:02.798+0000] {processor.py:840} INFO - DAG(s) 'arquitectura_retail_completa' retrieved from /opt/airflow/dags/arquitectura_retail_completa.py
[2026-02-27T23:03:02.871+0000] {logging_mixin.py:188} INFO - [2026-02-27T23:03:02.871+0000] {dag.py:3096} INFO - Sync 1 DAGs
[2026-02-27T23:03:02.907+0000] {logging_mixin.py:188} INFO - [2026-02-27T23:03:02.907+0000] {dag.py:3954} INFO - Setting next_dagrun for arquitectura_retail_completa to 2026-02-26 00:00:00+00:00, run_after=2026-02-27 00:00:00+00:00
[2026-02-27T23:03:02.945+0000] {processor.py:183} INFO - Processing /opt/airflow/dags/arquitectura_retail_completa.py took 0.210 seconds
[2026-02-27T23:03:33.288+0000] {processor.py:161} INFO - Started process (PID=223) to work on /opt/airflow/dags/arquitectura_retail_completa.py
[2026-02-27T23:03:33.291+0000] {processor.py:830} INFO - Processing file /opt/airflow/dags/arquitectura_retail_completa.py for tasks to queue
[2026-02-27T23:03:33.293+0000] {logging_mixin.py:188} INFO - [2026-02-27T23:03:33.292+0000] {dagbag.py:540} INFO - Filling up the DagBag from /opt/airflow/dags/arquitectura_retail_completa.py
[2026-02-27T23:03:33.340+0000] {processor.py:840} INFO - DAG(s) 'arquitectura_retail_completa' retrieved from /opt/airflow/dags/arquitectura_retail_completa.py
[2026-02-27T23:03:33.395+0000] {logging_mixin.py:188} INFO - [2026-02-27T23:03:33.394+0000] {dag.py:3096} INFO - Sync 1 DAGs
[2026-02-27T23:03:33.428+0000] {logging_mixin.py:188} INFO - [2026-02-27T23:03:33.428+0000] {dag.py:3954} INFO - Setting next_dagrun for arquitectura_retail_completa to 2026-02-26 00:00:00+00:00, run_after=2026-02-27 00:00:00+00:00
[2026-02-27T23:03:33.458+0000] {processor.py:183} INFO - Processing /opt/airflow/dags/arquitectura_retail_completa.py took 0.182 seconds
[2026-02-27T23:04:03.678+0000] {processor.py:161} INFO - Started process (PID=232) to work on /opt/airflow/dags/arquitectura_retail_completa.py
[2026-02-27T23:04:03.681+0000] {processor.py:830} INFO - Processing file /opt/airflow/dags/arquitectura_retail_completa.py for tasks to queue
[2026-02-27T23:04:03.683+0000] {logging_mixin.py:188} INFO - [2026-02-27T23:04:03.683+0000] {dagbag.py:540} INFO - Filling up the DagBag from /opt/airflow/dags/arquitectura_retail_completa.py
[2026-02-27T23:04:03.739+0000] {processor.py:840} INFO - DAG(s) 'arquitectura_retail_completa' retrieved from /opt/airflow/dags/arquitectura_retail_completa.py
[2026-02-27T23:04:03.799+0000] {logging_mixin.py:188} INFO - [2026-02-27T23:04:03.799+0000] {dag.py:3096} INFO - Sync 1 DAGs
[2026-02-27T23:04:03.835+0000] {logging_mixin.py:188} INFO - [2026-02-27T23:04:03.835+0000] {dag.py:3954} INFO - Setting next_dagrun for arquitectura_retail_completa to 2026-02-26 00:00:00+00:00, run_after=2026-02-27 00:00:00+00:00
[2026-02-27T23:04:03.876+0000] {processor.py:183} INFO - Processing /opt/airflow/dags/arquitectura_retail_completa.py took 0.213 seconds
[2026-02-27T23:04:34.207+0000] {processor.py:161} INFO - Started process (PID=241) to work on /opt/airflow/dags/arquitectura_retail_completa.py
[2026-02-27T23:04:34.208+0000] {processor.py:830} INFO - Processing file /opt/airflow/dags/arquitectura_retail_completa.py for tasks to queue
[2026-02-27T23:04:34.210+0000] {logging_mixin.py:188} INFO - [2026-02-27T23:04:34.210+0000] {dagbag.py:540} INFO - Filling up the DagBag from /opt/airflow/dags/arquitectura_retail_completa.py
[2026-02-27T23:04:34.253+0000] {processor.py:840} INFO - DAG(s) 'arquitectura_retail_completa' retrieved from /opt/airflow/dags/arquitectura_retail_completa.py
[2026-02-27T23:04:34.306+0000] {logging_mixin.py:188} INFO - [2026-02-27T23:04:34.306+0000] {dag.py:3096} INFO - Sync 1 DAGs
[2026-02-27T23:04:34.343+0000] {logging_mixin.py:188} INFO - [2026-02-27T23:04:34.343+0000] {dag.py:3954} INFO - Setting next_dagrun for arquitectura_retail_completa to 2026-02-26 00:00:00+00:00, run_after=2026-02-27 00:00:00+00:00
[2026-02-27T23:04:34.383+0000] {processor.py:183} INFO - Processing /opt/airflow/dags/arquitectura_retail_completa.py took 0.184 seconds
[2026-02-27T23:05:04.607+0000] {processor.py:161} INFO - Started process (PID=250) to work on /opt/airflow/dags/arquitectura_retail_completa.py
[2026-02-27T23:05:04.609+0000] {processor.py:830} INFO - Processing file /opt/airflow/dags/arquitectura_retail_completa.py for tasks to queue
[2026-02-27T23:05:04.610+0000] {logging_mixin.py:188} INFO - [2026-02-27T23:05:04.610+0000] {dagbag.py:540} INFO - Filling up the DagBag from /opt/airflow/dags/arquitectura_retail_completa.py
[2026-02-27T23:05:04.656+0000] {processor.py:840} INFO - DAG(s) 'arquitectura_retail_completa' retrieved from /opt/airflow/dags/arquitectura_retail_completa.py
[2026-02-27T23:05:04.708+0000] {logging_mixin.py:188} INFO - [2026-02-27T23:05:04.708+0000] {dag.py:3096} INFO - Sync 1 DAGs
[2026-02-27T23:05:04.742+0000] {logging_mixin.py:188} INFO - [2026-02-27T23:05:04.742+0000] {dag.py:3954} INFO - Setting next_dagrun for arquitectura_retail_completa to 2026-02-26 00:00:00+00:00, run_after=2026-02-27 00:00:00+00:00
[2026-02-27T23:05:04.772+0000] {processor.py:183} INFO - Processing /opt/airflow/dags/arquitectura_retail_completa.py took 0.174 seconds
[2026-02-27T23:05:35.133+0000] {processor.py:161} INFO - Started process (PID=259) to work on /opt/airflow/dags/arquitectura_retail_completa.py
[2026-02-27T23:05:35.135+0000] {processor.py:830} INFO - Processing file /opt/airflow/dags/arquitectura_retail_completa.py for tasks to queue
[2026-02-27T23:05:35.138+0000] {logging_mixin.py:188} INFO - [2026-02-27T23:05:35.137+0000] {dagbag.py:540} INFO - Filling up the DagBag from /opt/airflow/dags/arquitectura_retail_completa.py
[2026-02-27T23:05:35.194+0000] {processor.py:840} INFO - DAG(s) 'arquitectura_retail_completa' retrieved from /opt/airflow/dags/arquitectura_retail_completa.py
[2026-02-27T23:05:35.256+0000] {logging_mixin.py:188} INFO - [2026-02-27T23:05:35.255+0000] {dag.py:3096} INFO - Sync 1 DAGs
[2026-02-27T23:05:35.307+0000] {logging_mixin.py:188} INFO - [2026-02-27T23:05:35.306+0000] {dag.py:3954} INFO - Setting next_dagrun for arquitectura_retail_completa to 2026-02-26 00:00:00+00:00, run_after=2026-02-27 00:00:00+00:00
[2026-02-27T23:05:35.371+0000] {processor.py:183} INFO - Processing /opt/airflow/dags/arquitectura_retail_completa.py took 0.250 seconds
[2026-02-27T23:06:05.820+0000] {processor.py:161} INFO - Started process (PID=268) to work on /opt/airflow/dags/arquitectura_retail_completa.py
[2026-02-27T23:06:05.824+0000] {processor.py:830} INFO - Processing file /opt/airflow/dags/arquitectura_retail_completa.py for tasks to queue
[2026-02-27T23:06:05.828+0000] {logging_mixin.py:188} INFO - [2026-02-27T23:06:05.827+0000] {dagbag.py:540} INFO - Filling up the DagBag from /opt/airflow/dags/arquitectura_retail_completa.py
[2026-02-27T23:06:05.926+0000] {processor.py:840} INFO - DAG(s) 'arquitectura_retail_completa' retrieved from /opt/airflow/dags/arquitectura_retail_completa.py
[2026-02-27T23:06:06.071+0000] {logging_mixin.py:188} INFO - [2026-02-27T23:06:06.069+0000] {dag.py:3096} INFO - Sync 1 DAGs
[2026-02-27T23:06:06.166+0000] {logging_mixin.py:188} INFO - [2026-02-27T23:06:06.165+0000] {dag.py:3954} INFO - Setting next_dagrun for arquitectura_retail_completa to 2026-02-26 00:00:00+00:00, run_after=2026-02-27 00:00:00+00:00
[2026-02-27T23:06:06.248+0000] {processor.py:183} INFO - Processing /opt/airflow/dags/arquitectura_retail_completa.py took 0.455 seconds
[2026-02-27T23:11:34.277+0000] {processor.py:161} INFO - Started process (PID=35) to work on /opt/airflow/dags/arquitectura_retail_completa.py
[2026-02-27T23:11:34.279+0000] {processor.py:830} INFO - Processing file /opt/airflow/dags/arquitectura_retail_completa.py for tasks to queue
[2026-02-27T23:11:34.283+0000] {logging_mixin.py:188} INFO - [2026-02-27T23:11:34.282+0000] {dagbag.py:540} INFO - Filling up the DagBag from /opt/airflow/dags/arquitectura_retail_completa.py
[2026-02-27T23:11:34.326+0000] {processor.py:840} INFO - DAG(s) 'arquitectura_retail_completa' retrieved from /opt/airflow/dags/arquitectura_retail_completa.py
[2026-02-27T23:11:34.402+0000] {logging_mixin.py:188} INFO - [2026-02-27T23:11:34.401+0000] {dag.py:3096} INFO - Sync 1 DAGs
[2026-02-27T23:11:34.470+0000] {logging_mixin.py:188} INFO - [2026-02-27T23:11:34.470+0000] {dag.py:3954} INFO - Setting next_dagrun for arquitectura_retail_completa to 2026-02-26 00:00:00+00:00, run_after=2026-02-27 00:00:00+00:00
[2026-02-27T23:11:34.530+0000] {processor.py:183} INFO - Processing /opt/airflow/dags/arquitectura_retail_completa.py took 0.265 seconds
[2026-02-27T23:12:04.767+0000] {processor.py:161} INFO - Started process (PID=43) to work on /opt/airflow/dags/arquitectura_retail_completa.py
[2026-02-27T23:12:04.775+0000] {processor.py:830} INFO - Processing file /opt/airflow/dags/arquitectura_retail_completa.py for tasks to queue
[2026-02-27T23:12:04.785+0000] {logging_mixin.py:188} INFO - [2026-02-27T23:12:04.782+0000] {dagbag.py:540} INFO - Filling up the DagBag from /opt/airflow/dags/arquitectura_retail_completa.py
[2026-02-27T23:12:04.934+0000] {processor.py:840} INFO - DAG(s) 'arquitectura_retail_completa' retrieved from /opt/airflow/dags/arquitectura_retail_completa.py
[2026-02-27T23:12:05.136+0000] {logging_mixin.py:188} INFO - [2026-02-27T23:12:05.134+0000] {dag.py:3096} INFO - Sync 1 DAGs
[2026-02-27T23:12:05.273+0000] {logging_mixin.py:188} INFO - [2026-02-27T23:12:05.273+0000] {dag.py:3954} INFO - Setting next_dagrun for arquitectura_retail_completa to 2026-02-26 00:00:00+00:00, run_after=2026-02-27 00:00:00+00:00
[2026-02-27T23:12:05.331+0000] {processor.py:183} INFO - Processing /opt/airflow/dags/arquitectura_retail_completa.py took 0.609 seconds
[2026-02-27T23:12:36.550+0000] {processor.py:161} INFO - Started process (PID=53) to work on /opt/airflow/dags/arquitectura_retail_completa.py
[2026-02-27T23:12:36.552+0000] {processor.py:830} INFO - Processing file /opt/airflow/dags/arquitectura_retail_completa.py for tasks to queue
[2026-02-27T23:12:36.554+0000] {logging_mixin.py:188} INFO - [2026-02-27T23:12:36.553+0000] {dagbag.py:540} INFO - Filling up the DagBag from /opt/airflow/dags/arquitectura_retail_completa.py
[2026-02-27T23:12:36.599+0000] {processor.py:840} INFO - DAG(s) 'arquitectura_retail_completa' retrieved from /opt/airflow/dags/arquitectura_retail_completa.py
[2026-02-27T23:12:36.656+0000] {logging_mixin.py:188} INFO - [2026-02-27T23:12:36.655+0000] {dag.py:3096} INFO - Sync 1 DAGs
[2026-02-27T23:12:36.693+0000] {logging_mixin.py:188} INFO - [2026-02-27T23:12:36.693+0000] {dag.py:3954} INFO - Setting next_dagrun for arquitectura_retail_completa to 2026-02-26 00:00:00+00:00, run_after=2026-02-27 00:00:00+00:00
[2026-02-27T23:12:36.730+0000] {processor.py:183} INFO - Processing /opt/airflow/dags/arquitectura_retail_completa.py took 0.189 seconds
[2026-02-27T23:13:07.600+0000] {processor.py:161} INFO - Started process (PID=62) to work on /opt/airflow/dags/arquitectura_retail_completa.py
[2026-02-27T23:13:07.601+0000] {processor.py:830} INFO - Processing file /opt/airflow/dags/arquitectura_retail_completa.py for tasks to queue
[2026-02-27T23:13:07.603+0000] {logging_mixin.py:188} INFO - [2026-02-27T23:13:07.603+0000] {dagbag.py:540} INFO - Filling up the DagBag from /opt/airflow/dags/arquitectura_retail_completa.py
[2026-02-27T23:13:07.649+0000] {processor.py:840} INFO - DAG(s) 'arquitectura_retail_completa' retrieved from /opt/airflow/dags/arquitectura_retail_completa.py
[2026-02-27T23:13:07.710+0000] {logging_mixin.py:188} INFO - [2026-02-27T23:13:07.709+0000] {dag.py:3096} INFO - Sync 1 DAGs
[2026-02-27T23:13:07.749+0000] {logging_mixin.py:188} INFO - [2026-02-27T23:13:07.749+0000] {dag.py:3954} INFO - Setting next_dagrun for arquitectura_retail_completa to 2026-02-26 00:00:00+00:00, run_after=2026-02-27 00:00:00+00:00
[2026-02-27T23:13:07.792+0000] {processor.py:183} INFO - Processing /opt/airflow/dags/arquitectura_retail_completa.py took 0.202 seconds
[2026-02-27T23:13:38.456+0000] {processor.py:161} INFO - Started process (PID=71) to work on /opt/airflow/dags/arquitectura_retail_completa.py
[2026-02-27T23:13:38.458+0000] {processor.py:830} INFO - Processing file /opt/airflow/dags/arquitectura_retail_completa.py for tasks to queue
[2026-02-27T23:13:38.460+0000] {logging_mixin.py:188} INFO - [2026-02-27T23:13:38.459+0000] {dagbag.py:540} INFO - Filling up the DagBag from /opt/airflow/dags/arquitectura_retail_completa.py
[2026-02-27T23:13:38.502+0000] {processor.py:840} INFO - DAG(s) 'arquitectura_retail_completa' retrieved from /opt/airflow/dags/arquitectura_retail_completa.py
[2026-02-27T23:13:38.553+0000] {logging_mixin.py:188} INFO - [2026-02-27T23:13:38.552+0000] {dag.py:3096} INFO - Sync 1 DAGs
[2026-02-27T23:13:38.583+0000] {logging_mixin.py:188} INFO - [2026-02-27T23:13:38.583+0000] {dag.py:3954} INFO - Setting next_dagrun for arquitectura_retail_completa to 2026-02-26 00:00:00+00:00, run_after=2026-02-27 00:00:00+00:00
[2026-02-27T23:13:38.618+0000] {processor.py:183} INFO - Processing /opt/airflow/dags/arquitectura_retail_completa.py took 0.171 seconds
[2026-02-27T23:14:09.553+0000] {processor.py:161} INFO - Started process (PID=80) to work on /opt/airflow/dags/arquitectura_retail_completa.py
[2026-02-27T23:14:09.557+0000] {processor.py:830} INFO - Processing file /opt/airflow/dags/arquitectura_retail_completa.py for tasks to queue
[2026-02-27T23:14:09.560+0000] {logging_mixin.py:188} INFO - [2026-02-27T23:14:09.559+0000] {dagbag.py:540} INFO - Filling up the DagBag from /opt/airflow/dags/arquitectura_retail_completa.py
[2026-02-27T23:14:09.629+0000] {processor.py:840} INFO - DAG(s) 'arquitectura_retail_completa' retrieved from /opt/airflow/dags/arquitectura_retail_completa.py
[2026-02-27T23:14:09.685+0000] {logging_mixin.py:188} INFO - [2026-02-27T23:14:09.684+0000] {dag.py:3096} INFO - Sync 1 DAGs
[2026-02-27T23:14:09.719+0000] {logging_mixin.py:188} INFO - [2026-02-27T23:14:09.719+0000] {dag.py:3954} INFO - Setting next_dagrun for arquitectura_retail_completa to 2026-02-26 00:00:00+00:00, run_after=2026-02-27 00:00:00+00:00
[2026-02-27T23:14:09.759+0000] {processor.py:183} INFO - Processing /opt/airflow/dags/arquitectura_retail_completa.py took 0.218 seconds
[2026-02-27T23:14:40.503+0000] {processor.py:161} INFO - Started process (PID=89) to work on /opt/airflow/dags/arquitectura_retail_completa.py
[2026-02-27T23:14:40.505+0000] {processor.py:830} INFO - Processing file /opt/airflow/dags/arquitectura_retail_completa.py for tasks to queue
[2026-02-27T23:14:40.507+0000] {logging_mixin.py:188} INFO - [2026-02-27T23:14:40.506+0000] {dagbag.py:540} INFO - Filling up the DagBag from /opt/airflow/dags/arquitectura_retail_completa.py
[2026-02-27T23:14:40.549+0000] {processor.py:840} INFO - DAG(s) 'arquitectura_retail_completa' retrieved from /opt/airflow/dags/arquitectura_retail_completa.py
[2026-02-27T23:14:40.606+0000] {logging_mixin.py:188} INFO - [2026-02-27T23:14:40.606+0000] {dag.py:3096} INFO - Sync 1 DAGs
[2026-02-27T23:14:40.648+0000] {logging_mixin.py:188} INFO - [2026-02-27T23:14:40.647+0000] {dag.py:3954} INFO - Setting next_dagrun for arquitectura_retail_completa to 2026-02-26 00:00:00+00:00, run_after=2026-02-27 00:00:00+00:00
[2026-02-27T23:14:40.676+0000] {processor.py:183} INFO - Processing /opt/airflow/dags/arquitectura_retail_completa.py took 0.184 seconds
[2026-02-27T23:15:11.333+0000] {processor.py:161} INFO - Started process (PID=98) to work on /opt/airflow/dags/arquitectura_retail_completa.py
[2026-02-27T23:15:11.335+0000] {processor.py:830} INFO - Processing file /opt/airflow/dags/arquitectura_retail_completa.py for tasks to queue
[2026-02-27T23:15:11.337+0000] {logging_mixin.py:188} INFO - [2026-02-27T23:15:11.336+0000] {dagbag.py:540} INFO - Filling up the DagBag from /opt/airflow/dags/arquitectura_retail_completa.py
[2026-02-27T23:15:11.386+0000] {processor.py:840} INFO - DAG(s) 'arquitectura_retail_completa' retrieved from /opt/airflow/dags/arquitectura_retail_completa.py
[2026-02-27T23:15:11.431+0000] {logging_mixin.py:188} INFO - [2026-02-27T23:15:11.431+0000] {dag.py:3096} INFO - Sync 1 DAGs
[2026-02-27T23:15:11.467+0000] {logging_mixin.py:188} INFO - [2026-02-27T23:15:11.466+0000] {dag.py:3954} INFO - Setting next_dagrun for arquitectura_retail_completa to 2026-02-26 00:00:00+00:00, run_after=2026-02-27 00:00:00+00:00
[2026-02-27T23:15:11.501+0000] {processor.py:183} INFO - Processing /opt/airflow/dags/arquitectura_retail_completa.py took 0.181 seconds
[2026-02-27T23:15:42.189+0000] {processor.py:161} INFO - Started process (PID=107) to work on /opt/airflow/dags/arquitectura_retail_completa.py
[2026-02-27T23:15:42.191+0000] {processor.py:830} INFO - Processing file /opt/airflow/dags/arquitectura_retail_completa.py for tasks to queue
[2026-02-27T23:15:42.193+0000] {logging_mixin.py:188} INFO - [2026-02-27T23:15:42.192+0000] {dagbag.py:540} INFO - Filling up the DagBag from /opt/airflow/dags/arquitectura_retail_completa.py
[2026-02-27T23:15:42.248+0000] {processor.py:840} INFO - DAG(s) 'arquitectura_retail_completa' retrieved from /opt/airflow/dags/arquitectura_retail_completa.py
[2026-02-27T23:15:42.313+0000] {logging_mixin.py:188} INFO - [2026-02-27T23:15:42.313+0000] {dag.py:3096} INFO - Sync 1 DAGs
[2026-02-27T23:15:42.348+0000] {logging_mixin.py:188} INFO - [2026-02-27T23:15:42.348+0000] {dag.py:3954} INFO - Setting next_dagrun for arquitectura_retail_completa to 2026-02-27 00:00:00+00:00, run_after=2026-02-28 00:00:00+00:00
[2026-02-27T23:15:42.383+0000] {processor.py:183} INFO - Processing /opt/airflow/dags/arquitectura_retail_completa.py took 0.204 seconds
[2026-02-27T23:16:12.523+0000] {processor.py:161} INFO - Started process (PID=124) to work on /opt/airflow/dags/arquitectura_retail_completa.py
[2026-02-27T23:16:12.525+0000] {processor.py:830} INFO - Processing file /opt/airflow/dags/arquitectura_retail_completa.py for tasks to queue
[2026-02-27T23:16:12.527+0000] {logging_mixin.py:188} INFO - [2026-02-27T23:16:12.526+0000] {dagbag.py:540} INFO - Filling up the DagBag from /opt/airflow/dags/arquitectura_retail_completa.py
[2026-02-27T23:16:12.565+0000] {processor.py:840} INFO - DAG(s) 'arquitectura_retail_completa' retrieved from /opt/airflow/dags/arquitectura_retail_completa.py
[2026-02-27T23:16:12.613+0000] {logging_mixin.py:188} INFO - [2026-02-27T23:16:12.612+0000] {dag.py:3096} INFO - Sync 1 DAGs
[2026-02-27T23:16:12.649+0000] {logging_mixin.py:188} INFO - [2026-02-27T23:16:12.649+0000] {dag.py:3954} INFO - Setting next_dagrun for arquitectura_retail_completa to 2026-02-27 00:00:00+00:00, run_after=2026-02-28 00:00:00+00:00
[2026-02-27T23:16:12.692+0000] {processor.py:183} INFO - Processing /opt/airflow/dags/arquitectura_retail_completa.py took 0.180 seconds
[2026-02-27T23:16:43.894+0000] {processor.py:161} INFO - Started process (PID=133) to work on /opt/airflow/dags/arquitectura_retail_completa.py
[2026-02-27T23:16:43.896+0000] {processor.py:830} INFO - Processing file /opt/airflow/dags/arquitectura_retail_completa.py for tasks to queue
[2026-02-27T23:16:43.898+0000] {logging_mixin.py:188} INFO - [2026-02-27T23:16:43.897+0000] {dagbag.py:540} INFO - Filling up the DagBag from /opt/airflow/dags/arquitectura_retail_completa.py
[2026-02-27T23:16:43.954+0000] {processor.py:840} INFO - DAG(s) 'arquitectura_retail_completa' retrieved from /opt/airflow/dags/arquitectura_retail_completa.py
[2026-02-27T23:16:44.028+0000] {logging_mixin.py:188} INFO - [2026-02-27T23:16:44.027+0000] {dag.py:3096} INFO - Sync 1 DAGs
[2026-02-27T23:16:44.072+0000] {logging_mixin.py:188} INFO - [2026-02-27T23:16:44.071+0000] {dag.py:3954} INFO - Setting next_dagrun for arquitectura_retail_completa to 2026-02-27 00:00:00+00:00, run_after=2026-02-28 00:00:00+00:00
[2026-02-27T23:16:44.115+0000] {processor.py:183} INFO - Processing /opt/airflow/dags/arquitectura_retail_completa.py took 0.232 seconds
[2026-02-27T23:17:14.732+0000] {processor.py:161} INFO - Started process (PID=142) to work on /opt/airflow/dags/arquitectura_retail_completa.py
[2026-02-27T23:17:14.734+0000] {processor.py:830} INFO - Processing file /opt/airflow/dags/arquitectura_retail_completa.py for tasks to queue
[2026-02-27T23:17:14.736+0000] {logging_mixin.py:188} INFO - [2026-02-27T23:17:14.735+0000] {dagbag.py:540} INFO - Filling up the DagBag from /opt/airflow/dags/arquitectura_retail_completa.py
[2026-02-27T23:17:14.786+0000] {processor.py:840} INFO - DAG(s) 'arquitectura_retail_completa' retrieved from /opt/airflow/dags/arquitectura_retail_completa.py
[2026-02-27T23:17:14.851+0000] {logging_mixin.py:188} INFO - [2026-02-27T23:17:14.851+0000] {dag.py:3096} INFO - Sync 1 DAGs
[2026-02-27T23:17:14.911+0000] {logging_mixin.py:188} INFO - [2026-02-27T23:17:14.911+0000] {dag.py:3954} INFO - Setting next_dagrun for arquitectura_retail_completa to 2026-02-27 00:00:00+00:00, run_after=2026-02-28 00:00:00+00:00
[2026-02-27T23:17:14.960+0000] {processor.py:183} INFO - Processing /opt/airflow/dags/arquitectura_retail_completa.py took 0.239 seconds
[2026-02-27T23:17:45.697+0000] {processor.py:161} INFO - Started process (PID=151) to work on /opt/airflow/dags/arquitectura_retail_completa.py
[2026-02-27T23:17:45.698+0000] {processor.py:830} INFO - Processing file /opt/airflow/dags/arquitectura_retail_completa.py for tasks to queue
[2026-02-27T23:17:45.700+0000] {logging_mixin.py:188} INFO - [2026-02-27T23:17:45.699+0000] {dagbag.py:540} INFO - Filling up the DagBag from /opt/airflow/dags/arquitectura_retail_completa.py
[2026-02-27T23:17:45.742+0000] {processor.py:840} INFO - DAG(s) 'arquitectura_retail_completa' retrieved from /opt/airflow/dags/arquitectura_retail_completa.py
[2026-02-27T23:17:45.800+0000] {logging_mixin.py:188} INFO - [2026-02-27T23:17:45.799+0000] {dag.py:3096} INFO - Sync 1 DAGs
[2026-02-27T23:17:45.841+0000] {logging_mixin.py:188} INFO - [2026-02-27T23:17:45.841+0000] {dag.py:3954} INFO - Setting next_dagrun for arquitectura_retail_completa to 2026-02-27 00:00:00+00:00, run_after=2026-02-28 00:00:00+00:00
[2026-02-27T23:17:45.875+0000] {processor.py:183} INFO - Processing /opt/airflow/dags/arquitectura_retail_completa.py took 0.189 seconds
[2026-02-27T23:18:16.410+0000] {processor.py:161} INFO - Started process (PID=160) to work on /opt/airflow/dags/arquitectura_retail_completa.py
[2026-02-27T23:18:16.411+0000] {processor.py:830} INFO - Processing file /opt/airflow/dags/arquitectura_retail_completa.py for tasks to queue
[2026-02-27T23:18:16.413+0000] {logging_mixin.py:188} INFO - [2026-02-27T23:18:16.412+0000] {dagbag.py:540} INFO - Filling up the DagBag from /opt/airflow/dags/arquitectura_retail_completa.py
[2026-02-27T23:18:16.452+0000] {processor.py:840} INFO - DAG(s) 'arquitectura_retail_completa' retrieved from /opt/airflow/dags/arquitectura_retail_completa.py
[2026-02-27T23:18:16.505+0000] {logging_mixin.py:188} INFO - [2026-02-27T23:18:16.504+0000] {dag.py:3096} INFO - Sync 1 DAGs
[2026-02-27T23:18:16.541+0000] {logging_mixin.py:188} INFO - [2026-02-27T23:18:16.541+0000] {dag.py:3954} INFO - Setting next_dagrun for arquitectura_retail_completa to 2026-02-27 00:00:00+00:00, run_after=2026-02-28 00:00:00+00:00
[2026-02-27T23:18:16.582+0000] {processor.py:183} INFO - Processing /opt/airflow/dags/arquitectura_retail_completa.py took 0.186 seconds
[2026-02-27T23:18:47.492+0000] {processor.py:161} INFO - Started process (PID=169) to work on /opt/airflow/dags/arquitectura_retail_completa.py
[2026-02-27T23:18:47.494+0000] {processor.py:830} INFO - Processing file /opt/airflow/dags/arquitectura_retail_completa.py for tasks to queue
[2026-02-27T23:18:47.496+0000] {logging_mixin.py:188} INFO - [2026-02-27T23:18:47.495+0000] {dagbag.py:540} INFO - Filling up the DagBag from /opt/airflow/dags/arquitectura_retail_completa.py
[2026-02-27T23:18:47.547+0000] {processor.py:840} INFO - DAG(s) 'arquitectura_retail_completa' retrieved from /opt/airflow/dags/arquitectura_retail_completa.py
[2026-02-27T23:18:47.604+0000] {logging_mixin.py:188} INFO - [2026-02-27T23:18:47.604+0000] {dag.py:3096} INFO - Sync 1 DAGs
[2026-02-27T23:18:47.644+0000] {logging_mixin.py:188} INFO - [2026-02-27T23:18:47.644+0000] {dag.py:3954} INFO - Setting next_dagrun for arquitectura_retail_completa to 2026-02-27 00:00:00+00:00, run_after=2026-02-28 00:00:00+00:00
[2026-02-27T23:18:47.695+0000] {processor.py:183} INFO - Processing /opt/airflow/dags/arquitectura_retail_completa.py took 0.220 seconds
[2026-02-27T23:19:18.498+0000] {processor.py:161} INFO - Started process (PID=178) to work on /opt/airflow/dags/arquitectura_retail_completa.py
[2026-02-27T23:19:18.500+0000] {processor.py:830} INFO - Processing file /opt/airflow/dags/arquitectura_retail_completa.py for tasks to queue
[2026-02-27T23:19:18.501+0000] {logging_mixin.py:188} INFO - [2026-02-27T23:19:18.501+0000] {dagbag.py:540} INFO - Filling up the DagBag from /opt/airflow/dags/arquitectura_retail_completa.py
[2026-02-27T23:19:18.536+0000] {processor.py:840} INFO - DAG(s) 'arquitectura_retail_completa' retrieved from /opt/airflow/dags/arquitectura_retail_completa.py
[2026-02-27T23:19:18.588+0000] {logging_mixin.py:188} INFO - [2026-02-27T23:19:18.588+0000] {dag.py:3096} INFO - Sync 1 DAGs
[2026-02-27T23:19:18.623+0000] {logging_mixin.py:188} INFO - [2026-02-27T23:19:18.623+0000] {dag.py:3954} INFO - Setting next_dagrun for arquitectura_retail_completa to 2026-02-27 00:00:00+00:00, run_after=2026-02-28 00:00:00+00:00
[2026-02-27T23:19:18.658+0000] {processor.py:183} INFO - Processing /opt/airflow/dags/arquitectura_retail_completa.py took 0.169 seconds
[2026-02-27T23:19:49.251+0000] {processor.py:161} INFO - Started process (PID=187) to work on /opt/airflow/dags/arquitectura_retail_completa.py
[2026-02-27T23:19:49.252+0000] {processor.py:830} INFO - Processing file /opt/airflow/dags/arquitectura_retail_completa.py for tasks to queue
[2026-02-27T23:19:49.254+0000] {logging_mixin.py:188} INFO - [2026-02-27T23:19:49.253+0000] {dagbag.py:540} INFO - Filling up the DagBag from /opt/airflow/dags/arquitectura_retail_completa.py
[2026-02-27T23:19:49.290+0000] {processor.py:840} INFO - DAG(s) 'arquitectura_retail_completa' retrieved from /opt/airflow/dags/arquitectura_retail_completa.py
[2026-02-27T23:19:49.336+0000] {logging_mixin.py:188} INFO - [2026-02-27T23:19:49.336+0000] {dag.py:3096} INFO - Sync 1 DAGs
[2026-02-27T23:19:49.368+0000] {logging_mixin.py:188} INFO - [2026-02-27T23:19:49.368+0000] {dag.py:3954} INFO - Setting next_dagrun for arquitectura_retail_completa to 2026-02-27 00:00:00+00:00, run_after=2026-02-28 00:00:00+00:00
[2026-02-27T23:19:49.401+0000] {processor.py:183} INFO - Processing /opt/airflow/dags/arquitectura_retail_completa.py took 0.160 seconds
[2026-02-27T23:20:20.051+0000] {processor.py:161} INFO - Started process (PID=196) to work on /opt/airflow/dags/arquitectura_retail_completa.py
[2026-02-27T23:20:20.054+0000] {processor.py:830} INFO - Processing file /opt/airflow/dags/arquitectura_retail_completa.py for tasks to queue
[2026-02-27T23:20:20.056+0000] {logging_mixin.py:188} INFO - [2026-02-27T23:20:20.055+0000] {dagbag.py:540} INFO - Filling up the DagBag from /opt/airflow/dags/arquitectura_retail_completa.py
[2026-02-27T23:20:20.120+0000] {processor.py:840} INFO - DAG(s) 'arquitectura_retail_completa' retrieved from /opt/airflow/dags/arquitectura_retail_completa.py
[2026-02-27T23:20:20.179+0000] {logging_mixin.py:188} INFO - [2026-02-27T23:20:20.178+0000] {dag.py:3096} INFO - Sync 1 DAGs
[2026-02-27T23:20:20.221+0000] {logging_mixin.py:188} INFO - [2026-02-27T23:20:20.220+0000] {dag.py:3954} INFO - Setting next_dagrun for arquitectura_retail_completa to 2026-02-27 00:00:00+00:00, run_after=2026-02-28 00:00:00+00:00
[2026-02-27T23:20:20.263+0000] {processor.py:183} INFO - Processing /opt/airflow/dags/arquitectura_retail_completa.py took 0.224 seconds
[2026-02-27T23:20:50.767+0000] {processor.py:161} INFO - Started process (PID=205) to work on /opt/airflow/dags/arquitectura_retail_completa.py
[2026-02-27T23:20:50.769+0000] {processor.py:830} INFO - Processing file /opt/airflow/dags/arquitectura_retail_completa.py for tasks to queue
[2026-02-27T23:20:50.770+0000] {logging_mixin.py:188} INFO - [2026-02-27T23:20:50.770+0000] {dagbag.py:540} INFO - Filling up the DagBag from /opt/airflow/dags/arquitectura_retail_completa.py
[2026-02-27T23:20:50.802+0000] {processor.py:840} INFO - DAG(s) 'arquitectura_retail_completa' retrieved from /opt/airflow/dags/arquitectura_retail_completa.py
[2026-02-27T23:20:50.854+0000] {logging_mixin.py:188} INFO - [2026-02-27T23:20:50.854+0000] {dag.py:3096} INFO - Sync 1 DAGs
[2026-02-27T23:20:50.887+0000] {logging_mixin.py:188} INFO - [2026-02-27T23:20:50.887+0000] {dag.py:3954} INFO - Setting next_dagrun for arquitectura_retail_completa to 2026-02-27 00:00:00+00:00, run_after=2026-02-28 00:00:00+00:00
[2026-02-27T23:20:50.916+0000] {processor.py:183} INFO - Processing /opt/airflow/dags/arquitectura_retail_completa.py took 0.159 seconds
[2026-02-27T23:21:21.652+0000] {processor.py:161} INFO - Started process (PID=214) to work on /opt/airflow/dags/arquitectura_retail_completa.py
[2026-02-27T23:21:21.655+0000] {processor.py:830} INFO - Processing file /opt/airflow/dags/arquitectura_retail_completa.py for tasks to queue
[2026-02-27T23:21:21.657+0000] {logging_mixin.py:188} INFO - [2026-02-27T23:21:21.656+0000] {dagbag.py:540} INFO - Filling up the DagBag from /opt/airflow/dags/arquitectura_retail_completa.py
[2026-02-27T23:21:21.753+0000] {processor.py:840} INFO - DAG(s) 'arquitectura_retail_completa' retrieved from /opt/airflow/dags/arquitectura_retail_completa.py
[2026-02-27T23:21:21.847+0000] {logging_mixin.py:188} INFO - [2026-02-27T23:21:21.847+0000] {dag.py:3096} INFO - Sync 1 DAGs
[2026-02-27T23:21:21.889+0000] {logging_mixin.py:188} INFO - [2026-02-27T23:21:21.889+0000] {dag.py:3954} INFO - Setting next_dagrun for arquitectura_retail_completa to 2026-02-27 00:00:00+00:00, run_after=2026-02-28 00:00:00+00:00
[2026-02-27T23:21:21.930+0000] {processor.py:183} INFO - Processing /opt/airflow/dags/arquitectura_retail_completa.py took 0.288 seconds
[2026-02-27T23:21:52.338+0000] {processor.py:161} INFO - Started process (PID=224) to work on /opt/airflow/dags/arquitectura_retail_completa.py
[2026-02-27T23:21:52.340+0000] {processor.py:830} INFO - Processing file /opt/airflow/dags/arquitectura_retail_completa.py for tasks to queue
[2026-02-27T23:21:52.342+0000] {logging_mixin.py:188} INFO - [2026-02-27T23:21:52.341+0000] {dagbag.py:540} INFO - Filling up the DagBag from /opt/airflow/dags/arquitectura_retail_completa.py
[2026-02-27T23:21:52.390+0000] {processor.py:840} INFO - DAG(s) 'arquitectura_retail_completa' retrieved from /opt/airflow/dags/arquitectura_retail_completa.py
[2026-02-27T23:21:52.443+0000] {logging_mixin.py:188} INFO - [2026-02-27T23:21:52.442+0000] {dag.py:3096} INFO - Sync 1 DAGs
[2026-02-27T23:21:52.476+0000] {logging_mixin.py:188} INFO - [2026-02-27T23:21:52.476+0000] {dag.py:3954} INFO - Setting next_dagrun for arquitectura_retail_completa to 2026-02-27 00:00:00+00:00, run_after=2026-02-28 00:00:00+00:00
[2026-02-27T23:21:52.514+0000] {processor.py:183} INFO - Processing /opt/airflow/dags/arquitectura_retail_completa.py took 0.190 seconds
[2026-02-27T23:22:23.085+0000] {processor.py:161} INFO - Started process (PID=232) to work on /opt/airflow/dags/arquitectura_retail_completa.py
[2026-02-27T23:22:23.088+0000] {processor.py:830} INFO - Processing file /opt/airflow/dags/arquitectura_retail_completa.py for tasks to queue
[2026-02-27T23:22:23.091+0000] {logging_mixin.py:188} INFO - [2026-02-27T23:22:23.090+0000] {dagbag.py:540} INFO - Filling up the DagBag from /opt/airflow/dags/arquitectura_retail_completa.py
[2026-02-27T23:22:23.141+0000] {processor.py:840} INFO - DAG(s) 'arquitectura_retail_completa' retrieved from /opt/airflow/dags/arquitectura_retail_completa.py
[2026-02-27T23:22:23.202+0000] {logging_mixin.py:188} INFO - [2026-02-27T23:22:23.201+0000] {dag.py:3096} INFO - Sync 1 DAGs
[2026-02-27T23:22:23.236+0000] {logging_mixin.py:188} INFO - [2026-02-27T23:22:23.236+0000] {dag.py:3954} INFO - Setting next_dagrun for arquitectura_retail_completa to 2026-02-27 00:00:00+00:00, run_after=2026-02-28 00:00:00+00:00
[2026-02-27T23:22:23.273+0000] {processor.py:183} INFO - Processing /opt/airflow/dags/arquitectura_retail_completa.py took 0.199 seconds
[2026-02-27T23:22:53.897+0000] {processor.py:161} INFO - Started process (PID=241) to work on /opt/airflow/dags/arquitectura_retail_completa.py
[2026-02-27T23:22:53.899+0000] {processor.py:830} INFO - Processing file /opt/airflow/dags/arquitectura_retail_completa.py for tasks to queue
[2026-02-27T23:22:53.901+0000] {logging_mixin.py:188} INFO - [2026-02-27T23:22:53.900+0000] {dagbag.py:540} INFO - Filling up the DagBag from /opt/airflow/dags/arquitectura_retail_completa.py
[2026-02-27T23:22:53.937+0000] {processor.py:840} INFO - DAG(s) 'arquitectura_retail_completa' retrieved from /opt/airflow/dags/arquitectura_retail_completa.py
[2026-02-27T23:22:53.986+0000] {logging_mixin.py:188} INFO - [2026-02-27T23:22:53.985+0000] {dag.py:3096} INFO - Sync 1 DAGs
[2026-02-27T23:22:54.021+0000] {logging_mixin.py:188} INFO - [2026-02-27T23:22:54.020+0000] {dag.py:3954} INFO - Setting next_dagrun for arquitectura_retail_completa to 2026-02-27 00:00:00+00:00, run_after=2026-02-28 00:00:00+00:00
[2026-02-27T23:22:54.053+0000] {processor.py:183} INFO - Processing /opt/airflow/dags/arquitectura_retail_completa.py took 0.167 seconds
[2026-02-27T23:23:24.564+0000] {processor.py:161} INFO - Started process (PID=250) to work on /opt/airflow/dags/arquitectura_retail_completa.py
[2026-02-27T23:23:24.565+0000] {processor.py:830} INFO - Processing file /opt/airflow/dags/arquitectura_retail_completa.py for tasks to queue
[2026-02-27T23:23:24.567+0000] {logging_mixin.py:188} INFO - [2026-02-27T23:23:24.567+0000] {dagbag.py:540} INFO - Filling up the DagBag from /opt/airflow/dags/arquitectura_retail_completa.py
[2026-02-27T23:23:24.604+0000] {processor.py:840} INFO - DAG(s) 'arquitectura_retail_completa' retrieved from /opt/airflow/dags/arquitectura_retail_completa.py
[2026-02-27T23:23:24.652+0000] {logging_mixin.py:188} INFO - [2026-02-27T23:23:24.651+0000] {dag.py:3096} INFO - Sync 1 DAGs
[2026-02-27T23:23:24.686+0000] {logging_mixin.py:188} INFO - [2026-02-27T23:23:24.685+0000] {dag.py:3954} INFO - Setting next_dagrun for arquitectura_retail_completa to 2026-02-27 00:00:00+00:00, run_after=2026-02-28 00:00:00+00:00
[2026-02-27T23:23:24.716+0000] {processor.py:183} INFO - Processing /opt/airflow/dags/arquitectura_retail_completa.py took 0.162 seconds
[2026-02-27T23:23:55.275+0000] {processor.py:161} INFO - Started process (PID=259) to work on /opt/airflow/dags/arquitectura_retail_completa.py
[2026-02-27T23:23:55.279+0000] {processor.py:830} INFO - Processing file /opt/airflow/dags/arquitectura_retail_completa.py for tasks to queue
[2026-02-27T23:23:55.282+0000] {logging_mixin.py:188} INFO - [2026-02-27T23:23:55.281+0000] {dagbag.py:540} INFO - Filling up the DagBag from /opt/airflow/dags/arquitectura_retail_completa.py
[2026-02-27T23:23:55.338+0000] {processor.py:840} INFO - DAG(s) 'arquitectura_retail_completa' retrieved from /opt/airflow/dags/arquitectura_retail_completa.py
[2026-02-27T23:23:55.429+0000] {logging_mixin.py:188} INFO - [2026-02-27T23:23:55.428+0000] {dag.py:3096} INFO - Sync 1 DAGs
[2026-02-27T23:23:55.519+0000] {logging_mixin.py:188} INFO - [2026-02-27T23:23:55.518+0000] {dag.py:3954} INFO - Setting next_dagrun for arquitectura_retail_completa to 2026-02-27 00:00:00+00:00, run_after=2026-02-28 00:00:00+00:00
[2026-02-27T23:23:55.594+0000] {processor.py:183} INFO - Processing /opt/airflow/dags/arquitectura_retail_completa.py took 0.335 seconds
[2026-02-27T23:24:26.079+0000] {processor.py:161} INFO - Started process (PID=268) to work on /opt/airflow/dags/arquitectura_retail_completa.py
[2026-02-27T23:24:26.081+0000] {processor.py:830} INFO - Processing file /opt/airflow/dags/arquitectura_retail_completa.py for tasks to queue
[2026-02-27T23:24:26.082+0000] {logging_mixin.py:188} INFO - [2026-02-27T23:24:26.081+0000] {dagbag.py:540} INFO - Filling up the DagBag from /opt/airflow/dags/arquitectura_retail_completa.py
[2026-02-27T23:24:26.123+0000] {processor.py:840} INFO - DAG(s) 'arquitectura_retail_completa' retrieved from /opt/airflow/dags/arquitectura_retail_completa.py
[2026-02-27T23:24:26.168+0000] {logging_mixin.py:188} INFO - [2026-02-27T23:24:26.168+0000] {dag.py:3096} INFO - Sync 1 DAGs
[2026-02-27T23:24:26.201+0000] {logging_mixin.py:188} INFO - [2026-02-27T23:24:26.200+0000] {dag.py:3954} INFO - Setting next_dagrun for arquitectura_retail_completa to 2026-02-27 00:00:00+00:00, run_after=2026-02-28 00:00:00+00:00
[2026-02-27T23:24:26.233+0000] {processor.py:183} INFO - Processing /opt/airflow/dags/arquitectura_retail_completa.py took 0.164 seconds
[2026-02-27T23:24:56.991+0000] {processor.py:161} INFO - Started process (PID=277) to work on /opt/airflow/dags/arquitectura_retail_completa.py
[2026-02-27T23:24:56.993+0000] {processor.py:830} INFO - Processing file /opt/airflow/dags/arquitectura_retail_completa.py for tasks to queue
[2026-02-27T23:24:56.995+0000] {logging_mixin.py:188} INFO - [2026-02-27T23:24:56.995+0000] {dagbag.py:540} INFO - Filling up the DagBag from /opt/airflow/dags/arquitectura_retail_completa.py
[2026-02-27T23:24:57.051+0000] {processor.py:840} INFO - DAG(s) 'arquitectura_retail_completa' retrieved from /opt/airflow/dags/arquitectura_retail_completa.py
[2026-02-27T23:24:57.110+0000] {logging_mixin.py:188} INFO - [2026-02-27T23:24:57.110+0000] {dag.py:3096} INFO - Sync 1 DAGs
[2026-02-27T23:24:57.152+0000] {logging_mixin.py:188} INFO - [2026-02-27T23:24:57.151+0000] {dag.py:3954} INFO - Setting next_dagrun for arquitectura_retail_completa to 2026-02-27 00:00:00+00:00, run_after=2026-02-28 00:00:00+00:00
[2026-02-27T23:24:57.197+0000] {processor.py:183} INFO - Processing /opt/airflow/dags/arquitectura_retail_completa.py took 0.216 seconds
[2026-02-27T23:25:28.197+0000] {processor.py:161} INFO - Started process (PID=286) to work on /opt/airflow/dags/arquitectura_retail_completa.py
[2026-02-27T23:25:28.200+0000] {processor.py:830} INFO - Processing file /opt/airflow/dags/arquitectura_retail_completa.py for tasks to queue
[2026-02-27T23:25:28.202+0000] {logging_mixin.py:188} INFO - [2026-02-27T23:25:28.201+0000] {dagbag.py:540} INFO - Filling up the DagBag from /opt/airflow/dags/arquitectura_retail_completa.py
[2026-02-27T23:25:28.251+0000] {processor.py:840} INFO - DAG(s) 'arquitectura_retail_completa' retrieved from /opt/airflow/dags/arquitectura_retail_completa.py
[2026-02-27T23:25:28.302+0000] {logging_mixin.py:188} INFO - [2026-02-27T23:25:28.301+0000] {dag.py:3096} INFO - Sync 1 DAGs
[2026-02-27T23:25:28.337+0000] {logging_mixin.py:188} INFO - [2026-02-27T23:25:28.337+0000] {dag.py:3954} INFO - Setting next_dagrun for arquitectura_retail_completa to 2026-02-27 00:00:00+00:00, run_after=2026-02-28 00:00:00+00:00
[2026-02-27T23:25:28.374+0000] {processor.py:183} INFO - Processing /opt/airflow/dags/arquitectura_retail_completa.py took 0.188 seconds
[2026-02-27T23:25:58.788+0000] {processor.py:161} INFO - Started process (PID=295) to work on /opt/airflow/dags/arquitectura_retail_completa.py
[2026-02-27T23:25:58.790+0000] {processor.py:830} INFO - Processing file /opt/airflow/dags/arquitectura_retail_completa.py for tasks to queue
[2026-02-27T23:25:58.791+0000] {logging_mixin.py:188} INFO - [2026-02-27T23:25:58.791+0000] {dagbag.py:540} INFO - Filling up the DagBag from /opt/airflow/dags/arquitectura_retail_completa.py
[2026-02-27T23:25:58.831+0000] {processor.py:840} INFO - DAG(s) 'arquitectura_retail_completa' retrieved from /opt/airflow/dags/arquitectura_retail_completa.py
[2026-02-27T23:25:58.879+0000] {logging_mixin.py:188} INFO - [2026-02-27T23:25:58.879+0000] {dag.py:3096} INFO - Sync 1 DAGs
[2026-02-27T23:25:58.912+0000] {logging_mixin.py:188} INFO - [2026-02-27T23:25:58.911+0000] {dag.py:3954} INFO - Setting next_dagrun for arquitectura_retail_completa to 2026-02-27 00:00:00+00:00, run_after=2026-02-28 00:00:00+00:00
[2026-02-27T23:25:58.945+0000] {processor.py:183} INFO - Processing /opt/airflow/dags/arquitectura_retail_completa.py took 0.167 seconds
[2026-02-27T23:26:29.761+0000] {processor.py:161} INFO - Started process (PID=304) to work on /opt/airflow/dags/arquitectura_retail_completa.py
[2026-02-27T23:26:29.763+0000] {processor.py:830} INFO - Processing file /opt/airflow/dags/arquitectura_retail_completa.py for tasks to queue
[2026-02-27T23:26:29.765+0000] {logging_mixin.py:188} INFO - [2026-02-27T23:26:29.764+0000] {dagbag.py:540} INFO - Filling up the DagBag from /opt/airflow/dags/arquitectura_retail_completa.py
[2026-02-27T23:26:29.805+0000] {processor.py:840} INFO - DAG(s) 'arquitectura_retail_completa' retrieved from /opt/airflow/dags/arquitectura_retail_completa.py
[2026-02-27T23:26:29.857+0000] {logging_mixin.py:188} INFO - [2026-02-27T23:26:29.856+0000] {dag.py:3096} INFO - Sync 1 DAGs
[2026-02-27T23:26:29.891+0000] {logging_mixin.py:188} INFO - [2026-02-27T23:26:29.891+0000] {dag.py:3954} INFO - Setting next_dagrun for arquitectura_retail_completa to 2026-02-27 00:00:00+00:00, run_after=2026-02-28 00:00:00+00:00
[2026-02-27T23:26:29.932+0000] {processor.py:183} INFO - Processing /opt/airflow/dags/arquitectura_retail_completa.py took 0.180 seconds
[2026-02-27T23:27:00.377+0000] {processor.py:161} INFO - Started process (PID=314) to work on /opt/airflow/dags/arquitectura_retail_completa.py
[2026-02-27T23:27:00.379+0000] {processor.py:830} INFO - Processing file /opt/airflow/dags/arquitectura_retail_completa.py for tasks to queue
[2026-02-27T23:27:00.380+0000] {logging_mixin.py:188} INFO - [2026-02-27T23:27:00.380+0000] {dagbag.py:540} INFO - Filling up the DagBag from /opt/airflow/dags/arquitectura_retail_completa.py
[2026-02-27T23:27:00.423+0000] {processor.py:840} INFO - DAG(s) 'arquitectura_retail_completa' retrieved from /opt/airflow/dags/arquitectura_retail_completa.py
[2026-02-27T23:27:00.477+0000] {logging_mixin.py:188} INFO - [2026-02-27T23:27:00.477+0000] {dag.py:3096} INFO - Sync 1 DAGs
[2026-02-27T23:27:00.513+0000] {logging_mixin.py:188} INFO - [2026-02-27T23:27:00.513+0000] {dag.py:3954} INFO - Setting next_dagrun for arquitectura_retail_completa to 2026-02-27 00:00:00+00:00, run_after=2026-02-28 00:00:00+00:00
[2026-02-27T23:27:00.556+0000] {processor.py:183} INFO - Processing /opt/airflow/dags/arquitectura_retail_completa.py took 0.189 seconds
[2026-02-27T23:27:31.392+0000] {processor.py:161} INFO - Started process (PID=323) to work on /opt/airflow/dags/arquitectura_retail_completa.py
[2026-02-27T23:27:31.394+0000] {processor.py:830} INFO - Processing file /opt/airflow/dags/arquitectura_retail_completa.py for tasks to queue
[2026-02-27T23:27:31.397+0000] {logging_mixin.py:188} INFO - [2026-02-27T23:27:31.396+0000] {dagbag.py:540} INFO - Filling up the DagBag from /opt/airflow/dags/arquitectura_retail_completa.py
[2026-02-27T23:27:31.457+0000] {processor.py:840} INFO - DAG(s) 'arquitectura_retail_completa' retrieved from /opt/airflow/dags/arquitectura_retail_completa.py
[2026-02-27T23:27:31.524+0000] {logging_mixin.py:188} INFO - [2026-02-27T23:27:31.524+0000] {dag.py:3096} INFO - Sync 1 DAGs
[2026-02-27T23:27:31.564+0000] {logging_mixin.py:188} INFO - [2026-02-27T23:27:31.564+0000] {dag.py:3954} INFO - Setting next_dagrun for arquitectura_retail_completa to 2026-02-27 00:00:00+00:00, run_after=2026-02-28 00:00:00+00:00
[2026-02-27T23:27:31.606+0000] {processor.py:183} INFO - Processing /opt/airflow/dags/arquitectura_retail_completa.py took 0.228 seconds
[2026-02-27T23:28:02.470+0000] {processor.py:161} INFO - Started process (PID=332) to work on /opt/airflow/dags/arquitectura_retail_completa.py
[2026-02-27T23:28:02.472+0000] {processor.py:830} INFO - Processing file /opt/airflow/dags/arquitectura_retail_completa.py for tasks to queue
[2026-02-27T23:28:02.473+0000] {logging_mixin.py:188} INFO - [2026-02-27T23:28:02.473+0000] {dagbag.py:540} INFO - Filling up the DagBag from /opt/airflow/dags/arquitectura_retail_completa.py
[2026-02-27T23:28:02.515+0000] {processor.py:840} INFO - DAG(s) 'arquitectura_retail_completa' retrieved from /opt/airflow/dags/arquitectura_retail_completa.py
[2026-02-27T23:28:02.570+0000] {logging_mixin.py:188} INFO - [2026-02-27T23:28:02.569+0000] {dag.py:3096} INFO - Sync 1 DAGs
[2026-02-27T23:28:02.603+0000] {logging_mixin.py:188} INFO - [2026-02-27T23:28:02.603+0000] {dag.py:3954} INFO - Setting next_dagrun for arquitectura_retail_completa to 2026-02-27 00:00:00+00:00, run_after=2026-02-28 00:00:00+00:00
[2026-02-27T23:28:02.647+0000] {processor.py:183} INFO - Processing /opt/airflow/dags/arquitectura_retail_completa.py took 0.186 seconds
[2026-02-27T23:28:33.399+0000] {processor.py:161} INFO - Started process (PID=341) to work on /opt/airflow/dags/arquitectura_retail_completa.py
[2026-02-27T23:28:33.401+0000] {processor.py:830} INFO - Processing file /opt/airflow/dags/arquitectura_retail_completa.py for tasks to queue
[2026-02-27T23:28:33.402+0000] {logging_mixin.py:188} INFO - [2026-02-27T23:28:33.402+0000] {dagbag.py:540} INFO - Filling up the DagBag from /opt/airflow/dags/arquitectura_retail_completa.py
[2026-02-27T23:28:33.431+0000] {processor.py:840} INFO - DAG(s) 'arquitectura_retail_completa' retrieved from /opt/airflow/dags/arquitectura_retail_completa.py
[2026-02-27T23:28:33.473+0000] {logging_mixin.py:188} INFO - [2026-02-27T23:28:33.473+0000] {dag.py:3096} INFO - Sync 1 DAGs
[2026-02-27T23:28:33.504+0000] {logging_mixin.py:188} INFO - [2026-02-27T23:28:33.504+0000] {dag.py:3954} INFO - Setting next_dagrun for arquitectura_retail_completa to 2026-02-27 00:00:00+00:00, run_after=2026-02-28 00:00:00+00:00
[2026-02-27T23:28:33.532+0000] {processor.py:183} INFO - Processing /opt/airflow/dags/arquitectura_retail_completa.py took 0.142 seconds
[2026-02-27T23:29:04.082+0000] {processor.py:161} INFO - Started process (PID=350) to work on /opt/airflow/dags/arquitectura_retail_completa.py
[2026-02-27T23:29:04.085+0000] {processor.py:830} INFO - Processing file /opt/airflow/dags/arquitectura_retail_completa.py for tasks to queue
[2026-02-27T23:29:04.088+0000] {logging_mixin.py:188} INFO - [2026-02-27T23:29:04.087+0000] {dagbag.py:540} INFO - Filling up the DagBag from /opt/airflow/dags/arquitectura_retail_completa.py
[2026-02-27T23:29:04.134+0000] {processor.py:840} INFO - DAG(s) 'arquitectura_retail_completa' retrieved from /opt/airflow/dags/arquitectura_retail_completa.py
[2026-02-27T23:29:04.192+0000] {logging_mixin.py:188} INFO - [2026-02-27T23:29:04.192+0000] {dag.py:3096} INFO - Sync 1 DAGs
[2026-02-27T23:29:04.225+0000] {logging_mixin.py:188} INFO - [2026-02-27T23:29:04.224+0000] {dag.py:3954} INFO - Setting next_dagrun for arquitectura_retail_completa to 2026-02-27 00:00:00+00:00, run_after=2026-02-28 00:00:00+00:00
[2026-02-27T23:29:04.257+0000] {processor.py:183} INFO - Processing /opt/airflow/dags/arquitectura_retail_completa.py took 0.189 seconds
[2026-02-27T23:29:34.888+0000] {processor.py:161} INFO - Started process (PID=359) to work on /opt/airflow/dags/arquitectura_retail_completa.py
[2026-02-27T23:29:34.890+0000] {processor.py:830} INFO - Processing file /opt/airflow/dags/arquitectura_retail_completa.py for tasks to queue
[2026-02-27T23:29:34.891+0000] {logging_mixin.py:188} INFO - [2026-02-27T23:29:34.891+0000] {dagbag.py:540} INFO - Filling up the DagBag from /opt/airflow/dags/arquitectura_retail_completa.py
[2026-02-27T23:29:34.937+0000] {processor.py:840} INFO - DAG(s) 'arquitectura_retail_completa' retrieved from /opt/airflow/dags/arquitectura_retail_completa.py
[2026-02-27T23:29:34.987+0000] {logging_mixin.py:188} INFO - [2026-02-27T23:29:34.987+0000] {dag.py:3096} INFO - Sync 1 DAGs
[2026-02-27T23:29:35.029+0000] {logging_mixin.py:188} INFO - [2026-02-27T23:29:35.028+0000] {dag.py:3954} INFO - Setting next_dagrun for arquitectura_retail_completa to 2026-02-27 00:00:00+00:00, run_after=2026-02-28 00:00:00+00:00
[2026-02-27T23:29:35.072+0000] {processor.py:183} INFO - Processing /opt/airflow/dags/arquitectura_retail_completa.py took 0.197 seconds
[2026-02-27T23:30:05.848+0000] {processor.py:161} INFO - Started process (PID=368) to work on /opt/airflow/dags/arquitectura_retail_completa.py
[2026-02-27T23:30:05.851+0000] {processor.py:830} INFO - Processing file /opt/airflow/dags/arquitectura_retail_completa.py for tasks to queue
[2026-02-27T23:30:05.853+0000] {logging_mixin.py:188} INFO - [2026-02-27T23:30:05.852+0000] {dagbag.py:540} INFO - Filling up the DagBag from /opt/airflow/dags/arquitectura_retail_completa.py
[2026-02-27T23:30:05.905+0000] {processor.py:840} INFO - DAG(s) 'arquitectura_retail_completa' retrieved from /opt/airflow/dags/arquitectura_retail_completa.py
[2026-02-27T23:30:05.954+0000] {logging_mixin.py:188} INFO - [2026-02-27T23:30:05.954+0000] {dag.py:3096} INFO - Sync 1 DAGs
[2026-02-27T23:30:05.985+0000] {logging_mixin.py:188} INFO - [2026-02-27T23:30:05.984+0000] {dag.py:3954} INFO - Setting next_dagrun for arquitectura_retail_completa to 2026-02-27 00:00:00+00:00, run_after=2026-02-28 00:00:00+00:00
[2026-02-27T23:30:06.012+0000] {processor.py:183} INFO - Processing /opt/airflow/dags/arquitectura_retail_completa.py took 0.175 seconds
[2026-02-27T23:30:36.674+0000] {processor.py:161} INFO - Started process (PID=377) to work on /opt/airflow/dags/arquitectura_retail_completa.py
[2026-02-27T23:30:36.676+0000] {processor.py:830} INFO - Processing file /opt/airflow/dags/arquitectura_retail_completa.py for tasks to queue
[2026-02-27T23:30:36.678+0000] {logging_mixin.py:188} INFO - [2026-02-27T23:30:36.677+0000] {dagbag.py:540} INFO - Filling up the DagBag from /opt/airflow/dags/arquitectura_retail_completa.py
[2026-02-27T23:30:36.734+0000] {processor.py:840} INFO - DAG(s) 'arquitectura_retail_completa' retrieved from /opt/airflow/dags/arquitectura_retail_completa.py
[2026-02-27T23:30:36.784+0000] {logging_mixin.py:188} INFO - [2026-02-27T23:30:36.784+0000] {dag.py:3096} INFO - Sync 1 DAGs
[2026-02-27T23:30:36.821+0000] {logging_mixin.py:188} INFO - [2026-02-27T23:30:36.821+0000] {dag.py:3954} INFO - Setting next_dagrun for arquitectura_retail_completa to 2026-02-27 00:00:00+00:00, run_after=2026-02-28 00:00:00+00:00
[2026-02-27T23:30:36.853+0000] {processor.py:183} INFO - Processing /opt/airflow/dags/arquitectura_retail_completa.py took 0.188 seconds
[2026-02-27T23:31:07.309+0000] {processor.py:161} INFO - Started process (PID=386) to work on /opt/airflow/dags/arquitectura_retail_completa.py
[2026-02-27T23:31:07.311+0000] {processor.py:830} INFO - Processing file /opt/airflow/dags/arquitectura_retail_completa.py for tasks to queue
[2026-02-27T23:31:07.312+0000] {logging_mixin.py:188} INFO - [2026-02-27T23:31:07.312+0000] {dagbag.py:540} INFO - Filling up the DagBag from /opt/airflow/dags/arquitectura_retail_completa.py
[2026-02-27T23:31:07.353+0000] {processor.py:840} INFO - DAG(s) 'arquitectura_retail_completa' retrieved from /opt/airflow/dags/arquitectura_retail_completa.py
[2026-02-27T23:31:07.415+0000] {logging_mixin.py:188} INFO - [2026-02-27T23:31:07.414+0000] {dag.py:3096} INFO - Sync 1 DAGs
[2026-02-27T23:31:07.460+0000] {logging_mixin.py:188} INFO - [2026-02-27T23:31:07.460+0000] {dag.py:3954} INFO - Setting next_dagrun for arquitectura_retail_completa to 2026-02-27 00:00:00+00:00, run_after=2026-02-28 00:00:00+00:00
[2026-02-27T23:31:07.505+0000] {processor.py:183} INFO - Processing /opt/airflow/dags/arquitectura_retail_completa.py took 0.206 seconds
[2026-02-27T23:31:38.441+0000] {processor.py:161} INFO - Started process (PID=395) to work on /opt/airflow/dags/arquitectura_retail_completa.py
[2026-02-27T23:31:38.443+0000] {processor.py:830} INFO - Processing file /opt/airflow/dags/arquitectura_retail_completa.py for tasks to queue
[2026-02-27T23:31:38.444+0000] {logging_mixin.py:188} INFO - [2026-02-27T23:31:38.444+0000] {dagbag.py:540} INFO - Filling up the DagBag from /opt/airflow/dags/arquitectura_retail_completa.py
[2026-02-27T23:31:38.490+0000] {processor.py:840} INFO - DAG(s) 'arquitectura_retail_completa' retrieved from /opt/airflow/dags/arquitectura_retail_completa.py
[2026-02-27T23:31:38.540+0000] {logging_mixin.py:188} INFO - [2026-02-27T23:31:38.540+0000] {dag.py:3096} INFO - Sync 1 DAGs
[2026-02-27T23:31:38.573+0000] {logging_mixin.py:188} INFO - [2026-02-27T23:31:38.573+0000] {dag.py:3954} INFO - Setting next_dagrun for arquitectura_retail_completa to 2026-02-27 00:00:00+00:00, run_after=2026-02-28 00:00:00+00:00
[2026-02-27T23:31:38.600+0000] {processor.py:183} INFO - Processing /opt/airflow/dags/arquitectura_retail_completa.py took 0.170 seconds
[2026-02-27T23:32:10.142+0000] {processor.py:161} INFO - Started process (PID=404) to work on /opt/airflow/dags/arquitectura_retail_completa.py
[2026-02-27T23:32:10.145+0000] {processor.py:830} INFO - Processing file /opt/airflow/dags/arquitectura_retail_completa.py for tasks to queue
[2026-02-27T23:32:10.147+0000] {logging_mixin.py:188} INFO - [2026-02-27T23:32:10.147+0000] {dagbag.py:540} INFO - Filling up the DagBag from /opt/airflow/dags/arquitectura_retail_completa.py
[2026-02-27T23:32:10.248+0000] {processor.py:840} INFO - DAG(s) 'arquitectura_retail_completa' retrieved from /opt/airflow/dags/arquitectura_retail_completa.py
[2026-02-27T23:32:10.296+0000] {logging_mixin.py:188} INFO - [2026-02-27T23:32:10.296+0000] {dag.py:3096} INFO - Sync 1 DAGs
[2026-02-27T23:32:10.328+0000] {logging_mixin.py:188} INFO - [2026-02-27T23:32:10.328+0000] {dag.py:3954} INFO - Setting next_dagrun for arquitectura_retail_completa to 2026-02-27 00:00:00+00:00, run_after=2026-02-28 00:00:00+00:00
[2026-02-27T23:32:10.372+0000] {processor.py:183} INFO - Processing /opt/airflow/dags/arquitectura_retail_completa.py took 0.241 seconds
[2026-02-27T23:32:41.197+0000] {processor.py:161} INFO - Started process (PID=413) to work on /opt/airflow/dags/arquitectura_retail_completa.py
[2026-02-27T23:32:41.201+0000] {processor.py:830} INFO - Processing file /opt/airflow/dags/arquitectura_retail_completa.py for tasks to queue
[2026-02-27T23:32:41.203+0000] {logging_mixin.py:188} INFO - [2026-02-27T23:32:41.202+0000] {dagbag.py:540} INFO - Filling up the DagBag from /opt/airflow/dags/arquitectura_retail_completa.py
[2026-02-27T23:32:41.251+0000] {processor.py:840} INFO - DAG(s) 'arquitectura_retail_completa' retrieved from /opt/airflow/dags/arquitectura_retail_completa.py
[2026-02-27T23:32:41.302+0000] {logging_mixin.py:188} INFO - [2026-02-27T23:32:41.302+0000] {dag.py:3096} INFO - Sync 1 DAGs
[2026-02-27T23:32:41.345+0000] {logging_mixin.py:188} INFO - [2026-02-27T23:32:41.344+0000] {dag.py:3954} INFO - Setting next_dagrun for arquitectura_retail_completa to 2026-02-27 00:00:00+00:00, run_after=2026-02-28 00:00:00+00:00
[2026-02-27T23:32:41.382+0000] {processor.py:183} INFO - Processing /opt/airflow/dags/arquitectura_retail_completa.py took 0.200 seconds
[2026-02-27T23:33:11.881+0000] {processor.py:161} INFO - Started process (PID=423) to work on /opt/airflow/dags/arquitectura_retail_completa.py
[2026-02-27T23:33:11.883+0000] {processor.py:830} INFO - Processing file /opt/airflow/dags/arquitectura_retail_completa.py for tasks to queue
[2026-02-27T23:33:11.885+0000] {logging_mixin.py:188} INFO - [2026-02-27T23:33:11.884+0000] {dagbag.py:540} INFO - Filling up the DagBag from /opt/airflow/dags/arquitectura_retail_completa.py
[2026-02-27T23:33:11.929+0000] {processor.py:840} INFO - DAG(s) 'arquitectura_retail_completa' retrieved from /opt/airflow/dags/arquitectura_retail_completa.py
[2026-02-27T23:33:11.977+0000] {logging_mixin.py:188} INFO - [2026-02-27T23:33:11.977+0000] {dag.py:3096} INFO - Sync 1 DAGs
[2026-02-27T23:33:12.009+0000] {logging_mixin.py:188} INFO - [2026-02-27T23:33:12.008+0000] {dag.py:3954} INFO - Setting next_dagrun for arquitectura_retail_completa to 2026-02-27 00:00:00+00:00, run_after=2026-02-28 00:00:00+00:00
[2026-02-27T23:33:12.043+0000] {processor.py:183} INFO - Processing /opt/airflow/dags/arquitectura_retail_completa.py took 0.172 seconds
[2026-02-27T23:33:42.381+0000] {processor.py:161} INFO - Started process (PID=431) to work on /opt/airflow/dags/arquitectura_retail_completa.py
[2026-02-27T23:33:42.382+0000] {processor.py:830} INFO - Processing file /opt/airflow/dags/arquitectura_retail_completa.py for tasks to queue
[2026-02-27T23:33:42.384+0000] {logging_mixin.py:188} INFO - [2026-02-27T23:33:42.383+0000] {dagbag.py:540} INFO - Filling up the DagBag from /opt/airflow/dags/arquitectura_retail_completa.py
[2026-02-27T23:33:42.417+0000] {processor.py:840} INFO - DAG(s) 'arquitectura_retail_completa' retrieved from /opt/airflow/dags/arquitectura_retail_completa.py
[2026-02-27T23:33:42.457+0000] {logging_mixin.py:188} INFO - [2026-02-27T23:33:42.456+0000] {dag.py:3096} INFO - Sync 1 DAGs
[2026-02-27T23:33:42.485+0000] {logging_mixin.py:188} INFO - [2026-02-27T23:33:42.485+0000] {dag.py:3954} INFO - Setting next_dagrun for arquitectura_retail_completa to 2026-02-27 00:00:00+00:00, run_after=2026-02-28 00:00:00+00:00
[2026-02-27T23:33:42.519+0000] {processor.py:183} INFO - Processing /opt/airflow/dags/arquitectura_retail_completa.py took 0.146 seconds
[2026-02-27T23:34:13.024+0000] {processor.py:161} INFO - Started process (PID=440) to work on /opt/airflow/dags/arquitectura_retail_completa.py
[2026-02-27T23:34:13.026+0000] {processor.py:830} INFO - Processing file /opt/airflow/dags/arquitectura_retail_completa.py for tasks to queue
[2026-02-27T23:34:13.027+0000] {logging_mixin.py:188} INFO - [2026-02-27T23:34:13.027+0000] {dagbag.py:540} INFO - Filling up the DagBag from /opt/airflow/dags/arquitectura_retail_completa.py
[2026-02-27T23:34:13.060+0000] {processor.py:840} INFO - DAG(s) 'arquitectura_retail_completa' retrieved from /opt/airflow/dags/arquitectura_retail_completa.py
[2026-02-27T23:34:13.097+0000] {logging_mixin.py:188} INFO - [2026-02-27T23:34:13.097+0000] {dag.py:3096} INFO - Sync 1 DAGs
[2026-02-27T23:34:13.123+0000] {logging_mixin.py:188} INFO - [2026-02-27T23:34:13.122+0000] {dag.py:3954} INFO - Setting next_dagrun for arquitectura_retail_completa to 2026-02-27 00:00:00+00:00, run_after=2026-02-28 00:00:00+00:00
[2026-02-27T23:34:13.147+0000] {processor.py:183} INFO - Processing /opt/airflow/dags/arquitectura_retail_completa.py took 0.130 seconds
[2026-02-27T23:34:43.583+0000] {processor.py:161} INFO - Started process (PID=449) to work on /opt/airflow/dags/arquitectura_retail_completa.py
[2026-02-27T23:34:43.585+0000] {processor.py:830} INFO - Processing file /opt/airflow/dags/arquitectura_retail_completa.py for tasks to queue
[2026-02-27T23:34:43.588+0000] {logging_mixin.py:188} INFO - [2026-02-27T23:34:43.587+0000] {dagbag.py:540} INFO - Filling up the DagBag from /opt/airflow/dags/arquitectura_retail_completa.py
[2026-02-27T23:34:43.630+0000] {processor.py:840} INFO - DAG(s) 'arquitectura_retail_completa' retrieved from /opt/airflow/dags/arquitectura_retail_completa.py
[2026-02-27T23:34:43.683+0000] {logging_mixin.py:188} INFO - [2026-02-27T23:34:43.683+0000] {dag.py:3096} INFO - Sync 1 DAGs
[2026-02-27T23:34:43.718+0000] {logging_mixin.py:188} INFO - [2026-02-27T23:34:43.718+0000] {dag.py:3954} INFO - Setting next_dagrun for arquitectura_retail_completa to 2026-02-27 00:00:00+00:00, run_after=2026-02-28 00:00:00+00:00
[2026-02-27T23:34:43.752+0000] {processor.py:183} INFO - Processing /opt/airflow/dags/arquitectura_retail_completa.py took 0.180 seconds
[2026-02-27T23:35:14.176+0000] {processor.py:161} INFO - Started process (PID=458) to work on /opt/airflow/dags/arquitectura_retail_completa.py
[2026-02-27T23:35:14.178+0000] {processor.py:830} INFO - Processing file /opt/airflow/dags/arquitectura_retail_completa.py for tasks to queue
[2026-02-27T23:35:14.179+0000] {logging_mixin.py:188} INFO - [2026-02-27T23:35:14.179+0000] {dagbag.py:540} INFO - Filling up the DagBag from /opt/airflow/dags/arquitectura_retail_completa.py
[2026-02-27T23:35:14.232+0000] {processor.py:840} INFO - DAG(s) 'arquitectura_retail_completa' retrieved from /opt/airflow/dags/arquitectura_retail_completa.py
[2026-02-27T23:35:14.296+0000] {logging_mixin.py:188} INFO - [2026-02-27T23:35:14.295+0000] {dag.py:3096} INFO - Sync 1 DAGs
[2026-02-27T23:35:14.331+0000] {logging_mixin.py:188} INFO - [2026-02-27T23:35:14.331+0000] {dag.py:3954} INFO - Setting next_dagrun for arquitectura_retail_completa to 2026-02-27 00:00:00+00:00, run_after=2026-02-28 00:00:00+00:00
[2026-02-27T23:35:14.372+0000] {processor.py:183} INFO - Processing /opt/airflow/dags/arquitectura_retail_completa.py took 0.204 seconds
[2026-02-27T23:35:45.110+0000] {processor.py:161} INFO - Started process (PID=467) to work on /opt/airflow/dags/arquitectura_retail_completa.py
[2026-02-27T23:35:45.112+0000] {processor.py:830} INFO - Processing file /opt/airflow/dags/arquitectura_retail_completa.py for tasks to queue
[2026-02-27T23:35:45.113+0000] {logging_mixin.py:188} INFO - [2026-02-27T23:35:45.113+0000] {dagbag.py:540} INFO - Filling up the DagBag from /opt/airflow/dags/arquitectura_retail_completa.py
[2026-02-27T23:35:45.151+0000] {processor.py:840} INFO - DAG(s) 'arquitectura_retail_completa' retrieved from /opt/airflow/dags/arquitectura_retail_completa.py
[2026-02-27T23:35:45.191+0000] {logging_mixin.py:188} INFO - [2026-02-27T23:35:45.190+0000] {dag.py:3096} INFO - Sync 1 DAGs
[2026-02-27T23:35:45.220+0000] {logging_mixin.py:188} INFO - [2026-02-27T23:35:45.219+0000] {dag.py:3954} INFO - Setting next_dagrun for arquitectura_retail_completa to 2026-02-27 00:00:00+00:00, run_after=2026-02-28 00:00:00+00:00
[2026-02-27T23:35:45.250+0000] {processor.py:183} INFO - Processing /opt/airflow/dags/arquitectura_retail_completa.py took 0.149 seconds
[2026-02-27T23:36:15.847+0000] {processor.py:161} INFO - Started process (PID=477) to work on /opt/airflow/dags/arquitectura_retail_completa.py
[2026-02-27T23:36:15.851+0000] {processor.py:830} INFO - Processing file /opt/airflow/dags/arquitectura_retail_completa.py for tasks to queue
[2026-02-27T23:36:15.855+0000] {logging_mixin.py:188} INFO - [2026-02-27T23:36:15.853+0000] {dagbag.py:540} INFO - Filling up the DagBag from /opt/airflow/dags/arquitectura_retail_completa.py
[2026-02-27T23:36:15.930+0000] {processor.py:840} INFO - DAG(s) 'arquitectura_retail_completa' retrieved from /opt/airflow/dags/arquitectura_retail_completa.py
[2026-02-27T23:36:16.030+0000] {logging_mixin.py:188} INFO - [2026-02-27T23:36:16.029+0000] {dag.py:3096} INFO - Sync 1 DAGs
[2026-02-27T23:36:16.087+0000] {logging_mixin.py:188} INFO - [2026-02-27T23:36:16.086+0000] {dag.py:3954} INFO - Setting next_dagrun for arquitectura_retail_completa to 2026-02-27 00:00:00+00:00, run_after=2026-02-28 00:00:00+00:00
[2026-02-27T23:36:16.133+0000] {processor.py:183} INFO - Processing /opt/airflow/dags/arquitectura_retail_completa.py took 0.305 seconds
[2026-02-27T23:36:46.827+0000] {processor.py:161} INFO - Started process (PID=485) to work on /opt/airflow/dags/arquitectura_retail_completa.py
[2026-02-27T23:36:46.829+0000] {processor.py:830} INFO - Processing file /opt/airflow/dags/arquitectura_retail_completa.py for tasks to queue
[2026-02-27T23:36:46.830+0000] {logging_mixin.py:188} INFO - [2026-02-27T23:36:46.830+0000] {dagbag.py:540} INFO - Filling up the DagBag from /opt/airflow/dags/arquitectura_retail_completa.py
[2026-02-27T23:36:46.867+0000] {processor.py:840} INFO - DAG(s) 'arquitectura_retail_completa' retrieved from /opt/airflow/dags/arquitectura_retail_completa.py
[2026-02-27T23:36:46.904+0000] {logging_mixin.py:188} INFO - [2026-02-27T23:36:46.904+0000] {dag.py:3096} INFO - Sync 1 DAGs
[2026-02-27T23:36:46.930+0000] {logging_mixin.py:188} INFO - [2026-02-27T23:36:46.930+0000] {dag.py:3954} INFO - Setting next_dagrun for arquitectura_retail_completa to 2026-02-27 00:00:00+00:00, run_after=2026-02-28 00:00:00+00:00
[2026-02-27T23:36:46.967+0000] {processor.py:183} INFO - Processing /opt/airflow/dags/arquitectura_retail_completa.py took 0.148 seconds
[2026-02-27T23:37:17.306+0000] {processor.py:161} INFO - Started process (PID=494) to work on /opt/airflow/dags/arquitectura_retail_completa.py
[2026-02-27T23:37:17.307+0000] {processor.py:830} INFO - Processing file /opt/airflow/dags/arquitectura_retail_completa.py for tasks to queue
[2026-02-27T23:37:17.308+0000] {logging_mixin.py:188} INFO - [2026-02-27T23:37:17.308+0000] {dagbag.py:540} INFO - Filling up the DagBag from /opt/airflow/dags/arquitectura_retail_completa.py
[2026-02-27T23:37:17.349+0000] {processor.py:840} INFO - DAG(s) 'arquitectura_retail_completa' retrieved from /opt/airflow/dags/arquitectura_retail_completa.py
[2026-02-27T23:37:17.388+0000] {logging_mixin.py:188} INFO - [2026-02-27T23:37:17.388+0000] {dag.py:3096} INFO - Sync 1 DAGs
[2026-02-27T23:37:17.414+0000] {logging_mixin.py:188} INFO - [2026-02-27T23:37:17.413+0000] {dag.py:3954} INFO - Setting next_dagrun for arquitectura_retail_completa to 2026-02-27 00:00:00+00:00, run_after=2026-02-28 00:00:00+00:00
[2026-02-27T23:37:17.437+0000] {processor.py:183} INFO - Processing /opt/airflow/dags/arquitectura_retail_completa.py took 0.138 seconds
[2026-02-27T23:37:47.830+0000] {processor.py:161} INFO - Started process (PID=503) to work on /opt/airflow/dags/arquitectura_retail_completa.py
[2026-02-27T23:37:47.831+0000] {processor.py:830} INFO - Processing file /opt/airflow/dags/arquitectura_retail_completa.py for tasks to queue
[2026-02-27T23:37:47.832+0000] {logging_mixin.py:188} INFO - [2026-02-27T23:37:47.832+0000] {dagbag.py:540} INFO - Filling up the DagBag from /opt/airflow/dags/arquitectura_retail_completa.py
[2026-02-27T23:37:47.866+0000] {processor.py:840} INFO - DAG(s) 'arquitectura_retail_completa' retrieved from /opt/airflow/dags/arquitectura_retail_completa.py
[2026-02-27T23:37:47.901+0000] {logging_mixin.py:188} INFO - [2026-02-27T23:37:47.901+0000] {dag.py:3096} INFO - Sync 1 DAGs
[2026-02-27T23:37:47.928+0000] {logging_mixin.py:188} INFO - [2026-02-27T23:37:47.927+0000] {dag.py:3954} INFO - Setting next_dagrun for arquitectura_retail_completa to 2026-02-27 00:00:00+00:00, run_after=2026-02-28 00:00:00+00:00
[2026-02-27T23:37:47.952+0000] {processor.py:183} INFO - Processing /opt/airflow/dags/arquitectura_retail_completa.py took 0.130 seconds
[2026-02-27T23:38:18.509+0000] {processor.py:161} INFO - Started process (PID=512) to work on /opt/airflow/dags/arquitectura_retail_completa.py
[2026-02-27T23:38:18.510+0000] {processor.py:830} INFO - Processing file /opt/airflow/dags/arquitectura_retail_completa.py for tasks to queue
[2026-02-27T23:38:18.511+0000] {logging_mixin.py:188} INFO - [2026-02-27T23:38:18.511+0000] {dagbag.py:540} INFO - Filling up the DagBag from /opt/airflow/dags/arquitectura_retail_completa.py
[2026-02-27T23:38:18.547+0000] {processor.py:840} INFO - DAG(s) 'arquitectura_retail_completa' retrieved from /opt/airflow/dags/arquitectura_retail_completa.py
[2026-02-27T23:38:18.586+0000] {logging_mixin.py:188} INFO - [2026-02-27T23:38:18.585+0000] {dag.py:3096} INFO - Sync 1 DAGs
[2026-02-27T23:38:18.615+0000] {logging_mixin.py:188} INFO - [2026-02-27T23:38:18.614+0000] {dag.py:3954} INFO - Setting next_dagrun for arquitectura_retail_completa to 2026-02-27 00:00:00+00:00, run_after=2026-02-28 00:00:00+00:00
[2026-02-27T23:38:18.641+0000] {processor.py:183} INFO - Processing /opt/airflow/dags/arquitectura_retail_completa.py took 0.139 seconds
[2026-02-27T23:38:49.079+0000] {processor.py:161} INFO - Started process (PID=522) to work on /opt/airflow/dags/arquitectura_retail_completa.py
[2026-02-27T23:38:49.080+0000] {processor.py:830} INFO - Processing file /opt/airflow/dags/arquitectura_retail_completa.py for tasks to queue
[2026-02-27T23:38:49.081+0000] {logging_mixin.py:188} INFO - [2026-02-27T23:38:49.081+0000] {dagbag.py:540} INFO - Filling up the DagBag from /opt/airflow/dags/arquitectura_retail_completa.py
[2026-02-27T23:38:49.114+0000] {processor.py:840} INFO - DAG(s) 'arquitectura_retail_completa' retrieved from /opt/airflow/dags/arquitectura_retail_completa.py
[2026-02-27T23:38:49.153+0000] {logging_mixin.py:188} INFO - [2026-02-27T23:38:49.152+0000] {dag.py:3096} INFO - Sync 1 DAGs
[2026-02-27T23:38:49.182+0000] {logging_mixin.py:188} INFO - [2026-02-27T23:38:49.182+0000] {dag.py:3954} INFO - Setting next_dagrun for arquitectura_retail_completa to 2026-02-27 00:00:00+00:00, run_after=2026-02-28 00:00:00+00:00
[2026-02-27T23:38:49.209+0000] {processor.py:183} INFO - Processing /opt/airflow/dags/arquitectura_retail_completa.py took 0.138 seconds
[2026-02-27T23:39:19.537+0000] {processor.py:161} INFO - Started process (PID=532) to work on /opt/airflow/dags/arquitectura_retail_completa.py
[2026-02-27T23:39:19.539+0000] {processor.py:830} INFO - Processing file /opt/airflow/dags/arquitectura_retail_completa.py for tasks to queue
[2026-02-27T23:39:19.540+0000] {logging_mixin.py:188} INFO - [2026-02-27T23:39:19.539+0000] {dagbag.py:540} INFO - Filling up the DagBag from /opt/airflow/dags/arquitectura_retail_completa.py
[2026-02-27T23:39:19.579+0000] {processor.py:840} INFO - DAG(s) 'arquitectura_retail_completa' retrieved from /opt/airflow/dags/arquitectura_retail_completa.py
[2026-02-27T23:39:19.620+0000] {logging_mixin.py:188} INFO - [2026-02-27T23:39:19.620+0000] {dag.py:3096} INFO - Sync 1 DAGs
[2026-02-27T23:39:19.648+0000] {logging_mixin.py:188} INFO - [2026-02-27T23:39:19.648+0000] {dag.py:3954} INFO - Setting next_dagrun for arquitectura_retail_completa to 2026-02-27 00:00:00+00:00, run_after=2026-02-28 00:00:00+00:00
[2026-02-27T23:39:19.670+0000] {processor.py:183} INFO - Processing /opt/airflow/dags/arquitectura_retail_completa.py took 0.140 seconds
[2026-02-27T23:39:50.006+0000] {processor.py:161} INFO - Started process (PID=539) to work on /opt/airflow/dags/arquitectura_retail_completa.py
[2026-02-27T23:39:50.008+0000] {processor.py:830} INFO - Processing file /opt/airflow/dags/arquitectura_retail_completa.py for tasks to queue
[2026-02-27T23:39:50.010+0000] {logging_mixin.py:188} INFO - [2026-02-27T23:39:50.009+0000] {dagbag.py:540} INFO - Filling up the DagBag from /opt/airflow/dags/arquitectura_retail_completa.py
[2026-02-27T23:39:50.060+0000] {processor.py:840} INFO - DAG(s) 'arquitectura_retail_completa' retrieved from /opt/airflow/dags/arquitectura_retail_completa.py
[2026-02-27T23:39:50.106+0000] {logging_mixin.py:188} INFO - [2026-02-27T23:39:50.105+0000] {dag.py:3096} INFO - Sync 1 DAGs
[2026-02-27T23:39:50.131+0000] {logging_mixin.py:188} INFO - [2026-02-27T23:39:50.130+0000] {dag.py:3954} INFO - Setting next_dagrun for arquitectura_retail_completa to 2026-02-27 00:00:00+00:00, run_after=2026-02-28 00:00:00+00:00
[2026-02-27T23:39:50.157+0000] {processor.py:183} INFO - Processing /opt/airflow/dags/arquitectura_retail_completa.py took 0.161 seconds
[2026-02-27T23:40:20.417+0000] {processor.py:161} INFO - Started process (PID=548) to work on /opt/airflow/dags/arquitectura_retail_completa.py
[2026-02-27T23:40:20.419+0000] {processor.py:830} INFO - Processing file /opt/airflow/dags/arquitectura_retail_completa.py for tasks to queue
[2026-02-27T23:40:20.420+0000] {logging_mixin.py:188} INFO - [2026-02-27T23:40:20.420+0000] {dagbag.py:540} INFO - Filling up the DagBag from /opt/airflow/dags/arquitectura_retail_completa.py
[2026-02-27T23:40:20.451+0000] {processor.py:840} INFO - DAG(s) 'arquitectura_retail_completa' retrieved from /opt/airflow/dags/arquitectura_retail_completa.py
[2026-02-27T23:40:20.488+0000] {logging_mixin.py:188} INFO - [2026-02-27T23:40:20.488+0000] {dag.py:3096} INFO - Sync 1 DAGs
[2026-02-27T23:40:20.510+0000] {logging_mixin.py:188} INFO - [2026-02-27T23:40:20.510+0000] {dag.py:3954} INFO - Setting next_dagrun for arquitectura_retail_completa to 2026-02-27 00:00:00+00:00, run_after=2026-02-28 00:00:00+00:00
[2026-02-27T23:40:20.534+0000] {processor.py:183} INFO - Processing /opt/airflow/dags/arquitectura_retail_completa.py took 0.124 seconds
[2026-02-27T23:40:51.170+0000] {processor.py:161} INFO - Started process (PID=557) to work on /opt/airflow/dags/arquitectura_retail_completa.py
[2026-02-27T23:40:51.171+0000] {processor.py:830} INFO - Processing file /opt/airflow/dags/arquitectura_retail_completa.py for tasks to queue
[2026-02-27T23:40:51.173+0000] {logging_mixin.py:188} INFO - [2026-02-27T23:40:51.172+0000] {dagbag.py:540} INFO - Filling up the DagBag from /opt/airflow/dags/arquitectura_retail_completa.py
[2026-02-27T23:40:51.210+0000] {processor.py:840} INFO - DAG(s) 'arquitectura_retail_completa' retrieved from /opt/airflow/dags/arquitectura_retail_completa.py
[2026-02-27T23:40:51.252+0000] {logging_mixin.py:188} INFO - [2026-02-27T23:40:51.252+0000] {dag.py:3096} INFO - Sync 1 DAGs
[2026-02-27T23:40:51.283+0000] {logging_mixin.py:188} INFO - [2026-02-27T23:40:51.282+0000] {dag.py:3954} INFO - Setting next_dagrun for arquitectura_retail_completa to 2026-02-27 00:00:00+00:00, run_after=2026-02-28 00:00:00+00:00
[2026-02-27T23:40:51.311+0000] {processor.py:183} INFO - Processing /opt/airflow/dags/arquitectura_retail_completa.py took 0.148 seconds
[2026-02-27T23:41:21.701+0000] {processor.py:161} INFO - Started process (PID=566) to work on /opt/airflow/dags/arquitectura_retail_completa.py
[2026-02-27T23:41:21.703+0000] {processor.py:830} INFO - Processing file /opt/airflow/dags/arquitectura_retail_completa.py for tasks to queue
[2026-02-27T23:41:21.704+0000] {logging_mixin.py:188} INFO - [2026-02-27T23:41:21.704+0000] {dagbag.py:540} INFO - Filling up the DagBag from /opt/airflow/dags/arquitectura_retail_completa.py
[2026-02-27T23:41:21.743+0000] {processor.py:840} INFO - DAG(s) 'arquitectura_retail_completa' retrieved from /opt/airflow/dags/arquitectura_retail_completa.py
[2026-02-27T23:41:21.796+0000] {logging_mixin.py:188} INFO - [2026-02-27T23:41:21.795+0000] {dag.py:3096} INFO - Sync 1 DAGs
[2026-02-27T23:41:21.826+0000] {logging_mixin.py:188} INFO - [2026-02-27T23:41:21.825+0000] {dag.py:3954} INFO - Setting next_dagrun for arquitectura_retail_completa to 2026-02-27 00:00:00+00:00, run_after=2026-02-28 00:00:00+00:00
[2026-02-27T23:41:21.854+0000] {processor.py:183} INFO - Processing /opt/airflow/dags/arquitectura_retail_completa.py took 0.162 seconds
[2026-02-27T23:41:52.544+0000] {processor.py:161} INFO - Started process (PID=575) to work on /opt/airflow/dags/arquitectura_retail_completa.py
[2026-02-27T23:41:52.545+0000] {processor.py:830} INFO - Processing file /opt/airflow/dags/arquitectura_retail_completa.py for tasks to queue
[2026-02-27T23:41:52.546+0000] {logging_mixin.py:188} INFO - [2026-02-27T23:41:52.546+0000] {dagbag.py:540} INFO - Filling up the DagBag from /opt/airflow/dags/arquitectura_retail_completa.py
[2026-02-27T23:41:52.576+0000] {processor.py:840} INFO - DAG(s) 'arquitectura_retail_completa' retrieved from /opt/airflow/dags/arquitectura_retail_completa.py
[2026-02-27T23:41:52.613+0000] {logging_mixin.py:188} INFO - [2026-02-27T23:41:52.613+0000] {dag.py:3096} INFO - Sync 1 DAGs
[2026-02-27T23:41:52.637+0000] {logging_mixin.py:188} INFO - [2026-02-27T23:41:52.637+0000] {dag.py:3954} INFO - Setting next_dagrun for arquitectura_retail_completa to 2026-02-27 00:00:00+00:00, run_after=2026-02-28 00:00:00+00:00
[2026-02-27T23:41:52.659+0000] {processor.py:183} INFO - Processing /opt/airflow/dags/arquitectura_retail_completa.py took 0.123 seconds
[2026-02-27T23:42:23.005+0000] {processor.py:161} INFO - Started process (PID=584) to work on /opt/airflow/dags/arquitectura_retail_completa.py
[2026-02-27T23:42:23.007+0000] {processor.py:830} INFO - Processing file /opt/airflow/dags/arquitectura_retail_completa.py for tasks to queue
[2026-02-27T23:42:23.008+0000] {logging_mixin.py:188} INFO - [2026-02-27T23:42:23.008+0000] {dagbag.py:540} INFO - Filling up the DagBag from /opt/airflow/dags/arquitectura_retail_completa.py
[2026-02-27T23:42:23.048+0000] {processor.py:840} INFO - DAG(s) 'arquitectura_retail_completa' retrieved from /opt/airflow/dags/arquitectura_retail_completa.py
[2026-02-27T23:42:23.084+0000] {logging_mixin.py:188} INFO - [2026-02-27T23:42:23.084+0000] {dag.py:3096} INFO - Sync 1 DAGs
[2026-02-27T23:42:23.110+0000] {logging_mixin.py:188} INFO - [2026-02-27T23:42:23.110+0000] {dag.py:3954} INFO - Setting next_dagrun for arquitectura_retail_completa to 2026-02-27 00:00:00+00:00, run_after=2026-02-28 00:00:00+00:00
[2026-02-27T23:42:23.134+0000] {processor.py:183} INFO - Processing /opt/airflow/dags/arquitectura_retail_completa.py took 0.137 seconds
[2026-02-27T23:42:53.505+0000] {processor.py:161} INFO - Started process (PID=594) to work on /opt/airflow/dags/arquitectura_retail_completa.py
[2026-02-27T23:42:53.507+0000] {processor.py:830} INFO - Processing file /opt/airflow/dags/arquitectura_retail_completa.py for tasks to queue
[2026-02-27T23:42:53.508+0000] {logging_mixin.py:188} INFO - [2026-02-27T23:42:53.508+0000] {dagbag.py:540} INFO - Filling up the DagBag from /opt/airflow/dags/arquitectura_retail_completa.py
[2026-02-27T23:42:53.547+0000] {processor.py:840} INFO - DAG(s) 'arquitectura_retail_completa' retrieved from /opt/airflow/dags/arquitectura_retail_completa.py
[2026-02-27T23:42:53.584+0000] {logging_mixin.py:188} INFO - [2026-02-27T23:42:53.583+0000] {dag.py:3096} INFO - Sync 1 DAGs
[2026-02-27T23:42:53.608+0000] {logging_mixin.py:188} INFO - [2026-02-27T23:42:53.608+0000] {dag.py:3954} INFO - Setting next_dagrun for arquitectura_retail_completa to 2026-02-27 00:00:00+00:00, run_after=2026-02-28 00:00:00+00:00
[2026-02-27T23:42:53.633+0000] {processor.py:183} INFO - Processing /opt/airflow/dags/arquitectura_retail_completa.py took 0.144 seconds
[2026-02-27T23:43:24.216+0000] {processor.py:161} INFO - Started process (PID=604) to work on /opt/airflow/dags/arquitectura_retail_completa.py
[2026-02-27T23:43:24.218+0000] {processor.py:830} INFO - Processing file /opt/airflow/dags/arquitectura_retail_completa.py for tasks to queue
[2026-02-27T23:43:24.221+0000] {logging_mixin.py:188} INFO - [2026-02-27T23:43:24.220+0000] {dagbag.py:540} INFO - Filling up the DagBag from /opt/airflow/dags/arquitectura_retail_completa.py
[2026-02-27T23:43:24.256+0000] {processor.py:840} INFO - DAG(s) 'arquitectura_retail_completa' retrieved from /opt/airflow/dags/arquitectura_retail_completa.py
[2026-02-27T23:43:24.295+0000] {logging_mixin.py:188} INFO - [2026-02-27T23:43:24.295+0000] {dag.py:3096} INFO - Sync 1 DAGs
[2026-02-27T23:43:24.319+0000] {logging_mixin.py:188} INFO - [2026-02-27T23:43:24.318+0000] {dag.py:3954} INFO - Setting next_dagrun for arquitectura_retail_completa to 2026-02-27 00:00:00+00:00, run_after=2026-02-28 00:00:00+00:00
[2026-02-27T23:43:24.338+0000] {processor.py:183} INFO - Processing /opt/airflow/dags/arquitectura_retail_completa.py took 0.135 seconds
[2026-02-27T23:43:54.677+0000] {processor.py:161} INFO - Started process (PID=613) to work on /opt/airflow/dags/arquitectura_retail_completa.py
[2026-02-27T23:43:54.679+0000] {processor.py:830} INFO - Processing file /opt/airflow/dags/arquitectura_retail_completa.py for tasks to queue
[2026-02-27T23:43:54.680+0000] {logging_mixin.py:188} INFO - [2026-02-27T23:43:54.680+0000] {dagbag.py:540} INFO - Filling up the DagBag from /opt/airflow/dags/arquitectura_retail_completa.py
[2026-02-27T23:43:54.707+0000] {processor.py:840} INFO - DAG(s) 'arquitectura_retail_completa' retrieved from /opt/airflow/dags/arquitectura_retail_completa.py
[2026-02-27T23:43:54.743+0000] {logging_mixin.py:188} INFO - [2026-02-27T23:43:54.743+0000] {dag.py:3096} INFO - Sync 1 DAGs
[2026-02-27T23:43:54.764+0000] {logging_mixin.py:188} INFO - [2026-02-27T23:43:54.764+0000] {dag.py:3954} INFO - Setting next_dagrun for arquitectura_retail_completa to 2026-02-27 00:00:00+00:00, run_after=2026-02-28 00:00:00+00:00
[2026-02-27T23:43:54.784+0000] {processor.py:183} INFO - Processing /opt/airflow/dags/arquitectura_retail_completa.py took 0.115 seconds
[2026-02-27T23:44:25.092+0000] {processor.py:161} INFO - Started process (PID=620) to work on /opt/airflow/dags/arquitectura_retail_completa.py
[2026-02-27T23:44:25.094+0000] {processor.py:830} INFO - Processing file /opt/airflow/dags/arquitectura_retail_completa.py for tasks to queue
[2026-02-27T23:44:25.096+0000] {logging_mixin.py:188} INFO - [2026-02-27T23:44:25.095+0000] {dagbag.py:540} INFO - Filling up the DagBag from /opt/airflow/dags/arquitectura_retail_completa.py
[2026-02-27T23:44:25.124+0000] {processor.py:840} INFO - DAG(s) 'arquitectura_retail_completa' retrieved from /opt/airflow/dags/arquitectura_retail_completa.py
[2026-02-27T23:44:25.157+0000] {logging_mixin.py:188} INFO - [2026-02-27T23:44:25.157+0000] {dag.py:3096} INFO - Sync 1 DAGs
[2026-02-27T23:44:25.182+0000] {logging_mixin.py:188} INFO - [2026-02-27T23:44:25.182+0000] {dag.py:3954} INFO - Setting next_dagrun for arquitectura_retail_completa to 2026-02-27 00:00:00+00:00, run_after=2026-02-28 00:00:00+00:00
[2026-02-27T23:44:25.205+0000] {processor.py:183} INFO - Processing /opt/airflow/dags/arquitectura_retail_completa.py took 0.121 seconds
[2026-02-27T23:45:34.677+0000] {processor.py:161} INFO - Started process (PID=37) to work on /opt/airflow/dags/arquitectura_retail_completa.py
[2026-02-27T23:45:34.679+0000] {processor.py:830} INFO - Processing file /opt/airflow/dags/arquitectura_retail_completa.py for tasks to queue
[2026-02-27T23:45:34.681+0000] {logging_mixin.py:188} INFO - [2026-02-27T23:45:34.681+0000] {dagbag.py:540} INFO - Filling up the DagBag from /opt/airflow/dags/arquitectura_retail_completa.py
[2026-02-27T23:45:34.721+0000] {processor.py:840} INFO - DAG(s) 'arquitectura_retail_completa' retrieved from /opt/airflow/dags/arquitectura_retail_completa.py
[2026-02-27T23:45:34.789+0000] {logging_mixin.py:188} INFO - [2026-02-27T23:45:34.789+0000] {dag.py:3096} INFO - Sync 1 DAGs
[2026-02-27T23:45:34.838+0000] {logging_mixin.py:188} INFO - [2026-02-27T23:45:34.838+0000] {dag.py:3954} INFO - Setting next_dagrun for arquitectura_retail_completa to 2026-02-27 00:00:00+00:00, run_after=2026-02-28 00:00:00+00:00
[2026-02-27T23:45:34.871+0000] {processor.py:183} INFO - Processing /opt/airflow/dags/arquitectura_retail_completa.py took 0.206 seconds
[2026-02-27T23:46:05.475+0000] {processor.py:161} INFO - Started process (PID=46) to work on /opt/airflow/dags/arquitectura_retail_completa.py
[2026-02-27T23:46:05.477+0000] {processor.py:830} INFO - Processing file /opt/airflow/dags/arquitectura_retail_completa.py for tasks to queue
[2026-02-27T23:46:05.478+0000] {logging_mixin.py:188} INFO - [2026-02-27T23:46:05.478+0000] {dagbag.py:540} INFO - Filling up the DagBag from /opt/airflow/dags/arquitectura_retail_completa.py
[2026-02-27T23:46:05.508+0000] {processor.py:840} INFO - DAG(s) 'arquitectura_retail_completa' retrieved from /opt/airflow/dags/arquitectura_retail_completa.py
[2026-02-27T23:46:05.545+0000] {logging_mixin.py:188} INFO - [2026-02-27T23:46:05.544+0000] {dag.py:3096} INFO - Sync 1 DAGs
[2026-02-27T23:46:05.570+0000] {logging_mixin.py:188} INFO - [2026-02-27T23:46:05.570+0000] {dag.py:3954} INFO - Setting next_dagrun for arquitectura_retail_completa to 2026-02-27 00:00:00+00:00, run_after=2026-02-28 00:00:00+00:00
[2026-02-27T23:46:05.594+0000] {processor.py:183} INFO - Processing /opt/airflow/dags/arquitectura_retail_completa.py took 0.125 seconds
[2026-02-27T23:46:35.998+0000] {processor.py:161} INFO - Started process (PID=55) to work on /opt/airflow/dags/arquitectura_retail_completa.py
[2026-02-27T23:46:36.000+0000] {processor.py:830} INFO - Processing file /opt/airflow/dags/arquitectura_retail_completa.py for tasks to queue
[2026-02-27T23:46:36.001+0000] {logging_mixin.py:188} INFO - [2026-02-27T23:46:36.000+0000] {dagbag.py:540} INFO - Filling up the DagBag from /opt/airflow/dags/arquitectura_retail_completa.py
[2026-02-27T23:46:36.038+0000] {processor.py:840} INFO - DAG(s) 'arquitectura_retail_completa' retrieved from /opt/airflow/dags/arquitectura_retail_completa.py
[2026-02-27T23:46:36.078+0000] {logging_mixin.py:188} INFO - [2026-02-27T23:46:36.078+0000] {dag.py:3096} INFO - Sync 1 DAGs
[2026-02-27T23:46:36.104+0000] {logging_mixin.py:188} INFO - [2026-02-27T23:46:36.104+0000] {dag.py:3954} INFO - Setting next_dagrun for arquitectura_retail_completa to 2026-02-27 00:00:00+00:00, run_after=2026-02-28 00:00:00+00:00
[2026-02-27T23:46:36.124+0000] {processor.py:183} INFO - Processing /opt/airflow/dags/arquitectura_retail_completa.py took 0.134 seconds
[2026-02-27T23:47:06.601+0000] {processor.py:161} INFO - Started process (PID=64) to work on /opt/airflow/dags/arquitectura_retail_completa.py
[2026-02-27T23:47:06.602+0000] {processor.py:830} INFO - Processing file /opt/airflow/dags/arquitectura_retail_completa.py for tasks to queue
[2026-02-27T23:47:06.603+0000] {logging_mixin.py:188} INFO - [2026-02-27T23:47:06.603+0000] {dagbag.py:540} INFO - Filling up the DagBag from /opt/airflow/dags/arquitectura_retail_completa.py
[2026-02-27T23:47:06.639+0000] {processor.py:840} INFO - DAG(s) 'arquitectura_retail_completa' retrieved from /opt/airflow/dags/arquitectura_retail_completa.py
[2026-02-27T23:47:06.689+0000] {logging_mixin.py:188} INFO - [2026-02-27T23:47:06.689+0000] {dag.py:3096} INFO - Sync 1 DAGs
[2026-02-27T23:47:06.722+0000] {logging_mixin.py:188} INFO - [2026-02-27T23:47:06.722+0000] {dag.py:3954} INFO - Setting next_dagrun for arquitectura_retail_completa to 2026-02-27 00:00:00+00:00, run_after=2026-02-28 00:00:00+00:00
[2026-02-27T23:47:06.750+0000] {processor.py:183} INFO - Processing /opt/airflow/dags/arquitectura_retail_completa.py took 0.157 seconds
[2026-02-27T23:47:37.241+0000] {processor.py:161} INFO - Started process (PID=73) to work on /opt/airflow/dags/arquitectura_retail_completa.py
[2026-02-27T23:47:37.242+0000] {processor.py:830} INFO - Processing file /opt/airflow/dags/arquitectura_retail_completa.py for tasks to queue
[2026-02-27T23:47:37.244+0000] {logging_mixin.py:188} INFO - [2026-02-27T23:47:37.243+0000] {dagbag.py:540} INFO - Filling up the DagBag from /opt/airflow/dags/arquitectura_retail_completa.py
[2026-02-27T23:47:37.277+0000] {processor.py:840} INFO - DAG(s) 'arquitectura_retail_completa' retrieved from /opt/airflow/dags/arquitectura_retail_completa.py
[2026-02-27T23:47:37.325+0000] {logging_mixin.py:188} INFO - [2026-02-27T23:47:37.324+0000] {dag.py:3096} INFO - Sync 1 DAGs
[2026-02-27T23:47:37.354+0000] {logging_mixin.py:188} INFO - [2026-02-27T23:47:37.354+0000] {dag.py:3954} INFO - Setting next_dagrun for arquitectura_retail_completa to 2026-02-27 00:00:00+00:00, run_after=2026-02-28 00:00:00+00:00
[2026-02-27T23:47:37.382+0000] {processor.py:183} INFO - Processing /opt/airflow/dags/arquitectura_retail_completa.py took 0.149 seconds
[2026-02-27T23:48:07.882+0000] {processor.py:161} INFO - Started process (PID=82) to work on /opt/airflow/dags/arquitectura_retail_completa.py
[2026-02-27T23:48:07.883+0000] {processor.py:830} INFO - Processing file /opt/airflow/dags/arquitectura_retail_completa.py for tasks to queue
[2026-02-27T23:48:07.885+0000] {logging_mixin.py:188} INFO - [2026-02-27T23:48:07.884+0000] {dagbag.py:540} INFO - Filling up the DagBag from /opt/airflow/dags/arquitectura_retail_completa.py
[2026-02-27T23:48:07.922+0000] {processor.py:840} INFO - DAG(s) 'arquitectura_retail_completa' retrieved from /opt/airflow/dags/arquitectura_retail_completa.py
[2026-02-27T23:48:07.965+0000] {logging_mixin.py:188} INFO - [2026-02-27T23:48:07.964+0000] {dag.py:3096} INFO - Sync 1 DAGs
[2026-02-27T23:48:07.992+0000] {logging_mixin.py:188} INFO - [2026-02-27T23:48:07.992+0000] {dag.py:3954} INFO - Setting next_dagrun for arquitectura_retail_completa to 2026-02-27 00:00:00+00:00, run_after=2026-02-28 00:00:00+00:00
[2026-02-27T23:48:08.020+0000] {processor.py:183} INFO - Processing /opt/airflow/dags/arquitectura_retail_completa.py took 0.148 seconds
[2026-02-27T23:48:38.438+0000] {processor.py:161} INFO - Started process (PID=91) to work on /opt/airflow/dags/arquitectura_retail_completa.py
[2026-02-27T23:48:38.439+0000] {processor.py:830} INFO - Processing file /opt/airflow/dags/arquitectura_retail_completa.py for tasks to queue
[2026-02-27T23:48:38.441+0000] {logging_mixin.py:188} INFO - [2026-02-27T23:48:38.440+0000] {dagbag.py:540} INFO - Filling up the DagBag from /opt/airflow/dags/arquitectura_retail_completa.py
[2026-02-27T23:48:38.475+0000] {processor.py:840} INFO - DAG(s) 'arquitectura_retail_completa' retrieved from /opt/airflow/dags/arquitectura_retail_completa.py
[2026-02-27T23:48:38.520+0000] {logging_mixin.py:188} INFO - [2026-02-27T23:48:38.520+0000] {dag.py:3096} INFO - Sync 1 DAGs
[2026-02-27T23:48:38.545+0000] {logging_mixin.py:188} INFO - [2026-02-27T23:48:38.544+0000] {dag.py:3954} INFO - Setting next_dagrun for arquitectura_retail_completa to 2026-02-27 00:00:00+00:00, run_after=2026-02-28 00:00:00+00:00
[2026-02-27T23:48:38.568+0000] {processor.py:183} INFO - Processing /opt/airflow/dags/arquitectura_retail_completa.py took 0.140 seconds
[2026-02-27T23:49:08.949+0000] {processor.py:161} INFO - Started process (PID=100) to work on /opt/airflow/dags/arquitectura_retail_completa.py
[2026-02-27T23:49:08.951+0000] {processor.py:830} INFO - Processing file /opt/airflow/dags/arquitectura_retail_completa.py for tasks to queue
[2026-02-27T23:49:08.952+0000] {logging_mixin.py:188} INFO - [2026-02-27T23:49:08.952+0000] {dagbag.py:540} INFO - Filling up the DagBag from /opt/airflow/dags/arquitectura_retail_completa.py
[2026-02-27T23:49:08.991+0000] {processor.py:840} INFO - DAG(s) 'arquitectura_retail_completa' retrieved from /opt/airflow/dags/arquitectura_retail_completa.py
[2026-02-27T23:49:09.031+0000] {logging_mixin.py:188} INFO - [2026-02-27T23:49:09.031+0000] {dag.py:3096} INFO - Sync 1 DAGs
[2026-02-27T23:49:09.056+0000] {logging_mixin.py:188} INFO - [2026-02-27T23:49:09.055+0000] {dag.py:3954} INFO - Setting next_dagrun for arquitectura_retail_completa to 2026-02-27 00:00:00+00:00, run_after=2026-02-28 00:00:00+00:00
[2026-02-27T23:49:09.078+0000] {processor.py:183} INFO - Processing /opt/airflow/dags/arquitectura_retail_completa.py took 0.138 seconds
[2026-02-27T23:49:39.684+0000] {processor.py:161} INFO - Started process (PID=109) to work on /opt/airflow/dags/arquitectura_retail_completa.py
[2026-02-27T23:49:39.686+0000] {processor.py:830} INFO - Processing file /opt/airflow/dags/arquitectura_retail_completa.py for tasks to queue
[2026-02-27T23:49:39.688+0000] {logging_mixin.py:188} INFO - [2026-02-27T23:49:39.687+0000] {dagbag.py:540} INFO - Filling up the DagBag from /opt/airflow/dags/arquitectura_retail_completa.py
[2026-02-27T23:49:39.726+0000] {processor.py:840} INFO - DAG(s) 'arquitectura_retail_completa' retrieved from /opt/airflow/dags/arquitectura_retail_completa.py
[2026-02-27T23:49:39.764+0000] {logging_mixin.py:188} INFO - [2026-02-27T23:49:39.764+0000] {dag.py:3096} INFO - Sync 1 DAGs
[2026-02-27T23:49:39.790+0000] {logging_mixin.py:188} INFO - [2026-02-27T23:49:39.789+0000] {dag.py:3954} INFO - Setting next_dagrun for arquitectura_retail_completa to 2026-02-27 00:00:00+00:00, run_after=2026-02-28 00:00:00+00:00
[2026-02-27T23:49:39.815+0000] {processor.py:183} INFO - Processing /opt/airflow/dags/arquitectura_retail_completa.py took 0.142 seconds
[2026-02-27T23:50:10.296+0000] {processor.py:161} INFO - Started process (PID=118) to work on /opt/airflow/dags/arquitectura_retail_completa.py
[2026-02-27T23:50:10.298+0000] {processor.py:830} INFO - Processing file /opt/airflow/dags/arquitectura_retail_completa.py for tasks to queue
[2026-02-27T23:50:10.299+0000] {logging_mixin.py:188} INFO - [2026-02-27T23:50:10.299+0000] {dagbag.py:540} INFO - Filling up the DagBag from /opt/airflow/dags/arquitectura_retail_completa.py
[2026-02-27T23:50:10.328+0000] {processor.py:840} INFO - DAG(s) 'arquitectura_retail_completa' retrieved from /opt/airflow/dags/arquitectura_retail_completa.py
[2026-02-27T23:50:10.366+0000] {logging_mixin.py:188} INFO - [2026-02-27T23:50:10.366+0000] {dag.py:3096} INFO - Sync 1 DAGs
[2026-02-27T23:50:10.395+0000] {logging_mixin.py:188} INFO - [2026-02-27T23:50:10.395+0000] {dag.py:3954} INFO - Setting next_dagrun for arquitectura_retail_completa to 2026-02-27 00:00:00+00:00, run_after=2026-02-28 00:00:00+00:00
[2026-02-27T23:50:10.416+0000] {processor.py:183} INFO - Processing /opt/airflow/dags/arquitectura_retail_completa.py took 0.128 seconds
[2026-02-27T23:50:41.119+0000] {processor.py:161} INFO - Started process (PID=127) to work on /opt/airflow/dags/arquitectura_retail_completa.py
[2026-02-27T23:50:41.120+0000] {processor.py:830} INFO - Processing file /opt/airflow/dags/arquitectura_retail_completa.py for tasks to queue
[2026-02-27T23:50:41.121+0000] {logging_mixin.py:188} INFO - [2026-02-27T23:50:41.121+0000] {dagbag.py:540} INFO - Filling up the DagBag from /opt/airflow/dags/arquitectura_retail_completa.py
[2026-02-27T23:50:41.160+0000] {processor.py:840} INFO - DAG(s) 'arquitectura_retail_completa' retrieved from /opt/airflow/dags/arquitectura_retail_completa.py
[2026-02-27T23:50:41.205+0000] {logging_mixin.py:188} INFO - [2026-02-27T23:50:41.205+0000] {dag.py:3096} INFO - Sync 1 DAGs
[2026-02-27T23:50:41.234+0000] {logging_mixin.py:188} INFO - [2026-02-27T23:50:41.234+0000] {dag.py:3954} INFO - Setting next_dagrun for arquitectura_retail_completa to 2026-02-27 00:00:00+00:00, run_after=2026-02-28 00:00:00+00:00
[2026-02-27T23:50:41.261+0000] {processor.py:183} INFO - Processing /opt/airflow/dags/arquitectura_retail_completa.py took 0.149 seconds
[2026-02-27T23:51:11.742+0000] {processor.py:161} INFO - Started process (PID=136) to work on /opt/airflow/dags/arquitectura_retail_completa.py
[2026-02-27T23:51:11.744+0000] {processor.py:830} INFO - Processing file /opt/airflow/dags/arquitectura_retail_completa.py for tasks to queue
[2026-02-27T23:51:11.747+0000] {logging_mixin.py:188} INFO - [2026-02-27T23:51:11.746+0000] {dagbag.py:540} INFO - Filling up the DagBag from /opt/airflow/dags/arquitectura_retail_completa.py
[2026-02-27T23:51:11.797+0000] {processor.py:840} INFO - DAG(s) 'arquitectura_retail_completa' retrieved from /opt/airflow/dags/arquitectura_retail_completa.py
[2026-02-27T23:51:11.842+0000] {logging_mixin.py:188} INFO - [2026-02-27T23:51:11.841+0000] {dag.py:3096} INFO - Sync 1 DAGs
[2026-02-27T23:51:11.865+0000] {logging_mixin.py:188} INFO - [2026-02-27T23:51:11.865+0000] {dag.py:3954} INFO - Setting next_dagrun for arquitectura_retail_completa to 2026-02-27 00:00:00+00:00, run_after=2026-02-28 00:00:00+00:00
[2026-02-27T23:51:11.959+0000] {processor.py:183} INFO - Processing /opt/airflow/dags/arquitectura_retail_completa.py took 0.160 seconds
[2026-02-27T23:51:42.457+0000] {processor.py:161} INFO - Started process (PID=145) to work on /opt/airflow/dags/arquitectura_retail_completa.py
[2026-02-27T23:51:42.459+0000] {processor.py:830} INFO - Processing file /opt/airflow/dags/arquitectura_retail_completa.py for tasks to queue
[2026-02-27T23:51:42.460+0000] {logging_mixin.py:188} INFO - [2026-02-27T23:51:42.459+0000] {dagbag.py:540} INFO - Filling up the DagBag from /opt/airflow/dags/arquitectura_retail_completa.py
[2026-02-27T23:51:42.488+0000] {processor.py:840} INFO - DAG(s) 'arquitectura_retail_completa' retrieved from /opt/airflow/dags/arquitectura_retail_completa.py
[2026-02-27T23:51:42.527+0000] {logging_mixin.py:188} INFO - [2026-02-27T23:51:42.526+0000] {dag.py:3096} INFO - Sync 1 DAGs
[2026-02-27T23:51:42.556+0000] {logging_mixin.py:188} INFO - [2026-02-27T23:51:42.556+0000] {dag.py:3954} INFO - Setting next_dagrun for arquitectura_retail_completa to 2026-02-27 00:00:00+00:00, run_after=2026-02-28 00:00:00+00:00
[2026-02-27T23:51:42.582+0000] {processor.py:183} INFO - Processing /opt/airflow/dags/arquitectura_retail_completa.py took 0.134 seconds
[2026-02-27T23:52:12.890+0000] {processor.py:161} INFO - Started process (PID=154) to work on /opt/airflow/dags/arquitectura_retail_completa.py
[2026-02-27T23:52:12.891+0000] {processor.py:830} INFO - Processing file /opt/airflow/dags/arquitectura_retail_completa.py for tasks to queue
[2026-02-27T23:52:12.893+0000] {logging_mixin.py:188} INFO - [2026-02-27T23:52:12.892+0000] {dagbag.py:540} INFO - Filling up the DagBag from /opt/airflow/dags/arquitectura_retail_completa.py
[2026-02-27T23:52:12.931+0000] {processor.py:840} INFO - DAG(s) 'arquitectura_retail_completa' retrieved from /opt/airflow/dags/arquitectura_retail_completa.py
[2026-02-27T23:52:12.974+0000] {logging_mixin.py:188} INFO - [2026-02-27T23:52:12.974+0000] {dag.py:3096} INFO - Sync 1 DAGs
[2026-02-27T23:52:13.006+0000] {logging_mixin.py:188} INFO - [2026-02-27T23:52:13.006+0000] {dag.py:3954} INFO - Setting next_dagrun for arquitectura_retail_completa to 2026-02-27 00:00:00+00:00, run_after=2026-02-28 00:00:00+00:00
[2026-02-27T23:52:13.034+0000] {processor.py:183} INFO - Processing /opt/airflow/dags/arquitectura_retail_completa.py took 0.152 seconds
