[2026-02-27T21:13:36.190+0000] {processor.py:161} INFO - Started process (PID=88) to work on /opt/airflow/dags/Diseño de Arquitectura Completa - Día 1.docx
[2026-02-27T21:13:36.196+0000] {processor.py:830} INFO - Processing file /opt/airflow/dags/Diseño de Arquitectura Completa - Día 1.docx for tasks to queue
[2026-02-27T21:13:36.201+0000] {logging_mixin.py:188} INFO - [2026-02-27T21:13:36.199+0000] {dagbag.py:540} INFO - Filling up the DagBag from /opt/airflow/dags/Diseño de Arquitectura Completa - Día 1.docx
[2026-02-27T21:13:36.228+0000] {processor.py:842} WARNING - No viable dags retrieved from /opt/airflow/dags/Diseño de Arquitectura Completa - Día 1.docx
[2026-02-27T21:13:36.297+0000] {processor.py:183} INFO - Processing /opt/airflow/dags/Diseño de Arquitectura Completa - Día 1.docx took 0.148 seconds
[2026-02-27T21:14:06.931+0000] {processor.py:161} INFO - Started process (PID=96) to work on /opt/airflow/dags/Diseño de Arquitectura Completa - Día 1.docx
[2026-02-27T21:14:06.933+0000] {processor.py:830} INFO - Processing file /opt/airflow/dags/Diseño de Arquitectura Completa - Día 1.docx for tasks to queue
[2026-02-27T21:14:06.936+0000] {logging_mixin.py:188} INFO - [2026-02-27T21:14:06.935+0000] {dagbag.py:540} INFO - Filling up the DagBag from /opt/airflow/dags/Diseño de Arquitectura Completa - Día 1.docx
[2026-02-27T21:14:06.958+0000] {processor.py:842} WARNING - No viable dags retrieved from /opt/airflow/dags/Diseño de Arquitectura Completa - Día 1.docx
[2026-02-27T21:14:06.986+0000] {processor.py:183} INFO - Processing /opt/airflow/dags/Diseño de Arquitectura Completa - Día 1.docx took 0.068 seconds
[2026-02-27T21:14:37.231+0000] {processor.py:161} INFO - Started process (PID=104) to work on /opt/airflow/dags/Diseño de Arquitectura Completa - Día 1.docx
[2026-02-27T21:14:37.233+0000] {processor.py:830} INFO - Processing file /opt/airflow/dags/Diseño de Arquitectura Completa - Día 1.docx for tasks to queue
[2026-02-27T21:14:37.235+0000] {logging_mixin.py:188} INFO - [2026-02-27T21:14:37.234+0000] {dagbag.py:540} INFO - Filling up the DagBag from /opt/airflow/dags/Diseño de Arquitectura Completa - Día 1.docx
[2026-02-27T21:14:37.253+0000] {processor.py:842} WARNING - No viable dags retrieved from /opt/airflow/dags/Diseño de Arquitectura Completa - Día 1.docx
[2026-02-27T21:14:37.284+0000] {processor.py:183} INFO - Processing /opt/airflow/dags/Diseño de Arquitectura Completa - Día 1.docx took 0.063 seconds
[2026-02-27T21:15:07.510+0000] {processor.py:161} INFO - Started process (PID=112) to work on /opt/airflow/dags/Diseño de Arquitectura Completa - Día 1.docx
[2026-02-27T21:15:07.511+0000] {processor.py:830} INFO - Processing file /opt/airflow/dags/Diseño de Arquitectura Completa - Día 1.docx for tasks to queue
[2026-02-27T21:15:07.513+0000] {logging_mixin.py:188} INFO - [2026-02-27T21:15:07.512+0000] {dagbag.py:540} INFO - Filling up the DagBag from /opt/airflow/dags/Diseño de Arquitectura Completa - Día 1.docx
[2026-02-27T21:15:07.532+0000] {processor.py:842} WARNING - No viable dags retrieved from /opt/airflow/dags/Diseño de Arquitectura Completa - Día 1.docx
[2026-02-27T21:15:07.564+0000] {processor.py:183} INFO - Processing /opt/airflow/dags/Diseño de Arquitectura Completa - Día 1.docx took 0.063 seconds
[2026-02-27T21:15:37.888+0000] {processor.py:161} INFO - Started process (PID=120) to work on /opt/airflow/dags/Diseño de Arquitectura Completa - Día 1.docx
[2026-02-27T21:15:37.890+0000] {processor.py:830} INFO - Processing file /opt/airflow/dags/Diseño de Arquitectura Completa - Día 1.docx for tasks to queue
[2026-02-27T21:15:37.891+0000] {logging_mixin.py:188} INFO - [2026-02-27T21:15:37.891+0000] {dagbag.py:540} INFO - Filling up the DagBag from /opt/airflow/dags/Diseño de Arquitectura Completa - Día 1.docx
[2026-02-27T21:15:37.904+0000] {processor.py:842} WARNING - No viable dags retrieved from /opt/airflow/dags/Diseño de Arquitectura Completa - Día 1.docx
[2026-02-27T21:15:37.927+0000] {processor.py:183} INFO - Processing /opt/airflow/dags/Diseño de Arquitectura Completa - Día 1.docx took 0.048 seconds
[2026-02-27T21:16:08.112+0000] {processor.py:161} INFO - Started process (PID=127) to work on /opt/airflow/dags/Diseño de Arquitectura Completa - Día 1.docx
[2026-02-27T21:16:08.115+0000] {processor.py:830} INFO - Processing file /opt/airflow/dags/Diseño de Arquitectura Completa - Día 1.docx for tasks to queue
[2026-02-27T21:16:08.117+0000] {logging_mixin.py:188} INFO - [2026-02-27T21:16:08.116+0000] {dagbag.py:540} INFO - Filling up the DagBag from /opt/airflow/dags/Diseño de Arquitectura Completa - Día 1.docx
[2026-02-27T21:16:08.137+0000] {processor.py:842} WARNING - No viable dags retrieved from /opt/airflow/dags/Diseño de Arquitectura Completa - Día 1.docx
[2026-02-27T21:16:08.162+0000] {processor.py:183} INFO - Processing /opt/airflow/dags/Diseño de Arquitectura Completa - Día 1.docx took 0.059 seconds
[2026-02-27T21:16:38.350+0000] {processor.py:161} INFO - Started process (PID=135) to work on /opt/airflow/dags/Diseño de Arquitectura Completa - Día 1.docx
[2026-02-27T21:16:38.352+0000] {processor.py:830} INFO - Processing file /opt/airflow/dags/Diseño de Arquitectura Completa - Día 1.docx for tasks to queue
[2026-02-27T21:16:38.354+0000] {logging_mixin.py:188} INFO - [2026-02-27T21:16:38.354+0000] {dagbag.py:540} INFO - Filling up the DagBag from /opt/airflow/dags/Diseño de Arquitectura Completa - Día 1.docx
[2026-02-27T21:16:38.372+0000] {processor.py:842} WARNING - No viable dags retrieved from /opt/airflow/dags/Diseño de Arquitectura Completa - Día 1.docx
[2026-02-27T21:16:38.400+0000] {processor.py:183} INFO - Processing /opt/airflow/dags/Diseño de Arquitectura Completa - Día 1.docx took 0.060 seconds
[2026-02-27T21:17:08.689+0000] {processor.py:161} INFO - Started process (PID=143) to work on /opt/airflow/dags/Diseño de Arquitectura Completa - Día 1.docx
[2026-02-27T21:17:08.692+0000] {processor.py:830} INFO - Processing file /opt/airflow/dags/Diseño de Arquitectura Completa - Día 1.docx for tasks to queue
[2026-02-27T21:17:08.695+0000] {logging_mixin.py:188} INFO - [2026-02-27T21:17:08.694+0000] {dagbag.py:540} INFO - Filling up the DagBag from /opt/airflow/dags/Diseño de Arquitectura Completa - Día 1.docx
[2026-02-27T21:17:08.721+0000] {processor.py:842} WARNING - No viable dags retrieved from /opt/airflow/dags/Diseño de Arquitectura Completa - Día 1.docx
[2026-02-27T21:17:08.770+0000] {processor.py:183} INFO - Processing /opt/airflow/dags/Diseño de Arquitectura Completa - Día 1.docx took 0.093 seconds
[2026-02-27T21:17:39.048+0000] {processor.py:161} INFO - Started process (PID=151) to work on /opt/airflow/dags/Diseño de Arquitectura Completa - Día 1.docx
[2026-02-27T21:17:39.050+0000] {processor.py:830} INFO - Processing file /opt/airflow/dags/Diseño de Arquitectura Completa - Día 1.docx for tasks to queue
[2026-02-27T21:17:39.052+0000] {logging_mixin.py:188} INFO - [2026-02-27T21:17:39.051+0000] {dagbag.py:540} INFO - Filling up the DagBag from /opt/airflow/dags/Diseño de Arquitectura Completa - Día 1.docx
[2026-02-27T21:17:39.073+0000] {processor.py:842} WARNING - No viable dags retrieved from /opt/airflow/dags/Diseño de Arquitectura Completa - Día 1.docx
[2026-02-27T21:17:39.095+0000] {processor.py:183} INFO - Processing /opt/airflow/dags/Diseño de Arquitectura Completa - Día 1.docx took 0.057 seconds
[2026-02-27T21:18:09.308+0000] {processor.py:161} INFO - Started process (PID=159) to work on /opt/airflow/dags/Diseño de Arquitectura Completa - Día 1.docx
[2026-02-27T21:18:09.311+0000] {processor.py:830} INFO - Processing file /opt/airflow/dags/Diseño de Arquitectura Completa - Día 1.docx for tasks to queue
[2026-02-27T21:18:09.312+0000] {logging_mixin.py:188} INFO - [2026-02-27T21:18:09.312+0000] {dagbag.py:540} INFO - Filling up the DagBag from /opt/airflow/dags/Diseño de Arquitectura Completa - Día 1.docx
[2026-02-27T21:18:09.335+0000] {processor.py:842} WARNING - No viable dags retrieved from /opt/airflow/dags/Diseño de Arquitectura Completa - Día 1.docx
[2026-02-27T21:18:09.376+0000] {processor.py:183} INFO - Processing /opt/airflow/dags/Diseño de Arquitectura Completa - Día 1.docx took 0.083 seconds
[2026-02-27T21:18:39.826+0000] {processor.py:161} INFO - Started process (PID=167) to work on /opt/airflow/dags/Diseño de Arquitectura Completa - Día 1.docx
[2026-02-27T21:18:39.828+0000] {processor.py:830} INFO - Processing file /opt/airflow/dags/Diseño de Arquitectura Completa - Día 1.docx for tasks to queue
[2026-02-27T21:18:39.830+0000] {logging_mixin.py:188} INFO - [2026-02-27T21:18:39.829+0000] {dagbag.py:540} INFO - Filling up the DagBag from /opt/airflow/dags/Diseño de Arquitectura Completa - Día 1.docx
[2026-02-27T21:18:39.846+0000] {processor.py:842} WARNING - No viable dags retrieved from /opt/airflow/dags/Diseño de Arquitectura Completa - Día 1.docx
[2026-02-27T21:18:39.872+0000] {processor.py:183} INFO - Processing /opt/airflow/dags/Diseño de Arquitectura Completa - Día 1.docx took 0.053 seconds
[2026-02-27T21:19:10.236+0000] {processor.py:161} INFO - Started process (PID=175) to work on /opt/airflow/dags/Diseño de Arquitectura Completa - Día 1.docx
[2026-02-27T21:19:10.238+0000] {processor.py:830} INFO - Processing file /opt/airflow/dags/Diseño de Arquitectura Completa - Día 1.docx for tasks to queue
[2026-02-27T21:19:10.241+0000] {logging_mixin.py:188} INFO - [2026-02-27T21:19:10.240+0000] {dagbag.py:540} INFO - Filling up the DagBag from /opt/airflow/dags/Diseño de Arquitectura Completa - Día 1.docx
[2026-02-27T21:19:10.267+0000] {processor.py:842} WARNING - No viable dags retrieved from /opt/airflow/dags/Diseño de Arquitectura Completa - Día 1.docx
[2026-02-27T21:19:10.299+0000] {processor.py:183} INFO - Processing /opt/airflow/dags/Diseño de Arquitectura Completa - Día 1.docx took 0.076 seconds
[2026-02-27T21:19:40.651+0000] {processor.py:161} INFO - Started process (PID=183) to work on /opt/airflow/dags/Diseño de Arquitectura Completa - Día 1.docx
[2026-02-27T21:19:40.653+0000] {processor.py:830} INFO - Processing file /opt/airflow/dags/Diseño de Arquitectura Completa - Día 1.docx for tasks to queue
[2026-02-27T21:19:40.655+0000] {logging_mixin.py:188} INFO - [2026-02-27T21:19:40.654+0000] {dagbag.py:540} INFO - Filling up the DagBag from /opt/airflow/dags/Diseño de Arquitectura Completa - Día 1.docx
[2026-02-27T21:19:40.666+0000] {processor.py:842} WARNING - No viable dags retrieved from /opt/airflow/dags/Diseño de Arquitectura Completa - Día 1.docx
[2026-02-27T21:19:40.695+0000] {processor.py:183} INFO - Processing /opt/airflow/dags/Diseño de Arquitectura Completa - Día 1.docx took 0.053 seconds
[2026-02-27T21:20:11.197+0000] {processor.py:161} INFO - Started process (PID=191) to work on /opt/airflow/dags/Diseño de Arquitectura Completa - Día 1.docx
[2026-02-27T21:20:11.199+0000] {processor.py:830} INFO - Processing file /opt/airflow/dags/Diseño de Arquitectura Completa - Día 1.docx for tasks to queue
[2026-02-27T21:20:11.200+0000] {logging_mixin.py:188} INFO - [2026-02-27T21:20:11.200+0000] {dagbag.py:540} INFO - Filling up the DagBag from /opt/airflow/dags/Diseño de Arquitectura Completa - Día 1.docx
[2026-02-27T21:20:11.214+0000] {processor.py:842} WARNING - No viable dags retrieved from /opt/airflow/dags/Diseño de Arquitectura Completa - Día 1.docx
[2026-02-27T21:20:11.236+0000] {processor.py:183} INFO - Processing /opt/airflow/dags/Diseño de Arquitectura Completa - Día 1.docx took 0.048 seconds
[2026-02-27T21:20:41.594+0000] {processor.py:161} INFO - Started process (PID=199) to work on /opt/airflow/dags/Diseño de Arquitectura Completa - Día 1.docx
[2026-02-27T21:20:41.596+0000] {processor.py:830} INFO - Processing file /opt/airflow/dags/Diseño de Arquitectura Completa - Día 1.docx for tasks to queue
[2026-02-27T21:20:41.598+0000] {logging_mixin.py:188} INFO - [2026-02-27T21:20:41.598+0000] {dagbag.py:540} INFO - Filling up the DagBag from /opt/airflow/dags/Diseño de Arquitectura Completa - Día 1.docx
[2026-02-27T21:20:41.614+0000] {processor.py:842} WARNING - No viable dags retrieved from /opt/airflow/dags/Diseño de Arquitectura Completa - Día 1.docx
[2026-02-27T21:20:41.639+0000] {processor.py:183} INFO - Processing /opt/airflow/dags/Diseño de Arquitectura Completa - Día 1.docx took 0.053 seconds
[2026-02-27T21:21:11.921+0000] {processor.py:161} INFO - Started process (PID=207) to work on /opt/airflow/dags/Diseño de Arquitectura Completa - Día 1.docx
[2026-02-27T21:21:11.924+0000] {processor.py:830} INFO - Processing file /opt/airflow/dags/Diseño de Arquitectura Completa - Día 1.docx for tasks to queue
[2026-02-27T21:21:11.926+0000] {logging_mixin.py:188} INFO - [2026-02-27T21:21:11.925+0000] {dagbag.py:540} INFO - Filling up the DagBag from /opt/airflow/dags/Diseño de Arquitectura Completa - Día 1.docx
[2026-02-27T21:21:11.946+0000] {processor.py:842} WARNING - No viable dags retrieved from /opt/airflow/dags/Diseño de Arquitectura Completa - Día 1.docx
[2026-02-27T21:21:11.978+0000] {processor.py:183} INFO - Processing /opt/airflow/dags/Diseño de Arquitectura Completa - Día 1.docx took 0.066 seconds
[2026-02-27T21:21:42.270+0000] {processor.py:161} INFO - Started process (PID=215) to work on /opt/airflow/dags/Diseño de Arquitectura Completa - Día 1.docx
[2026-02-27T21:21:42.272+0000] {processor.py:830} INFO - Processing file /opt/airflow/dags/Diseño de Arquitectura Completa - Día 1.docx for tasks to queue
[2026-02-27T21:21:42.273+0000] {logging_mixin.py:188} INFO - [2026-02-27T21:21:42.273+0000] {dagbag.py:540} INFO - Filling up the DagBag from /opt/airflow/dags/Diseño de Arquitectura Completa - Día 1.docx
[2026-02-27T21:21:42.288+0000] {processor.py:842} WARNING - No viable dags retrieved from /opt/airflow/dags/Diseño de Arquitectura Completa - Día 1.docx
[2026-02-27T21:21:42.317+0000] {processor.py:183} INFO - Processing /opt/airflow/dags/Diseño de Arquitectura Completa - Día 1.docx took 0.058 seconds
[2026-02-27T21:22:12.564+0000] {processor.py:161} INFO - Started process (PID=223) to work on /opt/airflow/dags/Diseño de Arquitectura Completa - Día 1.docx
[2026-02-27T21:22:12.565+0000] {processor.py:830} INFO - Processing file /opt/airflow/dags/Diseño de Arquitectura Completa - Día 1.docx for tasks to queue
[2026-02-27T21:22:12.567+0000] {logging_mixin.py:188} INFO - [2026-02-27T21:22:12.567+0000] {dagbag.py:540} INFO - Filling up the DagBag from /opt/airflow/dags/Diseño de Arquitectura Completa - Día 1.docx
[2026-02-27T21:22:12.578+0000] {processor.py:842} WARNING - No viable dags retrieved from /opt/airflow/dags/Diseño de Arquitectura Completa - Día 1.docx
[2026-02-27T21:22:12.603+0000] {processor.py:183} INFO - Processing /opt/airflow/dags/Diseño de Arquitectura Completa - Día 1.docx took 0.049 seconds
[2026-02-27T21:22:43.148+0000] {processor.py:161} INFO - Started process (PID=231) to work on /opt/airflow/dags/Diseño de Arquitectura Completa - Día 1.docx
[2026-02-27T21:22:43.150+0000] {processor.py:830} INFO - Processing file /opt/airflow/dags/Diseño de Arquitectura Completa - Día 1.docx for tasks to queue
[2026-02-27T21:22:43.152+0000] {logging_mixin.py:188} INFO - [2026-02-27T21:22:43.151+0000] {dagbag.py:540} INFO - Filling up the DagBag from /opt/airflow/dags/Diseño de Arquitectura Completa - Día 1.docx
[2026-02-27T21:22:43.180+0000] {processor.py:842} WARNING - No viable dags retrieved from /opt/airflow/dags/Diseño de Arquitectura Completa - Día 1.docx
[2026-02-27T21:22:43.212+0000] {processor.py:183} INFO - Processing /opt/airflow/dags/Diseño de Arquitectura Completa - Día 1.docx took 0.073 seconds
[2026-02-27T21:23:13.710+0000] {processor.py:161} INFO - Started process (PID=239) to work on /opt/airflow/dags/Diseño de Arquitectura Completa - Día 1.docx
[2026-02-27T21:23:13.712+0000] {processor.py:830} INFO - Processing file /opt/airflow/dags/Diseño de Arquitectura Completa - Día 1.docx for tasks to queue
[2026-02-27T21:23:13.714+0000] {logging_mixin.py:188} INFO - [2026-02-27T21:23:13.714+0000] {dagbag.py:540} INFO - Filling up the DagBag from /opt/airflow/dags/Diseño de Arquitectura Completa - Día 1.docx
[2026-02-27T21:23:13.734+0000] {processor.py:842} WARNING - No viable dags retrieved from /opt/airflow/dags/Diseño de Arquitectura Completa - Día 1.docx
[2026-02-27T21:23:13.757+0000] {processor.py:183} INFO - Processing /opt/airflow/dags/Diseño de Arquitectura Completa - Día 1.docx took 0.058 seconds
[2026-02-27T21:23:44.327+0000] {processor.py:161} INFO - Started process (PID=247) to work on /opt/airflow/dags/Diseño de Arquitectura Completa - Día 1.docx
[2026-02-27T21:23:44.328+0000] {processor.py:830} INFO - Processing file /opt/airflow/dags/Diseño de Arquitectura Completa - Día 1.docx for tasks to queue
[2026-02-27T21:23:44.331+0000] {logging_mixin.py:188} INFO - [2026-02-27T21:23:44.330+0000] {dagbag.py:540} INFO - Filling up the DagBag from /opt/airflow/dags/Diseño de Arquitectura Completa - Día 1.docx
[2026-02-27T21:23:44.347+0000] {processor.py:842} WARNING - No viable dags retrieved from /opt/airflow/dags/Diseño de Arquitectura Completa - Día 1.docx
[2026-02-27T21:23:44.371+0000] {processor.py:183} INFO - Processing /opt/airflow/dags/Diseño de Arquitectura Completa - Día 1.docx took 0.053 seconds
[2026-02-27T21:24:14.594+0000] {processor.py:161} INFO - Started process (PID=255) to work on /opt/airflow/dags/Diseño de Arquitectura Completa - Día 1.docx
[2026-02-27T21:24:14.596+0000] {processor.py:830} INFO - Processing file /opt/airflow/dags/Diseño de Arquitectura Completa - Día 1.docx for tasks to queue
[2026-02-27T21:24:14.597+0000] {logging_mixin.py:188} INFO - [2026-02-27T21:24:14.597+0000] {dagbag.py:540} INFO - Filling up the DagBag from /opt/airflow/dags/Diseño de Arquitectura Completa - Día 1.docx
[2026-02-27T21:24:14.613+0000] {processor.py:842} WARNING - No viable dags retrieved from /opt/airflow/dags/Diseño de Arquitectura Completa - Día 1.docx
[2026-02-27T21:24:14.634+0000] {processor.py:183} INFO - Processing /opt/airflow/dags/Diseño de Arquitectura Completa - Día 1.docx took 0.048 seconds
[2026-02-27T21:24:44.920+0000] {processor.py:161} INFO - Started process (PID=263) to work on /opt/airflow/dags/Diseño de Arquitectura Completa - Día 1.docx
[2026-02-27T21:24:44.922+0000] {processor.py:830} INFO - Processing file /opt/airflow/dags/Diseño de Arquitectura Completa - Día 1.docx for tasks to queue
[2026-02-27T21:24:44.924+0000] {logging_mixin.py:188} INFO - [2026-02-27T21:24:44.923+0000] {dagbag.py:540} INFO - Filling up the DagBag from /opt/airflow/dags/Diseño de Arquitectura Completa - Día 1.docx
[2026-02-27T21:24:44.949+0000] {processor.py:842} WARNING - No viable dags retrieved from /opt/airflow/dags/Diseño de Arquitectura Completa - Día 1.docx
[2026-02-27T21:24:44.977+0000] {processor.py:183} INFO - Processing /opt/airflow/dags/Diseño de Arquitectura Completa - Día 1.docx took 0.069 seconds
[2026-02-27T21:25:15.272+0000] {processor.py:161} INFO - Started process (PID=271) to work on /opt/airflow/dags/Diseño de Arquitectura Completa - Día 1.docx
[2026-02-27T21:25:15.274+0000] {processor.py:830} INFO - Processing file /opt/airflow/dags/Diseño de Arquitectura Completa - Día 1.docx for tasks to queue
[2026-02-27T21:25:15.276+0000] {logging_mixin.py:188} INFO - [2026-02-27T21:25:15.276+0000] {dagbag.py:540} INFO - Filling up the DagBag from /opt/airflow/dags/Diseño de Arquitectura Completa - Día 1.docx
[2026-02-27T21:25:15.297+0000] {processor.py:842} WARNING - No viable dags retrieved from /opt/airflow/dags/Diseño de Arquitectura Completa - Día 1.docx
[2026-02-27T21:25:15.320+0000] {processor.py:183} INFO - Processing /opt/airflow/dags/Diseño de Arquitectura Completa - Día 1.docx took 0.056 seconds
[2026-02-27T21:25:45.635+0000] {processor.py:161} INFO - Started process (PID=279) to work on /opt/airflow/dags/Diseño de Arquitectura Completa - Día 1.docx
[2026-02-27T21:25:45.637+0000] {processor.py:830} INFO - Processing file /opt/airflow/dags/Diseño de Arquitectura Completa - Día 1.docx for tasks to queue
[2026-02-27T21:25:45.638+0000] {logging_mixin.py:188} INFO - [2026-02-27T21:25:45.638+0000] {dagbag.py:540} INFO - Filling up the DagBag from /opt/airflow/dags/Diseño de Arquitectura Completa - Día 1.docx
[2026-02-27T21:25:45.648+0000] {processor.py:842} WARNING - No viable dags retrieved from /opt/airflow/dags/Diseño de Arquitectura Completa - Día 1.docx
[2026-02-27T21:25:45.670+0000] {processor.py:183} INFO - Processing /opt/airflow/dags/Diseño de Arquitectura Completa - Día 1.docx took 0.043 seconds
[2026-02-27T21:26:16.197+0000] {processor.py:161} INFO - Started process (PID=287) to work on /opt/airflow/dags/Diseño de Arquitectura Completa - Día 1.docx
[2026-02-27T21:26:16.199+0000] {processor.py:830} INFO - Processing file /opt/airflow/dags/Diseño de Arquitectura Completa - Día 1.docx for tasks to queue
[2026-02-27T21:26:16.201+0000] {logging_mixin.py:188} INFO - [2026-02-27T21:26:16.201+0000] {dagbag.py:540} INFO - Filling up the DagBag from /opt/airflow/dags/Diseño de Arquitectura Completa - Día 1.docx
[2026-02-27T21:26:16.224+0000] {processor.py:842} WARNING - No viable dags retrieved from /opt/airflow/dags/Diseño de Arquitectura Completa - Día 1.docx
[2026-02-27T21:26:16.254+0000] {processor.py:183} INFO - Processing /opt/airflow/dags/Diseño de Arquitectura Completa - Día 1.docx took 0.066 seconds
[2026-02-27T21:26:46.632+0000] {processor.py:161} INFO - Started process (PID=295) to work on /opt/airflow/dags/Diseño de Arquitectura Completa - Día 1.docx
[2026-02-27T21:26:46.634+0000] {processor.py:830} INFO - Processing file /opt/airflow/dags/Diseño de Arquitectura Completa - Día 1.docx for tasks to queue
[2026-02-27T21:26:46.635+0000] {logging_mixin.py:188} INFO - [2026-02-27T21:26:46.635+0000] {dagbag.py:540} INFO - Filling up the DagBag from /opt/airflow/dags/Diseño de Arquitectura Completa - Día 1.docx
[2026-02-27T21:26:46.649+0000] {processor.py:842} WARNING - No viable dags retrieved from /opt/airflow/dags/Diseño de Arquitectura Completa - Día 1.docx
[2026-02-27T21:26:46.673+0000] {processor.py:183} INFO - Processing /opt/airflow/dags/Diseño de Arquitectura Completa - Día 1.docx took 0.052 seconds
[2026-02-27T21:27:16.911+0000] {processor.py:161} INFO - Started process (PID=303) to work on /opt/airflow/dags/Diseño de Arquitectura Completa - Día 1.docx
[2026-02-27T21:27:16.913+0000] {processor.py:830} INFO - Processing file /opt/airflow/dags/Diseño de Arquitectura Completa - Día 1.docx for tasks to queue
[2026-02-27T21:27:16.914+0000] {logging_mixin.py:188} INFO - [2026-02-27T21:27:16.914+0000] {dagbag.py:540} INFO - Filling up the DagBag from /opt/airflow/dags/Diseño de Arquitectura Completa - Día 1.docx
[2026-02-27T21:27:16.937+0000] {processor.py:842} WARNING - No viable dags retrieved from /opt/airflow/dags/Diseño de Arquitectura Completa - Día 1.docx
[2026-02-27T21:27:16.963+0000] {processor.py:183} INFO - Processing /opt/airflow/dags/Diseño de Arquitectura Completa - Día 1.docx took 0.060 seconds
[2026-02-27T21:27:47.307+0000] {processor.py:161} INFO - Started process (PID=311) to work on /opt/airflow/dags/Diseño de Arquitectura Completa - Día 1.docx
[2026-02-27T21:27:47.309+0000] {processor.py:830} INFO - Processing file /opt/airflow/dags/Diseño de Arquitectura Completa - Día 1.docx for tasks to queue
[2026-02-27T21:27:47.310+0000] {logging_mixin.py:188} INFO - [2026-02-27T21:27:47.310+0000] {dagbag.py:540} INFO - Filling up the DagBag from /opt/airflow/dags/Diseño de Arquitectura Completa - Día 1.docx
[2026-02-27T21:27:47.322+0000] {processor.py:842} WARNING - No viable dags retrieved from /opt/airflow/dags/Diseño de Arquitectura Completa - Día 1.docx
[2026-02-27T21:27:47.344+0000] {processor.py:183} INFO - Processing /opt/airflow/dags/Diseño de Arquitectura Completa - Día 1.docx took 0.046 seconds
[2026-02-27T21:28:17.675+0000] {processor.py:161} INFO - Started process (PID=319) to work on /opt/airflow/dags/Diseño de Arquitectura Completa - Día 1.docx
[2026-02-27T21:28:17.677+0000] {processor.py:830} INFO - Processing file /opt/airflow/dags/Diseño de Arquitectura Completa - Día 1.docx for tasks to queue
[2026-02-27T21:28:17.679+0000] {logging_mixin.py:188} INFO - [2026-02-27T21:28:17.678+0000] {dagbag.py:540} INFO - Filling up the DagBag from /opt/airflow/dags/Diseño de Arquitectura Completa - Día 1.docx
[2026-02-27T21:28:17.695+0000] {processor.py:842} WARNING - No viable dags retrieved from /opt/airflow/dags/Diseño de Arquitectura Completa - Día 1.docx
[2026-02-27T21:28:17.720+0000] {processor.py:183} INFO - Processing /opt/airflow/dags/Diseño de Arquitectura Completa - Día 1.docx took 0.055 seconds
[2026-02-27T21:28:47.934+0000] {processor.py:161} INFO - Started process (PID=327) to work on /opt/airflow/dags/Diseño de Arquitectura Completa - Día 1.docx
[2026-02-27T21:28:47.935+0000] {processor.py:830} INFO - Processing file /opt/airflow/dags/Diseño de Arquitectura Completa - Día 1.docx for tasks to queue
[2026-02-27T21:28:47.936+0000] {logging_mixin.py:188} INFO - [2026-02-27T21:28:47.936+0000] {dagbag.py:540} INFO - Filling up the DagBag from /opt/airflow/dags/Diseño de Arquitectura Completa - Día 1.docx
[2026-02-27T21:28:47.948+0000] {processor.py:842} WARNING - No viable dags retrieved from /opt/airflow/dags/Diseño de Arquitectura Completa - Día 1.docx
[2026-02-27T21:28:47.967+0000] {processor.py:183} INFO - Processing /opt/airflow/dags/Diseño de Arquitectura Completa - Día 1.docx took 0.043 seconds
[2026-02-27T21:29:18.331+0000] {processor.py:161} INFO - Started process (PID=335) to work on /opt/airflow/dags/Diseño de Arquitectura Completa - Día 1.docx
[2026-02-27T21:29:18.333+0000] {processor.py:830} INFO - Processing file /opt/airflow/dags/Diseño de Arquitectura Completa - Día 1.docx for tasks to queue
[2026-02-27T21:29:18.334+0000] {logging_mixin.py:188} INFO - [2026-02-27T21:29:18.334+0000] {dagbag.py:540} INFO - Filling up the DagBag from /opt/airflow/dags/Diseño de Arquitectura Completa - Día 1.docx
[2026-02-27T21:29:18.349+0000] {processor.py:842} WARNING - No viable dags retrieved from /opt/airflow/dags/Diseño de Arquitectura Completa - Día 1.docx
[2026-02-27T21:29:18.375+0000] {processor.py:183} INFO - Processing /opt/airflow/dags/Diseño de Arquitectura Completa - Día 1.docx took 0.052 seconds
[2026-02-27T21:29:48.804+0000] {processor.py:161} INFO - Started process (PID=343) to work on /opt/airflow/dags/Diseño de Arquitectura Completa - Día 1.docx
[2026-02-27T21:29:48.806+0000] {processor.py:830} INFO - Processing file /opt/airflow/dags/Diseño de Arquitectura Completa - Día 1.docx for tasks to queue
[2026-02-27T21:29:48.807+0000] {logging_mixin.py:188} INFO - [2026-02-27T21:29:48.807+0000] {dagbag.py:540} INFO - Filling up the DagBag from /opt/airflow/dags/Diseño de Arquitectura Completa - Día 1.docx
[2026-02-27T21:29:48.819+0000] {processor.py:842} WARNING - No viable dags retrieved from /opt/airflow/dags/Diseño de Arquitectura Completa - Día 1.docx
[2026-02-27T21:29:48.841+0000] {processor.py:183} INFO - Processing /opt/airflow/dags/Diseño de Arquitectura Completa - Día 1.docx took 0.045 seconds
[2026-02-27T21:30:19.279+0000] {processor.py:161} INFO - Started process (PID=351) to work on /opt/airflow/dags/Diseño de Arquitectura Completa - Día 1.docx
[2026-02-27T21:30:19.281+0000] {processor.py:830} INFO - Processing file /opt/airflow/dags/Diseño de Arquitectura Completa - Día 1.docx for tasks to queue
[2026-02-27T21:30:19.283+0000] {logging_mixin.py:188} INFO - [2026-02-27T21:30:19.283+0000] {dagbag.py:540} INFO - Filling up the DagBag from /opt/airflow/dags/Diseño de Arquitectura Completa - Día 1.docx
[2026-02-27T21:30:19.309+0000] {processor.py:842} WARNING - No viable dags retrieved from /opt/airflow/dags/Diseño de Arquitectura Completa - Día 1.docx
[2026-02-27T21:30:19.338+0000] {processor.py:183} INFO - Processing /opt/airflow/dags/Diseño de Arquitectura Completa - Día 1.docx took 0.068 seconds
[2026-02-27T21:30:50.020+0000] {processor.py:161} INFO - Started process (PID=359) to work on /opt/airflow/dags/Diseño de Arquitectura Completa - Día 1.docx
[2026-02-27T21:30:50.023+0000] {processor.py:830} INFO - Processing file /opt/airflow/dags/Diseño de Arquitectura Completa - Día 1.docx for tasks to queue
[2026-02-27T21:30:50.025+0000] {logging_mixin.py:188} INFO - [2026-02-27T21:30:50.024+0000] {dagbag.py:540} INFO - Filling up the DagBag from /opt/airflow/dags/Diseño de Arquitectura Completa - Día 1.docx
[2026-02-27T21:30:50.050+0000] {processor.py:842} WARNING - No viable dags retrieved from /opt/airflow/dags/Diseño de Arquitectura Completa - Día 1.docx
[2026-02-27T21:30:50.085+0000] {processor.py:183} INFO - Processing /opt/airflow/dags/Diseño de Arquitectura Completa - Día 1.docx took 0.085 seconds
[2026-02-27T21:31:38.631+0000] {processor.py:161} INFO - Started process (PID=40) to work on /opt/airflow/dags/Diseño de Arquitectura Completa - Día 1.docx
[2026-02-27T21:31:38.634+0000] {processor.py:830} INFO - Processing file /opt/airflow/dags/Diseño de Arquitectura Completa - Día 1.docx for tasks to queue
[2026-02-27T21:31:38.637+0000] {logging_mixin.py:188} INFO - [2026-02-27T21:31:38.636+0000] {dagbag.py:540} INFO - Filling up the DagBag from /opt/airflow/dags/Diseño de Arquitectura Completa - Día 1.docx
[2026-02-27T21:31:38.663+0000] {processor.py:842} WARNING - No viable dags retrieved from /opt/airflow/dags/Diseño de Arquitectura Completa - Día 1.docx
[2026-02-27T21:31:38.709+0000] {processor.py:183} INFO - Processing /opt/airflow/dags/Diseño de Arquitectura Completa - Día 1.docx took 0.087 seconds
[2026-02-27T21:32:08.971+0000] {processor.py:161} INFO - Started process (PID=48) to work on /opt/airflow/dags/Diseño de Arquitectura Completa - Día 1.docx
[2026-02-27T21:32:08.972+0000] {processor.py:830} INFO - Processing file /opt/airflow/dags/Diseño de Arquitectura Completa - Día 1.docx for tasks to queue
[2026-02-27T21:32:08.974+0000] {logging_mixin.py:188} INFO - [2026-02-27T21:32:08.973+0000] {dagbag.py:540} INFO - Filling up the DagBag from /opt/airflow/dags/Diseño de Arquitectura Completa - Día 1.docx
[2026-02-27T21:32:08.991+0000] {processor.py:842} WARNING - No viable dags retrieved from /opt/airflow/dags/Diseño de Arquitectura Completa - Día 1.docx
[2026-02-27T21:32:09.015+0000] {processor.py:183} INFO - Processing /opt/airflow/dags/Diseño de Arquitectura Completa - Día 1.docx took 0.054 seconds
[2026-02-27T21:32:39.377+0000] {processor.py:161} INFO - Started process (PID=56) to work on /opt/airflow/dags/Diseño de Arquitectura Completa - Día 1.docx
[2026-02-27T21:32:39.379+0000] {processor.py:830} INFO - Processing file /opt/airflow/dags/Diseño de Arquitectura Completa - Día 1.docx for tasks to queue
[2026-02-27T21:32:39.381+0000] {logging_mixin.py:188} INFO - [2026-02-27T21:32:39.380+0000] {dagbag.py:540} INFO - Filling up the DagBag from /opt/airflow/dags/Diseño de Arquitectura Completa - Día 1.docx
[2026-02-27T21:32:39.393+0000] {processor.py:842} WARNING - No viable dags retrieved from /opt/airflow/dags/Diseño de Arquitectura Completa - Día 1.docx
[2026-02-27T21:32:39.419+0000] {processor.py:183} INFO - Processing /opt/airflow/dags/Diseño de Arquitectura Completa - Día 1.docx took 0.049 seconds
[2026-02-27T21:33:09.781+0000] {processor.py:161} INFO - Started process (PID=64) to work on /opt/airflow/dags/Diseño de Arquitectura Completa - Día 1.docx
[2026-02-27T21:33:09.783+0000] {processor.py:830} INFO - Processing file /opt/airflow/dags/Diseño de Arquitectura Completa - Día 1.docx for tasks to queue
[2026-02-27T21:33:09.784+0000] {logging_mixin.py:188} INFO - [2026-02-27T21:33:09.784+0000] {dagbag.py:540} INFO - Filling up the DagBag from /opt/airflow/dags/Diseño de Arquitectura Completa - Día 1.docx
[2026-02-27T21:33:09.801+0000] {processor.py:842} WARNING - No viable dags retrieved from /opt/airflow/dags/Diseño de Arquitectura Completa - Día 1.docx
[2026-02-27T21:33:09.825+0000] {processor.py:183} INFO - Processing /opt/airflow/dags/Diseño de Arquitectura Completa - Día 1.docx took 0.052 seconds
[2026-02-27T21:33:40.223+0000] {processor.py:161} INFO - Started process (PID=72) to work on /opt/airflow/dags/Diseño de Arquitectura Completa - Día 1.docx
[2026-02-27T21:33:40.225+0000] {processor.py:830} INFO - Processing file /opt/airflow/dags/Diseño de Arquitectura Completa - Día 1.docx for tasks to queue
[2026-02-27T21:33:40.228+0000] {logging_mixin.py:188} INFO - [2026-02-27T21:33:40.227+0000] {dagbag.py:540} INFO - Filling up the DagBag from /opt/airflow/dags/Diseño de Arquitectura Completa - Día 1.docx
[2026-02-27T21:33:40.244+0000] {processor.py:842} WARNING - No viable dags retrieved from /opt/airflow/dags/Diseño de Arquitectura Completa - Día 1.docx
[2026-02-27T21:33:40.276+0000] {processor.py:183} INFO - Processing /opt/airflow/dags/Diseño de Arquitectura Completa - Día 1.docx took 0.067 seconds
[2026-02-27T21:34:10.619+0000] {processor.py:161} INFO - Started process (PID=80) to work on /opt/airflow/dags/Diseño de Arquitectura Completa - Día 1.docx
[2026-02-27T21:34:10.621+0000] {processor.py:830} INFO - Processing file /opt/airflow/dags/Diseño de Arquitectura Completa - Día 1.docx for tasks to queue
[2026-02-27T21:34:10.623+0000] {logging_mixin.py:188} INFO - [2026-02-27T21:34:10.623+0000] {dagbag.py:540} INFO - Filling up the DagBag from /opt/airflow/dags/Diseño de Arquitectura Completa - Día 1.docx
[2026-02-27T21:34:10.643+0000] {processor.py:842} WARNING - No viable dags retrieved from /opt/airflow/dags/Diseño de Arquitectura Completa - Día 1.docx
[2026-02-27T21:34:10.669+0000] {processor.py:183} INFO - Processing /opt/airflow/dags/Diseño de Arquitectura Completa - Día 1.docx took 0.057 seconds
[2026-02-27T21:34:40.970+0000] {processor.py:161} INFO - Started process (PID=88) to work on /opt/airflow/dags/Diseño de Arquitectura Completa - Día 1.docx
[2026-02-27T21:34:40.971+0000] {processor.py:830} INFO - Processing file /opt/airflow/dags/Diseño de Arquitectura Completa - Día 1.docx for tasks to queue
[2026-02-27T21:34:40.973+0000] {logging_mixin.py:188} INFO - [2026-02-27T21:34:40.973+0000] {dagbag.py:540} INFO - Filling up the DagBag from /opt/airflow/dags/Diseño de Arquitectura Completa - Día 1.docx
[2026-02-27T21:34:40.989+0000] {processor.py:842} WARNING - No viable dags retrieved from /opt/airflow/dags/Diseño de Arquitectura Completa - Día 1.docx
[2026-02-27T21:34:41.011+0000] {processor.py:183} INFO - Processing /opt/airflow/dags/Diseño de Arquitectura Completa - Día 1.docx took 0.053 seconds
[2026-02-27T21:35:11.458+0000] {processor.py:161} INFO - Started process (PID=96) to work on /opt/airflow/dags/Diseño de Arquitectura Completa - Día 1.docx
[2026-02-27T21:35:11.460+0000] {processor.py:830} INFO - Processing file /opt/airflow/dags/Diseño de Arquitectura Completa - Día 1.docx for tasks to queue
[2026-02-27T21:35:11.463+0000] {logging_mixin.py:188} INFO - [2026-02-27T21:35:11.462+0000] {dagbag.py:540} INFO - Filling up the DagBag from /opt/airflow/dags/Diseño de Arquitectura Completa - Día 1.docx
[2026-02-27T21:35:11.480+0000] {processor.py:842} WARNING - No viable dags retrieved from /opt/airflow/dags/Diseño de Arquitectura Completa - Día 1.docx
[2026-02-27T21:35:11.506+0000] {processor.py:183} INFO - Processing /opt/airflow/dags/Diseño de Arquitectura Completa - Día 1.docx took 0.060 seconds
[2026-02-27T21:35:42.068+0000] {processor.py:161} INFO - Started process (PID=104) to work on /opt/airflow/dags/Diseño de Arquitectura Completa - Día 1.docx
[2026-02-27T21:35:42.069+0000] {processor.py:830} INFO - Processing file /opt/airflow/dags/Diseño de Arquitectura Completa - Día 1.docx for tasks to queue
[2026-02-27T21:35:42.071+0000] {logging_mixin.py:188} INFO - [2026-02-27T21:35:42.071+0000] {dagbag.py:540} INFO - Filling up the DagBag from /opt/airflow/dags/Diseño de Arquitectura Completa - Día 1.docx
[2026-02-27T21:35:42.086+0000] {processor.py:842} WARNING - No viable dags retrieved from /opt/airflow/dags/Diseño de Arquitectura Completa - Día 1.docx
[2026-02-27T21:35:42.108+0000] {processor.py:183} INFO - Processing /opt/airflow/dags/Diseño de Arquitectura Completa - Día 1.docx took 0.049 seconds
[2026-02-27T21:36:12.496+0000] {processor.py:161} INFO - Started process (PID=112) to work on /opt/airflow/dags/Diseño de Arquitectura Completa - Día 1.docx
[2026-02-27T21:36:12.497+0000] {processor.py:830} INFO - Processing file /opt/airflow/dags/Diseño de Arquitectura Completa - Día 1.docx for tasks to queue
[2026-02-27T21:36:12.499+0000] {logging_mixin.py:188} INFO - [2026-02-27T21:36:12.499+0000] {dagbag.py:540} INFO - Filling up the DagBag from /opt/airflow/dags/Diseño de Arquitectura Completa - Día 1.docx
[2026-02-27T21:36:12.523+0000] {processor.py:842} WARNING - No viable dags retrieved from /opt/airflow/dags/Diseño de Arquitectura Completa - Día 1.docx
[2026-02-27T21:36:12.555+0000] {processor.py:183} INFO - Processing /opt/airflow/dags/Diseño de Arquitectura Completa - Día 1.docx took 0.067 seconds
[2026-02-27T21:36:43.149+0000] {processor.py:161} INFO - Started process (PID=120) to work on /opt/airflow/dags/Diseño de Arquitectura Completa - Día 1.docx
[2026-02-27T21:36:43.151+0000] {processor.py:830} INFO - Processing file /opt/airflow/dags/Diseño de Arquitectura Completa - Día 1.docx for tasks to queue
[2026-02-27T21:36:43.153+0000] {logging_mixin.py:188} INFO - [2026-02-27T21:36:43.152+0000] {dagbag.py:540} INFO - Filling up the DagBag from /opt/airflow/dags/Diseño de Arquitectura Completa - Día 1.docx
[2026-02-27T21:36:43.170+0000] {processor.py:842} WARNING - No viable dags retrieved from /opt/airflow/dags/Diseño de Arquitectura Completa - Día 1.docx
[2026-02-27T21:36:43.198+0000] {processor.py:183} INFO - Processing /opt/airflow/dags/Diseño de Arquitectura Completa - Día 1.docx took 0.058 seconds
[2026-02-27T21:37:13.491+0000] {processor.py:161} INFO - Started process (PID=128) to work on /opt/airflow/dags/Diseño de Arquitectura Completa - Día 1.docx
[2026-02-27T21:37:13.493+0000] {processor.py:830} INFO - Processing file /opt/airflow/dags/Diseño de Arquitectura Completa - Día 1.docx for tasks to queue
[2026-02-27T21:37:13.496+0000] {logging_mixin.py:188} INFO - [2026-02-27T21:37:13.495+0000] {dagbag.py:540} INFO - Filling up the DagBag from /opt/airflow/dags/Diseño de Arquitectura Completa - Día 1.docx
[2026-02-27T21:37:13.520+0000] {processor.py:842} WARNING - No viable dags retrieved from /opt/airflow/dags/Diseño de Arquitectura Completa - Día 1.docx
[2026-02-27T21:37:13.563+0000] {processor.py:183} INFO - Processing /opt/airflow/dags/Diseño de Arquitectura Completa - Día 1.docx took 0.084 seconds
[2026-02-27T21:37:43.897+0000] {processor.py:161} INFO - Started process (PID=136) to work on /opt/airflow/dags/Diseño de Arquitectura Completa - Día 1.docx
[2026-02-27T21:37:43.899+0000] {processor.py:830} INFO - Processing file /opt/airflow/dags/Diseño de Arquitectura Completa - Día 1.docx for tasks to queue
[2026-02-27T21:37:43.901+0000] {logging_mixin.py:188} INFO - [2026-02-27T21:37:43.900+0000] {dagbag.py:540} INFO - Filling up the DagBag from /opt/airflow/dags/Diseño de Arquitectura Completa - Día 1.docx
[2026-02-27T21:37:43.918+0000] {processor.py:842} WARNING - No viable dags retrieved from /opt/airflow/dags/Diseño de Arquitectura Completa - Día 1.docx
[2026-02-27T21:37:43.943+0000] {processor.py:183} INFO - Processing /opt/airflow/dags/Diseño de Arquitectura Completa - Día 1.docx took 0.055 seconds
[2026-02-27T21:38:14.189+0000] {processor.py:161} INFO - Started process (PID=144) to work on /opt/airflow/dags/Diseño de Arquitectura Completa - Día 1.docx
[2026-02-27T21:38:14.191+0000] {processor.py:830} INFO - Processing file /opt/airflow/dags/Diseño de Arquitectura Completa - Día 1.docx for tasks to queue
[2026-02-27T21:38:14.193+0000] {logging_mixin.py:188} INFO - [2026-02-27T21:38:14.192+0000] {dagbag.py:540} INFO - Filling up the DagBag from /opt/airflow/dags/Diseño de Arquitectura Completa - Día 1.docx
[2026-02-27T21:38:14.215+0000] {processor.py:842} WARNING - No viable dags retrieved from /opt/airflow/dags/Diseño de Arquitectura Completa - Día 1.docx
[2026-02-27T21:38:14.248+0000] {processor.py:183} INFO - Processing /opt/airflow/dags/Diseño de Arquitectura Completa - Día 1.docx took 0.069 seconds
[2026-02-27T21:38:44.952+0000] {processor.py:161} INFO - Started process (PID=152) to work on /opt/airflow/dags/Diseño de Arquitectura Completa - Día 1.docx
[2026-02-27T21:38:44.953+0000] {processor.py:830} INFO - Processing file /opt/airflow/dags/Diseño de Arquitectura Completa - Día 1.docx for tasks to queue
[2026-02-27T21:38:44.956+0000] {logging_mixin.py:188} INFO - [2026-02-27T21:38:44.955+0000] {dagbag.py:540} INFO - Filling up the DagBag from /opt/airflow/dags/Diseño de Arquitectura Completa - Día 1.docx
[2026-02-27T21:38:44.971+0000] {processor.py:842} WARNING - No viable dags retrieved from /opt/airflow/dags/Diseño de Arquitectura Completa - Día 1.docx
[2026-02-27T21:38:44.995+0000] {processor.py:183} INFO - Processing /opt/airflow/dags/Diseño de Arquitectura Completa - Día 1.docx took 0.052 seconds
[2026-02-27T21:39:15.362+0000] {processor.py:161} INFO - Started process (PID=160) to work on /opt/airflow/dags/Diseño de Arquitectura Completa - Día 1.docx
[2026-02-27T21:39:15.364+0000] {processor.py:830} INFO - Processing file /opt/airflow/dags/Diseño de Arquitectura Completa - Día 1.docx for tasks to queue
[2026-02-27T21:39:15.365+0000] {logging_mixin.py:188} INFO - [2026-02-27T21:39:15.365+0000] {dagbag.py:540} INFO - Filling up the DagBag from /opt/airflow/dags/Diseño de Arquitectura Completa - Día 1.docx
[2026-02-27T21:39:15.379+0000] {processor.py:842} WARNING - No viable dags retrieved from /opt/airflow/dags/Diseño de Arquitectura Completa - Día 1.docx
[2026-02-27T21:39:15.404+0000] {processor.py:183} INFO - Processing /opt/airflow/dags/Diseño de Arquitectura Completa - Día 1.docx took 0.050 seconds
[2026-02-27T21:39:45.632+0000] {processor.py:161} INFO - Started process (PID=168) to work on /opt/airflow/dags/Diseño de Arquitectura Completa - Día 1.docx
[2026-02-27T21:39:45.635+0000] {processor.py:830} INFO - Processing file /opt/airflow/dags/Diseño de Arquitectura Completa - Día 1.docx for tasks to queue
[2026-02-27T21:39:45.637+0000] {logging_mixin.py:188} INFO - [2026-02-27T21:39:45.637+0000] {dagbag.py:540} INFO - Filling up the DagBag from /opt/airflow/dags/Diseño de Arquitectura Completa - Día 1.docx
[2026-02-27T21:39:45.656+0000] {processor.py:842} WARNING - No viable dags retrieved from /opt/airflow/dags/Diseño de Arquitectura Completa - Día 1.docx
[2026-02-27T21:39:45.678+0000] {processor.py:183} INFO - Processing /opt/airflow/dags/Diseño de Arquitectura Completa - Día 1.docx took 0.063 seconds
[2026-02-27T21:40:16.174+0000] {processor.py:161} INFO - Started process (PID=176) to work on /opt/airflow/dags/Diseño de Arquitectura Completa - Día 1.docx
[2026-02-27T21:40:16.177+0000] {processor.py:830} INFO - Processing file /opt/airflow/dags/Diseño de Arquitectura Completa - Día 1.docx for tasks to queue
[2026-02-27T21:40:16.180+0000] {logging_mixin.py:188} INFO - [2026-02-27T21:40:16.179+0000] {dagbag.py:540} INFO - Filling up the DagBag from /opt/airflow/dags/Diseño de Arquitectura Completa - Día 1.docx
[2026-02-27T21:40:16.203+0000] {processor.py:842} WARNING - No viable dags retrieved from /opt/airflow/dags/Diseño de Arquitectura Completa - Día 1.docx
[2026-02-27T21:40:16.231+0000] {processor.py:183} INFO - Processing /opt/airflow/dags/Diseño de Arquitectura Completa - Día 1.docx took 0.070 seconds
[2026-02-27T21:40:46.704+0000] {processor.py:161} INFO - Started process (PID=184) to work on /opt/airflow/dags/Diseño de Arquitectura Completa - Día 1.docx
[2026-02-27T21:40:46.705+0000] {processor.py:830} INFO - Processing file /opt/airflow/dags/Diseño de Arquitectura Completa - Día 1.docx for tasks to queue
[2026-02-27T21:40:46.707+0000] {logging_mixin.py:188} INFO - [2026-02-27T21:40:46.706+0000] {dagbag.py:540} INFO - Filling up the DagBag from /opt/airflow/dags/Diseño de Arquitectura Completa - Día 1.docx
[2026-02-27T21:40:46.725+0000] {processor.py:842} WARNING - No viable dags retrieved from /opt/airflow/dags/Diseño de Arquitectura Completa - Día 1.docx
[2026-02-27T21:40:46.748+0000] {processor.py:183} INFO - Processing /opt/airflow/dags/Diseño de Arquitectura Completa - Día 1.docx took 0.051 seconds
[2026-02-27T21:41:17.139+0000] {processor.py:161} INFO - Started process (PID=192) to work on /opt/airflow/dags/Diseño de Arquitectura Completa - Día 1.docx
[2026-02-27T21:41:17.145+0000] {processor.py:830} INFO - Processing file /opt/airflow/dags/Diseño de Arquitectura Completa - Día 1.docx for tasks to queue
[2026-02-27T21:41:17.148+0000] {logging_mixin.py:188} INFO - [2026-02-27T21:41:17.147+0000] {dagbag.py:540} INFO - Filling up the DagBag from /opt/airflow/dags/Diseño de Arquitectura Completa - Día 1.docx
[2026-02-27T21:41:17.173+0000] {processor.py:842} WARNING - No viable dags retrieved from /opt/airflow/dags/Diseño de Arquitectura Completa - Día 1.docx
[2026-02-27T21:41:17.202+0000] {processor.py:183} INFO - Processing /opt/airflow/dags/Diseño de Arquitectura Completa - Día 1.docx took 0.073 seconds
[2026-02-27T21:41:47.729+0000] {processor.py:161} INFO - Started process (PID=200) to work on /opt/airflow/dags/Diseño de Arquitectura Completa - Día 1.docx
[2026-02-27T21:41:47.731+0000] {processor.py:830} INFO - Processing file /opt/airflow/dags/Diseño de Arquitectura Completa - Día 1.docx for tasks to queue
[2026-02-27T21:41:47.732+0000] {logging_mixin.py:188} INFO - [2026-02-27T21:41:47.732+0000] {dagbag.py:540} INFO - Filling up the DagBag from /opt/airflow/dags/Diseño de Arquitectura Completa - Día 1.docx
[2026-02-27T21:41:47.745+0000] {processor.py:842} WARNING - No viable dags retrieved from /opt/airflow/dags/Diseño de Arquitectura Completa - Día 1.docx
[2026-02-27T21:41:47.765+0000] {processor.py:183} INFO - Processing /opt/airflow/dags/Diseño de Arquitectura Completa - Día 1.docx took 0.044 seconds
[2026-02-27T21:42:17.977+0000] {processor.py:161} INFO - Started process (PID=208) to work on /opt/airflow/dags/Diseño de Arquitectura Completa - Día 1.docx
[2026-02-27T21:42:17.979+0000] {processor.py:830} INFO - Processing file /opt/airflow/dags/Diseño de Arquitectura Completa - Día 1.docx for tasks to queue
[2026-02-27T21:42:17.981+0000] {logging_mixin.py:188} INFO - [2026-02-27T21:42:17.981+0000] {dagbag.py:540} INFO - Filling up the DagBag from /opt/airflow/dags/Diseño de Arquitectura Completa - Día 1.docx
[2026-02-27T21:42:17.994+0000] {processor.py:842} WARNING - No viable dags retrieved from /opt/airflow/dags/Diseño de Arquitectura Completa - Día 1.docx
[2026-02-27T21:42:18.032+0000] {processor.py:183} INFO - Processing /opt/airflow/dags/Diseño de Arquitectura Completa - Día 1.docx took 0.064 seconds
[2026-02-27T21:42:48.499+0000] {processor.py:161} INFO - Started process (PID=216) to work on /opt/airflow/dags/Diseño de Arquitectura Completa - Día 1.docx
[2026-02-27T21:42:48.502+0000] {processor.py:830} INFO - Processing file /opt/airflow/dags/Diseño de Arquitectura Completa - Día 1.docx for tasks to queue
[2026-02-27T21:42:48.504+0000] {logging_mixin.py:188} INFO - [2026-02-27T21:42:48.503+0000] {dagbag.py:540} INFO - Filling up the DagBag from /opt/airflow/dags/Diseño de Arquitectura Completa - Día 1.docx
[2026-02-27T21:42:48.537+0000] {processor.py:842} WARNING - No viable dags retrieved from /opt/airflow/dags/Diseño de Arquitectura Completa - Día 1.docx
[2026-02-27T21:42:48.578+0000] {processor.py:183} INFO - Processing /opt/airflow/dags/Diseño de Arquitectura Completa - Día 1.docx took 0.094 seconds
[2026-02-27T21:43:18.848+0000] {processor.py:161} INFO - Started process (PID=224) to work on /opt/airflow/dags/Diseño de Arquitectura Completa - Día 1.docx
[2026-02-27T21:43:18.850+0000] {processor.py:830} INFO - Processing file /opt/airflow/dags/Diseño de Arquitectura Completa - Día 1.docx for tasks to queue
[2026-02-27T21:43:18.852+0000] {logging_mixin.py:188} INFO - [2026-02-27T21:43:18.851+0000] {dagbag.py:540} INFO - Filling up the DagBag from /opt/airflow/dags/Diseño de Arquitectura Completa - Día 1.docx
[2026-02-27T21:43:18.871+0000] {processor.py:842} WARNING - No viable dags retrieved from /opt/airflow/dags/Diseño de Arquitectura Completa - Día 1.docx
[2026-02-27T21:43:18.911+0000] {processor.py:183} INFO - Processing /opt/airflow/dags/Diseño de Arquitectura Completa - Día 1.docx took 0.072 seconds
[2026-02-27T21:43:49.307+0000] {processor.py:161} INFO - Started process (PID=232) to work on /opt/airflow/dags/Diseño de Arquitectura Completa - Día 1.docx
[2026-02-27T21:43:49.309+0000] {processor.py:830} INFO - Processing file /opt/airflow/dags/Diseño de Arquitectura Completa - Día 1.docx for tasks to queue
[2026-02-27T21:43:49.311+0000] {logging_mixin.py:188} INFO - [2026-02-27T21:43:49.310+0000] {dagbag.py:540} INFO - Filling up the DagBag from /opt/airflow/dags/Diseño de Arquitectura Completa - Día 1.docx
[2026-02-27T21:43:49.342+0000] {processor.py:842} WARNING - No viable dags retrieved from /opt/airflow/dags/Diseño de Arquitectura Completa - Día 1.docx
[2026-02-27T21:43:49.378+0000] {processor.py:183} INFO - Processing /opt/airflow/dags/Diseño de Arquitectura Completa - Día 1.docx took 0.079 seconds
[2026-02-27T21:44:19.658+0000] {processor.py:161} INFO - Started process (PID=240) to work on /opt/airflow/dags/Diseño de Arquitectura Completa - Día 1.docx
[2026-02-27T21:44:19.660+0000] {processor.py:830} INFO - Processing file /opt/airflow/dags/Diseño de Arquitectura Completa - Día 1.docx for tasks to queue
[2026-02-27T21:44:19.662+0000] {logging_mixin.py:188} INFO - [2026-02-27T21:44:19.661+0000] {dagbag.py:540} INFO - Filling up the DagBag from /opt/airflow/dags/Diseño de Arquitectura Completa - Día 1.docx
[2026-02-27T21:44:19.672+0000] {processor.py:842} WARNING - No viable dags retrieved from /opt/airflow/dags/Diseño de Arquitectura Completa - Día 1.docx
[2026-02-27T21:44:19.697+0000] {processor.py:183} INFO - Processing /opt/airflow/dags/Diseño de Arquitectura Completa - Día 1.docx took 0.048 seconds
[2026-02-27T21:44:50.041+0000] {processor.py:161} INFO - Started process (PID=248) to work on /opt/airflow/dags/Diseño de Arquitectura Completa - Día 1.docx
[2026-02-27T21:44:50.043+0000] {processor.py:830} INFO - Processing file /opt/airflow/dags/Diseño de Arquitectura Completa - Día 1.docx for tasks to queue
[2026-02-27T21:44:50.045+0000] {logging_mixin.py:188} INFO - [2026-02-27T21:44:50.044+0000] {dagbag.py:540} INFO - Filling up the DagBag from /opt/airflow/dags/Diseño de Arquitectura Completa - Día 1.docx
[2026-02-27T21:44:50.067+0000] {processor.py:842} WARNING - No viable dags retrieved from /opt/airflow/dags/Diseño de Arquitectura Completa - Día 1.docx
[2026-02-27T21:44:50.091+0000] {processor.py:183} INFO - Processing /opt/airflow/dags/Diseño de Arquitectura Completa - Día 1.docx took 0.057 seconds
[2026-02-27T21:45:20.354+0000] {processor.py:161} INFO - Started process (PID=256) to work on /opt/airflow/dags/Diseño de Arquitectura Completa - Día 1.docx
[2026-02-27T21:45:20.356+0000] {processor.py:830} INFO - Processing file /opt/airflow/dags/Diseño de Arquitectura Completa - Día 1.docx for tasks to queue
[2026-02-27T21:45:20.357+0000] {logging_mixin.py:188} INFO - [2026-02-27T21:45:20.357+0000] {dagbag.py:540} INFO - Filling up the DagBag from /opt/airflow/dags/Diseño de Arquitectura Completa - Día 1.docx
[2026-02-27T21:45:20.375+0000] {processor.py:842} WARNING - No viable dags retrieved from /opt/airflow/dags/Diseño de Arquitectura Completa - Día 1.docx
[2026-02-27T21:45:20.401+0000] {processor.py:183} INFO - Processing /opt/airflow/dags/Diseño de Arquitectura Completa - Día 1.docx took 0.055 seconds
[2026-02-27T21:45:50.866+0000] {processor.py:161} INFO - Started process (PID=264) to work on /opt/airflow/dags/Diseño de Arquitectura Completa - Día 1.docx
[2026-02-27T21:45:50.868+0000] {processor.py:830} INFO - Processing file /opt/airflow/dags/Diseño de Arquitectura Completa - Día 1.docx for tasks to queue
[2026-02-27T21:45:50.872+0000] {logging_mixin.py:188} INFO - [2026-02-27T21:45:50.870+0000] {dagbag.py:540} INFO - Filling up the DagBag from /opt/airflow/dags/Diseño de Arquitectura Completa - Día 1.docx
[2026-02-27T21:45:50.894+0000] {processor.py:842} WARNING - No viable dags retrieved from /opt/airflow/dags/Diseño de Arquitectura Completa - Día 1.docx
[2026-02-27T21:45:50.932+0000] {processor.py:183} INFO - Processing /opt/airflow/dags/Diseño de Arquitectura Completa - Día 1.docx took 0.075 seconds
[2026-02-27T21:46:21.268+0000] {processor.py:161} INFO - Started process (PID=272) to work on /opt/airflow/dags/Diseño de Arquitectura Completa - Día 1.docx
[2026-02-27T21:46:21.269+0000] {processor.py:830} INFO - Processing file /opt/airflow/dags/Diseño de Arquitectura Completa - Día 1.docx for tasks to queue
[2026-02-27T21:46:21.270+0000] {logging_mixin.py:188} INFO - [2026-02-27T21:46:21.270+0000] {dagbag.py:540} INFO - Filling up the DagBag from /opt/airflow/dags/Diseño de Arquitectura Completa - Día 1.docx
[2026-02-27T21:46:21.285+0000] {processor.py:842} WARNING - No viable dags retrieved from /opt/airflow/dags/Diseño de Arquitectura Completa - Día 1.docx
[2026-02-27T21:46:21.316+0000] {processor.py:183} INFO - Processing /opt/airflow/dags/Diseño de Arquitectura Completa - Día 1.docx took 0.057 seconds
[2026-02-27T21:46:51.926+0000] {processor.py:161} INFO - Started process (PID=280) to work on /opt/airflow/dags/Diseño de Arquitectura Completa - Día 1.docx
[2026-02-27T21:46:51.928+0000] {processor.py:830} INFO - Processing file /opt/airflow/dags/Diseño de Arquitectura Completa - Día 1.docx for tasks to queue
[2026-02-27T21:46:51.930+0000] {logging_mixin.py:188} INFO - [2026-02-27T21:46:51.930+0000] {dagbag.py:540} INFO - Filling up the DagBag from /opt/airflow/dags/Diseño de Arquitectura Completa - Día 1.docx
[2026-02-27T21:46:51.953+0000] {processor.py:842} WARNING - No viable dags retrieved from /opt/airflow/dags/Diseño de Arquitectura Completa - Día 1.docx
[2026-02-27T21:46:51.984+0000] {processor.py:183} INFO - Processing /opt/airflow/dags/Diseño de Arquitectura Completa - Día 1.docx took 0.067 seconds
[2026-02-27T21:47:22.513+0000] {processor.py:161} INFO - Started process (PID=288) to work on /opt/airflow/dags/Diseño de Arquitectura Completa - Día 1.docx
[2026-02-27T21:47:22.514+0000] {processor.py:830} INFO - Processing file /opt/airflow/dags/Diseño de Arquitectura Completa - Día 1.docx for tasks to queue
[2026-02-27T21:47:22.516+0000] {logging_mixin.py:188} INFO - [2026-02-27T21:47:22.516+0000] {dagbag.py:540} INFO - Filling up the DagBag from /opt/airflow/dags/Diseño de Arquitectura Completa - Día 1.docx
[2026-02-27T21:47:22.534+0000] {processor.py:842} WARNING - No viable dags retrieved from /opt/airflow/dags/Diseño de Arquitectura Completa - Día 1.docx
[2026-02-27T21:47:22.559+0000] {processor.py:183} INFO - Processing /opt/airflow/dags/Diseño de Arquitectura Completa - Día 1.docx took 0.056 seconds
[2026-02-27T21:47:52.860+0000] {processor.py:161} INFO - Started process (PID=296) to work on /opt/airflow/dags/Diseño de Arquitectura Completa - Día 1.docx
[2026-02-27T21:47:52.862+0000] {processor.py:830} INFO - Processing file /opt/airflow/dags/Diseño de Arquitectura Completa - Día 1.docx for tasks to queue
[2026-02-27T21:47:52.863+0000] {logging_mixin.py:188} INFO - [2026-02-27T21:47:52.863+0000] {dagbag.py:540} INFO - Filling up the DagBag from /opt/airflow/dags/Diseño de Arquitectura Completa - Día 1.docx
[2026-02-27T21:47:52.873+0000] {processor.py:842} WARNING - No viable dags retrieved from /opt/airflow/dags/Diseño de Arquitectura Completa - Día 1.docx
[2026-02-27T21:47:52.895+0000] {processor.py:183} INFO - Processing /opt/airflow/dags/Diseño de Arquitectura Completa - Día 1.docx took 0.043 seconds
[2026-02-27T21:48:23.316+0000] {processor.py:161} INFO - Started process (PID=304) to work on /opt/airflow/dags/Diseño de Arquitectura Completa - Día 1.docx
[2026-02-27T21:48:23.317+0000] {processor.py:830} INFO - Processing file /opt/airflow/dags/Diseño de Arquitectura Completa - Día 1.docx for tasks to queue
[2026-02-27T21:48:23.318+0000] {logging_mixin.py:188} INFO - [2026-02-27T21:48:23.318+0000] {dagbag.py:540} INFO - Filling up the DagBag from /opt/airflow/dags/Diseño de Arquitectura Completa - Día 1.docx
[2026-02-27T21:48:23.342+0000] {processor.py:842} WARNING - No viable dags retrieved from /opt/airflow/dags/Diseño de Arquitectura Completa - Día 1.docx
[2026-02-27T21:48:23.364+0000] {processor.py:183} INFO - Processing /opt/airflow/dags/Diseño de Arquitectura Completa - Día 1.docx took 0.056 seconds
[2026-02-27T21:48:53.684+0000] {processor.py:161} INFO - Started process (PID=312) to work on /opt/airflow/dags/Diseño de Arquitectura Completa - Día 1.docx
[2026-02-27T21:48:53.686+0000] {processor.py:830} INFO - Processing file /opt/airflow/dags/Diseño de Arquitectura Completa - Día 1.docx for tasks to queue
[2026-02-27T21:48:53.688+0000] {logging_mixin.py:188} INFO - [2026-02-27T21:48:53.687+0000] {dagbag.py:540} INFO - Filling up the DagBag from /opt/airflow/dags/Diseño de Arquitectura Completa - Día 1.docx
[2026-02-27T21:48:53.705+0000] {processor.py:842} WARNING - No viable dags retrieved from /opt/airflow/dags/Diseño de Arquitectura Completa - Día 1.docx
[2026-02-27T21:48:53.730+0000] {processor.py:183} INFO - Processing /opt/airflow/dags/Diseño de Arquitectura Completa - Día 1.docx took 0.054 seconds
[2026-02-27T21:49:24.164+0000] {processor.py:161} INFO - Started process (PID=320) to work on /opt/airflow/dags/Diseño de Arquitectura Completa - Día 1.docx
[2026-02-27T21:49:24.166+0000] {processor.py:830} INFO - Processing file /opt/airflow/dags/Diseño de Arquitectura Completa - Día 1.docx for tasks to queue
[2026-02-27T21:49:24.168+0000] {logging_mixin.py:188} INFO - [2026-02-27T21:49:24.168+0000] {dagbag.py:540} INFO - Filling up the DagBag from /opt/airflow/dags/Diseño de Arquitectura Completa - Día 1.docx
[2026-02-27T21:49:24.186+0000] {processor.py:842} WARNING - No viable dags retrieved from /opt/airflow/dags/Diseño de Arquitectura Completa - Día 1.docx
[2026-02-27T21:49:24.216+0000] {processor.py:183} INFO - Processing /opt/airflow/dags/Diseño de Arquitectura Completa - Día 1.docx took 0.063 seconds
[2026-02-27T21:49:54.532+0000] {processor.py:161} INFO - Started process (PID=328) to work on /opt/airflow/dags/Diseño de Arquitectura Completa - Día 1.docx
[2026-02-27T21:49:54.534+0000] {processor.py:830} INFO - Processing file /opt/airflow/dags/Diseño de Arquitectura Completa - Día 1.docx for tasks to queue
[2026-02-27T21:49:54.535+0000] {logging_mixin.py:188} INFO - [2026-02-27T21:49:54.535+0000] {dagbag.py:540} INFO - Filling up the DagBag from /opt/airflow/dags/Diseño de Arquitectura Completa - Día 1.docx
[2026-02-27T21:49:54.556+0000] {processor.py:842} WARNING - No viable dags retrieved from /opt/airflow/dags/Diseño de Arquitectura Completa - Día 1.docx
[2026-02-27T21:49:54.593+0000] {processor.py:183} INFO - Processing /opt/airflow/dags/Diseño de Arquitectura Completa - Día 1.docx took 0.069 seconds
[2026-02-27T21:50:25.252+0000] {processor.py:161} INFO - Started process (PID=336) to work on /opt/airflow/dags/Diseño de Arquitectura Completa - Día 1.docx
[2026-02-27T21:50:25.254+0000] {processor.py:830} INFO - Processing file /opt/airflow/dags/Diseño de Arquitectura Completa - Día 1.docx for tasks to queue
[2026-02-27T21:50:25.258+0000] {logging_mixin.py:188} INFO - [2026-02-27T21:50:25.257+0000] {dagbag.py:540} INFO - Filling up the DagBag from /opt/airflow/dags/Diseño de Arquitectura Completa - Día 1.docx
[2026-02-27T21:50:25.278+0000] {processor.py:842} WARNING - No viable dags retrieved from /opt/airflow/dags/Diseño de Arquitectura Completa - Día 1.docx
[2026-02-27T21:50:25.309+0000] {processor.py:183} INFO - Processing /opt/airflow/dags/Diseño de Arquitectura Completa - Día 1.docx took 0.068 seconds
[2026-02-27T21:50:55.645+0000] {processor.py:161} INFO - Started process (PID=344) to work on /opt/airflow/dags/Diseño de Arquitectura Completa - Día 1.docx
[2026-02-27T21:50:55.648+0000] {processor.py:830} INFO - Processing file /opt/airflow/dags/Diseño de Arquitectura Completa - Día 1.docx for tasks to queue
[2026-02-27T21:50:55.650+0000] {logging_mixin.py:188} INFO - [2026-02-27T21:50:55.649+0000] {dagbag.py:540} INFO - Filling up the DagBag from /opt/airflow/dags/Diseño de Arquitectura Completa - Día 1.docx
[2026-02-27T21:50:55.670+0000] {processor.py:842} WARNING - No viable dags retrieved from /opt/airflow/dags/Diseño de Arquitectura Completa - Día 1.docx
[2026-02-27T21:50:55.697+0000] {processor.py:183} INFO - Processing /opt/airflow/dags/Diseño de Arquitectura Completa - Día 1.docx took 0.064 seconds
[2026-02-27T21:51:26.100+0000] {processor.py:161} INFO - Started process (PID=352) to work on /opt/airflow/dags/Diseño de Arquitectura Completa - Día 1.docx
[2026-02-27T21:51:26.102+0000] {processor.py:830} INFO - Processing file /opt/airflow/dags/Diseño de Arquitectura Completa - Día 1.docx for tasks to queue
[2026-02-27T21:51:26.104+0000] {logging_mixin.py:188} INFO - [2026-02-27T21:51:26.103+0000] {dagbag.py:540} INFO - Filling up the DagBag from /opt/airflow/dags/Diseño de Arquitectura Completa - Día 1.docx
[2026-02-27T21:51:26.124+0000] {processor.py:842} WARNING - No viable dags retrieved from /opt/airflow/dags/Diseño de Arquitectura Completa - Día 1.docx
[2026-02-27T21:51:26.178+0000] {processor.py:183} INFO - Processing /opt/airflow/dags/Diseño de Arquitectura Completa - Día 1.docx took 0.086 seconds
[2026-02-27T21:51:57.163+0000] {processor.py:161} INFO - Started process (PID=360) to work on /opt/airflow/dags/Diseño de Arquitectura Completa - Día 1.docx
[2026-02-27T21:51:57.165+0000] {processor.py:830} INFO - Processing file /opt/airflow/dags/Diseño de Arquitectura Completa - Día 1.docx for tasks to queue
[2026-02-27T21:51:57.168+0000] {logging_mixin.py:188} INFO - [2026-02-27T21:51:57.167+0000] {dagbag.py:540} INFO - Filling up the DagBag from /opt/airflow/dags/Diseño de Arquitectura Completa - Día 1.docx
[2026-02-27T21:51:57.194+0000] {processor.py:842} WARNING - No viable dags retrieved from /opt/airflow/dags/Diseño de Arquitectura Completa - Día 1.docx
[2026-02-27T21:51:57.233+0000] {processor.py:183} INFO - Processing /opt/airflow/dags/Diseño de Arquitectura Completa - Día 1.docx took 0.087 seconds
[2026-02-27T21:52:27.991+0000] {processor.py:161} INFO - Started process (PID=368) to work on /opt/airflow/dags/Diseño de Arquitectura Completa - Día 1.docx
[2026-02-27T21:52:27.993+0000] {processor.py:830} INFO - Processing file /opt/airflow/dags/Diseño de Arquitectura Completa - Día 1.docx for tasks to queue
[2026-02-27T21:52:27.995+0000] {logging_mixin.py:188} INFO - [2026-02-27T21:52:27.995+0000] {dagbag.py:540} INFO - Filling up the DagBag from /opt/airflow/dags/Diseño de Arquitectura Completa - Día 1.docx
[2026-02-27T21:52:28.020+0000] {processor.py:842} WARNING - No viable dags retrieved from /opt/airflow/dags/Diseño de Arquitectura Completa - Día 1.docx
[2026-02-27T21:52:28.052+0000] {processor.py:183} INFO - Processing /opt/airflow/dags/Diseño de Arquitectura Completa - Día 1.docx took 0.070 seconds
[2026-02-27T21:52:58.433+0000] {processor.py:161} INFO - Started process (PID=376) to work on /opt/airflow/dags/Diseño de Arquitectura Completa - Día 1.docx
[2026-02-27T21:52:58.436+0000] {processor.py:830} INFO - Processing file /opt/airflow/dags/Diseño de Arquitectura Completa - Día 1.docx for tasks to queue
[2026-02-27T21:52:58.438+0000] {logging_mixin.py:188} INFO - [2026-02-27T21:52:58.437+0000] {dagbag.py:540} INFO - Filling up the DagBag from /opt/airflow/dags/Diseño de Arquitectura Completa - Día 1.docx
[2026-02-27T21:52:58.458+0000] {processor.py:842} WARNING - No viable dags retrieved from /opt/airflow/dags/Diseño de Arquitectura Completa - Día 1.docx
[2026-02-27T21:52:58.492+0000] {processor.py:183} INFO - Processing /opt/airflow/dags/Diseño de Arquitectura Completa - Día 1.docx took 0.068 seconds
[2026-02-27T21:53:29.037+0000] {processor.py:161} INFO - Started process (PID=384) to work on /opt/airflow/dags/Diseño de Arquitectura Completa - Día 1.docx
[2026-02-27T21:53:29.038+0000] {processor.py:830} INFO - Processing file /opt/airflow/dags/Diseño de Arquitectura Completa - Día 1.docx for tasks to queue
[2026-02-27T21:53:29.041+0000] {logging_mixin.py:188} INFO - [2026-02-27T21:53:29.040+0000] {dagbag.py:540} INFO - Filling up the DagBag from /opt/airflow/dags/Diseño de Arquitectura Completa - Día 1.docx
[2026-02-27T21:53:29.063+0000] {processor.py:842} WARNING - No viable dags retrieved from /opt/airflow/dags/Diseño de Arquitectura Completa - Día 1.docx
[2026-02-27T21:53:29.087+0000] {processor.py:183} INFO - Processing /opt/airflow/dags/Diseño de Arquitectura Completa - Día 1.docx took 0.059 seconds
[2026-02-27T21:53:59.602+0000] {processor.py:161} INFO - Started process (PID=392) to work on /opt/airflow/dags/Diseño de Arquitectura Completa - Día 1.docx
[2026-02-27T21:53:59.604+0000] {processor.py:830} INFO - Processing file /opt/airflow/dags/Diseño de Arquitectura Completa - Día 1.docx for tasks to queue
[2026-02-27T21:53:59.607+0000] {logging_mixin.py:188} INFO - [2026-02-27T21:53:59.606+0000] {dagbag.py:540} INFO - Filling up the DagBag from /opt/airflow/dags/Diseño de Arquitectura Completa - Día 1.docx
[2026-02-27T21:53:59.623+0000] {processor.py:842} WARNING - No viable dags retrieved from /opt/airflow/dags/Diseño de Arquitectura Completa - Día 1.docx
[2026-02-27T21:53:59.647+0000] {processor.py:183} INFO - Processing /opt/airflow/dags/Diseño de Arquitectura Completa - Día 1.docx took 0.054 seconds
[2026-02-27T21:54:29.991+0000] {processor.py:161} INFO - Started process (PID=400) to work on /opt/airflow/dags/Diseño de Arquitectura Completa - Día 1.docx
[2026-02-27T21:54:29.993+0000] {processor.py:830} INFO - Processing file /opt/airflow/dags/Diseño de Arquitectura Completa - Día 1.docx for tasks to queue
[2026-02-27T21:54:29.994+0000] {logging_mixin.py:188} INFO - [2026-02-27T21:54:29.994+0000] {dagbag.py:540} INFO - Filling up the DagBag from /opt/airflow/dags/Diseño de Arquitectura Completa - Día 1.docx
[2026-02-27T21:54:30.005+0000] {processor.py:842} WARNING - No viable dags retrieved from /opt/airflow/dags/Diseño de Arquitectura Completa - Día 1.docx
[2026-02-27T21:54:30.028+0000] {processor.py:183} INFO - Processing /opt/airflow/dags/Diseño de Arquitectura Completa - Día 1.docx took 0.044 seconds
[2026-02-27T21:55:00.525+0000] {processor.py:161} INFO - Started process (PID=408) to work on /opt/airflow/dags/Diseño de Arquitectura Completa - Día 1.docx
[2026-02-27T21:55:00.526+0000] {processor.py:830} INFO - Processing file /opt/airflow/dags/Diseño de Arquitectura Completa - Día 1.docx for tasks to queue
[2026-02-27T21:55:00.527+0000] {logging_mixin.py:188} INFO - [2026-02-27T21:55:00.527+0000] {dagbag.py:540} INFO - Filling up the DagBag from /opt/airflow/dags/Diseño de Arquitectura Completa - Día 1.docx
[2026-02-27T21:55:00.542+0000] {processor.py:842} WARNING - No viable dags retrieved from /opt/airflow/dags/Diseño de Arquitectura Completa - Día 1.docx
[2026-02-27T21:55:00.566+0000] {processor.py:183} INFO - Processing /opt/airflow/dags/Diseño de Arquitectura Completa - Día 1.docx took 0.053 seconds
[2026-02-27T21:55:31.014+0000] {processor.py:161} INFO - Started process (PID=416) to work on /opt/airflow/dags/Diseño de Arquitectura Completa - Día 1.docx
[2026-02-27T21:55:31.015+0000] {processor.py:830} INFO - Processing file /opt/airflow/dags/Diseño de Arquitectura Completa - Día 1.docx for tasks to queue
[2026-02-27T21:55:31.016+0000] {logging_mixin.py:188} INFO - [2026-02-27T21:55:31.016+0000] {dagbag.py:540} INFO - Filling up the DagBag from /opt/airflow/dags/Diseño de Arquitectura Completa - Día 1.docx
[2026-02-27T21:55:31.030+0000] {processor.py:842} WARNING - No viable dags retrieved from /opt/airflow/dags/Diseño de Arquitectura Completa - Día 1.docx
[2026-02-27T21:55:31.053+0000] {processor.py:183} INFO - Processing /opt/airflow/dags/Diseño de Arquitectura Completa - Día 1.docx took 0.047 seconds
[2026-02-27T21:56:01.663+0000] {processor.py:161} INFO - Started process (PID=424) to work on /opt/airflow/dags/Diseño de Arquitectura Completa - Día 1.docx
[2026-02-27T21:56:01.665+0000] {processor.py:830} INFO - Processing file /opt/airflow/dags/Diseño de Arquitectura Completa - Día 1.docx for tasks to queue
[2026-02-27T21:56:01.669+0000] {logging_mixin.py:188} INFO - [2026-02-27T21:56:01.667+0000] {dagbag.py:540} INFO - Filling up the DagBag from /opt/airflow/dags/Diseño de Arquitectura Completa - Día 1.docx
[2026-02-27T21:56:01.690+0000] {processor.py:842} WARNING - No viable dags retrieved from /opt/airflow/dags/Diseño de Arquitectura Completa - Día 1.docx
[2026-02-27T21:56:01.714+0000] {processor.py:183} INFO - Processing /opt/airflow/dags/Diseño de Arquitectura Completa - Día 1.docx took 0.062 seconds
[2026-02-27T21:56:32.140+0000] {processor.py:161} INFO - Started process (PID=432) to work on /opt/airflow/dags/Diseño de Arquitectura Completa - Día 1.docx
[2026-02-27T21:56:32.142+0000] {processor.py:830} INFO - Processing file /opt/airflow/dags/Diseño de Arquitectura Completa - Día 1.docx for tasks to queue
[2026-02-27T21:56:32.144+0000] {logging_mixin.py:188} INFO - [2026-02-27T21:56:32.144+0000] {dagbag.py:540} INFO - Filling up the DagBag from /opt/airflow/dags/Diseño de Arquitectura Completa - Día 1.docx
[2026-02-27T21:56:32.174+0000] {processor.py:842} WARNING - No viable dags retrieved from /opt/airflow/dags/Diseño de Arquitectura Completa - Día 1.docx
[2026-02-27T21:56:32.214+0000] {processor.py:183} INFO - Processing /opt/airflow/dags/Diseño de Arquitectura Completa - Día 1.docx took 0.087 seconds
[2026-02-27T21:57:02.937+0000] {processor.py:161} INFO - Started process (PID=440) to work on /opt/airflow/dags/Diseño de Arquitectura Completa - Día 1.docx
[2026-02-27T21:57:02.939+0000] {processor.py:830} INFO - Processing file /opt/airflow/dags/Diseño de Arquitectura Completa - Día 1.docx for tasks to queue
[2026-02-27T21:57:02.940+0000] {logging_mixin.py:188} INFO - [2026-02-27T21:57:02.940+0000] {dagbag.py:540} INFO - Filling up the DagBag from /opt/airflow/dags/Diseño de Arquitectura Completa - Día 1.docx
[2026-02-27T21:57:02.953+0000] {processor.py:842} WARNING - No viable dags retrieved from /opt/airflow/dags/Diseño de Arquitectura Completa - Día 1.docx
[2026-02-27T21:57:02.974+0000] {processor.py:183} INFO - Processing /opt/airflow/dags/Diseño de Arquitectura Completa - Día 1.docx took 0.044 seconds
[2026-02-27T21:57:33.392+0000] {processor.py:161} INFO - Started process (PID=448) to work on /opt/airflow/dags/Diseño de Arquitectura Completa - Día 1.docx
[2026-02-27T21:57:33.393+0000] {processor.py:830} INFO - Processing file /opt/airflow/dags/Diseño de Arquitectura Completa - Día 1.docx for tasks to queue
[2026-02-27T21:57:33.394+0000] {logging_mixin.py:188} INFO - [2026-02-27T21:57:33.394+0000] {dagbag.py:540} INFO - Filling up the DagBag from /opt/airflow/dags/Diseño de Arquitectura Completa - Día 1.docx
[2026-02-27T21:57:33.412+0000] {processor.py:842} WARNING - No viable dags retrieved from /opt/airflow/dags/Diseño de Arquitectura Completa - Día 1.docx
[2026-02-27T21:57:33.440+0000] {processor.py:183} INFO - Processing /opt/airflow/dags/Diseño de Arquitectura Completa - Día 1.docx took 0.056 seconds
[2026-02-27T21:58:03.777+0000] {processor.py:161} INFO - Started process (PID=456) to work on /opt/airflow/dags/Diseño de Arquitectura Completa - Día 1.docx
[2026-02-27T21:58:03.779+0000] {processor.py:830} INFO - Processing file /opt/airflow/dags/Diseño de Arquitectura Completa - Día 1.docx for tasks to queue
[2026-02-27T21:58:03.781+0000] {logging_mixin.py:188} INFO - [2026-02-27T21:58:03.780+0000] {dagbag.py:540} INFO - Filling up the DagBag from /opt/airflow/dags/Diseño de Arquitectura Completa - Día 1.docx
[2026-02-27T21:58:03.806+0000] {processor.py:842} WARNING - No viable dags retrieved from /opt/airflow/dags/Diseño de Arquitectura Completa - Día 1.docx
[2026-02-27T21:58:03.834+0000] {processor.py:183} INFO - Processing /opt/airflow/dags/Diseño de Arquitectura Completa - Día 1.docx took 0.064 seconds
[2026-02-27T21:58:34.117+0000] {processor.py:161} INFO - Started process (PID=464) to work on /opt/airflow/dags/Diseño de Arquitectura Completa - Día 1.docx
[2026-02-27T21:58:34.120+0000] {processor.py:830} INFO - Processing file /opt/airflow/dags/Diseño de Arquitectura Completa - Día 1.docx for tasks to queue
[2026-02-27T21:58:34.122+0000] {logging_mixin.py:188} INFO - [2026-02-27T21:58:34.121+0000] {dagbag.py:540} INFO - Filling up the DagBag from /opt/airflow/dags/Diseño de Arquitectura Completa - Día 1.docx
[2026-02-27T21:58:34.140+0000] {processor.py:842} WARNING - No viable dags retrieved from /opt/airflow/dags/Diseño de Arquitectura Completa - Día 1.docx
[2026-02-27T21:58:34.164+0000] {processor.py:183} INFO - Processing /opt/airflow/dags/Diseño de Arquitectura Completa - Día 1.docx took 0.058 seconds
[2026-02-27T21:59:04.712+0000] {processor.py:161} INFO - Started process (PID=472) to work on /opt/airflow/dags/Diseño de Arquitectura Completa - Día 1.docx
[2026-02-27T21:59:04.714+0000] {processor.py:830} INFO - Processing file /opt/airflow/dags/Diseño de Arquitectura Completa - Día 1.docx for tasks to queue
[2026-02-27T21:59:04.716+0000] {logging_mixin.py:188} INFO - [2026-02-27T21:59:04.716+0000] {dagbag.py:540} INFO - Filling up the DagBag from /opt/airflow/dags/Diseño de Arquitectura Completa - Día 1.docx
[2026-02-27T21:59:04.726+0000] {processor.py:842} WARNING - No viable dags retrieved from /opt/airflow/dags/Diseño de Arquitectura Completa - Día 1.docx
[2026-02-27T21:59:04.753+0000] {processor.py:183} INFO - Processing /opt/airflow/dags/Diseño de Arquitectura Completa - Día 1.docx took 0.059 seconds
[2026-02-27T21:59:35.264+0000] {processor.py:161} INFO - Started process (PID=480) to work on /opt/airflow/dags/Diseño de Arquitectura Completa - Día 1.docx
[2026-02-27T21:59:35.267+0000] {processor.py:830} INFO - Processing file /opt/airflow/dags/Diseño de Arquitectura Completa - Día 1.docx for tasks to queue
[2026-02-27T21:59:35.269+0000] {logging_mixin.py:188} INFO - [2026-02-27T21:59:35.269+0000] {dagbag.py:540} INFO - Filling up the DagBag from /opt/airflow/dags/Diseño de Arquitectura Completa - Día 1.docx
[2026-02-27T21:59:35.291+0000] {processor.py:842} WARNING - No viable dags retrieved from /opt/airflow/dags/Diseño de Arquitectura Completa - Día 1.docx
[2026-02-27T21:59:35.326+0000] {processor.py:183} INFO - Processing /opt/airflow/dags/Diseño de Arquitectura Completa - Día 1.docx took 0.071 seconds
[2026-02-27T22:00:05.787+0000] {processor.py:161} INFO - Started process (PID=488) to work on /opt/airflow/dags/Diseño de Arquitectura Completa - Día 1.docx
[2026-02-27T22:00:05.788+0000] {processor.py:830} INFO - Processing file /opt/airflow/dags/Diseño de Arquitectura Completa - Día 1.docx for tasks to queue
[2026-02-27T22:00:05.790+0000] {logging_mixin.py:188} INFO - [2026-02-27T22:00:05.789+0000] {dagbag.py:540} INFO - Filling up the DagBag from /opt/airflow/dags/Diseño de Arquitectura Completa - Día 1.docx
[2026-02-27T22:00:05.803+0000] {processor.py:842} WARNING - No viable dags retrieved from /opt/airflow/dags/Diseño de Arquitectura Completa - Día 1.docx
[2026-02-27T22:00:05.826+0000] {processor.py:183} INFO - Processing /opt/airflow/dags/Diseño de Arquitectura Completa - Día 1.docx took 0.048 seconds
[2026-02-27T22:00:36.263+0000] {processor.py:161} INFO - Started process (PID=496) to work on /opt/airflow/dags/Diseño de Arquitectura Completa - Día 1.docx
[2026-02-27T22:00:36.264+0000] {processor.py:830} INFO - Processing file /opt/airflow/dags/Diseño de Arquitectura Completa - Día 1.docx for tasks to queue
[2026-02-27T22:00:36.266+0000] {logging_mixin.py:188} INFO - [2026-02-27T22:00:36.265+0000] {dagbag.py:540} INFO - Filling up the DagBag from /opt/airflow/dags/Diseño de Arquitectura Completa - Día 1.docx
[2026-02-27T22:00:36.277+0000] {processor.py:842} WARNING - No viable dags retrieved from /opt/airflow/dags/Diseño de Arquitectura Completa - Día 1.docx
[2026-02-27T22:00:36.299+0000] {processor.py:183} INFO - Processing /opt/airflow/dags/Diseño de Arquitectura Completa - Día 1.docx took 0.044 seconds
[2026-02-27T22:01:06.650+0000] {processor.py:161} INFO - Started process (PID=504) to work on /opt/airflow/dags/Diseño de Arquitectura Completa - Día 1.docx
[2026-02-27T22:01:06.653+0000] {processor.py:830} INFO - Processing file /opt/airflow/dags/Diseño de Arquitectura Completa - Día 1.docx for tasks to queue
[2026-02-27T22:01:06.655+0000] {logging_mixin.py:188} INFO - [2026-02-27T22:01:06.655+0000] {dagbag.py:540} INFO - Filling up the DagBag from /opt/airflow/dags/Diseño de Arquitectura Completa - Día 1.docx
[2026-02-27T22:01:06.681+0000] {processor.py:842} WARNING - No viable dags retrieved from /opt/airflow/dags/Diseño de Arquitectura Completa - Día 1.docx
[2026-02-27T22:01:06.712+0000] {processor.py:183} INFO - Processing /opt/airflow/dags/Diseño de Arquitectura Completa - Día 1.docx took 0.072 seconds
[2026-02-27T22:01:37.248+0000] {processor.py:161} INFO - Started process (PID=512) to work on /opt/airflow/dags/Diseño de Arquitectura Completa - Día 1.docx
[2026-02-27T22:01:37.250+0000] {processor.py:830} INFO - Processing file /opt/airflow/dags/Diseño de Arquitectura Completa - Día 1.docx for tasks to queue
[2026-02-27T22:01:37.252+0000] {logging_mixin.py:188} INFO - [2026-02-27T22:01:37.252+0000] {dagbag.py:540} INFO - Filling up the DagBag from /opt/airflow/dags/Diseño de Arquitectura Completa - Día 1.docx
[2026-02-27T22:01:37.276+0000] {processor.py:842} WARNING - No viable dags retrieved from /opt/airflow/dags/Diseño de Arquitectura Completa - Día 1.docx
[2026-02-27T22:01:37.308+0000] {processor.py:183} INFO - Processing /opt/airflow/dags/Diseño de Arquitectura Completa - Día 1.docx took 0.070 seconds
[2026-02-27T22:02:07.804+0000] {processor.py:161} INFO - Started process (PID=520) to work on /opt/airflow/dags/Diseño de Arquitectura Completa - Día 1.docx
[2026-02-27T22:02:07.807+0000] {processor.py:830} INFO - Processing file /opt/airflow/dags/Diseño de Arquitectura Completa - Día 1.docx for tasks to queue
[2026-02-27T22:02:07.809+0000] {logging_mixin.py:188} INFO - [2026-02-27T22:02:07.808+0000] {dagbag.py:540} INFO - Filling up the DagBag from /opt/airflow/dags/Diseño de Arquitectura Completa - Día 1.docx
[2026-02-27T22:02:07.830+0000] {processor.py:842} WARNING - No viable dags retrieved from /opt/airflow/dags/Diseño de Arquitectura Completa - Día 1.docx
[2026-02-27T22:02:07.857+0000] {processor.py:183} INFO - Processing /opt/airflow/dags/Diseño de Arquitectura Completa - Día 1.docx took 0.061 seconds
[2026-02-27T22:02:38.144+0000] {processor.py:161} INFO - Started process (PID=528) to work on /opt/airflow/dags/Diseño de Arquitectura Completa - Día 1.docx
[2026-02-27T22:02:38.146+0000] {processor.py:830} INFO - Processing file /opt/airflow/dags/Diseño de Arquitectura Completa - Día 1.docx for tasks to queue
[2026-02-27T22:02:38.148+0000] {logging_mixin.py:188} INFO - [2026-02-27T22:02:38.147+0000] {dagbag.py:540} INFO - Filling up the DagBag from /opt/airflow/dags/Diseño de Arquitectura Completa - Día 1.docx
[2026-02-27T22:02:38.159+0000] {processor.py:842} WARNING - No viable dags retrieved from /opt/airflow/dags/Diseño de Arquitectura Completa - Día 1.docx
[2026-02-27T22:02:38.187+0000] {processor.py:183} INFO - Processing /opt/airflow/dags/Diseño de Arquitectura Completa - Día 1.docx took 0.054 seconds
[2026-02-27T22:03:08.556+0000] {processor.py:161} INFO - Started process (PID=536) to work on /opt/airflow/dags/Diseño de Arquitectura Completa - Día 1.docx
[2026-02-27T22:03:08.558+0000] {processor.py:830} INFO - Processing file /opt/airflow/dags/Diseño de Arquitectura Completa - Día 1.docx for tasks to queue
[2026-02-27T22:03:08.560+0000] {logging_mixin.py:188} INFO - [2026-02-27T22:03:08.560+0000] {dagbag.py:540} INFO - Filling up the DagBag from /opt/airflow/dags/Diseño de Arquitectura Completa - Día 1.docx
[2026-02-27T22:03:08.577+0000] {processor.py:842} WARNING - No viable dags retrieved from /opt/airflow/dags/Diseño de Arquitectura Completa - Día 1.docx
[2026-02-27T22:03:08.605+0000] {processor.py:183} INFO - Processing /opt/airflow/dags/Diseño de Arquitectura Completa - Día 1.docx took 0.059 seconds
[2026-02-27T22:03:38.870+0000] {processor.py:161} INFO - Started process (PID=544) to work on /opt/airflow/dags/Diseño de Arquitectura Completa - Día 1.docx
[2026-02-27T22:03:38.872+0000] {processor.py:830} INFO - Processing file /opt/airflow/dags/Diseño de Arquitectura Completa - Día 1.docx for tasks to queue
[2026-02-27T22:03:38.873+0000] {logging_mixin.py:188} INFO - [2026-02-27T22:03:38.873+0000] {dagbag.py:540} INFO - Filling up the DagBag from /opt/airflow/dags/Diseño de Arquitectura Completa - Día 1.docx
[2026-02-27T22:03:38.883+0000] {processor.py:842} WARNING - No viable dags retrieved from /opt/airflow/dags/Diseño de Arquitectura Completa - Día 1.docx
[2026-02-27T22:03:38.903+0000] {processor.py:183} INFO - Processing /opt/airflow/dags/Diseño de Arquitectura Completa - Día 1.docx took 0.040 seconds
[2026-02-27T22:04:09.240+0000] {processor.py:161} INFO - Started process (PID=552) to work on /opt/airflow/dags/Diseño de Arquitectura Completa - Día 1.docx
[2026-02-27T22:04:09.242+0000] {processor.py:830} INFO - Processing file /opt/airflow/dags/Diseño de Arquitectura Completa - Día 1.docx for tasks to queue
[2026-02-27T22:04:09.244+0000] {logging_mixin.py:188} INFO - [2026-02-27T22:04:09.244+0000] {dagbag.py:540} INFO - Filling up the DagBag from /opt/airflow/dags/Diseño de Arquitectura Completa - Día 1.docx
[2026-02-27T22:04:09.259+0000] {processor.py:842} WARNING - No viable dags retrieved from /opt/airflow/dags/Diseño de Arquitectura Completa - Día 1.docx
[2026-02-27T22:04:09.283+0000] {processor.py:183} INFO - Processing /opt/airflow/dags/Diseño de Arquitectura Completa - Día 1.docx took 0.052 seconds
[2026-02-27T22:04:39.780+0000] {processor.py:161} INFO - Started process (PID=560) to work on /opt/airflow/dags/Diseño de Arquitectura Completa - Día 1.docx
[2026-02-27T22:04:39.783+0000] {processor.py:830} INFO - Processing file /opt/airflow/dags/Diseño de Arquitectura Completa - Día 1.docx for tasks to queue
[2026-02-27T22:04:39.785+0000] {logging_mixin.py:188} INFO - [2026-02-27T22:04:39.785+0000] {dagbag.py:540} INFO - Filling up the DagBag from /opt/airflow/dags/Diseño de Arquitectura Completa - Día 1.docx
[2026-02-27T22:04:39.809+0000] {processor.py:842} WARNING - No viable dags retrieved from /opt/airflow/dags/Diseño de Arquitectura Completa - Día 1.docx
[2026-02-27T22:04:39.841+0000] {processor.py:183} INFO - Processing /opt/airflow/dags/Diseño de Arquitectura Completa - Día 1.docx took 0.076 seconds
[2026-02-27T22:05:10.297+0000] {processor.py:161} INFO - Started process (PID=568) to work on /opt/airflow/dags/Diseño de Arquitectura Completa - Día 1.docx
[2026-02-27T22:05:10.299+0000] {processor.py:830} INFO - Processing file /opt/airflow/dags/Diseño de Arquitectura Completa - Día 1.docx for tasks to queue
[2026-02-27T22:05:10.301+0000] {logging_mixin.py:188} INFO - [2026-02-27T22:05:10.300+0000] {dagbag.py:540} INFO - Filling up the DagBag from /opt/airflow/dags/Diseño de Arquitectura Completa - Día 1.docx
[2026-02-27T22:05:10.318+0000] {processor.py:842} WARNING - No viable dags retrieved from /opt/airflow/dags/Diseño de Arquitectura Completa - Día 1.docx
[2026-02-27T22:05:10.345+0000] {processor.py:183} INFO - Processing /opt/airflow/dags/Diseño de Arquitectura Completa - Día 1.docx took 0.059 seconds
[2026-02-27T22:05:40.618+0000] {processor.py:161} INFO - Started process (PID=576) to work on /opt/airflow/dags/Diseño de Arquitectura Completa - Día 1.docx
[2026-02-27T22:05:40.620+0000] {processor.py:830} INFO - Processing file /opt/airflow/dags/Diseño de Arquitectura Completa - Día 1.docx for tasks to queue
[2026-02-27T22:05:40.621+0000] {logging_mixin.py:188} INFO - [2026-02-27T22:05:40.621+0000] {dagbag.py:540} INFO - Filling up the DagBag from /opt/airflow/dags/Diseño de Arquitectura Completa - Día 1.docx
[2026-02-27T22:05:40.641+0000] {processor.py:842} WARNING - No viable dags retrieved from /opt/airflow/dags/Diseño de Arquitectura Completa - Día 1.docx
[2026-02-27T22:05:40.665+0000] {processor.py:183} INFO - Processing /opt/airflow/dags/Diseño de Arquitectura Completa - Día 1.docx took 0.056 seconds
[2026-02-27T22:06:11.039+0000] {processor.py:161} INFO - Started process (PID=584) to work on /opt/airflow/dags/Diseño de Arquitectura Completa - Día 1.docx
[2026-02-27T22:06:11.040+0000] {processor.py:830} INFO - Processing file /opt/airflow/dags/Diseño de Arquitectura Completa - Día 1.docx for tasks to queue
[2026-02-27T22:06:11.041+0000] {logging_mixin.py:188} INFO - [2026-02-27T22:06:11.041+0000] {dagbag.py:540} INFO - Filling up the DagBag from /opt/airflow/dags/Diseño de Arquitectura Completa - Día 1.docx
[2026-02-27T22:06:11.052+0000] {processor.py:842} WARNING - No viable dags retrieved from /opt/airflow/dags/Diseño de Arquitectura Completa - Día 1.docx
[2026-02-27T22:06:11.076+0000] {processor.py:183} INFO - Processing /opt/airflow/dags/Diseño de Arquitectura Completa - Día 1.docx took 0.047 seconds
[2026-02-27T22:06:41.665+0000] {processor.py:161} INFO - Started process (PID=592) to work on /opt/airflow/dags/Diseño de Arquitectura Completa - Día 1.docx
[2026-02-27T22:06:41.667+0000] {processor.py:830} INFO - Processing file /opt/airflow/dags/Diseño de Arquitectura Completa - Día 1.docx for tasks to queue
[2026-02-27T22:06:41.668+0000] {logging_mixin.py:188} INFO - [2026-02-27T22:06:41.668+0000] {dagbag.py:540} INFO - Filling up the DagBag from /opt/airflow/dags/Diseño de Arquitectura Completa - Día 1.docx
[2026-02-27T22:06:41.682+0000] {processor.py:842} WARNING - No viable dags retrieved from /opt/airflow/dags/Diseño de Arquitectura Completa - Día 1.docx
[2026-02-27T22:06:41.704+0000] {processor.py:183} INFO - Processing /opt/airflow/dags/Diseño de Arquitectura Completa - Día 1.docx took 0.047 seconds
[2026-02-27T22:07:11.979+0000] {processor.py:161} INFO - Started process (PID=600) to work on /opt/airflow/dags/Diseño de Arquitectura Completa - Día 1.docx
[2026-02-27T22:07:11.981+0000] {processor.py:830} INFO - Processing file /opt/airflow/dags/Diseño de Arquitectura Completa - Día 1.docx for tasks to queue
[2026-02-27T22:07:11.982+0000] {logging_mixin.py:188} INFO - [2026-02-27T22:07:11.982+0000] {dagbag.py:540} INFO - Filling up the DagBag from /opt/airflow/dags/Diseño de Arquitectura Completa - Día 1.docx
[2026-02-27T22:07:11.998+0000] {processor.py:842} WARNING - No viable dags retrieved from /opt/airflow/dags/Diseño de Arquitectura Completa - Día 1.docx
[2026-02-27T22:07:12.021+0000] {processor.py:183} INFO - Processing /opt/airflow/dags/Diseño de Arquitectura Completa - Día 1.docx took 0.050 seconds
[2026-02-27T22:07:42.455+0000] {processor.py:161} INFO - Started process (PID=608) to work on /opt/airflow/dags/Diseño de Arquitectura Completa - Día 1.docx
[2026-02-27T22:07:42.458+0000] {processor.py:830} INFO - Processing file /opt/airflow/dags/Diseño de Arquitectura Completa - Día 1.docx for tasks to queue
[2026-02-27T22:07:42.463+0000] {logging_mixin.py:188} INFO - [2026-02-27T22:07:42.462+0000] {dagbag.py:540} INFO - Filling up the DagBag from /opt/airflow/dags/Diseño de Arquitectura Completa - Día 1.docx
[2026-02-27T22:07:42.486+0000] {processor.py:842} WARNING - No viable dags retrieved from /opt/airflow/dags/Diseño de Arquitectura Completa - Día 1.docx
[2026-02-27T22:07:42.516+0000] {processor.py:183} INFO - Processing /opt/airflow/dags/Diseño de Arquitectura Completa - Día 1.docx took 0.074 seconds
[2026-02-27T22:08:13.021+0000] {processor.py:161} INFO - Started process (PID=616) to work on /opt/airflow/dags/Diseño de Arquitectura Completa - Día 1.docx
[2026-02-27T22:08:13.023+0000] {processor.py:830} INFO - Processing file /opt/airflow/dags/Diseño de Arquitectura Completa - Día 1.docx for tasks to queue
[2026-02-27T22:08:13.026+0000] {logging_mixin.py:188} INFO - [2026-02-27T22:08:13.026+0000] {dagbag.py:540} INFO - Filling up the DagBag from /opt/airflow/dags/Diseño de Arquitectura Completa - Día 1.docx
[2026-02-27T22:08:13.057+0000] {processor.py:842} WARNING - No viable dags retrieved from /opt/airflow/dags/Diseño de Arquitectura Completa - Día 1.docx
[2026-02-27T22:08:13.087+0000] {processor.py:183} INFO - Processing /opt/airflow/dags/Diseño de Arquitectura Completa - Día 1.docx took 0.074 seconds
[2026-02-27T22:08:43.442+0000] {processor.py:161} INFO - Started process (PID=624) to work on /opt/airflow/dags/Diseño de Arquitectura Completa - Día 1.docx
[2026-02-27T22:08:43.444+0000] {processor.py:830} INFO - Processing file /opt/airflow/dags/Diseño de Arquitectura Completa - Día 1.docx for tasks to queue
[2026-02-27T22:08:43.446+0000] {logging_mixin.py:188} INFO - [2026-02-27T22:08:43.445+0000] {dagbag.py:540} INFO - Filling up the DagBag from /opt/airflow/dags/Diseño de Arquitectura Completa - Día 1.docx
[2026-02-27T22:08:43.471+0000] {processor.py:842} WARNING - No viable dags retrieved from /opt/airflow/dags/Diseño de Arquitectura Completa - Día 1.docx
[2026-02-27T22:08:43.501+0000] {processor.py:183} INFO - Processing /opt/airflow/dags/Diseño de Arquitectura Completa - Día 1.docx took 0.067 seconds
[2026-02-27T22:09:13.801+0000] {processor.py:161} INFO - Started process (PID=632) to work on /opt/airflow/dags/Diseño de Arquitectura Completa - Día 1.docx
[2026-02-27T22:09:13.802+0000] {processor.py:830} INFO - Processing file /opt/airflow/dags/Diseño de Arquitectura Completa - Día 1.docx for tasks to queue
[2026-02-27T22:09:13.805+0000] {logging_mixin.py:188} INFO - [2026-02-27T22:09:13.804+0000] {dagbag.py:540} INFO - Filling up the DagBag from /opt/airflow/dags/Diseño de Arquitectura Completa - Día 1.docx
[2026-02-27T22:09:13.822+0000] {processor.py:842} WARNING - No viable dags retrieved from /opt/airflow/dags/Diseño de Arquitectura Completa - Día 1.docx
[2026-02-27T22:09:13.855+0000] {processor.py:183} INFO - Processing /opt/airflow/dags/Diseño de Arquitectura Completa - Día 1.docx took 0.063 seconds
[2026-02-27T22:09:44.289+0000] {processor.py:161} INFO - Started process (PID=640) to work on /opt/airflow/dags/Diseño de Arquitectura Completa - Día 1.docx
[2026-02-27T22:09:44.290+0000] {processor.py:830} INFO - Processing file /opt/airflow/dags/Diseño de Arquitectura Completa - Día 1.docx for tasks to queue
[2026-02-27T22:09:44.292+0000] {logging_mixin.py:188} INFO - [2026-02-27T22:09:44.291+0000] {dagbag.py:540} INFO - Filling up the DagBag from /opt/airflow/dags/Diseño de Arquitectura Completa - Día 1.docx
[2026-02-27T22:09:44.308+0000] {processor.py:842} WARNING - No viable dags retrieved from /opt/airflow/dags/Diseño de Arquitectura Completa - Día 1.docx
[2026-02-27T22:09:44.333+0000] {processor.py:183} INFO - Processing /opt/airflow/dags/Diseño de Arquitectura Completa - Día 1.docx took 0.053 seconds
[2026-02-27T22:10:14.655+0000] {processor.py:161} INFO - Started process (PID=648) to work on /opt/airflow/dags/Diseño de Arquitectura Completa - Día 1.docx
[2026-02-27T22:10:14.657+0000] {processor.py:830} INFO - Processing file /opt/airflow/dags/Diseño de Arquitectura Completa - Día 1.docx for tasks to queue
[2026-02-27T22:10:14.659+0000] {logging_mixin.py:188} INFO - [2026-02-27T22:10:14.658+0000] {dagbag.py:540} INFO - Filling up the DagBag from /opt/airflow/dags/Diseño de Arquitectura Completa - Día 1.docx
[2026-02-27T22:10:14.673+0000] {processor.py:842} WARNING - No viable dags retrieved from /opt/airflow/dags/Diseño de Arquitectura Completa - Día 1.docx
[2026-02-27T22:10:14.700+0000] {processor.py:183} INFO - Processing /opt/airflow/dags/Diseño de Arquitectura Completa - Día 1.docx took 0.052 seconds
[2026-02-27T22:10:45.086+0000] {processor.py:161} INFO - Started process (PID=656) to work on /opt/airflow/dags/Diseño de Arquitectura Completa - Día 1.docx
[2026-02-27T22:10:45.087+0000] {processor.py:830} INFO - Processing file /opt/airflow/dags/Diseño de Arquitectura Completa - Día 1.docx for tasks to queue
[2026-02-27T22:10:45.089+0000] {logging_mixin.py:188} INFO - [2026-02-27T22:10:45.089+0000] {dagbag.py:540} INFO - Filling up the DagBag from /opt/airflow/dags/Diseño de Arquitectura Completa - Día 1.docx
[2026-02-27T22:10:45.108+0000] {processor.py:842} WARNING - No viable dags retrieved from /opt/airflow/dags/Diseño de Arquitectura Completa - Día 1.docx
[2026-02-27T22:10:45.132+0000] {processor.py:183} INFO - Processing /opt/airflow/dags/Diseño de Arquitectura Completa - Día 1.docx took 0.056 seconds
[2026-02-27T22:11:15.533+0000] {processor.py:161} INFO - Started process (PID=664) to work on /opt/airflow/dags/Diseño de Arquitectura Completa - Día 1.docx
[2026-02-27T22:11:15.535+0000] {processor.py:830} INFO - Processing file /opt/airflow/dags/Diseño de Arquitectura Completa - Día 1.docx for tasks to queue
[2026-02-27T22:11:15.537+0000] {logging_mixin.py:188} INFO - [2026-02-27T22:11:15.536+0000] {dagbag.py:540} INFO - Filling up the DagBag from /opt/airflow/dags/Diseño de Arquitectura Completa - Día 1.docx
[2026-02-27T22:11:15.551+0000] {processor.py:842} WARNING - No viable dags retrieved from /opt/airflow/dags/Diseño de Arquitectura Completa - Día 1.docx
[2026-02-27T22:11:15.577+0000] {processor.py:183} INFO - Processing /opt/airflow/dags/Diseño de Arquitectura Completa - Día 1.docx took 0.052 seconds
[2026-02-27T22:11:46.252+0000] {processor.py:161} INFO - Started process (PID=672) to work on /opt/airflow/dags/Diseño de Arquitectura Completa - Día 1.docx
[2026-02-27T22:11:46.255+0000] {processor.py:830} INFO - Processing file /opt/airflow/dags/Diseño de Arquitectura Completa - Día 1.docx for tasks to queue
[2026-02-27T22:11:46.257+0000] {logging_mixin.py:188} INFO - [2026-02-27T22:11:46.256+0000] {dagbag.py:540} INFO - Filling up the DagBag from /opt/airflow/dags/Diseño de Arquitectura Completa - Día 1.docx
[2026-02-27T22:11:46.277+0000] {processor.py:842} WARNING - No viable dags retrieved from /opt/airflow/dags/Diseño de Arquitectura Completa - Día 1.docx
[2026-02-27T22:11:46.302+0000] {processor.py:183} INFO - Processing /opt/airflow/dags/Diseño de Arquitectura Completa - Día 1.docx took 0.058 seconds
[2026-02-27T22:12:16.616+0000] {processor.py:161} INFO - Started process (PID=680) to work on /opt/airflow/dags/Diseño de Arquitectura Completa - Día 1.docx
[2026-02-27T22:12:16.617+0000] {processor.py:830} INFO - Processing file /opt/airflow/dags/Diseño de Arquitectura Completa - Día 1.docx for tasks to queue
[2026-02-27T22:12:16.619+0000] {logging_mixin.py:188} INFO - [2026-02-27T22:12:16.618+0000] {dagbag.py:540} INFO - Filling up the DagBag from /opt/airflow/dags/Diseño de Arquitectura Completa - Día 1.docx
[2026-02-27T22:12:16.644+0000] {processor.py:842} WARNING - No viable dags retrieved from /opt/airflow/dags/Diseño de Arquitectura Completa - Día 1.docx
[2026-02-27T22:12:16.672+0000] {processor.py:183} INFO - Processing /opt/airflow/dags/Diseño de Arquitectura Completa - Día 1.docx took 0.064 seconds
[2026-02-27T22:12:47.079+0000] {processor.py:161} INFO - Started process (PID=688) to work on /opt/airflow/dags/Diseño de Arquitectura Completa - Día 1.docx
[2026-02-27T22:12:47.081+0000] {processor.py:830} INFO - Processing file /opt/airflow/dags/Diseño de Arquitectura Completa - Día 1.docx for tasks to queue
[2026-02-27T22:12:47.082+0000] {logging_mixin.py:188} INFO - [2026-02-27T22:12:47.082+0000] {dagbag.py:540} INFO - Filling up the DagBag from /opt/airflow/dags/Diseño de Arquitectura Completa - Día 1.docx
[2026-02-27T22:12:47.093+0000] {processor.py:842} WARNING - No viable dags retrieved from /opt/airflow/dags/Diseño de Arquitectura Completa - Día 1.docx
[2026-02-27T22:12:47.118+0000] {processor.py:183} INFO - Processing /opt/airflow/dags/Diseño de Arquitectura Completa - Día 1.docx took 0.047 seconds
[2026-02-27T22:13:17.557+0000] {processor.py:161} INFO - Started process (PID=696) to work on /opt/airflow/dags/Diseño de Arquitectura Completa - Día 1.docx
[2026-02-27T22:13:17.559+0000] {processor.py:830} INFO - Processing file /opt/airflow/dags/Diseño de Arquitectura Completa - Día 1.docx for tasks to queue
[2026-02-27T22:13:17.561+0000] {logging_mixin.py:188} INFO - [2026-02-27T22:13:17.561+0000] {dagbag.py:540} INFO - Filling up the DagBag from /opt/airflow/dags/Diseño de Arquitectura Completa - Día 1.docx
[2026-02-27T22:13:17.581+0000] {processor.py:842} WARNING - No viable dags retrieved from /opt/airflow/dags/Diseño de Arquitectura Completa - Día 1.docx
[2026-02-27T22:13:17.610+0000] {processor.py:183} INFO - Processing /opt/airflow/dags/Diseño de Arquitectura Completa - Día 1.docx took 0.062 seconds
[2026-02-27T22:13:48.112+0000] {processor.py:161} INFO - Started process (PID=704) to work on /opt/airflow/dags/Diseño de Arquitectura Completa - Día 1.docx
[2026-02-27T22:13:48.114+0000] {processor.py:830} INFO - Processing file /opt/airflow/dags/Diseño de Arquitectura Completa - Día 1.docx for tasks to queue
[2026-02-27T22:13:48.115+0000] {logging_mixin.py:188} INFO - [2026-02-27T22:13:48.115+0000] {dagbag.py:540} INFO - Filling up the DagBag from /opt/airflow/dags/Diseño de Arquitectura Completa - Día 1.docx
[2026-02-27T22:13:48.127+0000] {processor.py:842} WARNING - No viable dags retrieved from /opt/airflow/dags/Diseño de Arquitectura Completa - Día 1.docx
[2026-02-27T22:13:48.153+0000] {processor.py:183} INFO - Processing /opt/airflow/dags/Diseño de Arquitectura Completa - Día 1.docx took 0.050 seconds
[2026-02-27T22:14:18.493+0000] {processor.py:161} INFO - Started process (PID=712) to work on /opt/airflow/dags/Diseño de Arquitectura Completa - Día 1.docx
[2026-02-27T22:14:18.495+0000] {processor.py:830} INFO - Processing file /opt/airflow/dags/Diseño de Arquitectura Completa - Día 1.docx for tasks to queue
[2026-02-27T22:14:18.496+0000] {logging_mixin.py:188} INFO - [2026-02-27T22:14:18.496+0000] {dagbag.py:540} INFO - Filling up the DagBag from /opt/airflow/dags/Diseño de Arquitectura Completa - Día 1.docx
[2026-02-27T22:14:18.507+0000] {processor.py:842} WARNING - No viable dags retrieved from /opt/airflow/dags/Diseño de Arquitectura Completa - Día 1.docx
[2026-02-27T22:14:18.528+0000] {processor.py:183} INFO - Processing /opt/airflow/dags/Diseño de Arquitectura Completa - Día 1.docx took 0.042 seconds
[2026-02-27T22:14:48.935+0000] {processor.py:161} INFO - Started process (PID=720) to work on /opt/airflow/dags/Diseño de Arquitectura Completa - Día 1.docx
[2026-02-27T22:14:48.936+0000] {processor.py:830} INFO - Processing file /opt/airflow/dags/Diseño de Arquitectura Completa - Día 1.docx for tasks to queue
[2026-02-27T22:14:48.938+0000] {logging_mixin.py:188} INFO - [2026-02-27T22:14:48.937+0000] {dagbag.py:540} INFO - Filling up the DagBag from /opt/airflow/dags/Diseño de Arquitectura Completa - Día 1.docx
[2026-02-27T22:14:48.946+0000] {processor.py:842} WARNING - No viable dags retrieved from /opt/airflow/dags/Diseño de Arquitectura Completa - Día 1.docx
[2026-02-27T22:14:48.966+0000] {processor.py:183} INFO - Processing /opt/airflow/dags/Diseño de Arquitectura Completa - Día 1.docx took 0.039 seconds
[2026-02-27T22:15:19.197+0000] {processor.py:161} INFO - Started process (PID=728) to work on /opt/airflow/dags/Diseño de Arquitectura Completa - Día 1.docx
[2026-02-27T22:15:19.198+0000] {processor.py:830} INFO - Processing file /opt/airflow/dags/Diseño de Arquitectura Completa - Día 1.docx for tasks to queue
[2026-02-27T22:15:19.200+0000] {logging_mixin.py:188} INFO - [2026-02-27T22:15:19.199+0000] {dagbag.py:540} INFO - Filling up the DagBag from /opt/airflow/dags/Diseño de Arquitectura Completa - Día 1.docx
[2026-02-27T22:15:19.212+0000] {processor.py:842} WARNING - No viable dags retrieved from /opt/airflow/dags/Diseño de Arquitectura Completa - Día 1.docx
[2026-02-27T22:15:19.236+0000] {processor.py:183} INFO - Processing /opt/airflow/dags/Diseño de Arquitectura Completa - Día 1.docx took 0.047 seconds
[2026-02-27T22:15:49.835+0000] {processor.py:161} INFO - Started process (PID=736) to work on /opt/airflow/dags/Diseño de Arquitectura Completa - Día 1.docx
[2026-02-27T22:15:49.837+0000] {processor.py:830} INFO - Processing file /opt/airflow/dags/Diseño de Arquitectura Completa - Día 1.docx for tasks to queue
[2026-02-27T22:15:49.839+0000] {logging_mixin.py:188} INFO - [2026-02-27T22:15:49.838+0000] {dagbag.py:540} INFO - Filling up the DagBag from /opt/airflow/dags/Diseño de Arquitectura Completa - Día 1.docx
[2026-02-27T22:15:49.864+0000] {processor.py:842} WARNING - No viable dags retrieved from /opt/airflow/dags/Diseño de Arquitectura Completa - Día 1.docx
[2026-02-27T22:15:49.894+0000] {processor.py:183} INFO - Processing /opt/airflow/dags/Diseño de Arquitectura Completa - Día 1.docx took 0.070 seconds
[2026-02-27T22:16:20.215+0000] {processor.py:161} INFO - Started process (PID=744) to work on /opt/airflow/dags/Diseño de Arquitectura Completa - Día 1.docx
[2026-02-27T22:16:20.217+0000] {processor.py:830} INFO - Processing file /opt/airflow/dags/Diseño de Arquitectura Completa - Día 1.docx for tasks to queue
[2026-02-27T22:16:20.219+0000] {logging_mixin.py:188} INFO - [2026-02-27T22:16:20.218+0000] {dagbag.py:540} INFO - Filling up the DagBag from /opt/airflow/dags/Diseño de Arquitectura Completa - Día 1.docx
[2026-02-27T22:16:20.235+0000] {processor.py:842} WARNING - No viable dags retrieved from /opt/airflow/dags/Diseño de Arquitectura Completa - Día 1.docx
[2026-02-27T22:16:20.260+0000] {processor.py:183} INFO - Processing /opt/airflow/dags/Diseño de Arquitectura Completa - Día 1.docx took 0.053 seconds
[2026-02-27T22:16:50.703+0000] {processor.py:161} INFO - Started process (PID=752) to work on /opt/airflow/dags/Diseño de Arquitectura Completa - Día 1.docx
[2026-02-27T22:16:50.704+0000] {processor.py:830} INFO - Processing file /opt/airflow/dags/Diseño de Arquitectura Completa - Día 1.docx for tasks to queue
[2026-02-27T22:16:50.706+0000] {logging_mixin.py:188} INFO - [2026-02-27T22:16:50.706+0000] {dagbag.py:540} INFO - Filling up the DagBag from /opt/airflow/dags/Diseño de Arquitectura Completa - Día 1.docx
[2026-02-27T22:16:50.722+0000] {processor.py:842} WARNING - No viable dags retrieved from /opt/airflow/dags/Diseño de Arquitectura Completa - Día 1.docx
[2026-02-27T22:16:50.750+0000] {processor.py:183} INFO - Processing /opt/airflow/dags/Diseño de Arquitectura Completa - Día 1.docx took 0.055 seconds
[2026-02-27T22:17:21.056+0000] {processor.py:161} INFO - Started process (PID=760) to work on /opt/airflow/dags/Diseño de Arquitectura Completa - Día 1.docx
[2026-02-27T22:17:21.058+0000] {processor.py:830} INFO - Processing file /opt/airflow/dags/Diseño de Arquitectura Completa - Día 1.docx for tasks to queue
[2026-02-27T22:17:21.059+0000] {logging_mixin.py:188} INFO - [2026-02-27T22:17:21.059+0000] {dagbag.py:540} INFO - Filling up the DagBag from /opt/airflow/dags/Diseño de Arquitectura Completa - Día 1.docx
[2026-02-27T22:17:21.078+0000] {processor.py:842} WARNING - No viable dags retrieved from /opt/airflow/dags/Diseño de Arquitectura Completa - Día 1.docx
[2026-02-27T22:17:21.101+0000] {processor.py:183} INFO - Processing /opt/airflow/dags/Diseño de Arquitectura Completa - Día 1.docx took 0.054 seconds
[2026-02-27T22:17:51.407+0000] {processor.py:161} INFO - Started process (PID=768) to work on /opt/airflow/dags/Diseño de Arquitectura Completa - Día 1.docx
[2026-02-27T22:17:51.409+0000] {processor.py:830} INFO - Processing file /opt/airflow/dags/Diseño de Arquitectura Completa - Día 1.docx for tasks to queue
[2026-02-27T22:17:51.411+0000] {logging_mixin.py:188} INFO - [2026-02-27T22:17:51.410+0000] {dagbag.py:540} INFO - Filling up the DagBag from /opt/airflow/dags/Diseño de Arquitectura Completa - Día 1.docx
[2026-02-27T22:17:51.429+0000] {processor.py:842} WARNING - No viable dags retrieved from /opt/airflow/dags/Diseño de Arquitectura Completa - Día 1.docx
[2026-02-27T22:17:51.463+0000] {processor.py:183} INFO - Processing /opt/airflow/dags/Diseño de Arquitectura Completa - Día 1.docx took 0.068 seconds
[2026-02-27T22:18:21.843+0000] {processor.py:161} INFO - Started process (PID=776) to work on /opt/airflow/dags/Diseño de Arquitectura Completa - Día 1.docx
[2026-02-27T22:18:21.845+0000] {processor.py:830} INFO - Processing file /opt/airflow/dags/Diseño de Arquitectura Completa - Día 1.docx for tasks to queue
[2026-02-27T22:18:21.846+0000] {logging_mixin.py:188} INFO - [2026-02-27T22:18:21.846+0000] {dagbag.py:540} INFO - Filling up the DagBag from /opt/airflow/dags/Diseño de Arquitectura Completa - Día 1.docx
[2026-02-27T22:18:21.864+0000] {processor.py:842} WARNING - No viable dags retrieved from /opt/airflow/dags/Diseño de Arquitectura Completa - Día 1.docx
[2026-02-27T22:18:21.888+0000] {processor.py:183} INFO - Processing /opt/airflow/dags/Diseño de Arquitectura Completa - Día 1.docx took 0.053 seconds
[2026-02-27T22:18:52.259+0000] {processor.py:161} INFO - Started process (PID=784) to work on /opt/airflow/dags/Diseño de Arquitectura Completa - Día 1.docx
[2026-02-27T22:18:52.260+0000] {processor.py:830} INFO - Processing file /opt/airflow/dags/Diseño de Arquitectura Completa - Día 1.docx for tasks to queue
[2026-02-27T22:18:52.262+0000] {logging_mixin.py:188} INFO - [2026-02-27T22:18:52.262+0000] {dagbag.py:540} INFO - Filling up the DagBag from /opt/airflow/dags/Diseño de Arquitectura Completa - Día 1.docx
[2026-02-27T22:18:52.283+0000] {processor.py:842} WARNING - No viable dags retrieved from /opt/airflow/dags/Diseño de Arquitectura Completa - Día 1.docx
[2026-02-27T22:18:52.309+0000] {processor.py:183} INFO - Processing /opt/airflow/dags/Diseño de Arquitectura Completa - Día 1.docx took 0.059 seconds
[2026-02-27T22:19:22.730+0000] {processor.py:161} INFO - Started process (PID=792) to work on /opt/airflow/dags/Diseño de Arquitectura Completa - Día 1.docx
[2026-02-27T22:19:22.732+0000] {processor.py:830} INFO - Processing file /opt/airflow/dags/Diseño de Arquitectura Completa - Día 1.docx for tasks to queue
[2026-02-27T22:19:22.736+0000] {logging_mixin.py:188} INFO - [2026-02-27T22:19:22.734+0000] {dagbag.py:540} INFO - Filling up the DagBag from /opt/airflow/dags/Diseño de Arquitectura Completa - Día 1.docx
[2026-02-27T22:19:22.762+0000] {processor.py:842} WARNING - No viable dags retrieved from /opt/airflow/dags/Diseño de Arquitectura Completa - Día 1.docx
[2026-02-27T22:19:22.796+0000] {processor.py:183} INFO - Processing /opt/airflow/dags/Diseño de Arquitectura Completa - Día 1.docx took 0.079 seconds
[2026-02-27T22:19:53.131+0000] {processor.py:161} INFO - Started process (PID=800) to work on /opt/airflow/dags/Diseño de Arquitectura Completa - Día 1.docx
[2026-02-27T22:19:53.134+0000] {processor.py:830} INFO - Processing file /opt/airflow/dags/Diseño de Arquitectura Completa - Día 1.docx for tasks to queue
[2026-02-27T22:19:53.136+0000] {logging_mixin.py:188} INFO - [2026-02-27T22:19:53.136+0000] {dagbag.py:540} INFO - Filling up the DagBag from /opt/airflow/dags/Diseño de Arquitectura Completa - Día 1.docx
[2026-02-27T22:19:53.158+0000] {processor.py:842} WARNING - No viable dags retrieved from /opt/airflow/dags/Diseño de Arquitectura Completa - Día 1.docx
[2026-02-27T22:19:53.189+0000] {processor.py:183} INFO - Processing /opt/airflow/dags/Diseño de Arquitectura Completa - Día 1.docx took 0.068 seconds
[2026-02-27T22:20:23.748+0000] {processor.py:161} INFO - Started process (PID=808) to work on /opt/airflow/dags/Diseño de Arquitectura Completa - Día 1.docx
[2026-02-27T22:20:23.750+0000] {processor.py:830} INFO - Processing file /opt/airflow/dags/Diseño de Arquitectura Completa - Día 1.docx for tasks to queue
[2026-02-27T22:20:23.752+0000] {logging_mixin.py:188} INFO - [2026-02-27T22:20:23.752+0000] {dagbag.py:540} INFO - Filling up the DagBag from /opt/airflow/dags/Diseño de Arquitectura Completa - Día 1.docx
[2026-02-27T22:20:23.768+0000] {processor.py:842} WARNING - No viable dags retrieved from /opt/airflow/dags/Diseño de Arquitectura Completa - Día 1.docx
[2026-02-27T22:20:23.795+0000] {processor.py:183} INFO - Processing /opt/airflow/dags/Diseño de Arquitectura Completa - Día 1.docx took 0.054 seconds
[2026-02-27T22:20:54.443+0000] {processor.py:161} INFO - Started process (PID=816) to work on /opt/airflow/dags/Diseño de Arquitectura Completa - Día 1.docx
[2026-02-27T22:20:54.445+0000] {processor.py:830} INFO - Processing file /opt/airflow/dags/Diseño de Arquitectura Completa - Día 1.docx for tasks to queue
[2026-02-27T22:20:54.447+0000] {logging_mixin.py:188} INFO - [2026-02-27T22:20:54.447+0000] {dagbag.py:540} INFO - Filling up the DagBag from /opt/airflow/dags/Diseño de Arquitectura Completa - Día 1.docx
[2026-02-27T22:20:54.470+0000] {processor.py:842} WARNING - No viable dags retrieved from /opt/airflow/dags/Diseño de Arquitectura Completa - Día 1.docx
[2026-02-27T22:20:54.498+0000] {processor.py:183} INFO - Processing /opt/airflow/dags/Diseño de Arquitectura Completa - Día 1.docx took 0.064 seconds
[2026-02-27T22:21:24.831+0000] {processor.py:161} INFO - Started process (PID=824) to work on /opt/airflow/dags/Diseño de Arquitectura Completa - Día 1.docx
[2026-02-27T22:21:24.833+0000] {processor.py:830} INFO - Processing file /opt/airflow/dags/Diseño de Arquitectura Completa - Día 1.docx for tasks to queue
[2026-02-27T22:21:24.835+0000] {logging_mixin.py:188} INFO - [2026-02-27T22:21:24.834+0000] {dagbag.py:540} INFO - Filling up the DagBag from /opt/airflow/dags/Diseño de Arquitectura Completa - Día 1.docx
[2026-02-27T22:21:24.851+0000] {processor.py:842} WARNING - No viable dags retrieved from /opt/airflow/dags/Diseño de Arquitectura Completa - Día 1.docx
[2026-02-27T22:21:24.875+0000] {processor.py:183} INFO - Processing /opt/airflow/dags/Diseño de Arquitectura Completa - Día 1.docx took 0.052 seconds
[2026-02-27T22:21:55.673+0000] {processor.py:161} INFO - Started process (PID=832) to work on /opt/airflow/dags/Diseño de Arquitectura Completa - Día 1.docx
[2026-02-27T22:21:55.675+0000] {processor.py:830} INFO - Processing file /opt/airflow/dags/Diseño de Arquitectura Completa - Día 1.docx for tasks to queue
[2026-02-27T22:21:55.678+0000] {logging_mixin.py:188} INFO - [2026-02-27T22:21:55.677+0000] {dagbag.py:540} INFO - Filling up the DagBag from /opt/airflow/dags/Diseño de Arquitectura Completa - Día 1.docx
[2026-02-27T22:21:55.707+0000] {processor.py:842} WARNING - No viable dags retrieved from /opt/airflow/dags/Diseño de Arquitectura Completa - Día 1.docx
[2026-02-27T22:21:55.733+0000] {processor.py:183} INFO - Processing /opt/airflow/dags/Diseño de Arquitectura Completa - Día 1.docx took 0.068 seconds
[2026-02-27T22:22:26.400+0000] {processor.py:161} INFO - Started process (PID=840) to work on /opt/airflow/dags/Diseño de Arquitectura Completa - Día 1.docx
[2026-02-27T22:22:26.402+0000] {processor.py:830} INFO - Processing file /opt/airflow/dags/Diseño de Arquitectura Completa - Día 1.docx for tasks to queue
[2026-02-27T22:22:26.404+0000] {logging_mixin.py:188} INFO - [2026-02-27T22:22:26.403+0000] {dagbag.py:540} INFO - Filling up the DagBag from /opt/airflow/dags/Diseño de Arquitectura Completa - Día 1.docx
[2026-02-27T22:22:26.421+0000] {processor.py:842} WARNING - No viable dags retrieved from /opt/airflow/dags/Diseño de Arquitectura Completa - Día 1.docx
[2026-02-27T22:22:26.441+0000] {processor.py:183} INFO - Processing /opt/airflow/dags/Diseño de Arquitectura Completa - Día 1.docx took 0.057 seconds
[2026-02-27T22:22:56.926+0000] {processor.py:161} INFO - Started process (PID=848) to work on /opt/airflow/dags/Diseño de Arquitectura Completa - Día 1.docx
[2026-02-27T22:22:56.928+0000] {processor.py:830} INFO - Processing file /opt/airflow/dags/Diseño de Arquitectura Completa - Día 1.docx for tasks to queue
[2026-02-27T22:22:56.930+0000] {logging_mixin.py:188} INFO - [2026-02-27T22:22:56.929+0000] {dagbag.py:540} INFO - Filling up the DagBag from /opt/airflow/dags/Diseño de Arquitectura Completa - Día 1.docx
[2026-02-27T22:22:56.952+0000] {processor.py:842} WARNING - No viable dags retrieved from /opt/airflow/dags/Diseño de Arquitectura Completa - Día 1.docx
[2026-02-27T22:22:56.985+0000] {processor.py:183} INFO - Processing /opt/airflow/dags/Diseño de Arquitectura Completa - Día 1.docx took 0.070 seconds
[2026-02-27T22:23:27.259+0000] {processor.py:161} INFO - Started process (PID=856) to work on /opt/airflow/dags/Diseño de Arquitectura Completa - Día 1.docx
[2026-02-27T22:23:27.261+0000] {processor.py:830} INFO - Processing file /opt/airflow/dags/Diseño de Arquitectura Completa - Día 1.docx for tasks to queue
[2026-02-27T22:23:27.263+0000] {logging_mixin.py:188} INFO - [2026-02-27T22:23:27.262+0000] {dagbag.py:540} INFO - Filling up the DagBag from /opt/airflow/dags/Diseño de Arquitectura Completa - Día 1.docx
[2026-02-27T22:23:27.280+0000] {processor.py:842} WARNING - No viable dags retrieved from /opt/airflow/dags/Diseño de Arquitectura Completa - Día 1.docx
[2026-02-27T22:23:27.306+0000] {processor.py:183} INFO - Processing /opt/airflow/dags/Diseño de Arquitectura Completa - Día 1.docx took 0.055 seconds
[2026-02-27T22:23:57.801+0000] {processor.py:161} INFO - Started process (PID=864) to work on /opt/airflow/dags/Diseño de Arquitectura Completa - Día 1.docx
[2026-02-27T22:23:57.803+0000] {processor.py:830} INFO - Processing file /opt/airflow/dags/Diseño de Arquitectura Completa - Día 1.docx for tasks to queue
[2026-02-27T22:23:57.805+0000] {logging_mixin.py:188} INFO - [2026-02-27T22:23:57.804+0000] {dagbag.py:540} INFO - Filling up the DagBag from /opt/airflow/dags/Diseño de Arquitectura Completa - Día 1.docx
[2026-02-27T22:23:57.831+0000] {processor.py:842} WARNING - No viable dags retrieved from /opt/airflow/dags/Diseño de Arquitectura Completa - Día 1.docx
[2026-02-27T22:23:57.855+0000] {processor.py:183} INFO - Processing /opt/airflow/dags/Diseño de Arquitectura Completa - Día 1.docx took 0.063 seconds
[2026-02-27T22:24:28.429+0000] {processor.py:161} INFO - Started process (PID=872) to work on /opt/airflow/dags/Diseño de Arquitectura Completa - Día 1.docx
[2026-02-27T22:24:28.431+0000] {processor.py:830} INFO - Processing file /opt/airflow/dags/Diseño de Arquitectura Completa - Día 1.docx for tasks to queue
[2026-02-27T22:24:28.434+0000] {logging_mixin.py:188} INFO - [2026-02-27T22:24:28.433+0000] {dagbag.py:540} INFO - Filling up the DagBag from /opt/airflow/dags/Diseño de Arquitectura Completa - Día 1.docx
[2026-02-27T22:24:28.457+0000] {processor.py:842} WARNING - No viable dags retrieved from /opt/airflow/dags/Diseño de Arquitectura Completa - Día 1.docx
[2026-02-27T22:24:28.483+0000] {processor.py:183} INFO - Processing /opt/airflow/dags/Diseño de Arquitectura Completa - Día 1.docx took 0.063 seconds
[2026-02-27T22:24:58.870+0000] {processor.py:161} INFO - Started process (PID=880) to work on /opt/airflow/dags/Diseño de Arquitectura Completa - Día 1.docx
[2026-02-27T22:24:58.872+0000] {processor.py:830} INFO - Processing file /opt/airflow/dags/Diseño de Arquitectura Completa - Día 1.docx for tasks to queue
[2026-02-27T22:24:58.873+0000] {logging_mixin.py:188} INFO - [2026-02-27T22:24:58.873+0000] {dagbag.py:540} INFO - Filling up the DagBag from /opt/airflow/dags/Diseño de Arquitectura Completa - Día 1.docx
[2026-02-27T22:24:58.889+0000] {processor.py:842} WARNING - No viable dags retrieved from /opt/airflow/dags/Diseño de Arquitectura Completa - Día 1.docx
[2026-02-27T22:24:58.911+0000] {processor.py:183} INFO - Processing /opt/airflow/dags/Diseño de Arquitectura Completa - Día 1.docx took 0.048 seconds
[2026-02-27T22:25:29.311+0000] {processor.py:161} INFO - Started process (PID=888) to work on /opt/airflow/dags/Diseño de Arquitectura Completa - Día 1.docx
[2026-02-27T22:25:29.312+0000] {processor.py:830} INFO - Processing file /opt/airflow/dags/Diseño de Arquitectura Completa - Día 1.docx for tasks to queue
[2026-02-27T22:25:29.314+0000] {logging_mixin.py:188} INFO - [2026-02-27T22:25:29.313+0000] {dagbag.py:540} INFO - Filling up the DagBag from /opt/airflow/dags/Diseño de Arquitectura Completa - Día 1.docx
[2026-02-27T22:25:29.336+0000] {processor.py:842} WARNING - No viable dags retrieved from /opt/airflow/dags/Diseño de Arquitectura Completa - Día 1.docx
[2026-02-27T22:25:29.361+0000] {processor.py:183} INFO - Processing /opt/airflow/dags/Diseño de Arquitectura Completa - Día 1.docx took 0.058 seconds
[2026-02-27T22:25:59.710+0000] {processor.py:161} INFO - Started process (PID=896) to work on /opt/airflow/dags/Diseño de Arquitectura Completa - Día 1.docx
[2026-02-27T22:25:59.711+0000] {processor.py:830} INFO - Processing file /opt/airflow/dags/Diseño de Arquitectura Completa - Día 1.docx for tasks to queue
[2026-02-27T22:25:59.712+0000] {logging_mixin.py:188} INFO - [2026-02-27T22:25:59.712+0000] {dagbag.py:540} INFO - Filling up the DagBag from /opt/airflow/dags/Diseño de Arquitectura Completa - Día 1.docx
[2026-02-27T22:25:59.723+0000] {processor.py:842} WARNING - No viable dags retrieved from /opt/airflow/dags/Diseño de Arquitectura Completa - Día 1.docx
[2026-02-27T22:25:59.754+0000] {processor.py:183} INFO - Processing /opt/airflow/dags/Diseño de Arquitectura Completa - Día 1.docx took 0.052 seconds
[2026-02-27T22:26:30.114+0000] {processor.py:161} INFO - Started process (PID=904) to work on /opt/airflow/dags/Diseño de Arquitectura Completa - Día 1.docx
[2026-02-27T22:26:30.115+0000] {processor.py:830} INFO - Processing file /opt/airflow/dags/Diseño de Arquitectura Completa - Día 1.docx for tasks to queue
[2026-02-27T22:26:30.117+0000] {logging_mixin.py:188} INFO - [2026-02-27T22:26:30.116+0000] {dagbag.py:540} INFO - Filling up the DagBag from /opt/airflow/dags/Diseño de Arquitectura Completa - Día 1.docx
[2026-02-27T22:26:30.131+0000] {processor.py:842} WARNING - No viable dags retrieved from /opt/airflow/dags/Diseño de Arquitectura Completa - Día 1.docx
[2026-02-27T22:26:30.154+0000] {processor.py:183} INFO - Processing /opt/airflow/dags/Diseño de Arquitectura Completa - Día 1.docx took 0.048 seconds
[2026-02-27T22:27:00.698+0000] {processor.py:161} INFO - Started process (PID=912) to work on /opt/airflow/dags/Diseño de Arquitectura Completa - Día 1.docx
[2026-02-27T22:27:00.699+0000] {processor.py:830} INFO - Processing file /opt/airflow/dags/Diseño de Arquitectura Completa - Día 1.docx for tasks to queue
[2026-02-27T22:27:00.701+0000] {logging_mixin.py:188} INFO - [2026-02-27T22:27:00.700+0000] {dagbag.py:540} INFO - Filling up the DagBag from /opt/airflow/dags/Diseño de Arquitectura Completa - Día 1.docx
[2026-02-27T22:27:00.717+0000] {processor.py:842} WARNING - No viable dags retrieved from /opt/airflow/dags/Diseño de Arquitectura Completa - Día 1.docx
[2026-02-27T22:27:00.740+0000] {processor.py:183} INFO - Processing /opt/airflow/dags/Diseño de Arquitectura Completa - Día 1.docx took 0.051 seconds
[2026-02-27T22:27:31.124+0000] {processor.py:161} INFO - Started process (PID=920) to work on /opt/airflow/dags/Diseño de Arquitectura Completa - Día 1.docx
[2026-02-27T22:27:31.125+0000] {processor.py:830} INFO - Processing file /opt/airflow/dags/Diseño de Arquitectura Completa - Día 1.docx for tasks to queue
[2026-02-27T22:27:31.127+0000] {logging_mixin.py:188} INFO - [2026-02-27T22:27:31.127+0000] {dagbag.py:540} INFO - Filling up the DagBag from /opt/airflow/dags/Diseño de Arquitectura Completa - Día 1.docx
[2026-02-27T22:27:31.142+0000] {processor.py:842} WARNING - No viable dags retrieved from /opt/airflow/dags/Diseño de Arquitectura Completa - Día 1.docx
[2026-02-27T22:27:31.166+0000] {processor.py:183} INFO - Processing /opt/airflow/dags/Diseño de Arquitectura Completa - Día 1.docx took 0.051 seconds
[2026-02-27T22:28:01.589+0000] {processor.py:161} INFO - Started process (PID=928) to work on /opt/airflow/dags/Diseño de Arquitectura Completa - Día 1.docx
[2026-02-27T22:28:01.590+0000] {processor.py:830} INFO - Processing file /opt/airflow/dags/Diseño de Arquitectura Completa - Día 1.docx for tasks to queue
[2026-02-27T22:28:01.593+0000] {logging_mixin.py:188} INFO - [2026-02-27T22:28:01.592+0000] {dagbag.py:540} INFO - Filling up the DagBag from /opt/airflow/dags/Diseño de Arquitectura Completa - Día 1.docx
[2026-02-27T22:28:01.610+0000] {processor.py:842} WARNING - No viable dags retrieved from /opt/airflow/dags/Diseño de Arquitectura Completa - Día 1.docx
[2026-02-27T22:28:01.642+0000] {processor.py:183} INFO - Processing /opt/airflow/dags/Diseño de Arquitectura Completa - Día 1.docx took 0.061 seconds
[2026-02-27T22:28:31.968+0000] {processor.py:161} INFO - Started process (PID=936) to work on /opt/airflow/dags/Diseño de Arquitectura Completa - Día 1.docx
[2026-02-27T22:28:31.970+0000] {processor.py:830} INFO - Processing file /opt/airflow/dags/Diseño de Arquitectura Completa - Día 1.docx for tasks to queue
[2026-02-27T22:28:31.971+0000] {logging_mixin.py:188} INFO - [2026-02-27T22:28:31.971+0000] {dagbag.py:540} INFO - Filling up the DagBag from /opt/airflow/dags/Diseño de Arquitectura Completa - Día 1.docx
[2026-02-27T22:28:31.984+0000] {processor.py:842} WARNING - No viable dags retrieved from /opt/airflow/dags/Diseño de Arquitectura Completa - Día 1.docx
[2026-02-27T22:28:32.009+0000] {processor.py:183} INFO - Processing /opt/airflow/dags/Diseño de Arquitectura Completa - Día 1.docx took 0.049 seconds
[2026-02-27T22:29:02.420+0000] {processor.py:161} INFO - Started process (PID=944) to work on /opt/airflow/dags/Diseño de Arquitectura Completa - Día 1.docx
[2026-02-27T22:29:02.422+0000] {processor.py:830} INFO - Processing file /opt/airflow/dags/Diseño de Arquitectura Completa - Día 1.docx for tasks to queue
[2026-02-27T22:29:02.423+0000] {logging_mixin.py:188} INFO - [2026-02-27T22:29:02.423+0000] {dagbag.py:540} INFO - Filling up the DagBag from /opt/airflow/dags/Diseño de Arquitectura Completa - Día 1.docx
[2026-02-27T22:29:02.450+0000] {processor.py:842} WARNING - No viable dags retrieved from /opt/airflow/dags/Diseño de Arquitectura Completa - Día 1.docx
[2026-02-27T22:29:02.482+0000] {processor.py:183} INFO - Processing /opt/airflow/dags/Diseño de Arquitectura Completa - Día 1.docx took 0.074 seconds
[2026-02-27T22:29:32.799+0000] {processor.py:161} INFO - Started process (PID=952) to work on /opt/airflow/dags/Diseño de Arquitectura Completa - Día 1.docx
[2026-02-27T22:29:32.801+0000] {processor.py:830} INFO - Processing file /opt/airflow/dags/Diseño de Arquitectura Completa - Día 1.docx for tasks to queue
[2026-02-27T22:29:32.802+0000] {logging_mixin.py:188} INFO - [2026-02-27T22:29:32.802+0000] {dagbag.py:540} INFO - Filling up the DagBag from /opt/airflow/dags/Diseño de Arquitectura Completa - Día 1.docx
[2026-02-27T22:29:32.818+0000] {processor.py:842} WARNING - No viable dags retrieved from /opt/airflow/dags/Diseño de Arquitectura Completa - Día 1.docx
[2026-02-27T22:29:32.846+0000] {processor.py:183} INFO - Processing /opt/airflow/dags/Diseño de Arquitectura Completa - Día 1.docx took 0.056 seconds
[2026-02-27T22:30:03.229+0000] {processor.py:161} INFO - Started process (PID=960) to work on /opt/airflow/dags/Diseño de Arquitectura Completa - Día 1.docx
[2026-02-27T22:30:03.230+0000] {processor.py:830} INFO - Processing file /opt/airflow/dags/Diseño de Arquitectura Completa - Día 1.docx for tasks to queue
[2026-02-27T22:30:03.232+0000] {logging_mixin.py:188} INFO - [2026-02-27T22:30:03.231+0000] {dagbag.py:540} INFO - Filling up the DagBag from /opt/airflow/dags/Diseño de Arquitectura Completa - Día 1.docx
[2026-02-27T22:30:03.246+0000] {processor.py:842} WARNING - No viable dags retrieved from /opt/airflow/dags/Diseño de Arquitectura Completa - Día 1.docx
[2026-02-27T22:30:03.268+0000] {processor.py:183} INFO - Processing /opt/airflow/dags/Diseño de Arquitectura Completa - Día 1.docx took 0.047 seconds
[2026-02-27T22:30:33.695+0000] {processor.py:161} INFO - Started process (PID=968) to work on /opt/airflow/dags/Diseño de Arquitectura Completa - Día 1.docx
[2026-02-27T22:30:33.697+0000] {processor.py:830} INFO - Processing file /opt/airflow/dags/Diseño de Arquitectura Completa - Día 1.docx for tasks to queue
[2026-02-27T22:30:33.699+0000] {logging_mixin.py:188} INFO - [2026-02-27T22:30:33.699+0000] {dagbag.py:540} INFO - Filling up the DagBag from /opt/airflow/dags/Diseño de Arquitectura Completa - Día 1.docx
[2026-02-27T22:30:33.716+0000] {processor.py:842} WARNING - No viable dags retrieved from /opt/airflow/dags/Diseño de Arquitectura Completa - Día 1.docx
[2026-02-27T22:30:33.749+0000] {processor.py:183} INFO - Processing /opt/airflow/dags/Diseño de Arquitectura Completa - Día 1.docx took 0.065 seconds
[2026-02-27T22:31:04.156+0000] {processor.py:161} INFO - Started process (PID=976) to work on /opt/airflow/dags/Diseño de Arquitectura Completa - Día 1.docx
[2026-02-27T22:31:04.158+0000] {processor.py:830} INFO - Processing file /opt/airflow/dags/Diseño de Arquitectura Completa - Día 1.docx for tasks to queue
[2026-02-27T22:31:04.161+0000] {logging_mixin.py:188} INFO - [2026-02-27T22:31:04.160+0000] {dagbag.py:540} INFO - Filling up the DagBag from /opt/airflow/dags/Diseño de Arquitectura Completa - Día 1.docx
[2026-02-27T22:31:04.185+0000] {processor.py:842} WARNING - No viable dags retrieved from /opt/airflow/dags/Diseño de Arquitectura Completa - Día 1.docx
[2026-02-27T22:31:04.211+0000] {processor.py:183} INFO - Processing /opt/airflow/dags/Diseño de Arquitectura Completa - Día 1.docx took 0.063 seconds
[2026-02-27T22:31:34.539+0000] {processor.py:161} INFO - Started process (PID=984) to work on /opt/airflow/dags/Diseño de Arquitectura Completa - Día 1.docx
[2026-02-27T22:31:34.540+0000] {processor.py:830} INFO - Processing file /opt/airflow/dags/Diseño de Arquitectura Completa - Día 1.docx for tasks to queue
[2026-02-27T22:31:34.542+0000] {logging_mixin.py:188} INFO - [2026-02-27T22:31:34.541+0000] {dagbag.py:540} INFO - Filling up the DagBag from /opt/airflow/dags/Diseño de Arquitectura Completa - Día 1.docx
[2026-02-27T22:31:34.556+0000] {processor.py:842} WARNING - No viable dags retrieved from /opt/airflow/dags/Diseño de Arquitectura Completa - Día 1.docx
[2026-02-27T22:31:34.582+0000] {processor.py:183} INFO - Processing /opt/airflow/dags/Diseño de Arquitectura Completa - Día 1.docx took 0.052 seconds
[2026-02-27T22:32:05.151+0000] {processor.py:161} INFO - Started process (PID=992) to work on /opt/airflow/dags/Diseño de Arquitectura Completa - Día 1.docx
[2026-02-27T22:32:05.152+0000] {processor.py:830} INFO - Processing file /opt/airflow/dags/Diseño de Arquitectura Completa - Día 1.docx for tasks to queue
[2026-02-27T22:32:05.154+0000] {logging_mixin.py:188} INFO - [2026-02-27T22:32:05.154+0000] {dagbag.py:540} INFO - Filling up the DagBag from /opt/airflow/dags/Diseño de Arquitectura Completa - Día 1.docx
[2026-02-27T22:32:05.170+0000] {processor.py:842} WARNING - No viable dags retrieved from /opt/airflow/dags/Diseño de Arquitectura Completa - Día 1.docx
[2026-02-27T22:32:05.192+0000] {processor.py:183} INFO - Processing /opt/airflow/dags/Diseño de Arquitectura Completa - Día 1.docx took 0.049 seconds
[2026-02-27T22:32:35.637+0000] {processor.py:161} INFO - Started process (PID=1000) to work on /opt/airflow/dags/Diseño de Arquitectura Completa - Día 1.docx
[2026-02-27T22:32:35.640+0000] {processor.py:830} INFO - Processing file /opt/airflow/dags/Diseño de Arquitectura Completa - Día 1.docx for tasks to queue
[2026-02-27T22:32:35.642+0000] {logging_mixin.py:188} INFO - [2026-02-27T22:32:35.642+0000] {dagbag.py:540} INFO - Filling up the DagBag from /opt/airflow/dags/Diseño de Arquitectura Completa - Día 1.docx
[2026-02-27T22:32:35.662+0000] {processor.py:842} WARNING - No viable dags retrieved from /opt/airflow/dags/Diseño de Arquitectura Completa - Día 1.docx
[2026-02-27T22:32:35.700+0000] {processor.py:183} INFO - Processing /opt/airflow/dags/Diseño de Arquitectura Completa - Día 1.docx took 0.073 seconds
[2026-02-27T22:33:06.056+0000] {processor.py:161} INFO - Started process (PID=1008) to work on /opt/airflow/dags/Diseño de Arquitectura Completa - Día 1.docx
[2026-02-27T22:33:06.057+0000] {processor.py:830} INFO - Processing file /opt/airflow/dags/Diseño de Arquitectura Completa - Día 1.docx for tasks to queue
[2026-02-27T22:33:06.059+0000] {logging_mixin.py:188} INFO - [2026-02-27T22:33:06.058+0000] {dagbag.py:540} INFO - Filling up the DagBag from /opt/airflow/dags/Diseño de Arquitectura Completa - Día 1.docx
[2026-02-27T22:33:06.082+0000] {processor.py:842} WARNING - No viable dags retrieved from /opt/airflow/dags/Diseño de Arquitectura Completa - Día 1.docx
[2026-02-27T22:33:06.120+0000] {processor.py:183} INFO - Processing /opt/airflow/dags/Diseño de Arquitectura Completa - Día 1.docx took 0.072 seconds
[2026-02-27T22:33:36.521+0000] {processor.py:161} INFO - Started process (PID=1016) to work on /opt/airflow/dags/Diseño de Arquitectura Completa - Día 1.docx
[2026-02-27T22:33:36.522+0000] {processor.py:830} INFO - Processing file /opt/airflow/dags/Diseño de Arquitectura Completa - Día 1.docx for tasks to queue
[2026-02-27T22:33:36.524+0000] {logging_mixin.py:188} INFO - [2026-02-27T22:33:36.523+0000] {dagbag.py:540} INFO - Filling up the DagBag from /opt/airflow/dags/Diseño de Arquitectura Completa - Día 1.docx
[2026-02-27T22:33:36.543+0000] {processor.py:842} WARNING - No viable dags retrieved from /opt/airflow/dags/Diseño de Arquitectura Completa - Día 1.docx
[2026-02-27T22:33:36.576+0000] {processor.py:183} INFO - Processing /opt/airflow/dags/Diseño de Arquitectura Completa - Día 1.docx took 0.065 seconds
[2026-02-27T22:34:07.102+0000] {processor.py:161} INFO - Started process (PID=1024) to work on /opt/airflow/dags/Diseño de Arquitectura Completa - Día 1.docx
[2026-02-27T22:34:07.104+0000] {processor.py:830} INFO - Processing file /opt/airflow/dags/Diseño de Arquitectura Completa - Día 1.docx for tasks to queue
[2026-02-27T22:34:07.106+0000] {logging_mixin.py:188} INFO - [2026-02-27T22:34:07.105+0000] {dagbag.py:540} INFO - Filling up the DagBag from /opt/airflow/dags/Diseño de Arquitectura Completa - Día 1.docx
[2026-02-27T22:34:07.127+0000] {processor.py:842} WARNING - No viable dags retrieved from /opt/airflow/dags/Diseño de Arquitectura Completa - Día 1.docx
[2026-02-27T22:34:07.151+0000] {processor.py:183} INFO - Processing /opt/airflow/dags/Diseño de Arquitectura Completa - Día 1.docx took 0.057 seconds
[2026-02-27T22:34:37.529+0000] {processor.py:161} INFO - Started process (PID=1032) to work on /opt/airflow/dags/Diseño de Arquitectura Completa - Día 1.docx
[2026-02-27T22:34:37.531+0000] {processor.py:830} INFO - Processing file /opt/airflow/dags/Diseño de Arquitectura Completa - Día 1.docx for tasks to queue
[2026-02-27T22:34:37.533+0000] {logging_mixin.py:188} INFO - [2026-02-27T22:34:37.532+0000] {dagbag.py:540} INFO - Filling up the DagBag from /opt/airflow/dags/Diseño de Arquitectura Completa - Día 1.docx
[2026-02-27T22:34:37.554+0000] {processor.py:842} WARNING - No viable dags retrieved from /opt/airflow/dags/Diseño de Arquitectura Completa - Día 1.docx
[2026-02-27T22:34:37.578+0000] {processor.py:183} INFO - Processing /opt/airflow/dags/Diseño de Arquitectura Completa - Día 1.docx took 0.056 seconds
[2026-02-27T22:35:08.012+0000] {processor.py:161} INFO - Started process (PID=1040) to work on /opt/airflow/dags/Diseño de Arquitectura Completa - Día 1.docx
[2026-02-27T22:35:08.014+0000] {processor.py:830} INFO - Processing file /opt/airflow/dags/Diseño de Arquitectura Completa - Día 1.docx for tasks to queue
[2026-02-27T22:35:08.016+0000] {logging_mixin.py:188} INFO - [2026-02-27T22:35:08.015+0000] {dagbag.py:540} INFO - Filling up the DagBag from /opt/airflow/dags/Diseño de Arquitectura Completa - Día 1.docx
[2026-02-27T22:35:08.044+0000] {processor.py:842} WARNING - No viable dags retrieved from /opt/airflow/dags/Diseño de Arquitectura Completa - Día 1.docx
[2026-02-27T22:35:08.075+0000] {processor.py:183} INFO - Processing /opt/airflow/dags/Diseño de Arquitectura Completa - Día 1.docx took 0.072 seconds
[2026-02-27T22:35:38.474+0000] {processor.py:161} INFO - Started process (PID=1048) to work on /opt/airflow/dags/Diseño de Arquitectura Completa - Día 1.docx
[2026-02-27T22:35:38.476+0000] {processor.py:830} INFO - Processing file /opt/airflow/dags/Diseño de Arquitectura Completa - Día 1.docx for tasks to queue
[2026-02-27T22:35:38.479+0000] {logging_mixin.py:188} INFO - [2026-02-27T22:35:38.478+0000] {dagbag.py:540} INFO - Filling up the DagBag from /opt/airflow/dags/Diseño de Arquitectura Completa - Día 1.docx
[2026-02-27T22:35:38.515+0000] {processor.py:842} WARNING - No viable dags retrieved from /opt/airflow/dags/Diseño de Arquitectura Completa - Día 1.docx
[2026-02-27T22:35:38.547+0000] {processor.py:183} INFO - Processing /opt/airflow/dags/Diseño de Arquitectura Completa - Día 1.docx took 0.083 seconds
[2026-02-27T22:36:08.841+0000] {processor.py:161} INFO - Started process (PID=1056) to work on /opt/airflow/dags/Diseño de Arquitectura Completa - Día 1.docx
[2026-02-27T22:36:08.843+0000] {processor.py:830} INFO - Processing file /opt/airflow/dags/Diseño de Arquitectura Completa - Día 1.docx for tasks to queue
[2026-02-27T22:36:08.844+0000] {logging_mixin.py:188} INFO - [2026-02-27T22:36:08.844+0000] {dagbag.py:540} INFO - Filling up the DagBag from /opt/airflow/dags/Diseño de Arquitectura Completa - Día 1.docx
[2026-02-27T22:36:08.858+0000] {processor.py:842} WARNING - No viable dags retrieved from /opt/airflow/dags/Diseño de Arquitectura Completa - Día 1.docx
[2026-02-27T22:36:08.881+0000] {processor.py:183} INFO - Processing /opt/airflow/dags/Diseño de Arquitectura Completa - Día 1.docx took 0.048 seconds
[2026-02-27T22:36:39.273+0000] {processor.py:161} INFO - Started process (PID=1064) to work on /opt/airflow/dags/Diseño de Arquitectura Completa - Día 1.docx
[2026-02-27T22:36:39.275+0000] {processor.py:830} INFO - Processing file /opt/airflow/dags/Diseño de Arquitectura Completa - Día 1.docx for tasks to queue
[2026-02-27T22:36:39.277+0000] {logging_mixin.py:188} INFO - [2026-02-27T22:36:39.277+0000] {dagbag.py:540} INFO - Filling up the DagBag from /opt/airflow/dags/Diseño de Arquitectura Completa - Día 1.docx
[2026-02-27T22:36:39.294+0000] {processor.py:842} WARNING - No viable dags retrieved from /opt/airflow/dags/Diseño de Arquitectura Completa - Día 1.docx
[2026-02-27T22:36:39.319+0000] {processor.py:183} INFO - Processing /opt/airflow/dags/Diseño de Arquitectura Completa - Día 1.docx took 0.054 seconds
[2026-02-27T22:37:09.862+0000] {processor.py:161} INFO - Started process (PID=1072) to work on /opt/airflow/dags/Diseño de Arquitectura Completa - Día 1.docx
[2026-02-27T22:37:09.864+0000] {processor.py:830} INFO - Processing file /opt/airflow/dags/Diseño de Arquitectura Completa - Día 1.docx for tasks to queue
[2026-02-27T22:37:09.865+0000] {logging_mixin.py:188} INFO - [2026-02-27T22:37:09.865+0000] {dagbag.py:540} INFO - Filling up the DagBag from /opt/airflow/dags/Diseño de Arquitectura Completa - Día 1.docx
[2026-02-27T22:37:09.881+0000] {processor.py:842} WARNING - No viable dags retrieved from /opt/airflow/dags/Diseño de Arquitectura Completa - Día 1.docx
[2026-02-27T22:37:09.904+0000] {processor.py:183} INFO - Processing /opt/airflow/dags/Diseño de Arquitectura Completa - Día 1.docx took 0.050 seconds
[2026-02-27T22:37:40.223+0000] {processor.py:161} INFO - Started process (PID=1080) to work on /opt/airflow/dags/Diseño de Arquitectura Completa - Día 1.docx
[2026-02-27T22:37:40.224+0000] {processor.py:830} INFO - Processing file /opt/airflow/dags/Diseño de Arquitectura Completa - Día 1.docx for tasks to queue
[2026-02-27T22:37:40.226+0000] {logging_mixin.py:188} INFO - [2026-02-27T22:37:40.225+0000] {dagbag.py:540} INFO - Filling up the DagBag from /opt/airflow/dags/Diseño de Arquitectura Completa - Día 1.docx
[2026-02-27T22:37:40.250+0000] {processor.py:842} WARNING - No viable dags retrieved from /opt/airflow/dags/Diseño de Arquitectura Completa - Día 1.docx
[2026-02-27T22:37:40.275+0000] {processor.py:183} INFO - Processing /opt/airflow/dags/Diseño de Arquitectura Completa - Día 1.docx took 0.060 seconds
[2026-02-27T22:38:10.798+0000] {processor.py:161} INFO - Started process (PID=1088) to work on /opt/airflow/dags/Diseño de Arquitectura Completa - Día 1.docx
[2026-02-27T22:38:10.800+0000] {processor.py:830} INFO - Processing file /opt/airflow/dags/Diseño de Arquitectura Completa - Día 1.docx for tasks to queue
[2026-02-27T22:38:10.802+0000] {logging_mixin.py:188} INFO - [2026-02-27T22:38:10.802+0000] {dagbag.py:540} INFO - Filling up the DagBag from /opt/airflow/dags/Diseño de Arquitectura Completa - Día 1.docx
[2026-02-27T22:38:10.823+0000] {processor.py:842} WARNING - No viable dags retrieved from /opt/airflow/dags/Diseño de Arquitectura Completa - Día 1.docx
[2026-02-27T22:38:10.853+0000] {processor.py:183} INFO - Processing /opt/airflow/dags/Diseño de Arquitectura Completa - Día 1.docx took 0.066 seconds
[2026-02-27T22:38:41.242+0000] {processor.py:161} INFO - Started process (PID=1096) to work on /opt/airflow/dags/Diseño de Arquitectura Completa - Día 1.docx
[2026-02-27T22:38:41.243+0000] {processor.py:830} INFO - Processing file /opt/airflow/dags/Diseño de Arquitectura Completa - Día 1.docx for tasks to queue
[2026-02-27T22:38:41.245+0000] {logging_mixin.py:188} INFO - [2026-02-27T22:38:41.244+0000] {dagbag.py:540} INFO - Filling up the DagBag from /opt/airflow/dags/Diseño de Arquitectura Completa - Día 1.docx
[2026-02-27T22:38:41.260+0000] {processor.py:842} WARNING - No viable dags retrieved from /opt/airflow/dags/Diseño de Arquitectura Completa - Día 1.docx
[2026-02-27T22:38:41.284+0000] {processor.py:183} INFO - Processing /opt/airflow/dags/Diseño de Arquitectura Completa - Día 1.docx took 0.050 seconds
[2026-02-27T22:39:11.736+0000] {processor.py:161} INFO - Started process (PID=1104) to work on /opt/airflow/dags/Diseño de Arquitectura Completa - Día 1.docx
[2026-02-27T22:39:11.738+0000] {processor.py:830} INFO - Processing file /opt/airflow/dags/Diseño de Arquitectura Completa - Día 1.docx for tasks to queue
[2026-02-27T22:39:11.740+0000] {logging_mixin.py:188} INFO - [2026-02-27T22:39:11.739+0000] {dagbag.py:540} INFO - Filling up the DagBag from /opt/airflow/dags/Diseño de Arquitectura Completa - Día 1.docx
[2026-02-27T22:39:11.760+0000] {processor.py:842} WARNING - No viable dags retrieved from /opt/airflow/dags/Diseño de Arquitectura Completa - Día 1.docx
[2026-02-27T22:39:11.791+0000] {processor.py:183} INFO - Processing /opt/airflow/dags/Diseño de Arquitectura Completa - Día 1.docx took 0.065 seconds
[2026-02-27T22:39:42.268+0000] {processor.py:161} INFO - Started process (PID=1112) to work on /opt/airflow/dags/Diseño de Arquitectura Completa - Día 1.docx
[2026-02-27T22:39:42.270+0000] {processor.py:830} INFO - Processing file /opt/airflow/dags/Diseño de Arquitectura Completa - Día 1.docx for tasks to queue
[2026-02-27T22:39:42.271+0000] {logging_mixin.py:188} INFO - [2026-02-27T22:39:42.271+0000] {dagbag.py:540} INFO - Filling up the DagBag from /opt/airflow/dags/Diseño de Arquitectura Completa - Día 1.docx
[2026-02-27T22:39:42.284+0000] {processor.py:842} WARNING - No viable dags retrieved from /opt/airflow/dags/Diseño de Arquitectura Completa - Día 1.docx
[2026-02-27T22:39:42.307+0000] {processor.py:183} INFO - Processing /opt/airflow/dags/Diseño de Arquitectura Completa - Día 1.docx took 0.047 seconds
[2026-02-27T22:40:12.906+0000] {processor.py:161} INFO - Started process (PID=1120) to work on /opt/airflow/dags/Diseño de Arquitectura Completa - Día 1.docx
[2026-02-27T22:40:12.907+0000] {processor.py:830} INFO - Processing file /opt/airflow/dags/Diseño de Arquitectura Completa - Día 1.docx for tasks to queue
[2026-02-27T22:40:12.909+0000] {logging_mixin.py:188} INFO - [2026-02-27T22:40:12.908+0000] {dagbag.py:540} INFO - Filling up the DagBag from /opt/airflow/dags/Diseño de Arquitectura Completa - Día 1.docx
[2026-02-27T22:40:12.928+0000] {processor.py:842} WARNING - No viable dags retrieved from /opt/airflow/dags/Diseño de Arquitectura Completa - Día 1.docx
[2026-02-27T22:40:12.956+0000] {processor.py:183} INFO - Processing /opt/airflow/dags/Diseño de Arquitectura Completa - Día 1.docx took 0.059 seconds
[2026-02-27T22:40:43.378+0000] {processor.py:161} INFO - Started process (PID=1128) to work on /opt/airflow/dags/Diseño de Arquitectura Completa - Día 1.docx
[2026-02-27T22:40:43.380+0000] {processor.py:830} INFO - Processing file /opt/airflow/dags/Diseño de Arquitectura Completa - Día 1.docx for tasks to queue
[2026-02-27T22:40:43.382+0000] {logging_mixin.py:188} INFO - [2026-02-27T22:40:43.381+0000] {dagbag.py:540} INFO - Filling up the DagBag from /opt/airflow/dags/Diseño de Arquitectura Completa - Día 1.docx
[2026-02-27T22:40:43.400+0000] {processor.py:842} WARNING - No viable dags retrieved from /opt/airflow/dags/Diseño de Arquitectura Completa - Día 1.docx
[2026-02-27T22:40:43.424+0000] {processor.py:183} INFO - Processing /opt/airflow/dags/Diseño de Arquitectura Completa - Día 1.docx took 0.055 seconds
[2026-02-27T22:41:14.099+0000] {processor.py:161} INFO - Started process (PID=1136) to work on /opt/airflow/dags/Diseño de Arquitectura Completa - Día 1.docx
[2026-02-27T22:41:14.101+0000] {processor.py:830} INFO - Processing file /opt/airflow/dags/Diseño de Arquitectura Completa - Día 1.docx for tasks to queue
[2026-02-27T22:41:14.103+0000] {logging_mixin.py:188} INFO - [2026-02-27T22:41:14.102+0000] {dagbag.py:540} INFO - Filling up the DagBag from /opt/airflow/dags/Diseño de Arquitectura Completa - Día 1.docx
[2026-02-27T22:41:14.125+0000] {processor.py:842} WARNING - No viable dags retrieved from /opt/airflow/dags/Diseño de Arquitectura Completa - Día 1.docx
[2026-02-27T22:41:14.164+0000] {processor.py:183} INFO - Processing /opt/airflow/dags/Diseño de Arquitectura Completa - Día 1.docx took 0.074 seconds
[2026-02-27T22:41:45.365+0000] {processor.py:161} INFO - Started process (PID=1145) to work on /opt/airflow/dags/Diseño de Arquitectura Completa - Día 1.docx
[2026-02-27T22:41:45.367+0000] {processor.py:830} INFO - Processing file /opt/airflow/dags/Diseño de Arquitectura Completa - Día 1.docx for tasks to queue
[2026-02-27T22:41:45.369+0000] {logging_mixin.py:188} INFO - [2026-02-27T22:41:45.368+0000] {dagbag.py:540} INFO - Filling up the DagBag from /opt/airflow/dags/Diseño de Arquitectura Completa - Día 1.docx
[2026-02-27T22:41:45.386+0000] {processor.py:842} WARNING - No viable dags retrieved from /opt/airflow/dags/Diseño de Arquitectura Completa - Día 1.docx
[2026-02-27T22:41:45.408+0000] {processor.py:183} INFO - Processing /opt/airflow/dags/Diseño de Arquitectura Completa - Día 1.docx took 0.052 seconds
[2026-02-27T22:42:16.400+0000] {processor.py:161} INFO - Started process (PID=1154) to work on /opt/airflow/dags/Diseño de Arquitectura Completa - Día 1.docx
[2026-02-27T22:42:16.402+0000] {processor.py:830} INFO - Processing file /opt/airflow/dags/Diseño de Arquitectura Completa - Día 1.docx for tasks to queue
[2026-02-27T22:42:16.405+0000] {logging_mixin.py:188} INFO - [2026-02-27T22:42:16.404+0000] {dagbag.py:540} INFO - Filling up the DagBag from /opt/airflow/dags/Diseño de Arquitectura Completa - Día 1.docx
[2026-02-27T22:42:16.434+0000] {processor.py:842} WARNING - No viable dags retrieved from /opt/airflow/dags/Diseño de Arquitectura Completa - Día 1.docx
[2026-02-27T22:42:16.477+0000] {processor.py:183} INFO - Processing /opt/airflow/dags/Diseño de Arquitectura Completa - Día 1.docx took 0.089 seconds
[2026-02-27T22:42:47.027+0000] {processor.py:161} INFO - Started process (PID=1163) to work on /opt/airflow/dags/Diseño de Arquitectura Completa - Día 1.docx
[2026-02-27T22:42:47.029+0000] {processor.py:830} INFO - Processing file /opt/airflow/dags/Diseño de Arquitectura Completa - Día 1.docx for tasks to queue
[2026-02-27T22:42:47.031+0000] {logging_mixin.py:188} INFO - [2026-02-27T22:42:47.031+0000] {dagbag.py:540} INFO - Filling up the DagBag from /opt/airflow/dags/Diseño de Arquitectura Completa - Día 1.docx
[2026-02-27T22:42:47.050+0000] {processor.py:842} WARNING - No viable dags retrieved from /opt/airflow/dags/Diseño de Arquitectura Completa - Día 1.docx
[2026-02-27T22:42:47.086+0000] {processor.py:183} INFO - Processing /opt/airflow/dags/Diseño de Arquitectura Completa - Día 1.docx took 0.068 seconds
[2026-02-27T22:43:17.953+0000] {processor.py:161} INFO - Started process (PID=1172) to work on /opt/airflow/dags/Diseño de Arquitectura Completa - Día 1.docx
[2026-02-27T22:43:17.955+0000] {processor.py:830} INFO - Processing file /opt/airflow/dags/Diseño de Arquitectura Completa - Día 1.docx for tasks to queue
[2026-02-27T22:43:17.957+0000] {logging_mixin.py:188} INFO - [2026-02-27T22:43:17.956+0000] {dagbag.py:540} INFO - Filling up the DagBag from /opt/airflow/dags/Diseño de Arquitectura Completa - Día 1.docx
[2026-02-27T22:43:17.971+0000] {processor.py:842} WARNING - No viable dags retrieved from /opt/airflow/dags/Diseño de Arquitectura Completa - Día 1.docx
[2026-02-27T22:43:17.999+0000] {processor.py:183} INFO - Processing /opt/airflow/dags/Diseño de Arquitectura Completa - Día 1.docx took 0.055 seconds
[2026-02-27T22:43:48.723+0000] {processor.py:161} INFO - Started process (PID=1181) to work on /opt/airflow/dags/Diseño de Arquitectura Completa - Día 1.docx
[2026-02-27T22:43:48.726+0000] {processor.py:830} INFO - Processing file /opt/airflow/dags/Diseño de Arquitectura Completa - Día 1.docx for tasks to queue
[2026-02-27T22:43:48.728+0000] {logging_mixin.py:188} INFO - [2026-02-27T22:43:48.728+0000] {dagbag.py:540} INFO - Filling up the DagBag from /opt/airflow/dags/Diseño de Arquitectura Completa - Día 1.docx
[2026-02-27T22:43:48.755+0000] {processor.py:842} WARNING - No viable dags retrieved from /opt/airflow/dags/Diseño de Arquitectura Completa - Día 1.docx
[2026-02-27T22:43:48.784+0000] {processor.py:183} INFO - Processing /opt/airflow/dags/Diseño de Arquitectura Completa - Día 1.docx took 0.074 seconds
[2026-02-27T22:44:19.601+0000] {processor.py:161} INFO - Started process (PID=1190) to work on /opt/airflow/dags/Diseño de Arquitectura Completa - Día 1.docx
[2026-02-27T22:44:19.603+0000] {processor.py:830} INFO - Processing file /opt/airflow/dags/Diseño de Arquitectura Completa - Día 1.docx for tasks to queue
[2026-02-27T22:44:19.605+0000] {logging_mixin.py:188} INFO - [2026-02-27T22:44:19.605+0000] {dagbag.py:540} INFO - Filling up the DagBag from /opt/airflow/dags/Diseño de Arquitectura Completa - Día 1.docx
[2026-02-27T22:44:19.628+0000] {processor.py:842} WARNING - No viable dags retrieved from /opt/airflow/dags/Diseño de Arquitectura Completa - Día 1.docx
[2026-02-27T22:44:19.658+0000] {processor.py:183} INFO - Processing /opt/airflow/dags/Diseño de Arquitectura Completa - Día 1.docx took 0.067 seconds
[2026-02-27T22:44:50.175+0000] {processor.py:161} INFO - Started process (PID=1199) to work on /opt/airflow/dags/Diseño de Arquitectura Completa - Día 1.docx
[2026-02-27T22:44:50.177+0000] {processor.py:830} INFO - Processing file /opt/airflow/dags/Diseño de Arquitectura Completa - Día 1.docx for tasks to queue
[2026-02-27T22:44:50.180+0000] {logging_mixin.py:188} INFO - [2026-02-27T22:44:50.179+0000] {dagbag.py:540} INFO - Filling up the DagBag from /opt/airflow/dags/Diseño de Arquitectura Completa - Día 1.docx
[2026-02-27T22:44:50.201+0000] {processor.py:842} WARNING - No viable dags retrieved from /opt/airflow/dags/Diseño de Arquitectura Completa - Día 1.docx
[2026-02-27T22:44:50.231+0000] {processor.py:183} INFO - Processing /opt/airflow/dags/Diseño de Arquitectura Completa - Día 1.docx took 0.066 seconds
[2026-02-27T22:45:21.003+0000] {processor.py:161} INFO - Started process (PID=1208) to work on /opt/airflow/dags/Diseño de Arquitectura Completa - Día 1.docx
[2026-02-27T22:45:21.005+0000] {processor.py:830} INFO - Processing file /opt/airflow/dags/Diseño de Arquitectura Completa - Día 1.docx for tasks to queue
[2026-02-27T22:45:21.007+0000] {logging_mixin.py:188} INFO - [2026-02-27T22:45:21.006+0000] {dagbag.py:540} INFO - Filling up the DagBag from /opt/airflow/dags/Diseño de Arquitectura Completa - Día 1.docx
[2026-02-27T22:45:21.023+0000] {processor.py:842} WARNING - No viable dags retrieved from /opt/airflow/dags/Diseño de Arquitectura Completa - Día 1.docx
[2026-02-27T22:45:21.043+0000] {processor.py:183} INFO - Processing /opt/airflow/dags/Diseño de Arquitectura Completa - Día 1.docx took 0.048 seconds
[2026-02-27T22:45:51.665+0000] {processor.py:161} INFO - Started process (PID=1217) to work on /opt/airflow/dags/Diseño de Arquitectura Completa - Día 1.docx
[2026-02-27T22:45:51.667+0000] {processor.py:830} INFO - Processing file /opt/airflow/dags/Diseño de Arquitectura Completa - Día 1.docx for tasks to queue
[2026-02-27T22:45:51.669+0000] {logging_mixin.py:188} INFO - [2026-02-27T22:45:51.669+0000] {dagbag.py:540} INFO - Filling up the DagBag from /opt/airflow/dags/Diseño de Arquitectura Completa - Día 1.docx
[2026-02-27T22:45:51.687+0000] {processor.py:842} WARNING - No viable dags retrieved from /opt/airflow/dags/Diseño de Arquitectura Completa - Día 1.docx
[2026-02-27T22:45:51.708+0000] {processor.py:183} INFO - Processing /opt/airflow/dags/Diseño de Arquitectura Completa - Día 1.docx took 0.053 seconds
[2026-02-27T22:46:22.735+0000] {processor.py:161} INFO - Started process (PID=1226) to work on /opt/airflow/dags/Diseño de Arquitectura Completa - Día 1.docx
[2026-02-27T22:46:22.737+0000] {processor.py:830} INFO - Processing file /opt/airflow/dags/Diseño de Arquitectura Completa - Día 1.docx for tasks to queue
[2026-02-27T22:46:22.739+0000] {logging_mixin.py:188} INFO - [2026-02-27T22:46:22.739+0000] {dagbag.py:540} INFO - Filling up the DagBag from /opt/airflow/dags/Diseño de Arquitectura Completa - Día 1.docx
[2026-02-27T22:46:22.765+0000] {processor.py:842} WARNING - No viable dags retrieved from /opt/airflow/dags/Diseño de Arquitectura Completa - Día 1.docx
[2026-02-27T22:46:22.788+0000] {processor.py:183} INFO - Processing /opt/airflow/dags/Diseño de Arquitectura Completa - Día 1.docx took 0.060 seconds
[2026-02-27T22:46:53.093+0000] {processor.py:161} INFO - Started process (PID=1235) to work on /opt/airflow/dags/Diseño de Arquitectura Completa - Día 1.docx
[2026-02-27T22:46:53.095+0000] {processor.py:830} INFO - Processing file /opt/airflow/dags/Diseño de Arquitectura Completa - Día 1.docx for tasks to queue
[2026-02-27T22:46:53.097+0000] {logging_mixin.py:188} INFO - [2026-02-27T22:46:53.097+0000] {dagbag.py:540} INFO - Filling up the DagBag from /opt/airflow/dags/Diseño de Arquitectura Completa - Día 1.docx
[2026-02-27T22:46:53.119+0000] {processor.py:842} WARNING - No viable dags retrieved from /opt/airflow/dags/Diseño de Arquitectura Completa - Día 1.docx
[2026-02-27T22:46:53.145+0000] {processor.py:183} INFO - Processing /opt/airflow/dags/Diseño de Arquitectura Completa - Día 1.docx took 0.063 seconds
[2026-02-27T22:47:24.045+0000] {processor.py:161} INFO - Started process (PID=1244) to work on /opt/airflow/dags/Diseño de Arquitectura Completa - Día 1.docx
[2026-02-27T22:47:24.047+0000] {processor.py:830} INFO - Processing file /opt/airflow/dags/Diseño de Arquitectura Completa - Día 1.docx for tasks to queue
[2026-02-27T22:47:24.049+0000] {logging_mixin.py:188} INFO - [2026-02-27T22:47:24.048+0000] {dagbag.py:540} INFO - Filling up the DagBag from /opt/airflow/dags/Diseño de Arquitectura Completa - Día 1.docx
[2026-02-27T22:47:24.065+0000] {processor.py:842} WARNING - No viable dags retrieved from /opt/airflow/dags/Diseño de Arquitectura Completa - Día 1.docx
[2026-02-27T22:47:24.098+0000] {processor.py:183} INFO - Processing /opt/airflow/dags/Diseño de Arquitectura Completa - Día 1.docx took 0.065 seconds
[2026-02-27T22:47:55.057+0000] {processor.py:161} INFO - Started process (PID=1253) to work on /opt/airflow/dags/Diseño de Arquitectura Completa - Día 1.docx
[2026-02-27T22:47:55.059+0000] {processor.py:830} INFO - Processing file /opt/airflow/dags/Diseño de Arquitectura Completa - Día 1.docx for tasks to queue
[2026-02-27T22:47:55.061+0000] {logging_mixin.py:188} INFO - [2026-02-27T22:47:55.060+0000] {dagbag.py:540} INFO - Filling up the DagBag from /opt/airflow/dags/Diseño de Arquitectura Completa - Día 1.docx
[2026-02-27T22:47:55.077+0000] {processor.py:842} WARNING - No viable dags retrieved from /opt/airflow/dags/Diseño de Arquitectura Completa - Día 1.docx
[2026-02-27T22:47:55.104+0000] {processor.py:183} INFO - Processing /opt/airflow/dags/Diseño de Arquitectura Completa - Día 1.docx took 0.057 seconds
[2026-02-27T22:48:26.013+0000] {processor.py:161} INFO - Started process (PID=1262) to work on /opt/airflow/dags/Diseño de Arquitectura Completa - Día 1.docx
[2026-02-27T22:48:26.015+0000] {processor.py:830} INFO - Processing file /opt/airflow/dags/Diseño de Arquitectura Completa - Día 1.docx for tasks to queue
[2026-02-27T22:48:26.016+0000] {logging_mixin.py:188} INFO - [2026-02-27T22:48:26.015+0000] {dagbag.py:540} INFO - Filling up the DagBag from /opt/airflow/dags/Diseño de Arquitectura Completa - Día 1.docx
[2026-02-27T22:48:26.028+0000] {processor.py:842} WARNING - No viable dags retrieved from /opt/airflow/dags/Diseño de Arquitectura Completa - Día 1.docx
[2026-02-27T22:48:26.050+0000] {processor.py:183} INFO - Processing /opt/airflow/dags/Diseño de Arquitectura Completa - Día 1.docx took 0.048 seconds
[2026-02-27T22:48:56.889+0000] {processor.py:161} INFO - Started process (PID=1271) to work on /opt/airflow/dags/Diseño de Arquitectura Completa - Día 1.docx
[2026-02-27T22:48:56.892+0000] {processor.py:830} INFO - Processing file /opt/airflow/dags/Diseño de Arquitectura Completa - Día 1.docx for tasks to queue
[2026-02-27T22:48:56.896+0000] {logging_mixin.py:188} INFO - [2026-02-27T22:48:56.895+0000] {dagbag.py:540} INFO - Filling up the DagBag from /opt/airflow/dags/Diseño de Arquitectura Completa - Día 1.docx
[2026-02-27T22:48:56.921+0000] {processor.py:842} WARNING - No viable dags retrieved from /opt/airflow/dags/Diseño de Arquitectura Completa - Día 1.docx
[2026-02-27T22:48:56.953+0000] {processor.py:183} INFO - Processing /opt/airflow/dags/Diseño de Arquitectura Completa - Día 1.docx took 0.072 seconds
[2026-02-27T22:49:27.914+0000] {processor.py:161} INFO - Started process (PID=1280) to work on /opt/airflow/dags/Diseño de Arquitectura Completa - Día 1.docx
[2026-02-27T22:49:27.917+0000] {processor.py:830} INFO - Processing file /opt/airflow/dags/Diseño de Arquitectura Completa - Día 1.docx for tasks to queue
[2026-02-27T22:49:27.918+0000] {logging_mixin.py:188} INFO - [2026-02-27T22:49:27.918+0000] {dagbag.py:540} INFO - Filling up the DagBag from /opt/airflow/dags/Diseño de Arquitectura Completa - Día 1.docx
[2026-02-27T22:49:27.939+0000] {processor.py:842} WARNING - No viable dags retrieved from /opt/airflow/dags/Diseño de Arquitectura Completa - Día 1.docx
[2026-02-27T22:49:27.967+0000] {processor.py:183} INFO - Processing /opt/airflow/dags/Diseño de Arquitectura Completa - Día 1.docx took 0.068 seconds
[2026-02-27T22:49:58.857+0000] {processor.py:161} INFO - Started process (PID=1289) to work on /opt/airflow/dags/Diseño de Arquitectura Completa - Día 1.docx
[2026-02-27T22:49:58.859+0000] {processor.py:830} INFO - Processing file /opt/airflow/dags/Diseño de Arquitectura Completa - Día 1.docx for tasks to queue
[2026-02-27T22:49:58.862+0000] {logging_mixin.py:188} INFO - [2026-02-27T22:49:58.861+0000] {dagbag.py:540} INFO - Filling up the DagBag from /opt/airflow/dags/Diseño de Arquitectura Completa - Día 1.docx
[2026-02-27T22:49:58.882+0000] {processor.py:842} WARNING - No viable dags retrieved from /opt/airflow/dags/Diseño de Arquitectura Completa - Día 1.docx
[2026-02-27T22:49:58.912+0000] {processor.py:183} INFO - Processing /opt/airflow/dags/Diseño de Arquitectura Completa - Día 1.docx took 0.065 seconds
[2026-02-27T22:50:29.816+0000] {processor.py:161} INFO - Started process (PID=1298) to work on /opt/airflow/dags/Diseño de Arquitectura Completa - Día 1.docx
[2026-02-27T22:50:29.818+0000] {processor.py:830} INFO - Processing file /opt/airflow/dags/Diseño de Arquitectura Completa - Día 1.docx for tasks to queue
[2026-02-27T22:50:29.820+0000] {logging_mixin.py:188} INFO - [2026-02-27T22:50:29.820+0000] {dagbag.py:540} INFO - Filling up the DagBag from /opt/airflow/dags/Diseño de Arquitectura Completa - Día 1.docx
[2026-02-27T22:50:29.839+0000] {processor.py:842} WARNING - No viable dags retrieved from /opt/airflow/dags/Diseño de Arquitectura Completa - Día 1.docx
[2026-02-27T22:50:29.875+0000] {processor.py:183} INFO - Processing /opt/airflow/dags/Diseño de Arquitectura Completa - Día 1.docx took 0.069 seconds
[2026-02-27T22:51:00.739+0000] {processor.py:161} INFO - Started process (PID=1307) to work on /opt/airflow/dags/Diseño de Arquitectura Completa - Día 1.docx
[2026-02-27T22:51:00.741+0000] {processor.py:830} INFO - Processing file /opt/airflow/dags/Diseño de Arquitectura Completa - Día 1.docx for tasks to queue
[2026-02-27T22:51:00.744+0000] {logging_mixin.py:188} INFO - [2026-02-27T22:51:00.743+0000] {dagbag.py:540} INFO - Filling up the DagBag from /opt/airflow/dags/Diseño de Arquitectura Completa - Día 1.docx
[2026-02-27T22:51:00.766+0000] {processor.py:842} WARNING - No viable dags retrieved from /opt/airflow/dags/Diseño de Arquitectura Completa - Día 1.docx
[2026-02-27T22:51:00.793+0000] {processor.py:183} INFO - Processing /opt/airflow/dags/Diseño de Arquitectura Completa - Día 1.docx took 0.063 seconds
[2026-02-27T22:51:31.132+0000] {processor.py:161} INFO - Started process (PID=1316) to work on /opt/airflow/dags/Diseño de Arquitectura Completa - Día 1.docx
[2026-02-27T22:51:31.134+0000] {processor.py:830} INFO - Processing file /opt/airflow/dags/Diseño de Arquitectura Completa - Día 1.docx for tasks to queue
[2026-02-27T22:51:31.137+0000] {logging_mixin.py:188} INFO - [2026-02-27T22:51:31.136+0000] {dagbag.py:540} INFO - Filling up the DagBag from /opt/airflow/dags/Diseño de Arquitectura Completa - Día 1.docx
[2026-02-27T22:51:31.167+0000] {processor.py:842} WARNING - No viable dags retrieved from /opt/airflow/dags/Diseño de Arquitectura Completa - Día 1.docx
[2026-02-27T22:51:31.195+0000] {processor.py:183} INFO - Processing /opt/airflow/dags/Diseño de Arquitectura Completa - Día 1.docx took 0.077 seconds
[2026-02-27T22:52:50.516+0000] {processor.py:161} INFO - Started process (PID=40) to work on /opt/airflow/dags/Diseño de Arquitectura Completa - Día 1.docx
[2026-02-27T22:52:50.519+0000] {processor.py:830} INFO - Processing file /opt/airflow/dags/Diseño de Arquitectura Completa - Día 1.docx for tasks to queue
[2026-02-27T22:52:50.522+0000] {logging_mixin.py:188} INFO - [2026-02-27T22:52:50.521+0000] {dagbag.py:540} INFO - Filling up the DagBag from /opt/airflow/dags/Diseño de Arquitectura Completa - Día 1.docx
[2026-02-27T22:52:50.549+0000] {processor.py:842} WARNING - No viable dags retrieved from /opt/airflow/dags/Diseño de Arquitectura Completa - Día 1.docx
[2026-02-27T22:52:50.599+0000] {processor.py:183} INFO - Processing /opt/airflow/dags/Diseño de Arquitectura Completa - Día 1.docx took 0.093 seconds
[2026-02-27T22:53:21.226+0000] {processor.py:161} INFO - Started process (PID=49) to work on /opt/airflow/dags/Diseño de Arquitectura Completa - Día 1.docx
[2026-02-27T22:53:21.227+0000] {processor.py:830} INFO - Processing file /opt/airflow/dags/Diseño de Arquitectura Completa - Día 1.docx for tasks to queue
[2026-02-27T22:53:21.229+0000] {logging_mixin.py:188} INFO - [2026-02-27T22:53:21.229+0000] {dagbag.py:540} INFO - Filling up the DagBag from /opt/airflow/dags/Diseño de Arquitectura Completa - Día 1.docx
[2026-02-27T22:53:21.247+0000] {processor.py:842} WARNING - No viable dags retrieved from /opt/airflow/dags/Diseño de Arquitectura Completa - Día 1.docx
[2026-02-27T22:53:21.275+0000] {processor.py:183} INFO - Processing /opt/airflow/dags/Diseño de Arquitectura Completa - Día 1.docx took 0.058 seconds
[2026-02-27T22:53:52.013+0000] {processor.py:161} INFO - Started process (PID=58) to work on /opt/airflow/dags/Diseño de Arquitectura Completa - Día 1.docx
[2026-02-27T22:53:52.015+0000] {processor.py:830} INFO - Processing file /opt/airflow/dags/Diseño de Arquitectura Completa - Día 1.docx for tasks to queue
[2026-02-27T22:53:52.017+0000] {logging_mixin.py:188} INFO - [2026-02-27T22:53:52.016+0000] {dagbag.py:540} INFO - Filling up the DagBag from /opt/airflow/dags/Diseño de Arquitectura Completa - Día 1.docx
[2026-02-27T22:53:52.034+0000] {processor.py:842} WARNING - No viable dags retrieved from /opt/airflow/dags/Diseño de Arquitectura Completa - Día 1.docx
[2026-02-27T22:53:52.059+0000] {processor.py:183} INFO - Processing /opt/airflow/dags/Diseño de Arquitectura Completa - Día 1.docx took 0.055 seconds
[2026-02-27T22:54:23.204+0000] {processor.py:161} INFO - Started process (PID=67) to work on /opt/airflow/dags/Diseño de Arquitectura Completa - Día 1.docx
[2026-02-27T22:54:23.205+0000] {processor.py:830} INFO - Processing file /opt/airflow/dags/Diseño de Arquitectura Completa - Día 1.docx for tasks to queue
[2026-02-27T22:54:23.207+0000] {logging_mixin.py:188} INFO - [2026-02-27T22:54:23.207+0000] {dagbag.py:540} INFO - Filling up the DagBag from /opt/airflow/dags/Diseño de Arquitectura Completa - Día 1.docx
[2026-02-27T22:54:23.226+0000] {processor.py:842} WARNING - No viable dags retrieved from /opt/airflow/dags/Diseño de Arquitectura Completa - Día 1.docx
[2026-02-27T22:54:23.251+0000] {processor.py:183} INFO - Processing /opt/airflow/dags/Diseño de Arquitectura Completa - Día 1.docx took 0.056 seconds
[2026-02-27T22:54:54.003+0000] {processor.py:161} INFO - Started process (PID=76) to work on /opt/airflow/dags/Diseño de Arquitectura Completa - Día 1.docx
[2026-02-27T22:54:54.006+0000] {processor.py:830} INFO - Processing file /opt/airflow/dags/Diseño de Arquitectura Completa - Día 1.docx for tasks to queue
[2026-02-27T22:54:54.008+0000] {logging_mixin.py:188} INFO - [2026-02-27T22:54:54.008+0000] {dagbag.py:540} INFO - Filling up the DagBag from /opt/airflow/dags/Diseño de Arquitectura Completa - Día 1.docx
[2026-02-27T22:54:54.030+0000] {processor.py:842} WARNING - No viable dags retrieved from /opt/airflow/dags/Diseño de Arquitectura Completa - Día 1.docx
[2026-02-27T22:54:54.060+0000] {processor.py:183} INFO - Processing /opt/airflow/dags/Diseño de Arquitectura Completa - Día 1.docx took 0.068 seconds
[2026-02-27T22:55:24.642+0000] {processor.py:161} INFO - Started process (PID=85) to work on /opt/airflow/dags/Diseño de Arquitectura Completa - Día 1.docx
[2026-02-27T22:55:24.644+0000] {processor.py:830} INFO - Processing file /opt/airflow/dags/Diseño de Arquitectura Completa - Día 1.docx for tasks to queue
[2026-02-27T22:55:24.645+0000] {logging_mixin.py:188} INFO - [2026-02-27T22:55:24.645+0000] {dagbag.py:540} INFO - Filling up the DagBag from /opt/airflow/dags/Diseño de Arquitectura Completa - Día 1.docx
[2026-02-27T22:55:24.659+0000] {processor.py:842} WARNING - No viable dags retrieved from /opt/airflow/dags/Diseño de Arquitectura Completa - Día 1.docx
[2026-02-27T22:55:24.684+0000] {processor.py:183} INFO - Processing /opt/airflow/dags/Diseño de Arquitectura Completa - Día 1.docx took 0.051 seconds
[2026-02-27T22:55:55.282+0000] {processor.py:161} INFO - Started process (PID=94) to work on /opt/airflow/dags/Diseño de Arquitectura Completa - Día 1.docx
[2026-02-27T22:55:55.284+0000] {processor.py:830} INFO - Processing file /opt/airflow/dags/Diseño de Arquitectura Completa - Día 1.docx for tasks to queue
[2026-02-27T22:55:55.286+0000] {logging_mixin.py:188} INFO - [2026-02-27T22:55:55.286+0000] {dagbag.py:540} INFO - Filling up the DagBag from /opt/airflow/dags/Diseño de Arquitectura Completa - Día 1.docx
[2026-02-27T22:55:55.305+0000] {processor.py:842} WARNING - No viable dags retrieved from /opt/airflow/dags/Diseño de Arquitectura Completa - Día 1.docx
[2026-02-27T22:55:55.331+0000] {processor.py:183} INFO - Processing /opt/airflow/dags/Diseño de Arquitectura Completa - Día 1.docx took 0.063 seconds
[2026-02-27T22:56:25.884+0000] {processor.py:161} INFO - Started process (PID=103) to work on /opt/airflow/dags/Diseño de Arquitectura Completa - Día 1.docx
[2026-02-27T22:56:25.886+0000] {processor.py:830} INFO - Processing file /opt/airflow/dags/Diseño de Arquitectura Completa - Día 1.docx for tasks to queue
[2026-02-27T22:56:25.888+0000] {logging_mixin.py:188} INFO - [2026-02-27T22:56:25.888+0000] {dagbag.py:540} INFO - Filling up the DagBag from /opt/airflow/dags/Diseño de Arquitectura Completa - Día 1.docx
[2026-02-27T22:56:25.908+0000] {processor.py:842} WARNING - No viable dags retrieved from /opt/airflow/dags/Diseño de Arquitectura Completa - Día 1.docx
[2026-02-27T22:56:25.931+0000] {processor.py:183} INFO - Processing /opt/airflow/dags/Diseño de Arquitectura Completa - Día 1.docx took 0.055 seconds
[2026-02-27T22:56:56.858+0000] {processor.py:161} INFO - Started process (PID=112) to work on /opt/airflow/dags/Diseño de Arquitectura Completa - Día 1.docx
[2026-02-27T22:56:56.860+0000] {processor.py:830} INFO - Processing file /opt/airflow/dags/Diseño de Arquitectura Completa - Día 1.docx for tasks to queue
[2026-02-27T22:56:56.862+0000] {logging_mixin.py:188} INFO - [2026-02-27T22:56:56.861+0000] {dagbag.py:540} INFO - Filling up the DagBag from /opt/airflow/dags/Diseño de Arquitectura Completa - Día 1.docx
[2026-02-27T22:56:56.889+0000] {processor.py:842} WARNING - No viable dags retrieved from /opt/airflow/dags/Diseño de Arquitectura Completa - Día 1.docx
[2026-02-27T22:56:56.913+0000] {processor.py:183} INFO - Processing /opt/airflow/dags/Diseño de Arquitectura Completa - Día 1.docx took 0.064 seconds
[2026-02-27T22:57:27.569+0000] {processor.py:161} INFO - Started process (PID=121) to work on /opt/airflow/dags/Diseño de Arquitectura Completa - Día 1.docx
[2026-02-27T22:57:27.571+0000] {processor.py:830} INFO - Processing file /opt/airflow/dags/Diseño de Arquitectura Completa - Día 1.docx for tasks to queue
[2026-02-27T22:57:27.573+0000] {logging_mixin.py:188} INFO - [2026-02-27T22:57:27.572+0000] {dagbag.py:540} INFO - Filling up the DagBag from /opt/airflow/dags/Diseño de Arquitectura Completa - Día 1.docx
[2026-02-27T22:57:27.599+0000] {processor.py:842} WARNING - No viable dags retrieved from /opt/airflow/dags/Diseño de Arquitectura Completa - Día 1.docx
[2026-02-27T22:57:27.628+0000] {processor.py:183} INFO - Processing /opt/airflow/dags/Diseño de Arquitectura Completa - Día 1.docx took 0.067 seconds
[2026-02-27T22:57:58.110+0000] {processor.py:161} INFO - Started process (PID=130) to work on /opt/airflow/dags/Diseño de Arquitectura Completa - Día 1.docx
[2026-02-27T22:57:58.112+0000] {processor.py:830} INFO - Processing file /opt/airflow/dags/Diseño de Arquitectura Completa - Día 1.docx for tasks to queue
[2026-02-27T22:57:58.115+0000] {logging_mixin.py:188} INFO - [2026-02-27T22:57:58.114+0000] {dagbag.py:540} INFO - Filling up the DagBag from /opt/airflow/dags/Diseño de Arquitectura Completa - Día 1.docx
[2026-02-27T22:57:58.133+0000] {processor.py:842} WARNING - No viable dags retrieved from /opt/airflow/dags/Diseño de Arquitectura Completa - Día 1.docx
[2026-02-27T22:57:58.160+0000] {processor.py:183} INFO - Processing /opt/airflow/dags/Diseño de Arquitectura Completa - Día 1.docx took 0.059 seconds
[2026-02-27T22:58:29.096+0000] {processor.py:161} INFO - Started process (PID=139) to work on /opt/airflow/dags/Diseño de Arquitectura Completa - Día 1.docx
[2026-02-27T22:58:29.098+0000] {processor.py:830} INFO - Processing file /opt/airflow/dags/Diseño de Arquitectura Completa - Día 1.docx for tasks to queue
[2026-02-27T22:58:29.099+0000] {logging_mixin.py:188} INFO - [2026-02-27T22:58:29.099+0000] {dagbag.py:540} INFO - Filling up the DagBag from /opt/airflow/dags/Diseño de Arquitectura Completa - Día 1.docx
[2026-02-27T22:58:29.116+0000] {processor.py:842} WARNING - No viable dags retrieved from /opt/airflow/dags/Diseño de Arquitectura Completa - Día 1.docx
[2026-02-27T22:58:29.148+0000] {processor.py:183} INFO - Processing /opt/airflow/dags/Diseño de Arquitectura Completa - Día 1.docx took 0.060 seconds
[2026-02-27T22:58:59.820+0000] {processor.py:161} INFO - Started process (PID=148) to work on /opt/airflow/dags/Diseño de Arquitectura Completa - Día 1.docx
[2026-02-27T22:58:59.823+0000] {processor.py:830} INFO - Processing file /opt/airflow/dags/Diseño de Arquitectura Completa - Día 1.docx for tasks to queue
[2026-02-27T22:58:59.826+0000] {logging_mixin.py:188} INFO - [2026-02-27T22:58:59.824+0000] {dagbag.py:540} INFO - Filling up the DagBag from /opt/airflow/dags/Diseño de Arquitectura Completa - Día 1.docx
[2026-02-27T22:58:59.851+0000] {processor.py:842} WARNING - No viable dags retrieved from /opt/airflow/dags/Diseño de Arquitectura Completa - Día 1.docx
[2026-02-27T22:58:59.885+0000] {processor.py:183} INFO - Processing /opt/airflow/dags/Diseño de Arquitectura Completa - Día 1.docx took 0.087 seconds
[2026-02-27T22:59:30.524+0000] {processor.py:161} INFO - Started process (PID=157) to work on /opt/airflow/dags/Diseño de Arquitectura Completa - Día 1.docx
[2026-02-27T22:59:30.525+0000] {processor.py:830} INFO - Processing file /opt/airflow/dags/Diseño de Arquitectura Completa - Día 1.docx for tasks to queue
[2026-02-27T22:59:30.527+0000] {logging_mixin.py:188} INFO - [2026-02-27T22:59:30.527+0000] {dagbag.py:540} INFO - Filling up the DagBag from /opt/airflow/dags/Diseño de Arquitectura Completa - Día 1.docx
[2026-02-27T22:59:30.553+0000] {processor.py:842} WARNING - No viable dags retrieved from /opt/airflow/dags/Diseño de Arquitectura Completa - Día 1.docx
[2026-02-27T22:59:30.581+0000] {processor.py:183} INFO - Processing /opt/airflow/dags/Diseño de Arquitectura Completa - Día 1.docx took 0.066 seconds
[2026-02-27T23:00:01.071+0000] {processor.py:161} INFO - Started process (PID=166) to work on /opt/airflow/dags/Diseño de Arquitectura Completa - Día 1.docx
[2026-02-27T23:00:01.074+0000] {processor.py:830} INFO - Processing file /opt/airflow/dags/Diseño de Arquitectura Completa - Día 1.docx for tasks to queue
[2026-02-27T23:00:01.076+0000] {logging_mixin.py:188} INFO - [2026-02-27T23:00:01.075+0000] {dagbag.py:540} INFO - Filling up the DagBag from /opt/airflow/dags/Diseño de Arquitectura Completa - Día 1.docx
[2026-02-27T23:00:01.098+0000] {processor.py:842} WARNING - No viable dags retrieved from /opt/airflow/dags/Diseño de Arquitectura Completa - Día 1.docx
[2026-02-27T23:00:01.131+0000] {processor.py:183} INFO - Processing /opt/airflow/dags/Diseño de Arquitectura Completa - Día 1.docx took 0.073 seconds
[2026-02-27T23:00:31.568+0000] {processor.py:161} INFO - Started process (PID=175) to work on /opt/airflow/dags/Diseño de Arquitectura Completa - Día 1.docx
[2026-02-27T23:00:31.570+0000] {processor.py:830} INFO - Processing file /opt/airflow/dags/Diseño de Arquitectura Completa - Día 1.docx for tasks to queue
[2026-02-27T23:00:31.572+0000] {logging_mixin.py:188} INFO - [2026-02-27T23:00:31.572+0000] {dagbag.py:540} INFO - Filling up the DagBag from /opt/airflow/dags/Diseño de Arquitectura Completa - Día 1.docx
[2026-02-27T23:00:31.591+0000] {processor.py:842} WARNING - No viable dags retrieved from /opt/airflow/dags/Diseño de Arquitectura Completa - Día 1.docx
[2026-02-27T23:00:31.617+0000] {processor.py:183} INFO - Processing /opt/airflow/dags/Diseño de Arquitectura Completa - Día 1.docx took 0.056 seconds
[2026-02-27T23:01:02.141+0000] {processor.py:161} INFO - Started process (PID=184) to work on /opt/airflow/dags/Diseño de Arquitectura Completa - Día 1.docx
[2026-02-27T23:01:02.143+0000] {processor.py:830} INFO - Processing file /opt/airflow/dags/Diseño de Arquitectura Completa - Día 1.docx for tasks to queue
[2026-02-27T23:01:02.144+0000] {logging_mixin.py:188} INFO - [2026-02-27T23:01:02.144+0000] {dagbag.py:540} INFO - Filling up the DagBag from /opt/airflow/dags/Diseño de Arquitectura Completa - Día 1.docx
[2026-02-27T23:01:02.165+0000] {processor.py:842} WARNING - No viable dags retrieved from /opt/airflow/dags/Diseño de Arquitectura Completa - Día 1.docx
[2026-02-27T23:01:02.195+0000] {processor.py:183} INFO - Processing /opt/airflow/dags/Diseño de Arquitectura Completa - Día 1.docx took 0.063 seconds
[2026-02-27T23:01:32.765+0000] {processor.py:161} INFO - Started process (PID=193) to work on /opt/airflow/dags/Diseño de Arquitectura Completa - Día 1.docx
[2026-02-27T23:01:32.767+0000] {processor.py:830} INFO - Processing file /opt/airflow/dags/Diseño de Arquitectura Completa - Día 1.docx for tasks to queue
[2026-02-27T23:01:32.769+0000] {logging_mixin.py:188} INFO - [2026-02-27T23:01:32.768+0000] {dagbag.py:540} INFO - Filling up the DagBag from /opt/airflow/dags/Diseño de Arquitectura Completa - Día 1.docx
[2026-02-27T23:01:32.787+0000] {processor.py:842} WARNING - No viable dags retrieved from /opt/airflow/dags/Diseño de Arquitectura Completa - Día 1.docx
[2026-02-27T23:01:32.811+0000] {processor.py:183} INFO - Processing /opt/airflow/dags/Diseño de Arquitectura Completa - Día 1.docx took 0.056 seconds
[2026-02-27T23:02:03.209+0000] {processor.py:161} INFO - Started process (PID=202) to work on /opt/airflow/dags/Diseño de Arquitectura Completa - Día 1.docx
[2026-02-27T23:02:03.210+0000] {processor.py:830} INFO - Processing file /opt/airflow/dags/Diseño de Arquitectura Completa - Día 1.docx for tasks to queue
[2026-02-27T23:02:03.212+0000] {logging_mixin.py:188} INFO - [2026-02-27T23:02:03.212+0000] {dagbag.py:540} INFO - Filling up the DagBag from /opt/airflow/dags/Diseño de Arquitectura Completa - Día 1.docx
[2026-02-27T23:02:03.230+0000] {processor.py:842} WARNING - No viable dags retrieved from /opt/airflow/dags/Diseño de Arquitectura Completa - Día 1.docx
[2026-02-27T23:02:03.257+0000] {processor.py:183} INFO - Processing /opt/airflow/dags/Diseño de Arquitectura Completa - Día 1.docx took 0.057 seconds
[2026-02-27T23:02:33.792+0000] {processor.py:161} INFO - Started process (PID=211) to work on /opt/airflow/dags/Diseño de Arquitectura Completa - Día 1.docx
[2026-02-27T23:02:33.794+0000] {processor.py:830} INFO - Processing file /opt/airflow/dags/Diseño de Arquitectura Completa - Día 1.docx for tasks to queue
[2026-02-27T23:02:33.796+0000] {logging_mixin.py:188} INFO - [2026-02-27T23:02:33.796+0000] {dagbag.py:540} INFO - Filling up the DagBag from /opt/airflow/dags/Diseño de Arquitectura Completa - Día 1.docx
[2026-02-27T23:02:33.820+0000] {processor.py:842} WARNING - No viable dags retrieved from /opt/airflow/dags/Diseño de Arquitectura Completa - Día 1.docx
[2026-02-27T23:02:33.849+0000] {processor.py:183} INFO - Processing /opt/airflow/dags/Diseño de Arquitectura Completa - Día 1.docx took 0.067 seconds
[2026-02-27T23:03:04.308+0000] {processor.py:161} INFO - Started process (PID=220) to work on /opt/airflow/dags/Diseño de Arquitectura Completa - Día 1.docx
[2026-02-27T23:03:04.310+0000] {processor.py:830} INFO - Processing file /opt/airflow/dags/Diseño de Arquitectura Completa - Día 1.docx for tasks to queue
[2026-02-27T23:03:04.311+0000] {logging_mixin.py:188} INFO - [2026-02-27T23:03:04.311+0000] {dagbag.py:540} INFO - Filling up the DagBag from /opt/airflow/dags/Diseño de Arquitectura Completa - Día 1.docx
[2026-02-27T23:03:04.330+0000] {processor.py:842} WARNING - No viable dags retrieved from /opt/airflow/dags/Diseño de Arquitectura Completa - Día 1.docx
[2026-02-27T23:03:04.357+0000] {processor.py:183} INFO - Processing /opt/airflow/dags/Diseño de Arquitectura Completa - Día 1.docx took 0.058 seconds
[2026-02-27T23:03:34.739+0000] {processor.py:161} INFO - Started process (PID=229) to work on /opt/airflow/dags/Diseño de Arquitectura Completa - Día 1.docx
[2026-02-27T23:03:34.741+0000] {processor.py:830} INFO - Processing file /opt/airflow/dags/Diseño de Arquitectura Completa - Día 1.docx for tasks to queue
[2026-02-27T23:03:34.744+0000] {logging_mixin.py:188} INFO - [2026-02-27T23:03:34.743+0000] {dagbag.py:540} INFO - Filling up the DagBag from /opt/airflow/dags/Diseño de Arquitectura Completa - Día 1.docx
[2026-02-27T23:03:34.765+0000] {processor.py:842} WARNING - No viable dags retrieved from /opt/airflow/dags/Diseño de Arquitectura Completa - Día 1.docx
[2026-02-27T23:03:34.796+0000] {processor.py:183} INFO - Processing /opt/airflow/dags/Diseño de Arquitectura Completa - Día 1.docx took 0.067 seconds
[2026-02-27T23:04:05.240+0000] {processor.py:161} INFO - Started process (PID=238) to work on /opt/airflow/dags/Diseño de Arquitectura Completa - Día 1.docx
[2026-02-27T23:04:05.242+0000] {processor.py:830} INFO - Processing file /opt/airflow/dags/Diseño de Arquitectura Completa - Día 1.docx for tasks to queue
[2026-02-27T23:04:05.244+0000] {logging_mixin.py:188} INFO - [2026-02-27T23:04:05.243+0000] {dagbag.py:540} INFO - Filling up the DagBag from /opt/airflow/dags/Diseño de Arquitectura Completa - Día 1.docx
[2026-02-27T23:04:05.267+0000] {processor.py:842} WARNING - No viable dags retrieved from /opt/airflow/dags/Diseño de Arquitectura Completa - Día 1.docx
[2026-02-27T23:04:05.306+0000] {processor.py:183} INFO - Processing /opt/airflow/dags/Diseño de Arquitectura Completa - Día 1.docx took 0.080 seconds
[2026-02-27T23:04:35.690+0000] {processor.py:161} INFO - Started process (PID=247) to work on /opt/airflow/dags/Diseño de Arquitectura Completa - Día 1.docx
[2026-02-27T23:04:35.692+0000] {processor.py:830} INFO - Processing file /opt/airflow/dags/Diseño de Arquitectura Completa - Día 1.docx for tasks to queue
[2026-02-27T23:04:35.694+0000] {logging_mixin.py:188} INFO - [2026-02-27T23:04:35.694+0000] {dagbag.py:540} INFO - Filling up the DagBag from /opt/airflow/dags/Diseño de Arquitectura Completa - Día 1.docx
[2026-02-27T23:04:35.714+0000] {processor.py:842} WARNING - No viable dags retrieved from /opt/airflow/dags/Diseño de Arquitectura Completa - Día 1.docx
[2026-02-27T23:04:35.740+0000] {processor.py:183} INFO - Processing /opt/airflow/dags/Diseño de Arquitectura Completa - Día 1.docx took 0.062 seconds
[2026-02-27T23:05:06.091+0000] {processor.py:161} INFO - Started process (PID=256) to work on /opt/airflow/dags/Diseño de Arquitectura Completa - Día 1.docx
[2026-02-27T23:05:06.094+0000] {processor.py:830} INFO - Processing file /opt/airflow/dags/Diseño de Arquitectura Completa - Día 1.docx for tasks to queue
[2026-02-27T23:05:06.096+0000] {logging_mixin.py:188} INFO - [2026-02-27T23:05:06.095+0000] {dagbag.py:540} INFO - Filling up the DagBag from /opt/airflow/dags/Diseño de Arquitectura Completa - Día 1.docx
[2026-02-27T23:05:06.114+0000] {processor.py:842} WARNING - No viable dags retrieved from /opt/airflow/dags/Diseño de Arquitectura Completa - Día 1.docx
[2026-02-27T23:05:06.143+0000] {processor.py:183} INFO - Processing /opt/airflow/dags/Diseño de Arquitectura Completa - Día 1.docx took 0.062 seconds
[2026-02-27T23:05:36.743+0000] {processor.py:161} INFO - Started process (PID=265) to work on /opt/airflow/dags/Diseño de Arquitectura Completa - Día 1.docx
[2026-02-27T23:05:36.745+0000] {processor.py:830} INFO - Processing file /opt/airflow/dags/Diseño de Arquitectura Completa - Día 1.docx for tasks to queue
[2026-02-27T23:05:36.747+0000] {logging_mixin.py:188} INFO - [2026-02-27T23:05:36.747+0000] {dagbag.py:540} INFO - Filling up the DagBag from /opt/airflow/dags/Diseño de Arquitectura Completa - Día 1.docx
[2026-02-27T23:05:36.770+0000] {processor.py:842} WARNING - No viable dags retrieved from /opt/airflow/dags/Diseño de Arquitectura Completa - Día 1.docx
[2026-02-27T23:05:36.797+0000] {processor.py:183} INFO - Processing /opt/airflow/dags/Diseño de Arquitectura Completa - Día 1.docx took 0.062 seconds
[2026-02-27T23:06:07.899+0000] {processor.py:161} INFO - Started process (PID=274) to work on /opt/airflow/dags/Diseño de Arquitectura Completa - Día 1.docx
[2026-02-27T23:06:07.902+0000] {processor.py:830} INFO - Processing file /opt/airflow/dags/Diseño de Arquitectura Completa - Día 1.docx for tasks to queue
[2026-02-27T23:06:07.906+0000] {logging_mixin.py:188} INFO - [2026-02-27T23:06:07.905+0000] {dagbag.py:540} INFO - Filling up the DagBag from /opt/airflow/dags/Diseño de Arquitectura Completa - Día 1.docx
[2026-02-27T23:06:07.935+0000] {processor.py:842} WARNING - No viable dags retrieved from /opt/airflow/dags/Diseño de Arquitectura Completa - Día 1.docx
[2026-02-27T23:06:07.995+0000] {processor.py:183} INFO - Processing /opt/airflow/dags/Diseño de Arquitectura Completa - Día 1.docx took 0.117 seconds
[2026-02-27T23:11:35.802+0000] {processor.py:161} INFO - Started process (PID=41) to work on /opt/airflow/dags/Diseño de Arquitectura Completa - Día 1.docx
[2026-02-27T23:11:35.805+0000] {processor.py:830} INFO - Processing file /opt/airflow/dags/Diseño de Arquitectura Completa - Día 1.docx for tasks to queue
[2026-02-27T23:11:35.807+0000] {logging_mixin.py:188} INFO - [2026-02-27T23:11:35.807+0000] {dagbag.py:540} INFO - Filling up the DagBag from /opt/airflow/dags/Diseño de Arquitectura Completa - Día 1.docx
[2026-02-27T23:11:35.835+0000] {processor.py:842} WARNING - No viable dags retrieved from /opt/airflow/dags/Diseño de Arquitectura Completa - Día 1.docx
[2026-02-27T23:11:35.874+0000] {processor.py:183} INFO - Processing /opt/airflow/dags/Diseño de Arquitectura Completa - Día 1.docx took 0.087 seconds
[2026-02-27T23:12:06.384+0000] {processor.py:161} INFO - Started process (PID=50) to work on /opt/airflow/dags/Diseño de Arquitectura Completa - Día 1.docx
[2026-02-27T23:12:06.386+0000] {processor.py:830} INFO - Processing file /opt/airflow/dags/Diseño de Arquitectura Completa - Día 1.docx for tasks to queue
[2026-02-27T23:12:06.389+0000] {logging_mixin.py:188} INFO - [2026-02-27T23:12:06.388+0000] {dagbag.py:540} INFO - Filling up the DagBag from /opt/airflow/dags/Diseño de Arquitectura Completa - Día 1.docx
[2026-02-27T23:12:06.411+0000] {processor.py:842} WARNING - No viable dags retrieved from /opt/airflow/dags/Diseño de Arquitectura Completa - Día 1.docx
[2026-02-27T23:12:06.437+0000] {processor.py:183} INFO - Processing /opt/airflow/dags/Diseño de Arquitectura Completa - Día 1.docx took 0.063 seconds
[2026-02-27T23:12:37.426+0000] {processor.py:161} INFO - Started process (PID=59) to work on /opt/airflow/dags/Diseño de Arquitectura Completa - Día 1.docx
[2026-02-27T23:12:37.429+0000] {processor.py:830} INFO - Processing file /opt/airflow/dags/Diseño de Arquitectura Completa - Día 1.docx for tasks to queue
[2026-02-27T23:12:37.431+0000] {logging_mixin.py:188} INFO - [2026-02-27T23:12:37.430+0000] {dagbag.py:540} INFO - Filling up the DagBag from /opt/airflow/dags/Diseño de Arquitectura Completa - Día 1.docx
[2026-02-27T23:12:37.455+0000] {processor.py:842} WARNING - No viable dags retrieved from /opt/airflow/dags/Diseño de Arquitectura Completa - Día 1.docx
[2026-02-27T23:12:37.481+0000] {processor.py:183} INFO - Processing /opt/airflow/dags/Diseño de Arquitectura Completa - Día 1.docx took 0.067 seconds
[2026-02-27T23:13:08.172+0000] {processor.py:161} INFO - Started process (PID=68) to work on /opt/airflow/dags/Diseño de Arquitectura Completa - Día 1.docx
[2026-02-27T23:13:08.174+0000] {processor.py:830} INFO - Processing file /opt/airflow/dags/Diseño de Arquitectura Completa - Día 1.docx for tasks to queue
[2026-02-27T23:13:08.175+0000] {logging_mixin.py:188} INFO - [2026-02-27T23:13:08.175+0000] {dagbag.py:540} INFO - Filling up the DagBag from /opt/airflow/dags/Diseño de Arquitectura Completa - Día 1.docx
[2026-02-27T23:13:08.192+0000] {processor.py:842} WARNING - No viable dags retrieved from /opt/airflow/dags/Diseño de Arquitectura Completa - Día 1.docx
[2026-02-27T23:13:08.267+0000] {processor.py:183} INFO - Processing /opt/airflow/dags/Diseño de Arquitectura Completa - Día 1.docx took 0.057 seconds
[2026-02-27T23:13:39.318+0000] {processor.py:161} INFO - Started process (PID=77) to work on /opt/airflow/dags/Diseño de Arquitectura Completa - Día 1.docx
[2026-02-27T23:13:39.321+0000] {processor.py:830} INFO - Processing file /opt/airflow/dags/Diseño de Arquitectura Completa - Día 1.docx for tasks to queue
[2026-02-27T23:13:39.323+0000] {logging_mixin.py:188} INFO - [2026-02-27T23:13:39.322+0000] {dagbag.py:540} INFO - Filling up the DagBag from /opt/airflow/dags/Diseño de Arquitectura Completa - Día 1.docx
[2026-02-27T23:13:39.336+0000] {processor.py:842} WARNING - No viable dags retrieved from /opt/airflow/dags/Diseño de Arquitectura Completa - Día 1.docx
[2026-02-27T23:13:39.361+0000] {processor.py:183} INFO - Processing /opt/airflow/dags/Diseño de Arquitectura Completa - Día 1.docx took 0.056 seconds
[2026-02-27T23:14:10.270+0000] {processor.py:161} INFO - Started process (PID=86) to work on /opt/airflow/dags/Diseño de Arquitectura Completa - Día 1.docx
[2026-02-27T23:14:10.271+0000] {processor.py:830} INFO - Processing file /opt/airflow/dags/Diseño de Arquitectura Completa - Día 1.docx for tasks to queue
[2026-02-27T23:14:10.273+0000] {logging_mixin.py:188} INFO - [2026-02-27T23:14:10.272+0000] {dagbag.py:540} INFO - Filling up the DagBag from /opt/airflow/dags/Diseño de Arquitectura Completa - Día 1.docx
[2026-02-27T23:14:10.290+0000] {processor.py:842} WARNING - No viable dags retrieved from /opt/airflow/dags/Diseño de Arquitectura Completa - Día 1.docx
[2026-02-27T23:14:10.317+0000] {processor.py:183} INFO - Processing /opt/airflow/dags/Diseño de Arquitectura Completa - Día 1.docx took 0.058 seconds
[2026-02-27T23:14:41.195+0000] {processor.py:161} INFO - Started process (PID=95) to work on /opt/airflow/dags/Diseño de Arquitectura Completa - Día 1.docx
[2026-02-27T23:14:41.196+0000] {processor.py:830} INFO - Processing file /opt/airflow/dags/Diseño de Arquitectura Completa - Día 1.docx for tasks to queue
[2026-02-27T23:14:41.198+0000] {logging_mixin.py:188} INFO - [2026-02-27T23:14:41.198+0000] {dagbag.py:540} INFO - Filling up the DagBag from /opt/airflow/dags/Diseño de Arquitectura Completa - Día 1.docx
[2026-02-27T23:14:41.218+0000] {processor.py:842} WARNING - No viable dags retrieved from /opt/airflow/dags/Diseño de Arquitectura Completa - Día 1.docx
[2026-02-27T23:14:41.241+0000] {processor.py:183} INFO - Processing /opt/airflow/dags/Diseño de Arquitectura Completa - Día 1.docx took 0.055 seconds
[2026-02-27T23:15:11.935+0000] {processor.py:161} INFO - Started process (PID=104) to work on /opt/airflow/dags/Diseño de Arquitectura Completa - Día 1.docx
[2026-02-27T23:15:11.937+0000] {processor.py:830} INFO - Processing file /opt/airflow/dags/Diseño de Arquitectura Completa - Día 1.docx for tasks to queue
[2026-02-27T23:15:11.939+0000] {logging_mixin.py:188} INFO - [2026-02-27T23:15:11.939+0000] {dagbag.py:540} INFO - Filling up the DagBag from /opt/airflow/dags/Diseño de Arquitectura Completa - Día 1.docx
[2026-02-27T23:15:11.958+0000] {processor.py:842} WARNING - No viable dags retrieved from /opt/airflow/dags/Diseño de Arquitectura Completa - Día 1.docx
[2026-02-27T23:15:11.988+0000] {processor.py:183} INFO - Processing /opt/airflow/dags/Diseño de Arquitectura Completa - Día 1.docx took 0.065 seconds
[2026-02-27T23:15:43.330+0000] {processor.py:161} INFO - Started process (PID=117) to work on /opt/airflow/dags/Diseño de Arquitectura Completa - Día 1.docx
[2026-02-27T23:15:43.337+0000] {processor.py:830} INFO - Processing file /opt/airflow/dags/Diseño de Arquitectura Completa - Día 1.docx for tasks to queue
[2026-02-27T23:15:43.341+0000] {logging_mixin.py:188} INFO - [2026-02-27T23:15:43.340+0000] {dagbag.py:540} INFO - Filling up the DagBag from /opt/airflow/dags/Diseño de Arquitectura Completa - Día 1.docx
[2026-02-27T23:15:43.367+0000] {processor.py:842} WARNING - No viable dags retrieved from /opt/airflow/dags/Diseño de Arquitectura Completa - Día 1.docx
[2026-02-27T23:15:43.429+0000] {processor.py:183} INFO - Processing /opt/airflow/dags/Diseño de Arquitectura Completa - Día 1.docx took 0.147 seconds
[2026-02-27T23:16:14.143+0000] {processor.py:161} INFO - Started process (PID=130) to work on /opt/airflow/dags/Diseño de Arquitectura Completa - Día 1.docx
[2026-02-27T23:16:14.144+0000] {processor.py:830} INFO - Processing file /opt/airflow/dags/Diseño de Arquitectura Completa - Día 1.docx for tasks to queue
[2026-02-27T23:16:14.146+0000] {logging_mixin.py:188} INFO - [2026-02-27T23:16:14.145+0000] {dagbag.py:540} INFO - Filling up the DagBag from /opt/airflow/dags/Diseño de Arquitectura Completa - Día 1.docx
[2026-02-27T23:16:14.158+0000] {processor.py:842} WARNING - No viable dags retrieved from /opt/airflow/dags/Diseño de Arquitectura Completa - Día 1.docx
[2026-02-27T23:16:14.177+0000] {processor.py:183} INFO - Processing /opt/airflow/dags/Diseño de Arquitectura Completa - Día 1.docx took 0.046 seconds
[2026-02-27T23:16:44.743+0000] {processor.py:161} INFO - Started process (PID=139) to work on /opt/airflow/dags/Diseño de Arquitectura Completa - Día 1.docx
[2026-02-27T23:16:44.745+0000] {processor.py:830} INFO - Processing file /opt/airflow/dags/Diseño de Arquitectura Completa - Día 1.docx for tasks to queue
[2026-02-27T23:16:44.748+0000] {logging_mixin.py:188} INFO - [2026-02-27T23:16:44.747+0000] {dagbag.py:540} INFO - Filling up the DagBag from /opt/airflow/dags/Diseño de Arquitectura Completa - Día 1.docx
[2026-02-27T23:16:44.781+0000] {processor.py:842} WARNING - No viable dags retrieved from /opt/airflow/dags/Diseño de Arquitectura Completa - Día 1.docx
[2026-02-27T23:16:44.841+0000] {processor.py:183} INFO - Processing /opt/airflow/dags/Diseño de Arquitectura Completa - Día 1.docx took 0.114 seconds
[2026-02-27T23:17:15.562+0000] {processor.py:161} INFO - Started process (PID=148) to work on /opt/airflow/dags/Diseño de Arquitectura Completa - Día 1.docx
[2026-02-27T23:17:15.564+0000] {processor.py:830} INFO - Processing file /opt/airflow/dags/Diseño de Arquitectura Completa - Día 1.docx for tasks to queue
[2026-02-27T23:17:15.565+0000] {logging_mixin.py:188} INFO - [2026-02-27T23:17:15.565+0000] {dagbag.py:540} INFO - Filling up the DagBag from /opt/airflow/dags/Diseño de Arquitectura Completa - Día 1.docx
[2026-02-27T23:17:15.582+0000] {processor.py:842} WARNING - No viable dags retrieved from /opt/airflow/dags/Diseño de Arquitectura Completa - Día 1.docx
[2026-02-27T23:17:15.602+0000] {processor.py:183} INFO - Processing /opt/airflow/dags/Diseño de Arquitectura Completa - Día 1.docx took 0.051 seconds
[2026-02-27T23:17:46.400+0000] {processor.py:161} INFO - Started process (PID=157) to work on /opt/airflow/dags/Diseño de Arquitectura Completa - Día 1.docx
[2026-02-27T23:17:46.402+0000] {processor.py:830} INFO - Processing file /opt/airflow/dags/Diseño de Arquitectura Completa - Día 1.docx for tasks to queue
[2026-02-27T23:17:46.403+0000] {logging_mixin.py:188} INFO - [2026-02-27T23:17:46.403+0000] {dagbag.py:540} INFO - Filling up the DagBag from /opt/airflow/dags/Diseño de Arquitectura Completa - Día 1.docx
[2026-02-27T23:17:46.423+0000] {processor.py:842} WARNING - No viable dags retrieved from /opt/airflow/dags/Diseño de Arquitectura Completa - Día 1.docx
[2026-02-27T23:17:46.447+0000] {processor.py:183} INFO - Processing /opt/airflow/dags/Diseño de Arquitectura Completa - Día 1.docx took 0.057 seconds
[2026-02-27T23:18:17.113+0000] {processor.py:161} INFO - Started process (PID=166) to work on /opt/airflow/dags/Diseño de Arquitectura Completa - Día 1.docx
[2026-02-27T23:18:17.115+0000] {processor.py:830} INFO - Processing file /opt/airflow/dags/Diseño de Arquitectura Completa - Día 1.docx for tasks to queue
[2026-02-27T23:18:17.117+0000] {logging_mixin.py:188} INFO - [2026-02-27T23:18:17.116+0000] {dagbag.py:540} INFO - Filling up the DagBag from /opt/airflow/dags/Diseño de Arquitectura Completa - Día 1.docx
[2026-02-27T23:18:17.135+0000] {processor.py:842} WARNING - No viable dags retrieved from /opt/airflow/dags/Diseño de Arquitectura Completa - Día 1.docx
[2026-02-27T23:18:17.163+0000] {processor.py:183} INFO - Processing /opt/airflow/dags/Diseño de Arquitectura Completa - Día 1.docx took 0.062 seconds
[2026-02-27T23:18:48.269+0000] {processor.py:161} INFO - Started process (PID=175) to work on /opt/airflow/dags/Diseño de Arquitectura Completa - Día 1.docx
[2026-02-27T23:18:48.273+0000] {processor.py:830} INFO - Processing file /opt/airflow/dags/Diseño de Arquitectura Completa - Día 1.docx for tasks to queue
[2026-02-27T23:18:48.277+0000] {logging_mixin.py:188} INFO - [2026-02-27T23:18:48.276+0000] {dagbag.py:540} INFO - Filling up the DagBag from /opt/airflow/dags/Diseño de Arquitectura Completa - Día 1.docx
[2026-02-27T23:18:48.303+0000] {processor.py:842} WARNING - No viable dags retrieved from /opt/airflow/dags/Diseño de Arquitectura Completa - Día 1.docx
[2026-02-27T23:18:48.341+0000] {processor.py:183} INFO - Processing /opt/airflow/dags/Diseño de Arquitectura Completa - Día 1.docx took 0.091 seconds
[2026-02-27T23:19:19.134+0000] {processor.py:161} INFO - Started process (PID=184) to work on /opt/airflow/dags/Diseño de Arquitectura Completa - Día 1.docx
[2026-02-27T23:19:19.136+0000] {processor.py:830} INFO - Processing file /opt/airflow/dags/Diseño de Arquitectura Completa - Día 1.docx for tasks to queue
[2026-02-27T23:19:19.138+0000] {logging_mixin.py:188} INFO - [2026-02-27T23:19:19.138+0000] {dagbag.py:540} INFO - Filling up the DagBag from /opt/airflow/dags/Diseño de Arquitectura Completa - Día 1.docx
[2026-02-27T23:19:19.160+0000] {processor.py:842} WARNING - No viable dags retrieved from /opt/airflow/dags/Diseño de Arquitectura Completa - Día 1.docx
[2026-02-27T23:19:19.182+0000] {processor.py:183} INFO - Processing /opt/airflow/dags/Diseño de Arquitectura Completa - Día 1.docx took 0.061 seconds
[2026-02-27T23:19:49.973+0000] {processor.py:161} INFO - Started process (PID=193) to work on /opt/airflow/dags/Diseño de Arquitectura Completa - Día 1.docx
[2026-02-27T23:19:49.975+0000] {processor.py:830} INFO - Processing file /opt/airflow/dags/Diseño de Arquitectura Completa - Día 1.docx for tasks to queue
[2026-02-27T23:19:49.977+0000] {logging_mixin.py:188} INFO - [2026-02-27T23:19:49.976+0000] {dagbag.py:540} INFO - Filling up the DagBag from /opt/airflow/dags/Diseño de Arquitectura Completa - Día 1.docx
[2026-02-27T23:19:49.998+0000] {processor.py:842} WARNING - No viable dags retrieved from /opt/airflow/dags/Diseño de Arquitectura Completa - Día 1.docx
[2026-02-27T23:19:50.025+0000] {processor.py:183} INFO - Processing /opt/airflow/dags/Diseño de Arquitectura Completa - Día 1.docx took 0.063 seconds
[2026-02-27T23:20:20.710+0000] {processor.py:161} INFO - Started process (PID=202) to work on /opt/airflow/dags/Diseño de Arquitectura Completa - Día 1.docx
[2026-02-27T23:20:20.712+0000] {processor.py:830} INFO - Processing file /opt/airflow/dags/Diseño de Arquitectura Completa - Día 1.docx for tasks to queue
[2026-02-27T23:20:20.713+0000] {logging_mixin.py:188} INFO - [2026-02-27T23:20:20.713+0000] {dagbag.py:540} INFO - Filling up the DagBag from /opt/airflow/dags/Diseño de Arquitectura Completa - Día 1.docx
[2026-02-27T23:20:20.737+0000] {processor.py:842} WARNING - No viable dags retrieved from /opt/airflow/dags/Diseño de Arquitectura Completa - Día 1.docx
[2026-02-27T23:20:20.760+0000] {processor.py:183} INFO - Processing /opt/airflow/dags/Diseño de Arquitectura Completa - Día 1.docx took 0.058 seconds
[2026-02-27T23:20:51.445+0000] {processor.py:161} INFO - Started process (PID=211) to work on /opt/airflow/dags/Diseño de Arquitectura Completa - Día 1.docx
[2026-02-27T23:20:51.447+0000] {processor.py:830} INFO - Processing file /opt/airflow/dags/Diseño de Arquitectura Completa - Día 1.docx for tasks to queue
[2026-02-27T23:20:51.449+0000] {logging_mixin.py:188} INFO - [2026-02-27T23:20:51.448+0000] {dagbag.py:540} INFO - Filling up the DagBag from /opt/airflow/dags/Diseño de Arquitectura Completa - Día 1.docx
[2026-02-27T23:20:51.467+0000] {processor.py:842} WARNING - No viable dags retrieved from /opt/airflow/dags/Diseño de Arquitectura Completa - Día 1.docx
[2026-02-27T23:20:51.493+0000] {processor.py:183} INFO - Processing /opt/airflow/dags/Diseño de Arquitectura Completa - Día 1.docx took 0.058 seconds
[2026-02-27T23:21:22.604+0000] {processor.py:161} INFO - Started process (PID=220) to work on /opt/airflow/dags/Diseño de Arquitectura Completa - Día 1.docx
[2026-02-27T23:21:22.607+0000] {processor.py:830} INFO - Processing file /opt/airflow/dags/Diseño de Arquitectura Completa - Día 1.docx for tasks to queue
[2026-02-27T23:21:22.610+0000] {logging_mixin.py:188} INFO - [2026-02-27T23:21:22.609+0000] {dagbag.py:540} INFO - Filling up the DagBag from /opt/airflow/dags/Diseño de Arquitectura Completa - Día 1.docx
[2026-02-27T23:21:22.638+0000] {processor.py:842} WARNING - No viable dags retrieved from /opt/airflow/dags/Diseño de Arquitectura Completa - Día 1.docx
[2026-02-27T23:21:22.697+0000] {processor.py:183} INFO - Processing /opt/airflow/dags/Diseño de Arquitectura Completa - Día 1.docx took 0.104 seconds
[2026-02-27T23:21:53.020+0000] {processor.py:161} INFO - Started process (PID=229) to work on /opt/airflow/dags/Diseño de Arquitectura Completa - Día 1.docx
[2026-02-27T23:21:53.022+0000] {processor.py:830} INFO - Processing file /opt/airflow/dags/Diseño de Arquitectura Completa - Día 1.docx for tasks to queue
[2026-02-27T23:21:53.023+0000] {logging_mixin.py:188} INFO - [2026-02-27T23:21:53.023+0000] {dagbag.py:540} INFO - Filling up the DagBag from /opt/airflow/dags/Diseño de Arquitectura Completa - Día 1.docx
[2026-02-27T23:21:53.040+0000] {processor.py:842} WARNING - No viable dags retrieved from /opt/airflow/dags/Diseño de Arquitectura Completa - Día 1.docx
[2026-02-27T23:21:53.064+0000] {processor.py:183} INFO - Processing /opt/airflow/dags/Diseño de Arquitectura Completa - Día 1.docx took 0.056 seconds
[2026-02-27T23:22:23.796+0000] {processor.py:161} INFO - Started process (PID=238) to work on /opt/airflow/dags/Diseño de Arquitectura Completa - Día 1.docx
[2026-02-27T23:22:23.798+0000] {processor.py:830} INFO - Processing file /opt/airflow/dags/Diseño de Arquitectura Completa - Día 1.docx for tasks to queue
[2026-02-27T23:22:23.800+0000] {logging_mixin.py:188} INFO - [2026-02-27T23:22:23.799+0000] {dagbag.py:540} INFO - Filling up the DagBag from /opt/airflow/dags/Diseño de Arquitectura Completa - Día 1.docx
[2026-02-27T23:22:23.816+0000] {processor.py:842} WARNING - No viable dags retrieved from /opt/airflow/dags/Diseño de Arquitectura Completa - Día 1.docx
[2026-02-27T23:22:23.839+0000] {processor.py:183} INFO - Processing /opt/airflow/dags/Diseño de Arquitectura Completa - Día 1.docx took 0.053 seconds
[2026-02-27T23:22:54.455+0000] {processor.py:161} INFO - Started process (PID=247) to work on /opt/airflow/dags/Diseño de Arquitectura Completa - Día 1.docx
[2026-02-27T23:22:54.456+0000] {processor.py:830} INFO - Processing file /opt/airflow/dags/Diseño de Arquitectura Completa - Día 1.docx for tasks to queue
[2026-02-27T23:22:54.459+0000] {logging_mixin.py:188} INFO - [2026-02-27T23:22:54.458+0000] {dagbag.py:540} INFO - Filling up the DagBag from /opt/airflow/dags/Diseño de Arquitectura Completa - Día 1.docx
[2026-02-27T23:22:54.474+0000] {processor.py:842} WARNING - No viable dags retrieved from /opt/airflow/dags/Diseño de Arquitectura Completa - Día 1.docx
[2026-02-27T23:22:54.496+0000] {processor.py:183} INFO - Processing /opt/airflow/dags/Diseño de Arquitectura Completa - Día 1.docx took 0.052 seconds
[2026-02-27T23:23:25.236+0000] {processor.py:161} INFO - Started process (PID=256) to work on /opt/airflow/dags/Diseño de Arquitectura Completa - Día 1.docx
[2026-02-27T23:23:25.239+0000] {processor.py:830} INFO - Processing file /opt/airflow/dags/Diseño de Arquitectura Completa - Día 1.docx for tasks to queue
[2026-02-27T23:23:25.242+0000] {logging_mixin.py:188} INFO - [2026-02-27T23:23:25.241+0000] {dagbag.py:540} INFO - Filling up the DagBag from /opt/airflow/dags/Diseño de Arquitectura Completa - Día 1.docx
[2026-02-27T23:23:25.272+0000] {processor.py:842} WARNING - No viable dags retrieved from /opt/airflow/dags/Diseño de Arquitectura Completa - Día 1.docx
[2026-02-27T23:23:25.308+0000] {processor.py:183} INFO - Processing /opt/airflow/dags/Diseño de Arquitectura Completa - Día 1.docx took 0.092 seconds
[2026-02-27T23:23:56.073+0000] {processor.py:161} INFO - Started process (PID=265) to work on /opt/airflow/dags/Diseño de Arquitectura Completa - Día 1.docx
[2026-02-27T23:23:56.075+0000] {processor.py:830} INFO - Processing file /opt/airflow/dags/Diseño de Arquitectura Completa - Día 1.docx for tasks to queue
[2026-02-27T23:23:56.076+0000] {logging_mixin.py:188} INFO - [2026-02-27T23:23:56.076+0000] {dagbag.py:540} INFO - Filling up the DagBag from /opt/airflow/dags/Diseño de Arquitectura Completa - Día 1.docx
[2026-02-27T23:23:56.097+0000] {processor.py:842} WARNING - No viable dags retrieved from /opt/airflow/dags/Diseño de Arquitectura Completa - Día 1.docx
[2026-02-27T23:23:56.127+0000] {processor.py:183} INFO - Processing /opt/airflow/dags/Diseño de Arquitectura Completa - Día 1.docx took 0.063 seconds
[2026-02-27T23:24:26.790+0000] {processor.py:161} INFO - Started process (PID=274) to work on /opt/airflow/dags/Diseño de Arquitectura Completa - Día 1.docx
[2026-02-27T23:24:26.792+0000] {processor.py:830} INFO - Processing file /opt/airflow/dags/Diseño de Arquitectura Completa - Día 1.docx for tasks to queue
[2026-02-27T23:24:26.794+0000] {logging_mixin.py:188} INFO - [2026-02-27T23:24:26.793+0000] {dagbag.py:540} INFO - Filling up the DagBag from /opt/airflow/dags/Diseño de Arquitectura Completa - Día 1.docx
[2026-02-27T23:24:26.814+0000] {processor.py:842} WARNING - No viable dags retrieved from /opt/airflow/dags/Diseño de Arquitectura Completa - Día 1.docx
[2026-02-27T23:24:26.842+0000] {processor.py:183} INFO - Processing /opt/airflow/dags/Diseño de Arquitectura Completa - Día 1.docx took 0.062 seconds
[2026-02-27T23:24:57.956+0000] {processor.py:161} INFO - Started process (PID=283) to work on /opt/airflow/dags/Diseño de Arquitectura Completa - Día 1.docx
[2026-02-27T23:24:57.959+0000] {processor.py:830} INFO - Processing file /opt/airflow/dags/Diseño de Arquitectura Completa - Día 1.docx for tasks to queue
[2026-02-27T23:24:57.962+0000] {logging_mixin.py:188} INFO - [2026-02-27T23:24:57.961+0000] {dagbag.py:540} INFO - Filling up the DagBag from /opt/airflow/dags/Diseño de Arquitectura Completa - Día 1.docx
[2026-02-27T23:24:57.993+0000] {processor.py:842} WARNING - No viable dags retrieved from /opt/airflow/dags/Diseño de Arquitectura Completa - Día 1.docx
[2026-02-27T23:24:58.024+0000] {processor.py:183} INFO - Processing /opt/airflow/dags/Diseño de Arquitectura Completa - Día 1.docx took 0.083 seconds
[2026-02-27T23:25:28.742+0000] {processor.py:161} INFO - Started process (PID=292) to work on /opt/airflow/dags/Diseño de Arquitectura Completa - Día 1.docx
[2026-02-27T23:25:28.743+0000] {processor.py:830} INFO - Processing file /opt/airflow/dags/Diseño de Arquitectura Completa - Día 1.docx for tasks to queue
[2026-02-27T23:25:28.745+0000] {logging_mixin.py:188} INFO - [2026-02-27T23:25:28.745+0000] {dagbag.py:540} INFO - Filling up the DagBag from /opt/airflow/dags/Diseño de Arquitectura Completa - Día 1.docx
[2026-02-27T23:25:28.763+0000] {processor.py:842} WARNING - No viable dags retrieved from /opt/airflow/dags/Diseño de Arquitectura Completa - Día 1.docx
[2026-02-27T23:25:28.789+0000] {processor.py:183} INFO - Processing /opt/airflow/dags/Diseño de Arquitectura Completa - Día 1.docx took 0.058 seconds
[2026-02-27T23:25:59.491+0000] {processor.py:161} INFO - Started process (PID=301) to work on /opt/airflow/dags/Diseño de Arquitectura Completa - Día 1.docx
[2026-02-27T23:25:59.493+0000] {processor.py:830} INFO - Processing file /opt/airflow/dags/Diseño de Arquitectura Completa - Día 1.docx for tasks to queue
[2026-02-27T23:25:59.496+0000] {logging_mixin.py:188} INFO - [2026-02-27T23:25:59.495+0000] {dagbag.py:540} INFO - Filling up the DagBag from /opt/airflow/dags/Diseño de Arquitectura Completa - Día 1.docx
[2026-02-27T23:25:59.520+0000] {processor.py:842} WARNING - No viable dags retrieved from /opt/airflow/dags/Diseño de Arquitectura Completa - Día 1.docx
[2026-02-27T23:25:59.548+0000] {processor.py:183} INFO - Processing /opt/airflow/dags/Diseño de Arquitectura Completa - Día 1.docx took 0.067 seconds
[2026-02-27T23:26:30.683+0000] {processor.py:161} INFO - Started process (PID=310) to work on /opt/airflow/dags/Diseño de Arquitectura Completa - Día 1.docx
[2026-02-27T23:26:30.684+0000] {processor.py:830} INFO - Processing file /opt/airflow/dags/Diseño de Arquitectura Completa - Día 1.docx for tasks to queue
[2026-02-27T23:26:30.685+0000] {logging_mixin.py:188} INFO - [2026-02-27T23:26:30.685+0000] {dagbag.py:540} INFO - Filling up the DagBag from /opt/airflow/dags/Diseño de Arquitectura Completa - Día 1.docx
[2026-02-27T23:26:30.702+0000] {processor.py:842} WARNING - No viable dags retrieved from /opt/airflow/dags/Diseño de Arquitectura Completa - Día 1.docx
[2026-02-27T23:26:30.727+0000] {processor.py:183} INFO - Processing /opt/airflow/dags/Diseño de Arquitectura Completa - Día 1.docx took 0.055 seconds
[2026-02-27T23:27:00.955+0000] {processor.py:161} INFO - Started process (PID=318) to work on /opt/airflow/dags/Diseño de Arquitectura Completa - Día 1.docx
[2026-02-27T23:27:00.957+0000] {processor.py:830} INFO - Processing file /opt/airflow/dags/Diseño de Arquitectura Completa - Día 1.docx for tasks to queue
[2026-02-27T23:27:00.959+0000] {logging_mixin.py:188} INFO - [2026-02-27T23:27:00.958+0000] {dagbag.py:540} INFO - Filling up the DagBag from /opt/airflow/dags/Diseño de Arquitectura Completa - Día 1.docx
[2026-02-27T23:27:00.975+0000] {processor.py:842} WARNING - No viable dags retrieved from /opt/airflow/dags/Diseño de Arquitectura Completa - Día 1.docx
[2026-02-27T23:27:01.001+0000] {processor.py:183} INFO - Processing /opt/airflow/dags/Diseño de Arquitectura Completa - Día 1.docx took 0.058 seconds
[2026-02-27T23:27:32.046+0000] {processor.py:161} INFO - Started process (PID=328) to work on /opt/airflow/dags/Diseño de Arquitectura Completa - Día 1.docx
[2026-02-27T23:27:32.048+0000] {processor.py:830} INFO - Processing file /opt/airflow/dags/Diseño de Arquitectura Completa - Día 1.docx for tasks to queue
[2026-02-27T23:27:32.050+0000] {logging_mixin.py:188} INFO - [2026-02-27T23:27:32.049+0000] {dagbag.py:540} INFO - Filling up the DagBag from /opt/airflow/dags/Diseño de Arquitectura Completa - Día 1.docx
[2026-02-27T23:27:32.069+0000] {processor.py:842} WARNING - No viable dags retrieved from /opt/airflow/dags/Diseño de Arquitectura Completa - Día 1.docx
[2026-02-27T23:27:32.095+0000] {processor.py:183} INFO - Processing /opt/airflow/dags/Diseño de Arquitectura Completa - Día 1.docx took 0.058 seconds
[2026-02-27T23:28:03.029+0000] {processor.py:161} INFO - Started process (PID=336) to work on /opt/airflow/dags/Diseño de Arquitectura Completa - Día 1.docx
[2026-02-27T23:28:03.031+0000] {processor.py:830} INFO - Processing file /opt/airflow/dags/Diseño de Arquitectura Completa - Día 1.docx for tasks to queue
[2026-02-27T23:28:03.032+0000] {logging_mixin.py:188} INFO - [2026-02-27T23:28:03.032+0000] {dagbag.py:540} INFO - Filling up the DagBag from /opt/airflow/dags/Diseño de Arquitectura Completa - Día 1.docx
[2026-02-27T23:28:03.055+0000] {processor.py:842} WARNING - No viable dags retrieved from /opt/airflow/dags/Diseño de Arquitectura Completa - Día 1.docx
[2026-02-27T23:28:03.089+0000] {processor.py:183} INFO - Processing /opt/airflow/dags/Diseño de Arquitectura Completa - Día 1.docx took 0.074 seconds
[2026-02-27T23:28:33.849+0000] {processor.py:161} INFO - Started process (PID=346) to work on /opt/airflow/dags/Diseño de Arquitectura Completa - Día 1.docx
[2026-02-27T23:28:33.851+0000] {processor.py:830} INFO - Processing file /opt/airflow/dags/Diseño de Arquitectura Completa - Día 1.docx for tasks to queue
[2026-02-27T23:28:33.852+0000] {logging_mixin.py:188} INFO - [2026-02-27T23:28:33.852+0000] {dagbag.py:540} INFO - Filling up the DagBag from /opt/airflow/dags/Diseño de Arquitectura Completa - Día 1.docx
[2026-02-27T23:28:33.862+0000] {processor.py:842} WARNING - No viable dags retrieved from /opt/airflow/dags/Diseño de Arquitectura Completa - Día 1.docx
[2026-02-27T23:28:33.884+0000] {processor.py:183} INFO - Processing /opt/airflow/dags/Diseño de Arquitectura Completa - Día 1.docx took 0.045 seconds
[2026-02-27T23:29:04.772+0000] {processor.py:161} INFO - Started process (PID=355) to work on /opt/airflow/dags/Diseño de Arquitectura Completa - Día 1.docx
[2026-02-27T23:29:04.774+0000] {processor.py:830} INFO - Processing file /opt/airflow/dags/Diseño de Arquitectura Completa - Día 1.docx for tasks to queue
[2026-02-27T23:29:04.776+0000] {logging_mixin.py:188} INFO - [2026-02-27T23:29:04.775+0000] {dagbag.py:540} INFO - Filling up the DagBag from /opt/airflow/dags/Diseño de Arquitectura Completa - Día 1.docx
[2026-02-27T23:29:04.790+0000] {processor.py:842} WARNING - No viable dags retrieved from /opt/airflow/dags/Diseño de Arquitectura Completa - Día 1.docx
[2026-02-27T23:29:04.816+0000] {processor.py:183} INFO - Processing /opt/airflow/dags/Diseño de Arquitectura Completa - Día 1.docx took 0.055 seconds
[2026-02-27T23:29:35.349+0000] {processor.py:161} INFO - Started process (PID=364) to work on /opt/airflow/dags/Diseño de Arquitectura Completa - Día 1.docx
[2026-02-27T23:29:35.351+0000] {processor.py:830} INFO - Processing file /opt/airflow/dags/Diseño de Arquitectura Completa - Día 1.docx for tasks to queue
[2026-02-27T23:29:35.355+0000] {logging_mixin.py:188} INFO - [2026-02-27T23:29:35.353+0000] {dagbag.py:540} INFO - Filling up the DagBag from /opt/airflow/dags/Diseño de Arquitectura Completa - Día 1.docx
[2026-02-27T23:29:35.380+0000] {processor.py:842} WARNING - No viable dags retrieved from /opt/airflow/dags/Diseño de Arquitectura Completa - Día 1.docx
[2026-02-27T23:29:35.418+0000] {processor.py:183} INFO - Processing /opt/airflow/dags/Diseño de Arquitectura Completa - Día 1.docx took 0.082 seconds
[2026-02-27T23:30:06.422+0000] {processor.py:161} INFO - Started process (PID=373) to work on /opt/airflow/dags/Diseño de Arquitectura Completa - Día 1.docx
[2026-02-27T23:30:06.424+0000] {processor.py:830} INFO - Processing file /opt/airflow/dags/Diseño de Arquitectura Completa - Día 1.docx for tasks to queue
[2026-02-27T23:30:06.426+0000] {logging_mixin.py:188} INFO - [2026-02-27T23:30:06.425+0000] {dagbag.py:540} INFO - Filling up the DagBag from /opt/airflow/dags/Diseño de Arquitectura Completa - Día 1.docx
[2026-02-27T23:30:06.446+0000] {processor.py:842} WARNING - No viable dags retrieved from /opt/airflow/dags/Diseño de Arquitectura Completa - Día 1.docx
[2026-02-27T23:30:06.475+0000] {processor.py:183} INFO - Processing /opt/airflow/dags/Diseño de Arquitectura Completa - Día 1.docx took 0.066 seconds
[2026-02-27T23:30:37.034+0000] {processor.py:161} INFO - Started process (PID=382) to work on /opt/airflow/dags/Diseño de Arquitectura Completa - Día 1.docx
[2026-02-27T23:30:37.036+0000] {processor.py:830} INFO - Processing file /opt/airflow/dags/Diseño de Arquitectura Completa - Día 1.docx for tasks to queue
[2026-02-27T23:30:37.038+0000] {logging_mixin.py:188} INFO - [2026-02-27T23:30:37.037+0000] {dagbag.py:540} INFO - Filling up the DagBag from /opt/airflow/dags/Diseño de Arquitectura Completa - Día 1.docx
[2026-02-27T23:30:37.054+0000] {processor.py:842} WARNING - No viable dags retrieved from /opt/airflow/dags/Diseño de Arquitectura Completa - Día 1.docx
[2026-02-27T23:30:37.077+0000] {processor.py:183} INFO - Processing /opt/airflow/dags/Diseño de Arquitectura Completa - Día 1.docx took 0.052 seconds
[2026-02-27T23:31:07.837+0000] {processor.py:161} INFO - Started process (PID=391) to work on /opt/airflow/dags/Diseño de Arquitectura Completa - Día 1.docx
[2026-02-27T23:31:07.839+0000] {processor.py:830} INFO - Processing file /opt/airflow/dags/Diseño de Arquitectura Completa - Día 1.docx for tasks to queue
[2026-02-27T23:31:07.842+0000] {logging_mixin.py:188} INFO - [2026-02-27T23:31:07.841+0000] {dagbag.py:540} INFO - Filling up the DagBag from /opt/airflow/dags/Diseño de Arquitectura Completa - Día 1.docx
[2026-02-27T23:31:07.861+0000] {processor.py:842} WARNING - No viable dags retrieved from /opt/airflow/dags/Diseño de Arquitectura Completa - Día 1.docx
[2026-02-27T23:31:07.883+0000] {processor.py:183} INFO - Processing /opt/airflow/dags/Diseño de Arquitectura Completa - Día 1.docx took 0.061 seconds
[2026-02-27T23:31:38.894+0000] {processor.py:161} INFO - Started process (PID=400) to work on /opt/airflow/dags/Diseño de Arquitectura Completa - Día 1.docx
[2026-02-27T23:31:38.896+0000] {processor.py:830} INFO - Processing file /opt/airflow/dags/Diseño de Arquitectura Completa - Día 1.docx for tasks to queue
[2026-02-27T23:31:38.898+0000] {logging_mixin.py:188} INFO - [2026-02-27T23:31:38.898+0000] {dagbag.py:540} INFO - Filling up the DagBag from /opt/airflow/dags/Diseño de Arquitectura Completa - Día 1.docx
[2026-02-27T23:31:38.911+0000] {processor.py:842} WARNING - No viable dags retrieved from /opt/airflow/dags/Diseño de Arquitectura Completa - Día 1.docx
[2026-02-27T23:31:38.934+0000] {processor.py:183} INFO - Processing /opt/airflow/dags/Diseño de Arquitectura Completa - Día 1.docx took 0.051 seconds
[2026-02-27T23:32:11.588+0000] {processor.py:161} INFO - Started process (PID=409) to work on /opt/airflow/dags/Diseño de Arquitectura Completa - Día 1.docx
[2026-02-27T23:32:11.591+0000] {processor.py:830} INFO - Processing file /opt/airflow/dags/Diseño de Arquitectura Completa - Día 1.docx for tasks to queue
[2026-02-27T23:32:11.594+0000] {logging_mixin.py:188} INFO - [2026-02-27T23:32:11.593+0000] {dagbag.py:540} INFO - Filling up the DagBag from /opt/airflow/dags/Diseño de Arquitectura Completa - Día 1.docx
[2026-02-27T23:32:11.639+0000] {processor.py:842} WARNING - No viable dags retrieved from /opt/airflow/dags/Diseño de Arquitectura Completa - Día 1.docx
[2026-02-27T23:32:11.671+0000] {processor.py:183} INFO - Processing /opt/airflow/dags/Diseño de Arquitectura Completa - Día 1.docx took 0.094 seconds
[2026-02-27T23:32:42.627+0000] {processor.py:161} INFO - Started process (PID=418) to work on /opt/airflow/dags/Diseño de Arquitectura Completa - Día 1.docx
[2026-02-27T23:32:42.628+0000] {processor.py:830} INFO - Processing file /opt/airflow/dags/Diseño de Arquitectura Completa - Día 1.docx for tasks to queue
[2026-02-27T23:32:42.630+0000] {logging_mixin.py:188} INFO - [2026-02-27T23:32:42.630+0000] {dagbag.py:540} INFO - Filling up the DagBag from /opt/airflow/dags/Diseño de Arquitectura Completa - Día 1.docx
[2026-02-27T23:32:42.646+0000] {processor.py:842} WARNING - No viable dags retrieved from /opt/airflow/dags/Diseño de Arquitectura Completa - Día 1.docx
[2026-02-27T23:32:42.668+0000] {processor.py:183} INFO - Processing /opt/airflow/dags/Diseño de Arquitectura Completa - Día 1.docx took 0.052 seconds
[2026-02-27T23:33:13.176+0000] {processor.py:161} INFO - Started process (PID=427) to work on /opt/airflow/dags/Diseño de Arquitectura Completa - Día 1.docx
[2026-02-27T23:33:13.178+0000] {processor.py:830} INFO - Processing file /opt/airflow/dags/Diseño de Arquitectura Completa - Día 1.docx for tasks to queue
[2026-02-27T23:33:13.179+0000] {logging_mixin.py:188} INFO - [2026-02-27T23:33:13.179+0000] {dagbag.py:540} INFO - Filling up the DagBag from /opt/airflow/dags/Diseño de Arquitectura Completa - Día 1.docx
[2026-02-27T23:33:13.197+0000] {processor.py:842} WARNING - No viable dags retrieved from /opt/airflow/dags/Diseño de Arquitectura Completa - Día 1.docx
[2026-02-27T23:33:13.224+0000] {processor.py:183} INFO - Processing /opt/airflow/dags/Diseño de Arquitectura Completa - Día 1.docx took 0.056 seconds
[2026-02-27T23:33:43.776+0000] {processor.py:161} INFO - Started process (PID=436) to work on /opt/airflow/dags/Diseño de Arquitectura Completa - Día 1.docx
[2026-02-27T23:33:43.779+0000] {processor.py:830} INFO - Processing file /opt/airflow/dags/Diseño de Arquitectura Completa - Día 1.docx for tasks to queue
[2026-02-27T23:33:43.781+0000] {logging_mixin.py:188} INFO - [2026-02-27T23:33:43.780+0000] {dagbag.py:540} INFO - Filling up the DagBag from /opt/airflow/dags/Diseño de Arquitectura Completa - Día 1.docx
[2026-02-27T23:33:43.802+0000] {processor.py:842} WARNING - No viable dags retrieved from /opt/airflow/dags/Diseño de Arquitectura Completa - Día 1.docx
[2026-02-27T23:33:43.829+0000] {processor.py:183} INFO - Processing /opt/airflow/dags/Diseño de Arquitectura Completa - Día 1.docx took 0.064 seconds
[2026-02-27T23:34:14.469+0000] {processor.py:161} INFO - Started process (PID=445) to work on /opt/airflow/dags/Diseño de Arquitectura Completa - Día 1.docx
[2026-02-27T23:34:14.471+0000] {processor.py:830} INFO - Processing file /opt/airflow/dags/Diseño de Arquitectura Completa - Día 1.docx for tasks to queue
[2026-02-27T23:34:14.473+0000] {logging_mixin.py:188} INFO - [2026-02-27T23:34:14.472+0000] {dagbag.py:540} INFO - Filling up the DagBag from /opt/airflow/dags/Diseño de Arquitectura Completa - Día 1.docx
[2026-02-27T23:34:14.491+0000] {processor.py:842} WARNING - No viable dags retrieved from /opt/airflow/dags/Diseño de Arquitectura Completa - Día 1.docx
[2026-02-27T23:34:14.519+0000] {processor.py:183} INFO - Processing /opt/airflow/dags/Diseño de Arquitectura Completa - Día 1.docx took 0.059 seconds
[2026-02-27T23:34:45.005+0000] {processor.py:161} INFO - Started process (PID=454) to work on /opt/airflow/dags/Diseño de Arquitectura Completa - Día 1.docx
[2026-02-27T23:34:45.007+0000] {processor.py:830} INFO - Processing file /opt/airflow/dags/Diseño de Arquitectura Completa - Día 1.docx for tasks to queue
[2026-02-27T23:34:45.010+0000] {logging_mixin.py:188} INFO - [2026-02-27T23:34:45.009+0000] {dagbag.py:540} INFO - Filling up the DagBag from /opt/airflow/dags/Diseño de Arquitectura Completa - Día 1.docx
[2026-02-27T23:34:45.031+0000] {processor.py:842} WARNING - No viable dags retrieved from /opt/airflow/dags/Diseño de Arquitectura Completa - Día 1.docx
[2026-02-27T23:34:45.054+0000] {processor.py:183} INFO - Processing /opt/airflow/dags/Diseño de Arquitectura Completa - Día 1.docx took 0.062 seconds
[2026-02-27T23:35:15.897+0000] {processor.py:161} INFO - Started process (PID=463) to work on /opt/airflow/dags/Diseño de Arquitectura Completa - Día 1.docx
[2026-02-27T23:35:15.903+0000] {processor.py:830} INFO - Processing file /opt/airflow/dags/Diseño de Arquitectura Completa - Día 1.docx for tasks to queue
[2026-02-27T23:35:15.907+0000] {logging_mixin.py:188} INFO - [2026-02-27T23:35:15.906+0000] {dagbag.py:540} INFO - Filling up the DagBag from /opt/airflow/dags/Diseño de Arquitectura Completa - Día 1.docx
[2026-02-27T23:35:15.931+0000] {processor.py:842} WARNING - No viable dags retrieved from /opt/airflow/dags/Diseño de Arquitectura Completa - Día 1.docx
[2026-02-27T23:35:15.963+0000] {processor.py:183} INFO - Processing /opt/airflow/dags/Diseño de Arquitectura Completa - Día 1.docx took 0.082 seconds
[2026-02-27T23:35:46.419+0000] {processor.py:161} INFO - Started process (PID=472) to work on /opt/airflow/dags/Diseño de Arquitectura Completa - Día 1.docx
[2026-02-27T23:35:46.421+0000] {processor.py:830} INFO - Processing file /opt/airflow/dags/Diseño de Arquitectura Completa - Día 1.docx for tasks to queue
[2026-02-27T23:35:46.423+0000] {logging_mixin.py:188} INFO - [2026-02-27T23:35:46.423+0000] {dagbag.py:540} INFO - Filling up the DagBag from /opt/airflow/dags/Diseño de Arquitectura Completa - Día 1.docx
[2026-02-27T23:35:46.445+0000] {processor.py:842} WARNING - No viable dags retrieved from /opt/airflow/dags/Diseño de Arquitectura Completa - Día 1.docx
[2026-02-27T23:35:46.474+0000] {processor.py:183} INFO - Processing /opt/airflow/dags/Diseño de Arquitectura Completa - Día 1.docx took 0.064 seconds
[2026-02-27T23:36:17.291+0000] {processor.py:161} INFO - Started process (PID=481) to work on /opt/airflow/dags/Diseño de Arquitectura Completa - Día 1.docx
[2026-02-27T23:36:17.294+0000] {processor.py:830} INFO - Processing file /opt/airflow/dags/Diseño de Arquitectura Completa - Día 1.docx for tasks to queue
[2026-02-27T23:36:17.296+0000] {logging_mixin.py:188} INFO - [2026-02-27T23:36:17.295+0000] {dagbag.py:540} INFO - Filling up the DagBag from /opt/airflow/dags/Diseño de Arquitectura Completa - Día 1.docx
[2026-02-27T23:36:17.325+0000] {processor.py:842} WARNING - No viable dags retrieved from /opt/airflow/dags/Diseño de Arquitectura Completa - Día 1.docx
[2026-02-27T23:36:17.350+0000] {processor.py:183} INFO - Processing /opt/airflow/dags/Diseño de Arquitectura Completa - Día 1.docx took 0.069 seconds
[2026-02-27T23:36:48.181+0000] {processor.py:161} INFO - Started process (PID=490) to work on /opt/airflow/dags/Diseño de Arquitectura Completa - Día 1.docx
[2026-02-27T23:36:48.184+0000] {processor.py:830} INFO - Processing file /opt/airflow/dags/Diseño de Arquitectura Completa - Día 1.docx for tasks to queue
[2026-02-27T23:36:48.187+0000] {logging_mixin.py:188} INFO - [2026-02-27T23:36:48.186+0000] {dagbag.py:540} INFO - Filling up the DagBag from /opt/airflow/dags/Diseño de Arquitectura Completa - Día 1.docx
[2026-02-27T23:36:48.203+0000] {processor.py:842} WARNING - No viable dags retrieved from /opt/airflow/dags/Diseño de Arquitectura Completa - Día 1.docx
[2026-02-27T23:36:48.224+0000] {processor.py:183} INFO - Processing /opt/airflow/dags/Diseño de Arquitectura Completa - Día 1.docx took 0.055 seconds
[2026-02-27T23:37:18.604+0000] {processor.py:161} INFO - Started process (PID=499) to work on /opt/airflow/dags/Diseño de Arquitectura Completa - Día 1.docx
[2026-02-27T23:37:18.606+0000] {processor.py:830} INFO - Processing file /opt/airflow/dags/Diseño de Arquitectura Completa - Día 1.docx for tasks to queue
[2026-02-27T23:37:18.608+0000] {logging_mixin.py:188} INFO - [2026-02-27T23:37:18.607+0000] {dagbag.py:540} INFO - Filling up the DagBag from /opt/airflow/dags/Diseño de Arquitectura Completa - Día 1.docx
[2026-02-27T23:37:18.625+0000] {processor.py:842} WARNING - No viable dags retrieved from /opt/airflow/dags/Diseño de Arquitectura Completa - Día 1.docx
[2026-02-27T23:37:18.646+0000] {processor.py:183} INFO - Processing /opt/airflow/dags/Diseño de Arquitectura Completa - Día 1.docx took 0.050 seconds
[2026-02-27T23:37:49.297+0000] {processor.py:161} INFO - Started process (PID=508) to work on /opt/airflow/dags/Diseño de Arquitectura Completa - Día 1.docx
[2026-02-27T23:37:49.300+0000] {processor.py:830} INFO - Processing file /opt/airflow/dags/Diseño de Arquitectura Completa - Día 1.docx for tasks to queue
[2026-02-27T23:37:49.304+0000] {logging_mixin.py:188} INFO - [2026-02-27T23:37:49.303+0000] {dagbag.py:540} INFO - Filling up the DagBag from /opt/airflow/dags/Diseño de Arquitectura Completa - Día 1.docx
[2026-02-27T23:37:49.334+0000] {processor.py:842} WARNING - No viable dags retrieved from /opt/airflow/dags/Diseño de Arquitectura Completa - Día 1.docx
[2026-02-27T23:37:49.355+0000] {processor.py:183} INFO - Processing /opt/airflow/dags/Diseño de Arquitectura Completa - Día 1.docx took 0.074 seconds
[2026-02-27T23:38:19.817+0000] {processor.py:161} INFO - Started process (PID=517) to work on /opt/airflow/dags/Diseño de Arquitectura Completa - Día 1.docx
[2026-02-27T23:38:19.819+0000] {processor.py:830} INFO - Processing file /opt/airflow/dags/Diseño de Arquitectura Completa - Día 1.docx for tasks to queue
[2026-02-27T23:38:19.821+0000] {logging_mixin.py:188} INFO - [2026-02-27T23:38:19.821+0000] {dagbag.py:540} INFO - Filling up the DagBag from /opt/airflow/dags/Diseño de Arquitectura Completa - Día 1.docx
[2026-02-27T23:38:19.843+0000] {processor.py:842} WARNING - No viable dags retrieved from /opt/airflow/dags/Diseño de Arquitectura Completa - Día 1.docx
[2026-02-27T23:38:19.865+0000] {processor.py:183} INFO - Processing /opt/airflow/dags/Diseño de Arquitectura Completa - Día 1.docx took 0.056 seconds
[2026-02-27T23:38:50.330+0000] {processor.py:161} INFO - Started process (PID=526) to work on /opt/airflow/dags/Diseño de Arquitectura Completa - Día 1.docx
[2026-02-27T23:38:50.332+0000] {processor.py:830} INFO - Processing file /opt/airflow/dags/Diseño de Arquitectura Completa - Día 1.docx for tasks to queue
[2026-02-27T23:38:50.333+0000] {logging_mixin.py:188} INFO - [2026-02-27T23:38:50.333+0000] {dagbag.py:540} INFO - Filling up the DagBag from /opt/airflow/dags/Diseño de Arquitectura Completa - Día 1.docx
[2026-02-27T23:38:50.352+0000] {processor.py:842} WARNING - No viable dags retrieved from /opt/airflow/dags/Diseño de Arquitectura Completa - Día 1.docx
[2026-02-27T23:38:50.378+0000] {processor.py:183} INFO - Processing /opt/airflow/dags/Diseño de Arquitectura Completa - Día 1.docx took 0.056 seconds
[2026-02-27T23:39:20.822+0000] {processor.py:161} INFO - Started process (PID=535) to work on /opt/airflow/dags/Diseño de Arquitectura Completa - Día 1.docx
[2026-02-27T23:39:20.825+0000] {processor.py:830} INFO - Processing file /opt/airflow/dags/Diseño de Arquitectura Completa - Día 1.docx for tasks to queue
[2026-02-27T23:39:20.827+0000] {logging_mixin.py:188} INFO - [2026-02-27T23:39:20.826+0000] {dagbag.py:540} INFO - Filling up the DagBag from /opt/airflow/dags/Diseño de Arquitectura Completa - Día 1.docx
[2026-02-27T23:39:20.850+0000] {processor.py:842} WARNING - No viable dags retrieved from /opt/airflow/dags/Diseño de Arquitectura Completa - Día 1.docx
[2026-02-27T23:39:20.872+0000] {processor.py:183} INFO - Processing /opt/airflow/dags/Diseño de Arquitectura Completa - Día 1.docx took 0.059 seconds
[2026-02-27T23:39:51.399+0000] {processor.py:161} INFO - Started process (PID=544) to work on /opt/airflow/dags/Diseño de Arquitectura Completa - Día 1.docx
[2026-02-27T23:39:51.401+0000] {processor.py:830} INFO - Processing file /opt/airflow/dags/Diseño de Arquitectura Completa - Día 1.docx for tasks to queue
[2026-02-27T23:39:51.403+0000] {logging_mixin.py:188} INFO - [2026-02-27T23:39:51.402+0000] {dagbag.py:540} INFO - Filling up the DagBag from /opt/airflow/dags/Diseño de Arquitectura Completa - Día 1.docx
[2026-02-27T23:39:51.421+0000] {processor.py:842} WARNING - No viable dags retrieved from /opt/airflow/dags/Diseño de Arquitectura Completa - Día 1.docx
[2026-02-27T23:39:51.442+0000] {processor.py:183} INFO - Processing /opt/airflow/dags/Diseño de Arquitectura Completa - Día 1.docx took 0.053 seconds
[2026-02-27T23:40:21.888+0000] {processor.py:161} INFO - Started process (PID=553) to work on /opt/airflow/dags/Diseño de Arquitectura Completa - Día 1.docx
[2026-02-27T23:40:21.890+0000] {processor.py:830} INFO - Processing file /opt/airflow/dags/Diseño de Arquitectura Completa - Día 1.docx for tasks to queue
[2026-02-27T23:40:21.892+0000] {logging_mixin.py:188} INFO - [2026-02-27T23:40:21.891+0000] {dagbag.py:540} INFO - Filling up the DagBag from /opt/airflow/dags/Diseño de Arquitectura Completa - Día 1.docx
[2026-02-27T23:40:21.920+0000] {processor.py:842} WARNING - No viable dags retrieved from /opt/airflow/dags/Diseño de Arquitectura Completa - Día 1.docx
[2026-02-27T23:40:21.949+0000] {processor.py:183} INFO - Processing /opt/airflow/dags/Diseño de Arquitectura Completa - Día 1.docx took 0.070 seconds
[2026-02-27T23:40:52.553+0000] {processor.py:161} INFO - Started process (PID=562) to work on /opt/airflow/dags/Diseño de Arquitectura Completa - Día 1.docx
[2026-02-27T23:40:52.555+0000] {processor.py:830} INFO - Processing file /opt/airflow/dags/Diseño de Arquitectura Completa - Día 1.docx for tasks to queue
[2026-02-27T23:40:52.556+0000] {logging_mixin.py:188} INFO - [2026-02-27T23:40:52.556+0000] {dagbag.py:540} INFO - Filling up the DagBag from /opt/airflow/dags/Diseño de Arquitectura Completa - Día 1.docx
[2026-02-27T23:40:52.586+0000] {processor.py:842} WARNING - No viable dags retrieved from /opt/airflow/dags/Diseño de Arquitectura Completa - Día 1.docx
[2026-02-27T23:40:52.610+0000] {processor.py:183} INFO - Processing /opt/airflow/dags/Diseño de Arquitectura Completa - Día 1.docx took 0.068 seconds
[2026-02-27T23:41:23.069+0000] {processor.py:161} INFO - Started process (PID=571) to work on /opt/airflow/dags/Diseño de Arquitectura Completa - Día 1.docx
[2026-02-27T23:41:23.072+0000] {processor.py:830} INFO - Processing file /opt/airflow/dags/Diseño de Arquitectura Completa - Día 1.docx for tasks to queue
[2026-02-27T23:41:23.076+0000] {logging_mixin.py:188} INFO - [2026-02-27T23:41:23.074+0000] {dagbag.py:540} INFO - Filling up the DagBag from /opt/airflow/dags/Diseño de Arquitectura Completa - Día 1.docx
[2026-02-27T23:41:23.096+0000] {processor.py:842} WARNING - No viable dags retrieved from /opt/airflow/dags/Diseño de Arquitectura Completa - Día 1.docx
[2026-02-27T23:41:23.114+0000] {processor.py:183} INFO - Processing /opt/airflow/dags/Diseño de Arquitectura Completa - Día 1.docx took 0.063 seconds
[2026-02-27T23:41:53.876+0000] {processor.py:161} INFO - Started process (PID=580) to work on /opt/airflow/dags/Diseño de Arquitectura Completa - Día 1.docx
[2026-02-27T23:41:53.878+0000] {processor.py:830} INFO - Processing file /opt/airflow/dags/Diseño de Arquitectura Completa - Día 1.docx for tasks to queue
[2026-02-27T23:41:53.879+0000] {logging_mixin.py:188} INFO - [2026-02-27T23:41:53.879+0000] {dagbag.py:540} INFO - Filling up the DagBag from /opt/airflow/dags/Diseño de Arquitectura Completa - Día 1.docx
[2026-02-27T23:41:53.892+0000] {processor.py:842} WARNING - No viable dags retrieved from /opt/airflow/dags/Diseño de Arquitectura Completa - Día 1.docx
[2026-02-27T23:41:53.908+0000] {processor.py:183} INFO - Processing /opt/airflow/dags/Diseño de Arquitectura Completa - Día 1.docx took 0.040 seconds
[2026-02-27T23:42:24.347+0000] {processor.py:161} INFO - Started process (PID=589) to work on /opt/airflow/dags/Diseño de Arquitectura Completa - Día 1.docx
[2026-02-27T23:42:24.348+0000] {processor.py:830} INFO - Processing file /opt/airflow/dags/Diseño de Arquitectura Completa - Día 1.docx for tasks to queue
[2026-02-27T23:42:24.350+0000] {logging_mixin.py:188} INFO - [2026-02-27T23:42:24.349+0000] {dagbag.py:540} INFO - Filling up the DagBag from /opt/airflow/dags/Diseño de Arquitectura Completa - Día 1.docx
[2026-02-27T23:42:24.365+0000] {processor.py:842} WARNING - No viable dags retrieved from /opt/airflow/dags/Diseño de Arquitectura Completa - Día 1.docx
[2026-02-27T23:42:24.386+0000] {processor.py:183} INFO - Processing /opt/airflow/dags/Diseño de Arquitectura Completa - Día 1.docx took 0.047 seconds
[2026-02-27T23:42:54.779+0000] {processor.py:161} INFO - Started process (PID=598) to work on /opt/airflow/dags/Diseño de Arquitectura Completa - Día 1.docx
[2026-02-27T23:42:54.780+0000] {processor.py:830} INFO - Processing file /opt/airflow/dags/Diseño de Arquitectura Completa - Día 1.docx for tasks to queue
[2026-02-27T23:42:54.782+0000] {logging_mixin.py:188} INFO - [2026-02-27T23:42:54.781+0000] {dagbag.py:540} INFO - Filling up the DagBag from /opt/airflow/dags/Diseño de Arquitectura Completa - Día 1.docx
[2026-02-27T23:42:54.800+0000] {processor.py:842} WARNING - No viable dags retrieved from /opt/airflow/dags/Diseño de Arquitectura Completa - Día 1.docx
[2026-02-27T23:42:54.819+0000] {processor.py:183} INFO - Processing /opt/airflow/dags/Diseño de Arquitectura Completa - Día 1.docx took 0.048 seconds
[2026-02-27T23:43:25.438+0000] {processor.py:161} INFO - Started process (PID=607) to work on /opt/airflow/dags/Diseño de Arquitectura Completa - Día 1.docx
[2026-02-27T23:43:25.440+0000] {processor.py:830} INFO - Processing file /opt/airflow/dags/Diseño de Arquitectura Completa - Día 1.docx for tasks to queue
[2026-02-27T23:43:25.441+0000] {logging_mixin.py:188} INFO - [2026-02-27T23:43:25.441+0000] {dagbag.py:540} INFO - Filling up the DagBag from /opt/airflow/dags/Diseño de Arquitectura Completa - Día 1.docx
[2026-02-27T23:43:25.458+0000] {processor.py:842} WARNING - No viable dags retrieved from /opt/airflow/dags/Diseño de Arquitectura Completa - Día 1.docx
[2026-02-27T23:43:25.477+0000] {processor.py:183} INFO - Processing /opt/airflow/dags/Diseño de Arquitectura Completa - Día 1.docx took 0.047 seconds
[2026-02-27T23:43:55.849+0000] {processor.py:161} INFO - Started process (PID=616) to work on /opt/airflow/dags/Diseño de Arquitectura Completa - Día 1.docx
[2026-02-27T23:43:55.850+0000] {processor.py:830} INFO - Processing file /opt/airflow/dags/Diseño de Arquitectura Completa - Día 1.docx for tasks to queue
[2026-02-27T23:43:55.852+0000] {logging_mixin.py:188} INFO - [2026-02-27T23:43:55.852+0000] {dagbag.py:540} INFO - Filling up the DagBag from /opt/airflow/dags/Diseño de Arquitectura Completa - Día 1.docx
[2026-02-27T23:43:55.870+0000] {processor.py:842} WARNING - No viable dags retrieved from /opt/airflow/dags/Diseño de Arquitectura Completa - Día 1.docx
[2026-02-27T23:43:55.888+0000] {processor.py:183} INFO - Processing /opt/airflow/dags/Diseño de Arquitectura Completa - Día 1.docx took 0.047 seconds
[2026-02-27T23:44:26.372+0000] {processor.py:161} INFO - Started process (PID=625) to work on /opt/airflow/dags/Diseño de Arquitectura Completa - Día 1.docx
[2026-02-27T23:44:26.374+0000] {processor.py:830} INFO - Processing file /opt/airflow/dags/Diseño de Arquitectura Completa - Día 1.docx for tasks to queue
[2026-02-27T23:44:26.376+0000] {logging_mixin.py:188} INFO - [2026-02-27T23:44:26.375+0000] {dagbag.py:540} INFO - Filling up the DagBag from /opt/airflow/dags/Diseño de Arquitectura Completa - Día 1.docx
[2026-02-27T23:44:26.393+0000] {processor.py:842} WARNING - No viable dags retrieved from /opt/airflow/dags/Diseño de Arquitectura Completa - Día 1.docx
[2026-02-27T23:44:26.413+0000] {processor.py:183} INFO - Processing /opt/airflow/dags/Diseño de Arquitectura Completa - Día 1.docx took 0.051 seconds
[2026-02-27T23:45:35.321+0000] {processor.py:161} INFO - Started process (PID=42) to work on /opt/airflow/dags/Diseño de Arquitectura Completa - Día 1.docx
[2026-02-27T23:45:35.324+0000] {processor.py:830} INFO - Processing file /opt/airflow/dags/Diseño de Arquitectura Completa - Día 1.docx for tasks to queue
[2026-02-27T23:45:35.326+0000] {logging_mixin.py:188} INFO - [2026-02-27T23:45:35.326+0000] {dagbag.py:540} INFO - Filling up the DagBag from /opt/airflow/dags/Diseño de Arquitectura Completa - Día 1.docx
[2026-02-27T23:45:35.349+0000] {processor.py:842} WARNING - No viable dags retrieved from /opt/airflow/dags/Diseño de Arquitectura Completa - Día 1.docx
[2026-02-27T23:45:35.384+0000] {processor.py:183} INFO - Processing /opt/airflow/dags/Diseño de Arquitectura Completa - Día 1.docx took 0.071 seconds
[2026-02-27T23:46:05.828+0000] {processor.py:161} INFO - Started process (PID=51) to work on /opt/airflow/dags/Diseño de Arquitectura Completa - Día 1.docx
[2026-02-27T23:46:05.830+0000] {processor.py:830} INFO - Processing file /opt/airflow/dags/Diseño de Arquitectura Completa - Día 1.docx for tasks to queue
[2026-02-27T23:46:05.831+0000] {logging_mixin.py:188} INFO - [2026-02-27T23:46:05.830+0000] {dagbag.py:540} INFO - Filling up the DagBag from /opt/airflow/dags/Diseño de Arquitectura Completa - Día 1.docx
[2026-02-27T23:46:05.842+0000] {processor.py:842} WARNING - No viable dags retrieved from /opt/airflow/dags/Diseño de Arquitectura Completa - Día 1.docx
[2026-02-27T23:46:05.861+0000] {processor.py:183} INFO - Processing /opt/airflow/dags/Diseño de Arquitectura Completa - Día 1.docx took 0.040 seconds
[2026-02-27T23:46:36.451+0000] {processor.py:161} INFO - Started process (PID=60) to work on /opt/airflow/dags/Diseño de Arquitectura Completa - Día 1.docx
[2026-02-27T23:46:36.454+0000] {processor.py:830} INFO - Processing file /opt/airflow/dags/Diseño de Arquitectura Completa - Día 1.docx for tasks to queue
[2026-02-27T23:46:36.455+0000] {logging_mixin.py:188} INFO - [2026-02-27T23:46:36.455+0000] {dagbag.py:540} INFO - Filling up the DagBag from /opt/airflow/dags/Diseño de Arquitectura Completa - Día 1.docx
[2026-02-27T23:46:36.475+0000] {processor.py:842} WARNING - No viable dags retrieved from /opt/airflow/dags/Diseño de Arquitectura Completa - Día 1.docx
[2026-02-27T23:46:36.494+0000] {processor.py:183} INFO - Processing /opt/airflow/dags/Diseño de Arquitectura Completa - Día 1.docx took 0.052 seconds
[2026-02-27T23:47:07.108+0000] {processor.py:161} INFO - Started process (PID=69) to work on /opt/airflow/dags/Diseño de Arquitectura Completa - Día 1.docx
[2026-02-27T23:47:07.109+0000] {processor.py:830} INFO - Processing file /opt/airflow/dags/Diseño de Arquitectura Completa - Día 1.docx for tasks to queue
[2026-02-27T23:47:07.110+0000] {logging_mixin.py:188} INFO - [2026-02-27T23:47:07.110+0000] {dagbag.py:540} INFO - Filling up the DagBag from /opt/airflow/dags/Diseño de Arquitectura Completa - Día 1.docx
[2026-02-27T23:47:07.121+0000] {processor.py:842} WARNING - No viable dags retrieved from /opt/airflow/dags/Diseño de Arquitectura Completa - Día 1.docx
[2026-02-27T23:47:07.137+0000] {processor.py:183} INFO - Processing /opt/airflow/dags/Diseño de Arquitectura Completa - Día 1.docx took 0.037 seconds
[2026-02-27T23:47:37.666+0000] {processor.py:161} INFO - Started process (PID=78) to work on /opt/airflow/dags/Diseño de Arquitectura Completa - Día 1.docx
[2026-02-27T23:47:37.667+0000] {processor.py:830} INFO - Processing file /opt/airflow/dags/Diseño de Arquitectura Completa - Día 1.docx for tasks to queue
[2026-02-27T23:47:37.668+0000] {logging_mixin.py:188} INFO - [2026-02-27T23:47:37.668+0000] {dagbag.py:540} INFO - Filling up the DagBag from /opt/airflow/dags/Diseño de Arquitectura Completa - Día 1.docx
[2026-02-27T23:47:37.679+0000] {processor.py:842} WARNING - No viable dags retrieved from /opt/airflow/dags/Diseño de Arquitectura Completa - Día 1.docx
[2026-02-27T23:47:37.697+0000] {processor.py:183} INFO - Processing /opt/airflow/dags/Diseño de Arquitectura Completa - Día 1.docx took 0.039 seconds
[2026-02-27T23:48:08.313+0000] {processor.py:161} INFO - Started process (PID=87) to work on /opt/airflow/dags/Diseño de Arquitectura Completa - Día 1.docx
[2026-02-27T23:48:08.316+0000] {processor.py:830} INFO - Processing file /opt/airflow/dags/Diseño de Arquitectura Completa - Día 1.docx for tasks to queue
[2026-02-27T23:48:08.318+0000] {logging_mixin.py:188} INFO - [2026-02-27T23:48:08.317+0000] {dagbag.py:540} INFO - Filling up the DagBag from /opt/airflow/dags/Diseño de Arquitectura Completa - Día 1.docx
[2026-02-27T23:48:08.338+0000] {processor.py:842} WARNING - No viable dags retrieved from /opt/airflow/dags/Diseño de Arquitectura Completa - Día 1.docx
[2026-02-27T23:48:08.359+0000] {processor.py:183} INFO - Processing /opt/airflow/dags/Diseño de Arquitectura Completa - Día 1.docx took 0.054 seconds
[2026-02-27T23:48:38.811+0000] {processor.py:161} INFO - Started process (PID=96) to work on /opt/airflow/dags/Diseño de Arquitectura Completa - Día 1.docx
[2026-02-27T23:48:38.813+0000] {processor.py:830} INFO - Processing file /opt/airflow/dags/Diseño de Arquitectura Completa - Día 1.docx for tasks to queue
[2026-02-27T23:48:38.814+0000] {logging_mixin.py:188} INFO - [2026-02-27T23:48:38.814+0000] {dagbag.py:540} INFO - Filling up the DagBag from /opt/airflow/dags/Diseño de Arquitectura Completa - Día 1.docx
[2026-02-27T23:48:38.826+0000] {processor.py:842} WARNING - No viable dags retrieved from /opt/airflow/dags/Diseño de Arquitectura Completa - Día 1.docx
[2026-02-27T23:48:38.843+0000] {processor.py:183} INFO - Processing /opt/airflow/dags/Diseño de Arquitectura Completa - Día 1.docx took 0.039 seconds
[2026-02-27T23:49:09.493+0000] {processor.py:161} INFO - Started process (PID=105) to work on /opt/airflow/dags/Diseño de Arquitectura Completa - Día 1.docx
[2026-02-27T23:49:09.495+0000] {processor.py:830} INFO - Processing file /opt/airflow/dags/Diseño de Arquitectura Completa - Día 1.docx for tasks to queue
[2026-02-27T23:49:09.497+0000] {logging_mixin.py:188} INFO - [2026-02-27T23:49:09.497+0000] {dagbag.py:540} INFO - Filling up the DagBag from /opt/airflow/dags/Diseño de Arquitectura Completa - Día 1.docx
[2026-02-27T23:49:09.514+0000] {processor.py:842} WARNING - No viable dags retrieved from /opt/airflow/dags/Diseño de Arquitectura Completa - Día 1.docx
[2026-02-27T23:49:09.535+0000] {processor.py:183} INFO - Processing /opt/airflow/dags/Diseño de Arquitectura Completa - Día 1.docx took 0.053 seconds
[2026-02-27T23:49:40.138+0000] {processor.py:161} INFO - Started process (PID=114) to work on /opt/airflow/dags/Diseño de Arquitectura Completa - Día 1.docx
[2026-02-27T23:49:40.139+0000] {processor.py:830} INFO - Processing file /opt/airflow/dags/Diseño de Arquitectura Completa - Día 1.docx for tasks to queue
[2026-02-27T23:49:40.141+0000] {logging_mixin.py:188} INFO - [2026-02-27T23:49:40.140+0000] {dagbag.py:540} INFO - Filling up the DagBag from /opt/airflow/dags/Diseño de Arquitectura Completa - Día 1.docx
[2026-02-27T23:49:40.159+0000] {processor.py:842} WARNING - No viable dags retrieved from /opt/airflow/dags/Diseño de Arquitectura Completa - Día 1.docx
[2026-02-27T23:49:40.177+0000] {processor.py:183} INFO - Processing /opt/airflow/dags/Diseño de Arquitectura Completa - Día 1.docx took 0.048 seconds
[2026-02-27T23:50:10.777+0000] {processor.py:161} INFO - Started process (PID=123) to work on /opt/airflow/dags/Diseño de Arquitectura Completa - Día 1.docx
[2026-02-27T23:50:10.778+0000] {processor.py:830} INFO - Processing file /opt/airflow/dags/Diseño de Arquitectura Completa - Día 1.docx for tasks to queue
[2026-02-27T23:50:10.779+0000] {logging_mixin.py:188} INFO - [2026-02-27T23:50:10.779+0000] {dagbag.py:540} INFO - Filling up the DagBag from /opt/airflow/dags/Diseño de Arquitectura Completa - Día 1.docx
[2026-02-27T23:50:10.798+0000] {processor.py:842} WARNING - No viable dags retrieved from /opt/airflow/dags/Diseño de Arquitectura Completa - Día 1.docx
[2026-02-27T23:50:10.815+0000] {processor.py:183} INFO - Processing /opt/airflow/dags/Diseño de Arquitectura Completa - Día 1.docx took 0.046 seconds
[2026-02-27T23:50:41.595+0000] {processor.py:161} INFO - Started process (PID=132) to work on /opt/airflow/dags/Diseño de Arquitectura Completa - Día 1.docx
[2026-02-27T23:50:41.597+0000] {processor.py:830} INFO - Processing file /opt/airflow/dags/Diseño de Arquitectura Completa - Día 1.docx for tasks to queue
[2026-02-27T23:50:41.598+0000] {logging_mixin.py:188} INFO - [2026-02-27T23:50:41.597+0000] {dagbag.py:540} INFO - Filling up the DagBag from /opt/airflow/dags/Diseño de Arquitectura Completa - Día 1.docx
[2026-02-27T23:50:41.611+0000] {processor.py:842} WARNING - No viable dags retrieved from /opt/airflow/dags/Diseño de Arquitectura Completa - Día 1.docx
[2026-02-27T23:50:41.629+0000] {processor.py:183} INFO - Processing /opt/airflow/dags/Diseño de Arquitectura Completa - Día 1.docx took 0.042 seconds
[2026-02-27T23:51:12.222+0000] {processor.py:161} INFO - Started process (PID=141) to work on /opt/airflow/dags/Diseño de Arquitectura Completa - Día 1.docx
[2026-02-27T23:51:12.223+0000] {processor.py:830} INFO - Processing file /opt/airflow/dags/Diseño de Arquitectura Completa - Día 1.docx for tasks to queue
[2026-02-27T23:51:12.225+0000] {logging_mixin.py:188} INFO - [2026-02-27T23:51:12.224+0000] {dagbag.py:540} INFO - Filling up the DagBag from /opt/airflow/dags/Diseño de Arquitectura Completa - Día 1.docx
[2026-02-27T23:51:12.237+0000] {processor.py:842} WARNING - No viable dags retrieved from /opt/airflow/dags/Diseño de Arquitectura Completa - Día 1.docx
[2026-02-27T23:51:12.256+0000] {processor.py:183} INFO - Processing /opt/airflow/dags/Diseño de Arquitectura Completa - Día 1.docx took 0.042 seconds
[2026-02-27T23:51:42.909+0000] {processor.py:161} INFO - Started process (PID=150) to work on /opt/airflow/dags/Diseño de Arquitectura Completa - Día 1.docx
[2026-02-27T23:51:42.911+0000] {processor.py:830} INFO - Processing file /opt/airflow/dags/Diseño de Arquitectura Completa - Día 1.docx for tasks to queue
[2026-02-27T23:51:42.912+0000] {logging_mixin.py:188} INFO - [2026-02-27T23:51:42.912+0000] {dagbag.py:540} INFO - Filling up the DagBag from /opt/airflow/dags/Diseño de Arquitectura Completa - Día 1.docx
[2026-02-27T23:51:42.928+0000] {processor.py:842} WARNING - No viable dags retrieved from /opt/airflow/dags/Diseño de Arquitectura Completa - Día 1.docx
[2026-02-27T23:51:42.957+0000] {processor.py:183} INFO - Processing /opt/airflow/dags/Diseño de Arquitectura Completa - Día 1.docx took 0.061 seconds
[2026-02-27T23:52:13.389+0000] {processor.py:161} INFO - Started process (PID=159) to work on /opt/airflow/dags/Diseño de Arquitectura Completa - Día 1.docx
[2026-02-27T23:52:13.390+0000] {processor.py:830} INFO - Processing file /opt/airflow/dags/Diseño de Arquitectura Completa - Día 1.docx for tasks to queue
[2026-02-27T23:52:13.391+0000] {logging_mixin.py:188} INFO - [2026-02-27T23:52:13.391+0000] {dagbag.py:540} INFO - Filling up the DagBag from /opt/airflow/dags/Diseño de Arquitectura Completa - Día 1.docx
[2026-02-27T23:52:13.400+0000] {processor.py:842} WARNING - No viable dags retrieved from /opt/airflow/dags/Diseño de Arquitectura Completa - Día 1.docx
[2026-02-27T23:52:13.419+0000] {processor.py:183} INFO - Processing /opt/airflow/dags/Diseño de Arquitectura Completa - Día 1.docx took 0.038 seconds
