[2026-02-27T21:13:34.860+0000] {processor.py:161} INFO - Started process (PID=83) to work on /opt/airflow/dags/Documentación y Presentación - Día 5.docx
[2026-02-27T21:13:34.866+0000] {processor.py:830} INFO - Processing file /opt/airflow/dags/Documentación y Presentación - Día 5.docx for tasks to queue
[2026-02-27T21:13:34.879+0000] {logging_mixin.py:188} INFO - [2026-02-27T21:13:34.876+0000] {dagbag.py:540} INFO - Filling up the DagBag from /opt/airflow/dags/Documentación y Presentación - Día 5.docx
[2026-02-27T21:13:34.907+0000] {processor.py:842} WARNING - No viable dags retrieved from /opt/airflow/dags/Documentación y Presentación - Día 5.docx
[2026-02-27T21:13:35.000+0000] {processor.py:183} INFO - Processing /opt/airflow/dags/Documentación y Presentación - Día 5.docx took 0.171 seconds
[2026-02-27T21:14:06.063+0000] {processor.py:161} INFO - Started process (PID=91) to work on /opt/airflow/dags/Documentación y Presentación - Día 5.docx
[2026-02-27T21:14:06.068+0000] {processor.py:830} INFO - Processing file /opt/airflow/dags/Documentación y Presentación - Día 5.docx for tasks to queue
[2026-02-27T21:14:06.073+0000] {logging_mixin.py:188} INFO - [2026-02-27T21:14:06.071+0000] {dagbag.py:540} INFO - Filling up the DagBag from /opt/airflow/dags/Documentación y Presentación - Día 5.docx
[2026-02-27T21:14:06.109+0000] {processor.py:842} WARNING - No viable dags retrieved from /opt/airflow/dags/Documentación y Presentación - Día 5.docx
[2026-02-27T21:14:06.167+0000] {processor.py:183} INFO - Processing /opt/airflow/dags/Documentación y Presentación - Día 5.docx took 0.131 seconds
[2026-02-27T21:14:36.687+0000] {processor.py:161} INFO - Started process (PID=99) to work on /opt/airflow/dags/Documentación y Presentación - Día 5.docx
[2026-02-27T21:14:36.689+0000] {processor.py:830} INFO - Processing file /opt/airflow/dags/Documentación y Presentación - Día 5.docx for tasks to queue
[2026-02-27T21:14:36.691+0000] {logging_mixin.py:188} INFO - [2026-02-27T21:14:36.690+0000] {dagbag.py:540} INFO - Filling up the DagBag from /opt/airflow/dags/Documentación y Presentación - Día 5.docx
[2026-02-27T21:14:36.708+0000] {processor.py:842} WARNING - No viable dags retrieved from /opt/airflow/dags/Documentación y Presentación - Día 5.docx
[2026-02-27T21:14:36.743+0000] {processor.py:183} INFO - Processing /opt/airflow/dags/Documentación y Presentación - Día 5.docx took 0.067 seconds
[2026-02-27T21:15:07.023+0000] {processor.py:161} INFO - Started process (PID=107) to work on /opt/airflow/dags/Documentación y Presentación - Día 5.docx
[2026-02-27T21:15:07.025+0000] {processor.py:830} INFO - Processing file /opt/airflow/dags/Documentación y Presentación - Día 5.docx for tasks to queue
[2026-02-27T21:15:07.027+0000] {logging_mixin.py:188} INFO - [2026-02-27T21:15:07.027+0000] {dagbag.py:540} INFO - Filling up the DagBag from /opt/airflow/dags/Documentación y Presentación - Día 5.docx
[2026-02-27T21:15:07.045+0000] {processor.py:842} WARNING - No viable dags retrieved from /opt/airflow/dags/Documentación y Presentación - Día 5.docx
[2026-02-27T21:15:07.072+0000] {processor.py:183} INFO - Processing /opt/airflow/dags/Documentación y Presentación - Día 5.docx took 0.057 seconds
[2026-02-27T21:15:37.274+0000] {processor.py:161} INFO - Started process (PID=115) to work on /opt/airflow/dags/Documentación y Presentación - Día 5.docx
[2026-02-27T21:15:37.277+0000] {processor.py:830} INFO - Processing file /opt/airflow/dags/Documentación y Presentación - Día 5.docx for tasks to queue
[2026-02-27T21:15:37.279+0000] {logging_mixin.py:188} INFO - [2026-02-27T21:15:37.278+0000] {dagbag.py:540} INFO - Filling up the DagBag from /opt/airflow/dags/Documentación y Presentación - Día 5.docx
[2026-02-27T21:15:37.299+0000] {processor.py:842} WARNING - No viable dags retrieved from /opt/airflow/dags/Documentación y Presentación - Día 5.docx
[2026-02-27T21:15:37.333+0000] {processor.py:183} INFO - Processing /opt/airflow/dags/Documentación y Presentación - Día 5.docx took 0.071 seconds
[2026-02-27T21:16:07.608+0000] {processor.py:161} INFO - Started process (PID=123) to work on /opt/airflow/dags/Documentación y Presentación - Día 5.docx
[2026-02-27T21:16:07.610+0000] {processor.py:830} INFO - Processing file /opt/airflow/dags/Documentación y Presentación - Día 5.docx for tasks to queue
[2026-02-27T21:16:07.612+0000] {logging_mixin.py:188} INFO - [2026-02-27T21:16:07.612+0000] {dagbag.py:540} INFO - Filling up the DagBag from /opt/airflow/dags/Documentación y Presentación - Día 5.docx
[2026-02-27T21:16:07.640+0000] {processor.py:842} WARNING - No viable dags retrieved from /opt/airflow/dags/Documentación y Presentación - Día 5.docx
[2026-02-27T21:16:07.672+0000] {processor.py:183} INFO - Processing /opt/airflow/dags/Documentación y Presentación - Día 5.docx took 0.075 seconds
[2026-02-27T21:16:37.802+0000] {processor.py:161} INFO - Started process (PID=130) to work on /opt/airflow/dags/Documentación y Presentación - Día 5.docx
[2026-02-27T21:16:37.803+0000] {processor.py:830} INFO - Processing file /opt/airflow/dags/Documentación y Presentación - Día 5.docx for tasks to queue
[2026-02-27T21:16:37.805+0000] {logging_mixin.py:188} INFO - [2026-02-27T21:16:37.804+0000] {dagbag.py:540} INFO - Filling up the DagBag from /opt/airflow/dags/Documentación y Presentación - Día 5.docx
[2026-02-27T21:16:37.822+0000] {processor.py:842} WARNING - No viable dags retrieved from /opt/airflow/dags/Documentación y Presentación - Día 5.docx
[2026-02-27T21:16:37.846+0000] {processor.py:183} INFO - Processing /opt/airflow/dags/Documentación y Presentación - Día 5.docx took 0.055 seconds
[2026-02-27T21:17:08.095+0000] {processor.py:161} INFO - Started process (PID=138) to work on /opt/airflow/dags/Documentación y Presentación - Día 5.docx
[2026-02-27T21:17:08.098+0000] {processor.py:830} INFO - Processing file /opt/airflow/dags/Documentación y Presentación - Día 5.docx for tasks to queue
[2026-02-27T21:17:08.100+0000] {logging_mixin.py:188} INFO - [2026-02-27T21:17:08.099+0000] {dagbag.py:540} INFO - Filling up the DagBag from /opt/airflow/dags/Documentación y Presentación - Día 5.docx
[2026-02-27T21:17:08.119+0000] {processor.py:842} WARNING - No viable dags retrieved from /opt/airflow/dags/Documentación y Presentación - Día 5.docx
[2026-02-27T21:17:08.151+0000] {processor.py:183} INFO - Processing /opt/airflow/dags/Documentación y Presentación - Día 5.docx took 0.067 seconds
[2026-02-27T21:17:38.524+0000] {processor.py:161} INFO - Started process (PID=147) to work on /opt/airflow/dags/Documentación y Presentación - Día 5.docx
[2026-02-27T21:17:38.526+0000] {processor.py:830} INFO - Processing file /opt/airflow/dags/Documentación y Presentación - Día 5.docx for tasks to queue
[2026-02-27T21:17:38.529+0000] {logging_mixin.py:188} INFO - [2026-02-27T21:17:38.528+0000] {dagbag.py:540} INFO - Filling up the DagBag from /opt/airflow/dags/Documentación y Presentación - Día 5.docx
[2026-02-27T21:17:38.552+0000] {processor.py:842} WARNING - No viable dags retrieved from /opt/airflow/dags/Documentación y Presentación - Día 5.docx
[2026-02-27T21:17:38.589+0000] {processor.py:183} INFO - Processing /opt/airflow/dags/Documentación y Presentación - Día 5.docx took 0.076 seconds
[2026-02-27T21:18:08.830+0000] {processor.py:161} INFO - Started process (PID=155) to work on /opt/airflow/dags/Documentación y Presentación - Día 5.docx
[2026-02-27T21:18:08.833+0000] {processor.py:830} INFO - Processing file /opt/airflow/dags/Documentación y Presentación - Día 5.docx for tasks to queue
[2026-02-27T21:18:08.837+0000] {logging_mixin.py:188} INFO - [2026-02-27T21:18:08.836+0000] {dagbag.py:540} INFO - Filling up the DagBag from /opt/airflow/dags/Documentación y Presentación - Día 5.docx
[2026-02-27T21:18:08.857+0000] {processor.py:842} WARNING - No viable dags retrieved from /opt/airflow/dags/Documentación y Presentación - Día 5.docx
[2026-02-27T21:18:08.889+0000] {processor.py:183} INFO - Processing /opt/airflow/dags/Documentación y Presentación - Día 5.docx took 0.075 seconds
[2026-02-27T21:18:39.581+0000] {processor.py:161} INFO - Started process (PID=163) to work on /opt/airflow/dags/Documentación y Presentación - Día 5.docx
[2026-02-27T21:18:39.584+0000] {processor.py:830} INFO - Processing file /opt/airflow/dags/Documentación y Presentación - Día 5.docx for tasks to queue
[2026-02-27T21:18:39.587+0000] {logging_mixin.py:188} INFO - [2026-02-27T21:18:39.586+0000] {dagbag.py:540} INFO - Filling up the DagBag from /opt/airflow/dags/Documentación y Presentación - Día 5.docx
[2026-02-27T21:18:39.612+0000] {processor.py:842} WARNING - No viable dags retrieved from /opt/airflow/dags/Documentación y Presentación - Día 5.docx
[2026-02-27T21:18:39.640+0000] {processor.py:183} INFO - Processing /opt/airflow/dags/Documentación y Presentación - Día 5.docx took 0.068 seconds
[2026-02-27T21:19:09.744+0000] {processor.py:161} INFO - Started process (PID=170) to work on /opt/airflow/dags/Documentación y Presentación - Día 5.docx
[2026-02-27T21:19:09.746+0000] {processor.py:830} INFO - Processing file /opt/airflow/dags/Documentación y Presentación - Día 5.docx for tasks to queue
[2026-02-27T21:19:09.748+0000] {logging_mixin.py:188} INFO - [2026-02-27T21:19:09.748+0000] {dagbag.py:540} INFO - Filling up the DagBag from /opt/airflow/dags/Documentación y Presentación - Día 5.docx
[2026-02-27T21:19:09.778+0000] {processor.py:842} WARNING - No viable dags retrieved from /opt/airflow/dags/Documentación y Presentación - Día 5.docx
[2026-02-27T21:19:09.803+0000] {processor.py:183} INFO - Processing /opt/airflow/dags/Documentación y Presentación - Día 5.docx took 0.068 seconds
[2026-02-27T21:19:40.154+0000] {processor.py:161} INFO - Started process (PID=178) to work on /opt/airflow/dags/Documentación y Presentación - Día 5.docx
[2026-02-27T21:19:40.156+0000] {processor.py:830} INFO - Processing file /opt/airflow/dags/Documentación y Presentación - Día 5.docx for tasks to queue
[2026-02-27T21:19:40.158+0000] {logging_mixin.py:188} INFO - [2026-02-27T21:19:40.158+0000] {dagbag.py:540} INFO - Filling up the DagBag from /opt/airflow/dags/Documentación y Presentación - Día 5.docx
[2026-02-27T21:19:40.179+0000] {processor.py:842} WARNING - No viable dags retrieved from /opt/airflow/dags/Documentación y Presentación - Día 5.docx
[2026-02-27T21:19:40.210+0000] {processor.py:183} INFO - Processing /opt/airflow/dags/Documentación y Presentación - Día 5.docx took 0.067 seconds
[2026-02-27T21:20:10.718+0000] {processor.py:161} INFO - Started process (PID=187) to work on /opt/airflow/dags/Documentación y Presentación - Día 5.docx
[2026-02-27T21:20:10.725+0000] {processor.py:830} INFO - Processing file /opt/airflow/dags/Documentación y Presentación - Día 5.docx for tasks to queue
[2026-02-27T21:20:10.728+0000] {logging_mixin.py:188} INFO - [2026-02-27T21:20:10.727+0000] {dagbag.py:540} INFO - Filling up the DagBag from /opt/airflow/dags/Documentación y Presentación - Día 5.docx
[2026-02-27T21:20:10.760+0000] {processor.py:842} WARNING - No viable dags retrieved from /opt/airflow/dags/Documentación y Presentación - Día 5.docx
[2026-02-27T21:20:10.801+0000] {processor.py:183} INFO - Processing /opt/airflow/dags/Documentación y Presentación - Día 5.docx took 0.106 seconds
[2026-02-27T21:20:41.142+0000] {processor.py:161} INFO - Started process (PID=195) to work on /opt/airflow/dags/Documentación y Presentación - Día 5.docx
[2026-02-27T21:20:41.144+0000] {processor.py:830} INFO - Processing file /opt/airflow/dags/Documentación y Presentación - Día 5.docx for tasks to queue
[2026-02-27T21:20:41.146+0000] {logging_mixin.py:188} INFO - [2026-02-27T21:20:41.146+0000] {dagbag.py:540} INFO - Filling up the DagBag from /opt/airflow/dags/Documentación y Presentación - Día 5.docx
[2026-02-27T21:20:41.166+0000] {processor.py:842} WARNING - No viable dags retrieved from /opt/airflow/dags/Documentación y Presentación - Día 5.docx
[2026-02-27T21:20:41.194+0000] {processor.py:183} INFO - Processing /opt/airflow/dags/Documentación y Presentación - Día 5.docx took 0.062 seconds
[2026-02-27T21:21:11.515+0000] {processor.py:161} INFO - Started process (PID=203) to work on /opt/airflow/dags/Documentación y Presentación - Día 5.docx
[2026-02-27T21:21:11.517+0000] {processor.py:830} INFO - Processing file /opt/airflow/dags/Documentación y Presentación - Día 5.docx for tasks to queue
[2026-02-27T21:21:11.519+0000] {logging_mixin.py:188} INFO - [2026-02-27T21:21:11.519+0000] {dagbag.py:540} INFO - Filling up the DagBag from /opt/airflow/dags/Documentación y Presentación - Día 5.docx
[2026-02-27T21:21:11.544+0000] {processor.py:842} WARNING - No viable dags retrieved from /opt/airflow/dags/Documentación y Presentación - Día 5.docx
[2026-02-27T21:21:11.574+0000] {processor.py:183} INFO - Processing /opt/airflow/dags/Documentación y Presentación - Día 5.docx took 0.070 seconds
[2026-02-27T21:21:41.900+0000] {processor.py:161} INFO - Started process (PID=211) to work on /opt/airflow/dags/Documentación y Presentación - Día 5.docx
[2026-02-27T21:21:41.902+0000] {processor.py:830} INFO - Processing file /opt/airflow/dags/Documentación y Presentación - Día 5.docx for tasks to queue
[2026-02-27T21:21:41.904+0000] {logging_mixin.py:188} INFO - [2026-02-27T21:21:41.903+0000] {dagbag.py:540} INFO - Filling up the DagBag from /opt/airflow/dags/Documentación y Presentación - Día 5.docx
[2026-02-27T21:21:41.919+0000] {processor.py:842} WARNING - No viable dags retrieved from /opt/airflow/dags/Documentación y Presentación - Día 5.docx
[2026-02-27T21:21:41.943+0000] {processor.py:183} INFO - Processing /opt/airflow/dags/Documentación y Presentación - Día 5.docx took 0.051 seconds
[2026-02-27T21:22:12.139+0000] {processor.py:161} INFO - Started process (PID=218) to work on /opt/airflow/dags/Documentación y Presentación - Día 5.docx
[2026-02-27T21:22:12.141+0000] {processor.py:830} INFO - Processing file /opt/airflow/dags/Documentación y Presentación - Día 5.docx for tasks to queue
[2026-02-27T21:22:12.151+0000] {logging_mixin.py:188} INFO - [2026-02-27T21:22:12.150+0000] {dagbag.py:540} INFO - Filling up the DagBag from /opt/airflow/dags/Documentación y Presentación - Día 5.docx
[2026-02-27T21:22:12.177+0000] {processor.py:842} WARNING - No viable dags retrieved from /opt/airflow/dags/Documentación y Presentación - Día 5.docx
[2026-02-27T21:22:12.215+0000] {processor.py:183} INFO - Processing /opt/airflow/dags/Documentación y Presentación - Día 5.docx took 0.086 seconds
[2026-02-27T21:22:42.541+0000] {processor.py:161} INFO - Started process (PID=226) to work on /opt/airflow/dags/Documentación y Presentación - Día 5.docx
[2026-02-27T21:22:42.544+0000] {processor.py:830} INFO - Processing file /opt/airflow/dags/Documentación y Presentación - Día 5.docx for tasks to queue
[2026-02-27T21:22:42.547+0000] {logging_mixin.py:188} INFO - [2026-02-27T21:22:42.546+0000] {dagbag.py:540} INFO - Filling up the DagBag from /opt/airflow/dags/Documentación y Presentación - Día 5.docx
[2026-02-27T21:22:42.567+0000] {processor.py:842} WARNING - No viable dags retrieved from /opt/airflow/dags/Documentación y Presentación - Día 5.docx
[2026-02-27T21:22:42.608+0000] {processor.py:183} INFO - Processing /opt/airflow/dags/Documentación y Presentación - Día 5.docx took 0.089 seconds
[2026-02-27T21:23:13.137+0000] {processor.py:161} INFO - Started process (PID=235) to work on /opt/airflow/dags/Documentación y Presentación - Día 5.docx
[2026-02-27T21:23:13.140+0000] {processor.py:830} INFO - Processing file /opt/airflow/dags/Documentación y Presentación - Día 5.docx for tasks to queue
[2026-02-27T21:23:13.142+0000] {logging_mixin.py:188} INFO - [2026-02-27T21:23:13.141+0000] {dagbag.py:540} INFO - Filling up the DagBag from /opt/airflow/dags/Documentación y Presentación - Día 5.docx
[2026-02-27T21:23:13.166+0000] {processor.py:842} WARNING - No viable dags retrieved from /opt/airflow/dags/Documentación y Presentación - Día 5.docx
[2026-02-27T21:23:13.193+0000] {processor.py:183} INFO - Processing /opt/airflow/dags/Documentación y Presentación - Día 5.docx took 0.065 seconds
[2026-02-27T21:23:43.945+0000] {processor.py:161} INFO - Started process (PID=243) to work on /opt/airflow/dags/Documentación y Presentación - Día 5.docx
[2026-02-27T21:23:43.947+0000] {processor.py:830} INFO - Processing file /opt/airflow/dags/Documentación y Presentación - Día 5.docx for tasks to queue
[2026-02-27T21:23:43.950+0000] {logging_mixin.py:188} INFO - [2026-02-27T21:23:43.950+0000] {dagbag.py:540} INFO - Filling up the DagBag from /opt/airflow/dags/Documentación y Presentación - Día 5.docx
[2026-02-27T21:23:43.974+0000] {processor.py:842} WARNING - No viable dags retrieved from /opt/airflow/dags/Documentación y Presentación - Día 5.docx
[2026-02-27T21:23:44.002+0000] {processor.py:183} INFO - Processing /opt/airflow/dags/Documentación y Presentación - Día 5.docx took 0.067 seconds
[2026-02-27T21:24:14.241+0000] {processor.py:161} INFO - Started process (PID=251) to work on /opt/airflow/dags/Documentación y Presentación - Día 5.docx
[2026-02-27T21:24:14.244+0000] {processor.py:830} INFO - Processing file /opt/airflow/dags/Documentación y Presentación - Día 5.docx for tasks to queue
[2026-02-27T21:24:14.247+0000] {logging_mixin.py:188} INFO - [2026-02-27T21:24:14.246+0000] {dagbag.py:540} INFO - Filling up the DagBag from /opt/airflow/dags/Documentación y Presentación - Día 5.docx
[2026-02-27T21:24:14.269+0000] {processor.py:842} WARNING - No viable dags retrieved from /opt/airflow/dags/Documentación y Presentación - Día 5.docx
[2026-02-27T21:24:14.297+0000] {processor.py:183} INFO - Processing /opt/airflow/dags/Documentación y Presentación - Día 5.docx took 0.066 seconds
[2026-02-27T21:24:44.474+0000] {processor.py:161} INFO - Started process (PID=259) to work on /opt/airflow/dags/Documentación y Presentación - Día 5.docx
[2026-02-27T21:24:44.476+0000] {processor.py:830} INFO - Processing file /opt/airflow/dags/Documentación y Presentación - Día 5.docx for tasks to queue
[2026-02-27T21:24:44.478+0000] {logging_mixin.py:188} INFO - [2026-02-27T21:24:44.477+0000] {dagbag.py:540} INFO - Filling up the DagBag from /opt/airflow/dags/Documentación y Presentación - Día 5.docx
[2026-02-27T21:24:44.497+0000] {processor.py:842} WARNING - No viable dags retrieved from /opt/airflow/dags/Documentación y Presentación - Día 5.docx
[2026-02-27T21:24:44.525+0000] {processor.py:183} INFO - Processing /opt/airflow/dags/Documentación y Presentación - Día 5.docx took 0.061 seconds
[2026-02-27T21:25:14.827+0000] {processor.py:161} INFO - Started process (PID=267) to work on /opt/airflow/dags/Documentación y Presentación - Día 5.docx
[2026-02-27T21:25:14.829+0000] {processor.py:830} INFO - Processing file /opt/airflow/dags/Documentación y Presentación - Día 5.docx for tasks to queue
[2026-02-27T21:25:14.831+0000] {logging_mixin.py:188} INFO - [2026-02-27T21:25:14.830+0000] {dagbag.py:540} INFO - Filling up the DagBag from /opt/airflow/dags/Documentación y Presentación - Día 5.docx
[2026-02-27T21:25:14.847+0000] {processor.py:842} WARNING - No viable dags retrieved from /opt/airflow/dags/Documentación y Presentación - Día 5.docx
[2026-02-27T21:25:14.872+0000] {processor.py:183} INFO - Processing /opt/airflow/dags/Documentación y Presentación - Día 5.docx took 0.053 seconds
[2026-02-27T21:25:45.302+0000] {processor.py:161} INFO - Started process (PID=275) to work on /opt/airflow/dags/Documentación y Presentación - Día 5.docx
[2026-02-27T21:25:45.304+0000] {processor.py:830} INFO - Processing file /opt/airflow/dags/Documentación y Presentación - Día 5.docx for tasks to queue
[2026-02-27T21:25:45.306+0000] {logging_mixin.py:188} INFO - [2026-02-27T21:25:45.306+0000] {dagbag.py:540} INFO - Filling up the DagBag from /opt/airflow/dags/Documentación y Presentación - Día 5.docx
[2026-02-27T21:25:45.324+0000] {processor.py:842} WARNING - No viable dags retrieved from /opt/airflow/dags/Documentación y Presentación - Día 5.docx
[2026-02-27T21:25:45.348+0000] {processor.py:183} INFO - Processing /opt/airflow/dags/Documentación y Presentación - Día 5.docx took 0.054 seconds
[2026-02-27T21:26:15.485+0000] {processor.py:161} INFO - Started process (PID=282) to work on /opt/airflow/dags/Documentación y Presentación - Día 5.docx
[2026-02-27T21:26:15.487+0000] {processor.py:830} INFO - Processing file /opt/airflow/dags/Documentación y Presentación - Día 5.docx for tasks to queue
[2026-02-27T21:26:15.489+0000] {logging_mixin.py:188} INFO - [2026-02-27T21:26:15.488+0000] {dagbag.py:540} INFO - Filling up the DagBag from /opt/airflow/dags/Documentación y Presentación - Día 5.docx
[2026-02-27T21:26:15.503+0000] {processor.py:842} WARNING - No viable dags retrieved from /opt/airflow/dags/Documentación y Presentación - Día 5.docx
[2026-02-27T21:26:15.530+0000] {processor.py:183} INFO - Processing /opt/airflow/dags/Documentación y Presentación - Día 5.docx took 0.057 seconds
[2026-02-27T21:26:46.186+0000] {processor.py:161} INFO - Started process (PID=291) to work on /opt/airflow/dags/Documentación y Presentación - Día 5.docx
[2026-02-27T21:26:46.188+0000] {processor.py:830} INFO - Processing file /opt/airflow/dags/Documentación y Presentación - Día 5.docx for tasks to queue
[2026-02-27T21:26:46.190+0000] {logging_mixin.py:188} INFO - [2026-02-27T21:26:46.189+0000] {dagbag.py:540} INFO - Filling up the DagBag from /opt/airflow/dags/Documentación y Presentación - Día 5.docx
[2026-02-27T21:26:46.212+0000] {processor.py:842} WARNING - No viable dags retrieved from /opt/airflow/dags/Documentación y Presentación - Día 5.docx
[2026-02-27T21:26:46.238+0000] {processor.py:183} INFO - Processing /opt/airflow/dags/Documentación y Presentación - Día 5.docx took 0.062 seconds
[2026-02-27T21:27:16.412+0000] {processor.py:161} INFO - Started process (PID=298) to work on /opt/airflow/dags/Documentación y Presentación - Día 5.docx
[2026-02-27T21:27:16.414+0000] {processor.py:830} INFO - Processing file /opt/airflow/dags/Documentación y Presentación - Día 5.docx for tasks to queue
[2026-02-27T21:27:16.416+0000] {logging_mixin.py:188} INFO - [2026-02-27T21:27:16.415+0000] {dagbag.py:540} INFO - Filling up the DagBag from /opt/airflow/dags/Documentación y Presentación - Día 5.docx
[2026-02-27T21:27:16.433+0000] {processor.py:842} WARNING - No viable dags retrieved from /opt/airflow/dags/Documentación y Presentación - Día 5.docx
[2026-02-27T21:27:16.463+0000] {processor.py:183} INFO - Processing /opt/airflow/dags/Documentación y Presentación - Día 5.docx took 0.062 seconds
[2026-02-27T21:27:46.940+0000] {processor.py:161} INFO - Started process (PID=307) to work on /opt/airflow/dags/Documentación y Presentación - Día 5.docx
[2026-02-27T21:27:46.942+0000] {processor.py:830} INFO - Processing file /opt/airflow/dags/Documentación y Presentación - Día 5.docx for tasks to queue
[2026-02-27T21:27:46.944+0000] {logging_mixin.py:188} INFO - [2026-02-27T21:27:46.943+0000] {dagbag.py:540} INFO - Filling up the DagBag from /opt/airflow/dags/Documentación y Presentación - Día 5.docx
[2026-02-27T21:27:46.960+0000] {processor.py:842} WARNING - No viable dags retrieved from /opt/airflow/dags/Documentación y Presentación - Día 5.docx
[2026-02-27T21:27:46.987+0000] {processor.py:183} INFO - Processing /opt/airflow/dags/Documentación y Presentación - Día 5.docx took 0.056 seconds
[2026-02-27T21:28:17.206+0000] {processor.py:161} INFO - Started process (PID=315) to work on /opt/airflow/dags/Documentación y Presentación - Día 5.docx
[2026-02-27T21:28:17.208+0000] {processor.py:830} INFO - Processing file /opt/airflow/dags/Documentación y Presentación - Día 5.docx for tasks to queue
[2026-02-27T21:28:17.210+0000] {logging_mixin.py:188} INFO - [2026-02-27T21:28:17.209+0000] {dagbag.py:540} INFO - Filling up the DagBag from /opt/airflow/dags/Documentación y Presentación - Día 5.docx
[2026-02-27T21:28:17.233+0000] {processor.py:842} WARNING - No viable dags retrieved from /opt/airflow/dags/Documentación y Presentación - Día 5.docx
[2026-02-27T21:28:17.268+0000] {processor.py:183} INFO - Processing /opt/airflow/dags/Documentación y Presentación - Día 5.docx took 0.074 seconds
[2026-02-27T21:28:47.426+0000] {processor.py:161} INFO - Started process (PID=322) to work on /opt/airflow/dags/Documentación y Presentación - Día 5.docx
[2026-02-27T21:28:47.428+0000] {processor.py:830} INFO - Processing file /opt/airflow/dags/Documentación y Presentación - Día 5.docx for tasks to queue
[2026-02-27T21:28:47.430+0000] {logging_mixin.py:188} INFO - [2026-02-27T21:28:47.429+0000] {dagbag.py:540} INFO - Filling up the DagBag from /opt/airflow/dags/Documentación y Presentación - Día 5.docx
[2026-02-27T21:28:47.439+0000] {processor.py:842} WARNING - No viable dags retrieved from /opt/airflow/dags/Documentación y Presentación - Día 5.docx
[2026-02-27T21:28:47.459+0000] {processor.py:183} INFO - Processing /opt/airflow/dags/Documentación y Presentación - Día 5.docx took 0.041 seconds
[2026-02-27T21:29:17.927+0000] {processor.py:161} INFO - Started process (PID=331) to work on /opt/airflow/dags/Documentación y Presentación - Día 5.docx
[2026-02-27T21:29:17.930+0000] {processor.py:830} INFO - Processing file /opt/airflow/dags/Documentación y Presentación - Día 5.docx for tasks to queue
[2026-02-27T21:29:17.933+0000] {logging_mixin.py:188} INFO - [2026-02-27T21:29:17.932+0000] {dagbag.py:540} INFO - Filling up the DagBag from /opt/airflow/dags/Documentación y Presentación - Día 5.docx
[2026-02-27T21:29:17.952+0000] {processor.py:842} WARNING - No viable dags retrieved from /opt/airflow/dags/Documentación y Presentación - Día 5.docx
[2026-02-27T21:29:17.987+0000] {processor.py:183} INFO - Processing /opt/airflow/dags/Documentación y Presentación - Día 5.docx took 0.072 seconds
[2026-02-27T21:29:48.173+0000] {processor.py:161} INFO - Started process (PID=338) to work on /opt/airflow/dags/Documentación y Presentación - Día 5.docx
[2026-02-27T21:29:48.176+0000] {processor.py:830} INFO - Processing file /opt/airflow/dags/Documentación y Presentación - Día 5.docx for tasks to queue
[2026-02-27T21:29:48.178+0000] {logging_mixin.py:188} INFO - [2026-02-27T21:29:48.178+0000] {dagbag.py:540} INFO - Filling up the DagBag from /opt/airflow/dags/Documentación y Presentación - Día 5.docx
[2026-02-27T21:29:48.196+0000] {processor.py:842} WARNING - No viable dags retrieved from /opt/airflow/dags/Documentación y Presentación - Día 5.docx
[2026-02-27T21:29:48.235+0000] {processor.py:183} INFO - Processing /opt/airflow/dags/Documentación y Presentación - Día 5.docx took 0.073 seconds
[2026-02-27T21:30:18.642+0000] {processor.py:161} INFO - Started process (PID=347) to work on /opt/airflow/dags/Documentación y Presentación - Día 5.docx
[2026-02-27T21:30:18.644+0000] {processor.py:830} INFO - Processing file /opt/airflow/dags/Documentación y Presentación - Día 5.docx for tasks to queue
[2026-02-27T21:30:18.646+0000] {logging_mixin.py:188} INFO - [2026-02-27T21:30:18.646+0000] {dagbag.py:540} INFO - Filling up the DagBag from /opt/airflow/dags/Documentación y Presentación - Día 5.docx
[2026-02-27T21:30:18.671+0000] {processor.py:842} WARNING - No viable dags retrieved from /opt/airflow/dags/Documentación y Presentación - Día 5.docx
[2026-02-27T21:30:18.697+0000] {processor.py:183} INFO - Processing /opt/airflow/dags/Documentación y Presentación - Día 5.docx took 0.064 seconds
[2026-02-27T21:30:49.329+0000] {processor.py:161} INFO - Started process (PID=355) to work on /opt/airflow/dags/Documentación y Presentación - Día 5.docx
[2026-02-27T21:30:49.334+0000] {processor.py:830} INFO - Processing file /opt/airflow/dags/Documentación y Presentación - Día 5.docx for tasks to queue
[2026-02-27T21:30:49.337+0000] {logging_mixin.py:188} INFO - [2026-02-27T21:30:49.336+0000] {dagbag.py:540} INFO - Filling up the DagBag from /opt/airflow/dags/Documentación y Presentación - Día 5.docx
[2026-02-27T21:30:49.360+0000] {processor.py:842} WARNING - No viable dags retrieved from /opt/airflow/dags/Documentación y Presentación - Día 5.docx
[2026-02-27T21:30:49.400+0000] {processor.py:183} INFO - Processing /opt/airflow/dags/Documentación y Presentación - Día 5.docx took 0.083 seconds
[2026-02-27T21:31:37.978+0000] {processor.py:161} INFO - Started process (PID=35) to work on /opt/airflow/dags/Documentación y Presentación - Día 5.docx
[2026-02-27T21:31:37.981+0000] {processor.py:830} INFO - Processing file /opt/airflow/dags/Documentación y Presentación - Día 5.docx for tasks to queue
[2026-02-27T21:31:37.986+0000] {logging_mixin.py:188} INFO - [2026-02-27T21:31:37.985+0000] {dagbag.py:540} INFO - Filling up the DagBag from /opt/airflow/dags/Documentación y Presentación - Día 5.docx
[2026-02-27T21:31:38.009+0000] {processor.py:842} WARNING - No viable dags retrieved from /opt/airflow/dags/Documentación y Presentación - Día 5.docx
[2026-02-27T21:31:38.049+0000] {processor.py:183} INFO - Processing /opt/airflow/dags/Documentación y Presentación - Día 5.docx took 0.081 seconds
[2026-02-27T21:32:08.466+0000] {processor.py:161} INFO - Started process (PID=43) to work on /opt/airflow/dags/Documentación y Presentación - Día 5.docx
[2026-02-27T21:32:08.468+0000] {processor.py:830} INFO - Processing file /opt/airflow/dags/Documentación y Presentación - Día 5.docx for tasks to queue
[2026-02-27T21:32:08.470+0000] {logging_mixin.py:188} INFO - [2026-02-27T21:32:08.470+0000] {dagbag.py:540} INFO - Filling up the DagBag from /opt/airflow/dags/Documentación y Presentación - Día 5.docx
[2026-02-27T21:32:08.489+0000] {processor.py:842} WARNING - No viable dags retrieved from /opt/airflow/dags/Documentación y Presentación - Día 5.docx
[2026-02-27T21:32:08.514+0000] {processor.py:183} INFO - Processing /opt/airflow/dags/Documentación y Presentación - Día 5.docx took 0.056 seconds
[2026-02-27T21:32:38.869+0000] {processor.py:161} INFO - Started process (PID=51) to work on /opt/airflow/dags/Documentación y Presentación - Día 5.docx
[2026-02-27T21:32:38.871+0000] {processor.py:830} INFO - Processing file /opt/airflow/dags/Documentación y Presentación - Día 5.docx for tasks to queue
[2026-02-27T21:32:38.872+0000] {logging_mixin.py:188} INFO - [2026-02-27T21:32:38.872+0000] {dagbag.py:540} INFO - Filling up the DagBag from /opt/airflow/dags/Documentación y Presentación - Día 5.docx
[2026-02-27T21:32:38.888+0000] {processor.py:842} WARNING - No viable dags retrieved from /opt/airflow/dags/Documentación y Presentación - Día 5.docx
[2026-02-27T21:32:38.916+0000] {processor.py:183} INFO - Processing /opt/airflow/dags/Documentación y Presentación - Día 5.docx took 0.054 seconds
[2026-02-27T21:33:09.192+0000] {processor.py:161} INFO - Started process (PID=59) to work on /opt/airflow/dags/Documentación y Presentación - Día 5.docx
[2026-02-27T21:33:09.194+0000] {processor.py:830} INFO - Processing file /opt/airflow/dags/Documentación y Presentación - Día 5.docx for tasks to queue
[2026-02-27T21:33:09.196+0000] {logging_mixin.py:188} INFO - [2026-02-27T21:33:09.196+0000] {dagbag.py:540} INFO - Filling up the DagBag from /opt/airflow/dags/Documentación y Presentación - Día 5.docx
[2026-02-27T21:33:09.217+0000] {processor.py:842} WARNING - No viable dags retrieved from /opt/airflow/dags/Documentación y Presentación - Día 5.docx
[2026-02-27T21:33:09.259+0000] {processor.py:183} INFO - Processing /opt/airflow/dags/Documentación y Presentación - Día 5.docx took 0.078 seconds
[2026-02-27T21:33:39.694+0000] {processor.py:161} INFO - Started process (PID=67) to work on /opt/airflow/dags/Documentación y Presentación - Día 5.docx
[2026-02-27T21:33:39.696+0000] {processor.py:830} INFO - Processing file /opt/airflow/dags/Documentación y Presentación - Día 5.docx for tasks to queue
[2026-02-27T21:33:39.698+0000] {logging_mixin.py:188} INFO - [2026-02-27T21:33:39.697+0000] {dagbag.py:540} INFO - Filling up the DagBag from /opt/airflow/dags/Documentación y Presentación - Día 5.docx
[2026-02-27T21:33:39.716+0000] {processor.py:842} WARNING - No viable dags retrieved from /opt/airflow/dags/Documentación y Presentación - Día 5.docx
[2026-02-27T21:33:39.739+0000] {processor.py:183} INFO - Processing /opt/airflow/dags/Documentación y Presentación - Día 5.docx took 0.052 seconds
[2026-02-27T21:34:10.054+0000] {processor.py:161} INFO - Started process (PID=75) to work on /opt/airflow/dags/Documentación y Presentación - Día 5.docx
[2026-02-27T21:34:10.056+0000] {processor.py:830} INFO - Processing file /opt/airflow/dags/Documentación y Presentación - Día 5.docx for tasks to queue
[2026-02-27T21:34:10.058+0000] {logging_mixin.py:188} INFO - [2026-02-27T21:34:10.057+0000] {dagbag.py:540} INFO - Filling up the DagBag from /opt/airflow/dags/Documentación y Presentación - Día 5.docx
[2026-02-27T21:34:10.075+0000] {processor.py:842} WARNING - No viable dags retrieved from /opt/airflow/dags/Documentación y Presentación - Día 5.docx
[2026-02-27T21:34:10.102+0000] {processor.py:183} INFO - Processing /opt/airflow/dags/Documentación y Presentación - Día 5.docx took 0.055 seconds
[2026-02-27T21:34:40.495+0000] {processor.py:161} INFO - Started process (PID=83) to work on /opt/airflow/dags/Documentación y Presentación - Día 5.docx
[2026-02-27T21:34:40.497+0000] {processor.py:830} INFO - Processing file /opt/airflow/dags/Documentación y Presentación - Día 5.docx for tasks to queue
[2026-02-27T21:34:40.498+0000] {logging_mixin.py:188} INFO - [2026-02-27T21:34:40.498+0000] {dagbag.py:540} INFO - Filling up the DagBag from /opt/airflow/dags/Documentación y Presentación - Día 5.docx
[2026-02-27T21:34:40.516+0000] {processor.py:842} WARNING - No viable dags retrieved from /opt/airflow/dags/Documentación y Presentación - Día 5.docx
[2026-02-27T21:34:40.546+0000] {processor.py:183} INFO - Processing /opt/airflow/dags/Documentación y Presentación - Día 5.docx took 0.060 seconds
[2026-02-27T21:35:10.822+0000] {processor.py:161} INFO - Started process (PID=91) to work on /opt/airflow/dags/Documentación y Presentación - Día 5.docx
[2026-02-27T21:35:10.824+0000] {processor.py:830} INFO - Processing file /opt/airflow/dags/Documentación y Presentación - Día 5.docx for tasks to queue
[2026-02-27T21:35:10.825+0000] {logging_mixin.py:188} INFO - [2026-02-27T21:35:10.825+0000] {dagbag.py:540} INFO - Filling up the DagBag from /opt/airflow/dags/Documentación y Presentación - Día 5.docx
[2026-02-27T21:35:10.838+0000] {processor.py:842} WARNING - No viable dags retrieved from /opt/airflow/dags/Documentación y Presentación - Día 5.docx
[2026-02-27T21:35:10.861+0000] {processor.py:183} INFO - Processing /opt/airflow/dags/Documentación y Presentación - Día 5.docx took 0.051 seconds
[2026-02-27T21:35:41.481+0000] {processor.py:161} INFO - Started process (PID=99) to work on /opt/airflow/dags/Documentación y Presentación - Día 5.docx
[2026-02-27T21:35:41.484+0000] {processor.py:830} INFO - Processing file /opt/airflow/dags/Documentación y Presentación - Día 5.docx for tasks to queue
[2026-02-27T21:35:41.487+0000] {logging_mixin.py:188} INFO - [2026-02-27T21:35:41.486+0000] {dagbag.py:540} INFO - Filling up the DagBag from /opt/airflow/dags/Documentación y Presentación - Día 5.docx
[2026-02-27T21:35:41.520+0000] {processor.py:842} WARNING - No viable dags retrieved from /opt/airflow/dags/Documentación y Presentación - Día 5.docx
[2026-02-27T21:35:41.582+0000] {processor.py:183} INFO - Processing /opt/airflow/dags/Documentación y Presentación - Día 5.docx took 0.115 seconds
[2026-02-27T21:36:11.941+0000] {processor.py:161} INFO - Started process (PID=107) to work on /opt/airflow/dags/Documentación y Presentación - Día 5.docx
[2026-02-27T21:36:11.943+0000] {processor.py:830} INFO - Processing file /opt/airflow/dags/Documentación y Presentación - Día 5.docx for tasks to queue
[2026-02-27T21:36:11.946+0000] {logging_mixin.py:188} INFO - [2026-02-27T21:36:11.945+0000] {dagbag.py:540} INFO - Filling up the DagBag from /opt/airflow/dags/Documentación y Presentación - Día 5.docx
[2026-02-27T21:36:11.960+0000] {processor.py:842} WARNING - No viable dags retrieved from /opt/airflow/dags/Documentación y Presentación - Día 5.docx
[2026-02-27T21:36:11.983+0000] {processor.py:183} INFO - Processing /opt/airflow/dags/Documentación y Presentación - Día 5.docx took 0.053 seconds
[2026-02-27T21:36:42.565+0000] {processor.py:161} INFO - Started process (PID=115) to work on /opt/airflow/dags/Documentación y Presentación - Día 5.docx
[2026-02-27T21:36:42.567+0000] {processor.py:830} INFO - Processing file /opt/airflow/dags/Documentación y Presentación - Día 5.docx for tasks to queue
[2026-02-27T21:36:42.569+0000] {logging_mixin.py:188} INFO - [2026-02-27T21:36:42.569+0000] {dagbag.py:540} INFO - Filling up the DagBag from /opt/airflow/dags/Documentación y Presentación - Día 5.docx
[2026-02-27T21:36:42.588+0000] {processor.py:842} WARNING - No viable dags retrieved from /opt/airflow/dags/Documentación y Presentación - Día 5.docx
[2026-02-27T21:36:42.618+0000] {processor.py:183} INFO - Processing /opt/airflow/dags/Documentación y Presentación - Día 5.docx took 0.064 seconds
[2026-02-27T21:37:13.023+0000] {processor.py:161} INFO - Started process (PID=123) to work on /opt/airflow/dags/Documentación y Presentación - Día 5.docx
[2026-02-27T21:37:13.025+0000] {processor.py:830} INFO - Processing file /opt/airflow/dags/Documentación y Presentación - Día 5.docx for tasks to queue
[2026-02-27T21:37:13.028+0000] {logging_mixin.py:188} INFO - [2026-02-27T21:37:13.027+0000] {dagbag.py:540} INFO - Filling up the DagBag from /opt/airflow/dags/Documentación y Presentación - Día 5.docx
[2026-02-27T21:37:13.045+0000] {processor.py:842} WARNING - No viable dags retrieved from /opt/airflow/dags/Documentación y Presentación - Día 5.docx
[2026-02-27T21:37:13.073+0000] {processor.py:183} INFO - Processing /opt/airflow/dags/Documentación y Presentación - Día 5.docx took 0.064 seconds
[2026-02-27T21:37:43.293+0000] {processor.py:161} INFO - Started process (PID=131) to work on /opt/airflow/dags/Documentación y Presentación - Día 5.docx
[2026-02-27T21:37:43.295+0000] {processor.py:830} INFO - Processing file /opt/airflow/dags/Documentación y Presentación - Día 5.docx for tasks to queue
[2026-02-27T21:37:43.298+0000] {logging_mixin.py:188} INFO - [2026-02-27T21:37:43.297+0000] {dagbag.py:540} INFO - Filling up the DagBag from /opt/airflow/dags/Documentación y Presentación - Día 5.docx
[2026-02-27T21:37:43.318+0000] {processor.py:842} WARNING - No viable dags retrieved from /opt/airflow/dags/Documentación y Presentación - Día 5.docx
[2026-02-27T21:37:43.350+0000] {processor.py:183} INFO - Processing /opt/airflow/dags/Documentación y Presentación - Día 5.docx took 0.067 seconds
[2026-02-27T21:38:13.793+0000] {processor.py:161} INFO - Started process (PID=139) to work on /opt/airflow/dags/Documentación y Presentación - Día 5.docx
[2026-02-27T21:38:13.796+0000] {processor.py:830} INFO - Processing file /opt/airflow/dags/Documentación y Presentación - Día 5.docx for tasks to queue
[2026-02-27T21:38:13.798+0000] {logging_mixin.py:188} INFO - [2026-02-27T21:38:13.798+0000] {dagbag.py:540} INFO - Filling up the DagBag from /opt/airflow/dags/Documentación y Presentación - Día 5.docx
[2026-02-27T21:38:13.820+0000] {processor.py:842} WARNING - No viable dags retrieved from /opt/airflow/dags/Documentación y Presentación - Día 5.docx
[2026-02-27T21:38:13.845+0000] {processor.py:183} INFO - Processing /opt/airflow/dags/Documentación y Presentación - Día 5.docx took 0.061 seconds
[2026-02-27T21:38:44.128+0000] {processor.py:161} INFO - Started process (PID=147) to work on /opt/airflow/dags/Documentación y Presentación - Día 5.docx
[2026-02-27T21:38:44.131+0000] {processor.py:830} INFO - Processing file /opt/airflow/dags/Documentación y Presentación - Día 5.docx for tasks to queue
[2026-02-27T21:38:44.134+0000] {logging_mixin.py:188} INFO - [2026-02-27T21:38:44.133+0000] {dagbag.py:540} INFO - Filling up the DagBag from /opt/airflow/dags/Documentación y Presentación - Día 5.docx
[2026-02-27T21:38:44.155+0000] {processor.py:842} WARNING - No viable dags retrieved from /opt/airflow/dags/Documentación y Presentación - Día 5.docx
[2026-02-27T21:38:44.192+0000] {processor.py:183} INFO - Processing /opt/airflow/dags/Documentación y Presentación - Día 5.docx took 0.074 seconds
[2026-02-27T21:39:14.706+0000] {processor.py:161} INFO - Started process (PID=155) to work on /opt/airflow/dags/Documentación y Presentación - Día 5.docx
[2026-02-27T21:39:14.708+0000] {processor.py:830} INFO - Processing file /opt/airflow/dags/Documentación y Presentación - Día 5.docx for tasks to queue
[2026-02-27T21:39:14.709+0000] {logging_mixin.py:188} INFO - [2026-02-27T21:39:14.709+0000] {dagbag.py:540} INFO - Filling up the DagBag from /opt/airflow/dags/Documentación y Presentación - Día 5.docx
[2026-02-27T21:39:14.725+0000] {processor.py:842} WARNING - No viable dags retrieved from /opt/airflow/dags/Documentación y Presentación - Día 5.docx
[2026-02-27T21:39:14.747+0000] {processor.py:183} INFO - Processing /opt/airflow/dags/Documentación y Presentación - Día 5.docx took 0.049 seconds
[2026-02-27T21:39:45.203+0000] {processor.py:161} INFO - Started process (PID=163) to work on /opt/airflow/dags/Documentación y Presentación - Día 5.docx
[2026-02-27T21:39:45.205+0000] {processor.py:830} INFO - Processing file /opt/airflow/dags/Documentación y Presentación - Día 5.docx for tasks to queue
[2026-02-27T21:39:45.207+0000] {logging_mixin.py:188} INFO - [2026-02-27T21:39:45.206+0000] {dagbag.py:540} INFO - Filling up the DagBag from /opt/airflow/dags/Documentación y Presentación - Día 5.docx
[2026-02-27T21:39:45.222+0000] {processor.py:842} WARNING - No viable dags retrieved from /opt/airflow/dags/Documentación y Presentación - Día 5.docx
[2026-02-27T21:39:45.247+0000] {processor.py:183} INFO - Processing /opt/airflow/dags/Documentación y Presentación - Día 5.docx took 0.052 seconds
[2026-02-27T21:40:15.508+0000] {processor.py:161} INFO - Started process (PID=171) to work on /opt/airflow/dags/Documentación y Presentación - Día 5.docx
[2026-02-27T21:40:15.510+0000] {processor.py:830} INFO - Processing file /opt/airflow/dags/Documentación y Presentación - Día 5.docx for tasks to queue
[2026-02-27T21:40:15.513+0000] {logging_mixin.py:188} INFO - [2026-02-27T21:40:15.512+0000] {dagbag.py:540} INFO - Filling up the DagBag from /opt/airflow/dags/Documentación y Presentación - Día 5.docx
[2026-02-27T21:40:15.531+0000] {processor.py:842} WARNING - No viable dags retrieved from /opt/airflow/dags/Documentación y Presentación - Día 5.docx
[2026-02-27T21:40:15.564+0000] {processor.py:183} INFO - Processing /opt/airflow/dags/Documentación y Presentación - Día 5.docx took 0.065 seconds
[2026-02-27T21:40:46.180+0000] {processor.py:161} INFO - Started process (PID=179) to work on /opt/airflow/dags/Documentación y Presentación - Día 5.docx
[2026-02-27T21:40:46.182+0000] {processor.py:830} INFO - Processing file /opt/airflow/dags/Documentación y Presentación - Día 5.docx for tasks to queue
[2026-02-27T21:40:46.183+0000] {logging_mixin.py:188} INFO - [2026-02-27T21:40:46.183+0000] {dagbag.py:540} INFO - Filling up the DagBag from /opt/airflow/dags/Documentación y Presentación - Día 5.docx
[2026-02-27T21:40:46.200+0000] {processor.py:842} WARNING - No viable dags retrieved from /opt/airflow/dags/Documentación y Presentación - Día 5.docx
[2026-02-27T21:40:46.225+0000] {processor.py:183} INFO - Processing /opt/airflow/dags/Documentación y Presentación - Día 5.docx took 0.052 seconds
[2026-02-27T21:41:16.733+0000] {processor.py:161} INFO - Started process (PID=187) to work on /opt/airflow/dags/Documentación y Presentación - Día 5.docx
[2026-02-27T21:41:16.734+0000] {processor.py:830} INFO - Processing file /opt/airflow/dags/Documentación y Presentación - Día 5.docx for tasks to queue
[2026-02-27T21:41:16.738+0000] {logging_mixin.py:188} INFO - [2026-02-27T21:41:16.736+0000] {dagbag.py:540} INFO - Filling up the DagBag from /opt/airflow/dags/Documentación y Presentación - Día 5.docx
[2026-02-27T21:41:16.757+0000] {processor.py:842} WARNING - No viable dags retrieved from /opt/airflow/dags/Documentación y Presentación - Día 5.docx
[2026-02-27T21:41:16.785+0000] {processor.py:183} INFO - Processing /opt/airflow/dags/Documentación y Presentación - Día 5.docx took 0.060 seconds
[2026-02-27T21:41:47.215+0000] {processor.py:161} INFO - Started process (PID=195) to work on /opt/airflow/dags/Documentación y Presentación - Día 5.docx
[2026-02-27T21:41:47.217+0000] {processor.py:830} INFO - Processing file /opt/airflow/dags/Documentación y Presentación - Día 5.docx for tasks to queue
[2026-02-27T21:41:47.219+0000] {logging_mixin.py:188} INFO - [2026-02-27T21:41:47.218+0000] {dagbag.py:540} INFO - Filling up the DagBag from /opt/airflow/dags/Documentación y Presentación - Día 5.docx
[2026-02-27T21:41:47.232+0000] {processor.py:842} WARNING - No viable dags retrieved from /opt/airflow/dags/Documentación y Presentación - Día 5.docx
[2026-02-27T21:41:47.258+0000] {processor.py:183} INFO - Processing /opt/airflow/dags/Documentación y Presentación - Día 5.docx took 0.051 seconds
[2026-02-27T21:42:17.514+0000] {processor.py:161} INFO - Started process (PID=203) to work on /opt/airflow/dags/Documentación y Presentación - Día 5.docx
[2026-02-27T21:42:17.515+0000] {processor.py:830} INFO - Processing file /opt/airflow/dags/Documentación y Presentación - Día 5.docx for tasks to queue
[2026-02-27T21:42:17.517+0000] {logging_mixin.py:188} INFO - [2026-02-27T21:42:17.517+0000] {dagbag.py:540} INFO - Filling up the DagBag from /opt/airflow/dags/Documentación y Presentación - Día 5.docx
[2026-02-27T21:42:17.536+0000] {processor.py:842} WARNING - No viable dags retrieved from /opt/airflow/dags/Documentación y Presentación - Día 5.docx
[2026-02-27T21:42:17.559+0000] {processor.py:183} INFO - Processing /opt/airflow/dags/Documentación y Presentación - Día 5.docx took 0.053 seconds
[2026-02-27T21:42:47.985+0000] {processor.py:161} INFO - Started process (PID=211) to work on /opt/airflow/dags/Documentación y Presentación - Día 5.docx
[2026-02-27T21:42:47.987+0000] {processor.py:830} INFO - Processing file /opt/airflow/dags/Documentación y Presentación - Día 5.docx for tasks to queue
[2026-02-27T21:42:47.991+0000] {logging_mixin.py:188} INFO - [2026-02-27T21:42:47.990+0000] {dagbag.py:540} INFO - Filling up the DagBag from /opt/airflow/dags/Documentación y Presentación - Día 5.docx
[2026-02-27T21:42:48.015+0000] {processor.py:842} WARNING - No viable dags retrieved from /opt/airflow/dags/Documentación y Presentación - Día 5.docx
[2026-02-27T21:42:48.042+0000] {processor.py:183} INFO - Processing /opt/airflow/dags/Documentación y Presentación - Día 5.docx took 0.064 seconds
[2026-02-27T21:43:18.347+0000] {processor.py:161} INFO - Started process (PID=219) to work on /opt/airflow/dags/Documentación y Presentación - Día 5.docx
[2026-02-27T21:43:18.349+0000] {processor.py:830} INFO - Processing file /opt/airflow/dags/Documentación y Presentación - Día 5.docx for tasks to queue
[2026-02-27T21:43:18.351+0000] {logging_mixin.py:188} INFO - [2026-02-27T21:43:18.350+0000] {dagbag.py:540} INFO - Filling up the DagBag from /opt/airflow/dags/Documentación y Presentación - Día 5.docx
[2026-02-27T21:43:18.371+0000] {processor.py:842} WARNING - No viable dags retrieved from /opt/airflow/dags/Documentación y Presentación - Día 5.docx
[2026-02-27T21:43:18.396+0000] {processor.py:183} INFO - Processing /opt/airflow/dags/Documentación y Presentación - Día 5.docx took 0.056 seconds
[2026-02-27T21:43:48.787+0000] {processor.py:161} INFO - Started process (PID=227) to work on /opt/airflow/dags/Documentación y Presentación - Día 5.docx
[2026-02-27T21:43:48.789+0000] {processor.py:830} INFO - Processing file /opt/airflow/dags/Documentación y Presentación - Día 5.docx for tasks to queue
[2026-02-27T21:43:48.793+0000] {logging_mixin.py:188} INFO - [2026-02-27T21:43:48.792+0000] {dagbag.py:540} INFO - Filling up the DagBag from /opt/airflow/dags/Documentación y Presentación - Día 5.docx
[2026-02-27T21:43:48.818+0000] {processor.py:842} WARNING - No viable dags retrieved from /opt/airflow/dags/Documentación y Presentación - Día 5.docx
[2026-02-27T21:43:48.848+0000] {processor.py:183} INFO - Processing /opt/airflow/dags/Documentación y Presentación - Día 5.docx took 0.071 seconds
[2026-02-27T21:44:19.150+0000] {processor.py:161} INFO - Started process (PID=235) to work on /opt/airflow/dags/Documentación y Presentación - Día 5.docx
[2026-02-27T21:44:19.152+0000] {processor.py:830} INFO - Processing file /opt/airflow/dags/Documentación y Presentación - Día 5.docx for tasks to queue
[2026-02-27T21:44:19.154+0000] {logging_mixin.py:188} INFO - [2026-02-27T21:44:19.154+0000] {dagbag.py:540} INFO - Filling up the DagBag from /opt/airflow/dags/Documentación y Presentación - Día 5.docx
[2026-02-27T21:44:19.175+0000] {processor.py:842} WARNING - No viable dags retrieved from /opt/airflow/dags/Documentación y Presentación - Día 5.docx
[2026-02-27T21:44:19.207+0000] {processor.py:183} INFO - Processing /opt/airflow/dags/Documentación y Presentación - Día 5.docx took 0.065 seconds
[2026-02-27T21:44:49.554+0000] {processor.py:161} INFO - Started process (PID=243) to work on /opt/airflow/dags/Documentación y Presentación - Día 5.docx
[2026-02-27T21:44:49.556+0000] {processor.py:830} INFO - Processing file /opt/airflow/dags/Documentación y Presentación - Día 5.docx for tasks to queue
[2026-02-27T21:44:49.557+0000] {logging_mixin.py:188} INFO - [2026-02-27T21:44:49.557+0000] {dagbag.py:540} INFO - Filling up the DagBag from /opt/airflow/dags/Documentación y Presentación - Día 5.docx
[2026-02-27T21:44:49.575+0000] {processor.py:842} WARNING - No viable dags retrieved from /opt/airflow/dags/Documentación y Presentación - Día 5.docx
[2026-02-27T21:44:49.602+0000] {processor.py:183} INFO - Processing /opt/airflow/dags/Documentación y Presentación - Día 5.docx took 0.055 seconds
[2026-02-27T21:45:19.845+0000] {processor.py:161} INFO - Started process (PID=251) to work on /opt/airflow/dags/Documentación y Presentación - Día 5.docx
[2026-02-27T21:45:19.847+0000] {processor.py:830} INFO - Processing file /opt/airflow/dags/Documentación y Presentación - Día 5.docx for tasks to queue
[2026-02-27T21:45:19.848+0000] {logging_mixin.py:188} INFO - [2026-02-27T21:45:19.848+0000] {dagbag.py:540} INFO - Filling up the DagBag from /opt/airflow/dags/Documentación y Presentación - Día 5.docx
[2026-02-27T21:45:19.871+0000] {processor.py:842} WARNING - No viable dags retrieved from /opt/airflow/dags/Documentación y Presentación - Día 5.docx
[2026-02-27T21:45:19.899+0000] {processor.py:183} INFO - Processing /opt/airflow/dags/Documentación y Presentación - Día 5.docx took 0.063 seconds
[2026-02-27T21:45:50.306+0000] {processor.py:161} INFO - Started process (PID=259) to work on /opt/airflow/dags/Documentación y Presentación - Día 5.docx
[2026-02-27T21:45:50.309+0000] {processor.py:830} INFO - Processing file /opt/airflow/dags/Documentación y Presentación - Día 5.docx for tasks to queue
[2026-02-27T21:45:50.311+0000] {logging_mixin.py:188} INFO - [2026-02-27T21:45:50.310+0000] {dagbag.py:540} INFO - Filling up the DagBag from /opt/airflow/dags/Documentación y Presentación - Día 5.docx
[2026-02-27T21:45:50.333+0000] {processor.py:842} WARNING - No viable dags retrieved from /opt/airflow/dags/Documentación y Presentación - Día 5.docx
[2026-02-27T21:45:50.360+0000] {processor.py:183} INFO - Processing /opt/airflow/dags/Documentación y Presentación - Día 5.docx took 0.063 seconds
[2026-02-27T21:46:20.755+0000] {processor.py:161} INFO - Started process (PID=267) to work on /opt/airflow/dags/Documentación y Presentación - Día 5.docx
[2026-02-27T21:46:20.757+0000] {processor.py:830} INFO - Processing file /opt/airflow/dags/Documentación y Presentación - Día 5.docx for tasks to queue
[2026-02-27T21:46:20.758+0000] {logging_mixin.py:188} INFO - [2026-02-27T21:46:20.758+0000] {dagbag.py:540} INFO - Filling up the DagBag from /opt/airflow/dags/Documentación y Presentación - Día 5.docx
[2026-02-27T21:46:20.775+0000] {processor.py:842} WARNING - No viable dags retrieved from /opt/airflow/dags/Documentación y Presentación - Día 5.docx
[2026-02-27T21:46:20.807+0000] {processor.py:183} INFO - Processing /opt/airflow/dags/Documentación y Presentación - Día 5.docx took 0.061 seconds
[2026-02-27T21:46:51.312+0000] {processor.py:161} INFO - Started process (PID=275) to work on /opt/airflow/dags/Documentación y Presentación - Día 5.docx
[2026-02-27T21:46:51.313+0000] {processor.py:830} INFO - Processing file /opt/airflow/dags/Documentación y Presentación - Día 5.docx for tasks to queue
[2026-02-27T21:46:51.315+0000] {logging_mixin.py:188} INFO - [2026-02-27T21:46:51.315+0000] {dagbag.py:540} INFO - Filling up the DagBag from /opt/airflow/dags/Documentación y Presentación - Día 5.docx
[2026-02-27T21:46:51.326+0000] {processor.py:842} WARNING - No viable dags retrieved from /opt/airflow/dags/Documentación y Presentación - Día 5.docx
[2026-02-27T21:46:51.351+0000] {processor.py:183} INFO - Processing /opt/airflow/dags/Documentación y Presentación - Día 5.docx took 0.047 seconds
[2026-02-27T21:47:21.924+0000] {processor.py:161} INFO - Started process (PID=283) to work on /opt/airflow/dags/Documentación y Presentación - Día 5.docx
[2026-02-27T21:47:21.927+0000] {processor.py:830} INFO - Processing file /opt/airflow/dags/Documentación y Presentación - Día 5.docx for tasks to queue
[2026-02-27T21:47:21.930+0000] {logging_mixin.py:188} INFO - [2026-02-27T21:47:21.929+0000] {dagbag.py:540} INFO - Filling up the DagBag from /opt/airflow/dags/Documentación y Presentación - Día 5.docx
[2026-02-27T21:47:21.962+0000] {processor.py:842} WARNING - No viable dags retrieved from /opt/airflow/dags/Documentación y Presentación - Día 5.docx
[2026-02-27T21:47:22.007+0000] {processor.py:183} INFO - Processing /opt/airflow/dags/Documentación y Presentación - Día 5.docx took 0.106 seconds
[2026-02-27T21:47:52.365+0000] {processor.py:161} INFO - Started process (PID=291) to work on /opt/airflow/dags/Documentación y Presentación - Día 5.docx
[2026-02-27T21:47:52.367+0000] {processor.py:830} INFO - Processing file /opt/airflow/dags/Documentación y Presentación - Día 5.docx for tasks to queue
[2026-02-27T21:47:52.368+0000] {logging_mixin.py:188} INFO - [2026-02-27T21:47:52.368+0000] {dagbag.py:540} INFO - Filling up the DagBag from /opt/airflow/dags/Documentación y Presentación - Día 5.docx
[2026-02-27T21:47:52.379+0000] {processor.py:842} WARNING - No viable dags retrieved from /opt/airflow/dags/Documentación y Presentación - Día 5.docx
[2026-02-27T21:47:52.410+0000] {processor.py:183} INFO - Processing /opt/airflow/dags/Documentación y Presentación - Día 5.docx took 0.055 seconds
[2026-02-27T21:48:22.809+0000] {processor.py:161} INFO - Started process (PID=299) to work on /opt/airflow/dags/Documentación y Presentación - Día 5.docx
[2026-02-27T21:48:22.811+0000] {processor.py:830} INFO - Processing file /opt/airflow/dags/Documentación y Presentación - Día 5.docx for tasks to queue
[2026-02-27T21:48:22.813+0000] {logging_mixin.py:188} INFO - [2026-02-27T21:48:22.812+0000] {dagbag.py:540} INFO - Filling up the DagBag from /opt/airflow/dags/Documentación y Presentación - Día 5.docx
[2026-02-27T21:48:22.830+0000] {processor.py:842} WARNING - No viable dags retrieved from /opt/airflow/dags/Documentación y Presentación - Día 5.docx
[2026-02-27T21:48:22.854+0000] {processor.py:183} INFO - Processing /opt/airflow/dags/Documentación y Presentación - Día 5.docx took 0.054 seconds
[2026-02-27T21:48:53.132+0000] {processor.py:161} INFO - Started process (PID=307) to work on /opt/airflow/dags/Documentación y Presentación - Día 5.docx
[2026-02-27T21:48:53.134+0000] {processor.py:830} INFO - Processing file /opt/airflow/dags/Documentación y Presentación - Día 5.docx for tasks to queue
[2026-02-27T21:48:53.136+0000] {logging_mixin.py:188} INFO - [2026-02-27T21:48:53.136+0000] {dagbag.py:540} INFO - Filling up the DagBag from /opt/airflow/dags/Documentación y Presentación - Día 5.docx
[2026-02-27T21:48:53.153+0000] {processor.py:842} WARNING - No viable dags retrieved from /opt/airflow/dags/Documentación y Presentación - Día 5.docx
[2026-02-27T21:48:53.178+0000] {processor.py:183} INFO - Processing /opt/airflow/dags/Documentación y Presentación - Día 5.docx took 0.055 seconds
[2026-02-27T21:49:23.650+0000] {processor.py:161} INFO - Started process (PID=315) to work on /opt/airflow/dags/Documentación y Presentación - Día 5.docx
[2026-02-27T21:49:23.652+0000] {processor.py:830} INFO - Processing file /opt/airflow/dags/Documentación y Presentación - Día 5.docx for tasks to queue
[2026-02-27T21:49:23.654+0000] {logging_mixin.py:188} INFO - [2026-02-27T21:49:23.653+0000] {dagbag.py:540} INFO - Filling up the DagBag from /opt/airflow/dags/Documentación y Presentación - Día 5.docx
[2026-02-27T21:49:23.669+0000] {processor.py:842} WARNING - No viable dags retrieved from /opt/airflow/dags/Documentación y Presentación - Día 5.docx
[2026-02-27T21:49:23.691+0000] {processor.py:183} INFO - Processing /opt/airflow/dags/Documentación y Presentación - Día 5.docx took 0.050 seconds
[2026-02-27T21:49:54.078+0000] {processor.py:161} INFO - Started process (PID=323) to work on /opt/airflow/dags/Documentación y Presentación - Día 5.docx
[2026-02-27T21:49:54.081+0000] {processor.py:830} INFO - Processing file /opt/airflow/dags/Documentación y Presentación - Día 5.docx for tasks to queue
[2026-02-27T21:49:54.083+0000] {logging_mixin.py:188} INFO - [2026-02-27T21:49:54.082+0000] {dagbag.py:540} INFO - Filling up the DagBag from /opt/airflow/dags/Documentación y Presentación - Día 5.docx
[2026-02-27T21:49:54.106+0000] {processor.py:842} WARNING - No viable dags retrieved from /opt/airflow/dags/Documentación y Presentación - Día 5.docx
[2026-02-27T21:49:54.131+0000] {processor.py:183} INFO - Processing /opt/airflow/dags/Documentación y Presentación - Día 5.docx took 0.068 seconds
[2026-02-27T21:50:24.549+0000] {processor.py:161} INFO - Started process (PID=331) to work on /opt/airflow/dags/Documentación y Presentación - Día 5.docx
[2026-02-27T21:50:24.551+0000] {processor.py:830} INFO - Processing file /opt/airflow/dags/Documentación y Presentación - Día 5.docx for tasks to queue
[2026-02-27T21:50:24.553+0000] {logging_mixin.py:188} INFO - [2026-02-27T21:50:24.553+0000] {dagbag.py:540} INFO - Filling up the DagBag from /opt/airflow/dags/Documentación y Presentación - Día 5.docx
[2026-02-27T21:50:24.575+0000] {processor.py:842} WARNING - No viable dags retrieved from /opt/airflow/dags/Documentación y Presentación - Día 5.docx
[2026-02-27T21:50:24.599+0000] {processor.py:183} INFO - Processing /opt/airflow/dags/Documentación y Presentación - Día 5.docx took 0.059 seconds
[2026-02-27T21:50:55.123+0000] {processor.py:161} INFO - Started process (PID=339) to work on /opt/airflow/dags/Documentación y Presentación - Día 5.docx
[2026-02-27T21:50:55.125+0000] {processor.py:830} INFO - Processing file /opt/airflow/dags/Documentación y Presentación - Día 5.docx for tasks to queue
[2026-02-27T21:50:55.128+0000] {logging_mixin.py:188} INFO - [2026-02-27T21:50:55.127+0000] {dagbag.py:540} INFO - Filling up the DagBag from /opt/airflow/dags/Documentación y Presentación - Día 5.docx
[2026-02-27T21:50:55.150+0000] {processor.py:842} WARNING - No viable dags retrieved from /opt/airflow/dags/Documentación y Presentación - Día 5.docx
[2026-02-27T21:50:55.178+0000] {processor.py:183} INFO - Processing /opt/airflow/dags/Documentación y Presentación - Día 5.docx took 0.068 seconds
[2026-02-27T21:51:25.574+0000] {processor.py:161} INFO - Started process (PID=347) to work on /opt/airflow/dags/Documentación y Presentación - Día 5.docx
[2026-02-27T21:51:25.576+0000] {processor.py:830} INFO - Processing file /opt/airflow/dags/Documentación y Presentación - Día 5.docx for tasks to queue
[2026-02-27T21:51:25.577+0000] {logging_mixin.py:188} INFO - [2026-02-27T21:51:25.577+0000] {dagbag.py:540} INFO - Filling up the DagBag from /opt/airflow/dags/Documentación y Presentación - Día 5.docx
[2026-02-27T21:51:25.594+0000] {processor.py:842} WARNING - No viable dags retrieved from /opt/airflow/dags/Documentación y Presentación - Día 5.docx
[2026-02-27T21:51:25.624+0000] {processor.py:183} INFO - Processing /opt/airflow/dags/Documentación y Presentación - Día 5.docx took 0.059 seconds
[2026-02-27T21:51:56.613+0000] {processor.py:161} INFO - Started process (PID=355) to work on /opt/airflow/dags/Documentación y Presentación - Día 5.docx
[2026-02-27T21:51:56.616+0000] {processor.py:830} INFO - Processing file /opt/airflow/dags/Documentación y Presentación - Día 5.docx for tasks to queue
[2026-02-27T21:51:56.618+0000] {logging_mixin.py:188} INFO - [2026-02-27T21:51:56.617+0000] {dagbag.py:540} INFO - Filling up the DagBag from /opt/airflow/dags/Documentación y Presentación - Día 5.docx
[2026-02-27T21:51:56.632+0000] {processor.py:842} WARNING - No viable dags retrieved from /opt/airflow/dags/Documentación y Presentación - Día 5.docx
[2026-02-27T21:51:56.656+0000] {processor.py:183} INFO - Processing /opt/airflow/dags/Documentación y Presentación - Día 5.docx took 0.051 seconds
[2026-02-27T21:52:27.341+0000] {processor.py:161} INFO - Started process (PID=363) to work on /opt/airflow/dags/Documentación y Presentación - Día 5.docx
[2026-02-27T21:52:27.343+0000] {processor.py:830} INFO - Processing file /opt/airflow/dags/Documentación y Presentación - Día 5.docx for tasks to queue
[2026-02-27T21:52:27.345+0000] {logging_mixin.py:188} INFO - [2026-02-27T21:52:27.345+0000] {dagbag.py:540} INFO - Filling up the DagBag from /opt/airflow/dags/Documentación y Presentación - Día 5.docx
[2026-02-27T21:52:27.364+0000] {processor.py:842} WARNING - No viable dags retrieved from /opt/airflow/dags/Documentación y Presentación - Día 5.docx
[2026-02-27T21:52:27.393+0000] {processor.py:183} INFO - Processing /opt/airflow/dags/Documentación y Presentación - Día 5.docx took 0.063 seconds
[2026-02-27T21:52:57.936+0000] {processor.py:161} INFO - Started process (PID=371) to work on /opt/airflow/dags/Documentación y Presentación - Día 5.docx
[2026-02-27T21:52:57.938+0000] {processor.py:830} INFO - Processing file /opt/airflow/dags/Documentación y Presentación - Día 5.docx for tasks to queue
[2026-02-27T21:52:57.939+0000] {logging_mixin.py:188} INFO - [2026-02-27T21:52:57.939+0000] {dagbag.py:540} INFO - Filling up the DagBag from /opt/airflow/dags/Documentación y Presentación - Día 5.docx
[2026-02-27T21:52:57.951+0000] {processor.py:842} WARNING - No viable dags retrieved from /opt/airflow/dags/Documentación y Presentación - Día 5.docx
[2026-02-27T21:52:57.976+0000] {processor.py:183} INFO - Processing /opt/airflow/dags/Documentación y Presentación - Día 5.docx took 0.050 seconds
[2026-02-27T21:53:28.479+0000] {processor.py:161} INFO - Started process (PID=379) to work on /opt/airflow/dags/Documentación y Presentación - Día 5.docx
[2026-02-27T21:53:28.482+0000] {processor.py:830} INFO - Processing file /opt/airflow/dags/Documentación y Presentación - Día 5.docx for tasks to queue
[2026-02-27T21:53:28.484+0000] {logging_mixin.py:188} INFO - [2026-02-27T21:53:28.483+0000] {dagbag.py:540} INFO - Filling up the DagBag from /opt/airflow/dags/Documentación y Presentación - Día 5.docx
[2026-02-27T21:53:28.505+0000] {processor.py:842} WARNING - No viable dags retrieved from /opt/airflow/dags/Documentación y Presentación - Día 5.docx
[2026-02-27T21:53:28.538+0000] {processor.py:183} INFO - Processing /opt/airflow/dags/Documentación y Presentación - Día 5.docx took 0.073 seconds
[2026-02-27T21:53:59.067+0000] {processor.py:161} INFO - Started process (PID=387) to work on /opt/airflow/dags/Documentación y Presentación - Día 5.docx
[2026-02-27T21:53:59.070+0000] {processor.py:830} INFO - Processing file /opt/airflow/dags/Documentación y Presentación - Día 5.docx for tasks to queue
[2026-02-27T21:53:59.072+0000] {logging_mixin.py:188} INFO - [2026-02-27T21:53:59.072+0000] {dagbag.py:540} INFO - Filling up the DagBag from /opt/airflow/dags/Documentación y Presentación - Día 5.docx
[2026-02-27T21:53:59.094+0000] {processor.py:842} WARNING - No viable dags retrieved from /opt/airflow/dags/Documentación y Presentación - Día 5.docx
[2026-02-27T21:53:59.122+0000] {processor.py:183} INFO - Processing /opt/airflow/dags/Documentación y Presentación - Día 5.docx took 0.065 seconds
[2026-02-27T21:54:29.499+0000] {processor.py:161} INFO - Started process (PID=395) to work on /opt/airflow/dags/Documentación y Presentación - Día 5.docx
[2026-02-27T21:54:29.502+0000] {processor.py:830} INFO - Processing file /opt/airflow/dags/Documentación y Presentación - Día 5.docx for tasks to queue
[2026-02-27T21:54:29.504+0000] {logging_mixin.py:188} INFO - [2026-02-27T21:54:29.503+0000] {dagbag.py:540} INFO - Filling up the DagBag from /opt/airflow/dags/Documentación y Presentación - Día 5.docx
[2026-02-27T21:54:29.520+0000] {processor.py:842} WARNING - No viable dags retrieved from /opt/airflow/dags/Documentación y Presentación - Día 5.docx
[2026-02-27T21:54:29.547+0000] {processor.py:183} INFO - Processing /opt/airflow/dags/Documentación y Presentación - Día 5.docx took 0.057 seconds
[2026-02-27T21:54:59.974+0000] {processor.py:161} INFO - Started process (PID=403) to work on /opt/airflow/dags/Documentación y Presentación - Día 5.docx
[2026-02-27T21:54:59.976+0000] {processor.py:830} INFO - Processing file /opt/airflow/dags/Documentación y Presentación - Día 5.docx for tasks to queue
[2026-02-27T21:54:59.977+0000] {logging_mixin.py:188} INFO - [2026-02-27T21:54:59.977+0000] {dagbag.py:540} INFO - Filling up the DagBag from /opt/airflow/dags/Documentación y Presentación - Día 5.docx
[2026-02-27T21:54:59.995+0000] {processor.py:842} WARNING - No viable dags retrieved from /opt/airflow/dags/Documentación y Presentación - Día 5.docx
[2026-02-27T21:55:00.030+0000] {processor.py:183} INFO - Processing /opt/airflow/dags/Documentación y Presentación - Día 5.docx took 0.066 seconds
[2026-02-27T21:55:30.514+0000] {processor.py:161} INFO - Started process (PID=411) to work on /opt/airflow/dags/Documentación y Presentación - Día 5.docx
[2026-02-27T21:55:30.516+0000] {processor.py:830} INFO - Processing file /opt/airflow/dags/Documentación y Presentación - Día 5.docx for tasks to queue
[2026-02-27T21:55:30.518+0000] {logging_mixin.py:188} INFO - [2026-02-27T21:55:30.517+0000] {dagbag.py:540} INFO - Filling up the DagBag from /opt/airflow/dags/Documentación y Presentación - Día 5.docx
[2026-02-27T21:55:30.540+0000] {processor.py:842} WARNING - No viable dags retrieved from /opt/airflow/dags/Documentación y Presentación - Día 5.docx
[2026-02-27T21:55:30.568+0000] {processor.py:183} INFO - Processing /opt/airflow/dags/Documentación y Presentación - Día 5.docx took 0.064 seconds
[2026-02-27T21:56:01.043+0000] {processor.py:161} INFO - Started process (PID=419) to work on /opt/airflow/dags/Documentación y Presentación - Día 5.docx
[2026-02-27T21:56:01.046+0000] {processor.py:830} INFO - Processing file /opt/airflow/dags/Documentación y Presentación - Día 5.docx for tasks to queue
[2026-02-27T21:56:01.050+0000] {logging_mixin.py:188} INFO - [2026-02-27T21:56:01.049+0000] {dagbag.py:540} INFO - Filling up the DagBag from /opt/airflow/dags/Documentación y Presentación - Día 5.docx
[2026-02-27T21:56:01.083+0000] {processor.py:842} WARNING - No viable dags retrieved from /opt/airflow/dags/Documentación y Presentación - Día 5.docx
[2026-02-27T21:56:01.133+0000] {processor.py:183} INFO - Processing /opt/airflow/dags/Documentación y Presentación - Día 5.docx took 0.103 seconds
[2026-02-27T21:56:31.664+0000] {processor.py:161} INFO - Started process (PID=427) to work on /opt/airflow/dags/Documentación y Presentación - Día 5.docx
[2026-02-27T21:56:31.666+0000] {processor.py:830} INFO - Processing file /opt/airflow/dags/Documentación y Presentación - Día 5.docx for tasks to queue
[2026-02-27T21:56:31.668+0000] {logging_mixin.py:188} INFO - [2026-02-27T21:56:31.667+0000] {dagbag.py:540} INFO - Filling up the DagBag from /opt/airflow/dags/Documentación y Presentación - Día 5.docx
[2026-02-27T21:56:31.679+0000] {processor.py:842} WARNING - No viable dags retrieved from /opt/airflow/dags/Documentación y Presentación - Día 5.docx
[2026-02-27T21:56:31.704+0000] {processor.py:183} INFO - Processing /opt/airflow/dags/Documentación y Presentación - Día 5.docx took 0.050 seconds
[2026-02-27T21:57:02.478+0000] {processor.py:161} INFO - Started process (PID=435) to work on /opt/airflow/dags/Documentación y Presentación - Día 5.docx
[2026-02-27T21:57:02.480+0000] {processor.py:830} INFO - Processing file /opt/airflow/dags/Documentación y Presentación - Día 5.docx for tasks to queue
[2026-02-27T21:57:02.482+0000] {logging_mixin.py:188} INFO - [2026-02-27T21:57:02.481+0000] {dagbag.py:540} INFO - Filling up the DagBag from /opt/airflow/dags/Documentación y Presentación - Día 5.docx
[2026-02-27T21:57:02.497+0000] {processor.py:842} WARNING - No viable dags retrieved from /opt/airflow/dags/Documentación y Presentación - Día 5.docx
[2026-02-27T21:57:02.523+0000] {processor.py:183} INFO - Processing /opt/airflow/dags/Documentación y Presentación - Día 5.docx took 0.054 seconds
[2026-02-27T21:57:32.914+0000] {processor.py:161} INFO - Started process (PID=443) to work on /opt/airflow/dags/Documentación y Presentación - Día 5.docx
[2026-02-27T21:57:32.916+0000] {processor.py:830} INFO - Processing file /opt/airflow/dags/Documentación y Presentación - Día 5.docx for tasks to queue
[2026-02-27T21:57:32.918+0000] {logging_mixin.py:188} INFO - [2026-02-27T21:57:32.917+0000] {dagbag.py:540} INFO - Filling up the DagBag from /opt/airflow/dags/Documentación y Presentación - Día 5.docx
[2026-02-27T21:57:32.936+0000] {processor.py:842} WARNING - No viable dags retrieved from /opt/airflow/dags/Documentación y Presentación - Día 5.docx
[2026-02-27T21:57:32.957+0000] {processor.py:183} INFO - Processing /opt/airflow/dags/Documentación y Presentación - Día 5.docx took 0.051 seconds
[2026-02-27T21:58:03.287+0000] {processor.py:161} INFO - Started process (PID=451) to work on /opt/airflow/dags/Documentación y Presentación - Día 5.docx
[2026-02-27T21:58:03.288+0000] {processor.py:830} INFO - Processing file /opt/airflow/dags/Documentación y Presentación - Día 5.docx for tasks to queue
[2026-02-27T21:58:03.290+0000] {logging_mixin.py:188} INFO - [2026-02-27T21:58:03.289+0000] {dagbag.py:540} INFO - Filling up the DagBag from /opt/airflow/dags/Documentación y Presentación - Día 5.docx
[2026-02-27T21:58:03.304+0000] {processor.py:842} WARNING - No viable dags retrieved from /opt/airflow/dags/Documentación y Presentación - Día 5.docx
[2026-02-27T21:58:03.332+0000] {processor.py:183} INFO - Processing /opt/airflow/dags/Documentación y Presentación - Día 5.docx took 0.053 seconds
[2026-02-27T21:58:33.607+0000] {processor.py:161} INFO - Started process (PID=459) to work on /opt/airflow/dags/Documentación y Presentación - Día 5.docx
[2026-02-27T21:58:33.609+0000] {processor.py:830} INFO - Processing file /opt/airflow/dags/Documentación y Presentación - Día 5.docx for tasks to queue
[2026-02-27T21:58:33.611+0000] {logging_mixin.py:188} INFO - [2026-02-27T21:58:33.610+0000] {dagbag.py:540} INFO - Filling up the DagBag from /opt/airflow/dags/Documentación y Presentación - Día 5.docx
[2026-02-27T21:58:33.627+0000] {processor.py:842} WARNING - No viable dags retrieved from /opt/airflow/dags/Documentación y Presentación - Día 5.docx
[2026-02-27T21:58:33.652+0000] {processor.py:183} INFO - Processing /opt/airflow/dags/Documentación y Presentación - Día 5.docx took 0.053 seconds
[2026-02-27T21:59:04.153+0000] {processor.py:161} INFO - Started process (PID=467) to work on /opt/airflow/dags/Documentación y Presentación - Día 5.docx
[2026-02-27T21:59:04.155+0000] {processor.py:830} INFO - Processing file /opt/airflow/dags/Documentación y Presentación - Día 5.docx for tasks to queue
[2026-02-27T21:59:04.157+0000] {logging_mixin.py:188} INFO - [2026-02-27T21:59:04.156+0000] {dagbag.py:540} INFO - Filling up the DagBag from /opt/airflow/dags/Documentación y Presentación - Día 5.docx
[2026-02-27T21:59:04.176+0000] {processor.py:842} WARNING - No viable dags retrieved from /opt/airflow/dags/Documentación y Presentación - Día 5.docx
[2026-02-27T21:59:04.201+0000] {processor.py:183} INFO - Processing /opt/airflow/dags/Documentación y Presentación - Día 5.docx took 0.056 seconds
[2026-02-27T21:59:34.635+0000] {processor.py:161} INFO - Started process (PID=475) to work on /opt/airflow/dags/Documentación y Presentación - Día 5.docx
[2026-02-27T21:59:34.638+0000] {processor.py:830} INFO - Processing file /opt/airflow/dags/Documentación y Presentación - Día 5.docx for tasks to queue
[2026-02-27T21:59:34.640+0000] {logging_mixin.py:188} INFO - [2026-02-27T21:59:34.640+0000] {dagbag.py:540} INFO - Filling up the DagBag from /opt/airflow/dags/Documentación y Presentación - Día 5.docx
[2026-02-27T21:59:34.667+0000] {processor.py:842} WARNING - No viable dags retrieved from /opt/airflow/dags/Documentación y Presentación - Día 5.docx
[2026-02-27T21:59:34.709+0000] {processor.py:183} INFO - Processing /opt/airflow/dags/Documentación y Presentación - Día 5.docx took 0.083 seconds
[2026-02-27T22:00:05.167+0000] {processor.py:161} INFO - Started process (PID=483) to work on /opt/airflow/dags/Documentación y Presentación - Día 5.docx
[2026-02-27T22:00:05.169+0000] {processor.py:830} INFO - Processing file /opt/airflow/dags/Documentación y Presentación - Día 5.docx for tasks to queue
[2026-02-27T22:00:05.172+0000] {logging_mixin.py:188} INFO - [2026-02-27T22:00:05.171+0000] {dagbag.py:540} INFO - Filling up the DagBag from /opt/airflow/dags/Documentación y Presentación - Día 5.docx
[2026-02-27T22:00:05.191+0000] {processor.py:842} WARNING - No viable dags retrieved from /opt/airflow/dags/Documentación y Presentación - Día 5.docx
[2026-02-27T22:00:05.228+0000] {processor.py:183} INFO - Processing /opt/airflow/dags/Documentación y Presentación - Día 5.docx took 0.069 seconds
[2026-02-27T22:00:35.750+0000] {processor.py:161} INFO - Started process (PID=491) to work on /opt/airflow/dags/Documentación y Presentación - Día 5.docx
[2026-02-27T22:00:35.752+0000] {processor.py:830} INFO - Processing file /opt/airflow/dags/Documentación y Presentación - Día 5.docx for tasks to queue
[2026-02-27T22:00:35.754+0000] {logging_mixin.py:188} INFO - [2026-02-27T22:00:35.754+0000] {dagbag.py:540} INFO - Filling up the DagBag from /opt/airflow/dags/Documentación y Presentación - Día 5.docx
[2026-02-27T22:00:35.778+0000] {processor.py:842} WARNING - No viable dags retrieved from /opt/airflow/dags/Documentación y Presentación - Día 5.docx
[2026-02-27T22:00:35.805+0000] {processor.py:183} INFO - Processing /opt/airflow/dags/Documentación y Presentación - Día 5.docx took 0.063 seconds
[2026-02-27T22:01:06.098+0000] {processor.py:161} INFO - Started process (PID=499) to work on /opt/airflow/dags/Documentación y Presentación - Día 5.docx
[2026-02-27T22:01:06.099+0000] {processor.py:830} INFO - Processing file /opt/airflow/dags/Documentación y Presentación - Día 5.docx for tasks to queue
[2026-02-27T22:01:06.101+0000] {logging_mixin.py:188} INFO - [2026-02-27T22:01:06.100+0000] {dagbag.py:540} INFO - Filling up the DagBag from /opt/airflow/dags/Documentación y Presentación - Día 5.docx
[2026-02-27T22:01:06.115+0000] {processor.py:842} WARNING - No viable dags retrieved from /opt/airflow/dags/Documentación y Presentación - Día 5.docx
[2026-02-27T22:01:06.140+0000] {processor.py:183} INFO - Processing /opt/airflow/dags/Documentación y Presentación - Día 5.docx took 0.051 seconds
[2026-02-27T22:01:36.532+0000] {processor.py:161} INFO - Started process (PID=507) to work on /opt/airflow/dags/Documentación y Presentación - Día 5.docx
[2026-02-27T22:01:36.534+0000] {processor.py:830} INFO - Processing file /opt/airflow/dags/Documentación y Presentación - Día 5.docx for tasks to queue
[2026-02-27T22:01:36.537+0000] {logging_mixin.py:188} INFO - [2026-02-27T22:01:36.536+0000] {dagbag.py:540} INFO - Filling up the DagBag from /opt/airflow/dags/Documentación y Presentación - Día 5.docx
[2026-02-27T22:01:36.557+0000] {processor.py:842} WARNING - No viable dags retrieved from /opt/airflow/dags/Documentación y Presentación - Día 5.docx
[2026-02-27T22:01:36.587+0000] {processor.py:183} INFO - Processing /opt/airflow/dags/Documentación y Presentación - Día 5.docx took 0.066 seconds
[2026-02-27T22:02:07.156+0000] {processor.py:161} INFO - Started process (PID=515) to work on /opt/airflow/dags/Documentación y Presentación - Día 5.docx
[2026-02-27T22:02:07.158+0000] {processor.py:830} INFO - Processing file /opt/airflow/dags/Documentación y Presentación - Día 5.docx for tasks to queue
[2026-02-27T22:02:07.160+0000] {logging_mixin.py:188} INFO - [2026-02-27T22:02:07.159+0000] {dagbag.py:540} INFO - Filling up the DagBag from /opt/airflow/dags/Documentación y Presentación - Día 5.docx
[2026-02-27T22:02:07.177+0000] {processor.py:842} WARNING - No viable dags retrieved from /opt/airflow/dags/Documentación y Presentación - Día 5.docx
[2026-02-27T22:02:07.210+0000] {processor.py:183} INFO - Processing /opt/airflow/dags/Documentación y Presentación - Día 5.docx took 0.065 seconds
[2026-02-27T22:02:37.521+0000] {processor.py:161} INFO - Started process (PID=523) to work on /opt/airflow/dags/Documentación y Presentación - Día 5.docx
[2026-02-27T22:02:37.523+0000] {processor.py:830} INFO - Processing file /opt/airflow/dags/Documentación y Presentación - Día 5.docx for tasks to queue
[2026-02-27T22:02:37.525+0000] {logging_mixin.py:188} INFO - [2026-02-27T22:02:37.524+0000] {dagbag.py:540} INFO - Filling up the DagBag from /opt/airflow/dags/Documentación y Presentación - Día 5.docx
[2026-02-27T22:02:37.545+0000] {processor.py:842} WARNING - No viable dags retrieved from /opt/airflow/dags/Documentación y Presentación - Día 5.docx
[2026-02-27T22:02:37.585+0000] {processor.py:183} INFO - Processing /opt/airflow/dags/Documentación y Presentación - Día 5.docx took 0.072 seconds
[2026-02-27T22:03:07.929+0000] {processor.py:161} INFO - Started process (PID=531) to work on /opt/airflow/dags/Documentación y Presentación - Día 5.docx
[2026-02-27T22:03:07.931+0000] {processor.py:830} INFO - Processing file /opt/airflow/dags/Documentación y Presentación - Día 5.docx for tasks to queue
[2026-02-27T22:03:07.932+0000] {logging_mixin.py:188} INFO - [2026-02-27T22:03:07.932+0000] {dagbag.py:540} INFO - Filling up the DagBag from /opt/airflow/dags/Documentación y Presentación - Día 5.docx
[2026-02-27T22:03:07.954+0000] {processor.py:842} WARNING - No viable dags retrieved from /opt/airflow/dags/Documentación y Presentación - Día 5.docx
[2026-02-27T22:03:07.979+0000] {processor.py:183} INFO - Processing /opt/airflow/dags/Documentación y Presentación - Día 5.docx took 0.058 seconds
[2026-02-27T22:03:38.421+0000] {processor.py:161} INFO - Started process (PID=539) to work on /opt/airflow/dags/Documentación y Presentación - Día 5.docx
[2026-02-27T22:03:38.423+0000] {processor.py:830} INFO - Processing file /opt/airflow/dags/Documentación y Presentación - Día 5.docx for tasks to queue
[2026-02-27T22:03:38.424+0000] {logging_mixin.py:188} INFO - [2026-02-27T22:03:38.423+0000] {dagbag.py:540} INFO - Filling up the DagBag from /opt/airflow/dags/Documentación y Presentación - Día 5.docx
[2026-02-27T22:03:38.441+0000] {processor.py:842} WARNING - No viable dags retrieved from /opt/airflow/dags/Documentación y Presentación - Día 5.docx
[2026-02-27T22:03:38.467+0000] {processor.py:183} INFO - Processing /opt/airflow/dags/Documentación y Presentación - Día 5.docx took 0.054 seconds
[2026-02-27T22:04:08.674+0000] {processor.py:161} INFO - Started process (PID=547) to work on /opt/airflow/dags/Documentación y Presentación - Día 5.docx
[2026-02-27T22:04:08.676+0000] {processor.py:830} INFO - Processing file /opt/airflow/dags/Documentación y Presentación - Día 5.docx for tasks to queue
[2026-02-27T22:04:08.678+0000] {logging_mixin.py:188} INFO - [2026-02-27T22:04:08.677+0000] {dagbag.py:540} INFO - Filling up the DagBag from /opt/airflow/dags/Documentación y Presentación - Día 5.docx
[2026-02-27T22:04:08.694+0000] {processor.py:842} WARNING - No viable dags retrieved from /opt/airflow/dags/Documentación y Presentación - Día 5.docx
[2026-02-27T22:04:08.722+0000] {processor.py:183} INFO - Processing /opt/airflow/dags/Documentación y Presentación - Día 5.docx took 0.058 seconds
[2026-02-27T22:04:39.095+0000] {processor.py:161} INFO - Started process (PID=555) to work on /opt/airflow/dags/Documentación y Presentación - Día 5.docx
[2026-02-27T22:04:39.097+0000] {processor.py:830} INFO - Processing file /opt/airflow/dags/Documentación y Presentación - Día 5.docx for tasks to queue
[2026-02-27T22:04:39.098+0000] {logging_mixin.py:188} INFO - [2026-02-27T22:04:39.098+0000] {dagbag.py:540} INFO - Filling up the DagBag from /opt/airflow/dags/Documentación y Presentación - Día 5.docx
[2026-02-27T22:04:39.114+0000] {processor.py:842} WARNING - No viable dags retrieved from /opt/airflow/dags/Documentación y Presentación - Día 5.docx
[2026-02-27T22:04:39.142+0000] {processor.py:183} INFO - Processing /opt/airflow/dags/Documentación y Presentación - Día 5.docx took 0.056 seconds
[2026-02-27T22:05:09.795+0000] {processor.py:161} INFO - Started process (PID=563) to work on /opt/airflow/dags/Documentación y Presentación - Día 5.docx
[2026-02-27T22:05:09.798+0000] {processor.py:830} INFO - Processing file /opt/airflow/dags/Documentación y Presentación - Día 5.docx for tasks to queue
[2026-02-27T22:05:09.800+0000] {logging_mixin.py:188} INFO - [2026-02-27T22:05:09.799+0000] {dagbag.py:540} INFO - Filling up the DagBag from /opt/airflow/dags/Documentación y Presentación - Día 5.docx
[2026-02-27T22:05:09.816+0000] {processor.py:842} WARNING - No viable dags retrieved from /opt/airflow/dags/Documentación y Presentación - Día 5.docx
[2026-02-27T22:05:09.845+0000] {processor.py:183} INFO - Processing /opt/airflow/dags/Documentación y Presentación - Día 5.docx took 0.062 seconds
[2026-02-27T22:05:40.059+0000] {processor.py:161} INFO - Started process (PID=571) to work on /opt/airflow/dags/Documentación y Presentación - Día 5.docx
[2026-02-27T22:05:40.062+0000] {processor.py:830} INFO - Processing file /opt/airflow/dags/Documentación y Presentación - Día 5.docx for tasks to queue
[2026-02-27T22:05:40.064+0000] {logging_mixin.py:188} INFO - [2026-02-27T22:05:40.063+0000] {dagbag.py:540} INFO - Filling up the DagBag from /opt/airflow/dags/Documentación y Presentación - Día 5.docx
[2026-02-27T22:05:40.083+0000] {processor.py:842} WARNING - No viable dags retrieved from /opt/airflow/dags/Documentación y Presentación - Día 5.docx
[2026-02-27T22:05:40.115+0000] {processor.py:183} INFO - Processing /opt/airflow/dags/Documentación y Presentación - Día 5.docx took 0.064 seconds
[2026-02-27T22:06:10.516+0000] {processor.py:161} INFO - Started process (PID=579) to work on /opt/airflow/dags/Documentación y Presentación - Día 5.docx
[2026-02-27T22:06:10.519+0000] {processor.py:830} INFO - Processing file /opt/airflow/dags/Documentación y Presentación - Día 5.docx for tasks to queue
[2026-02-27T22:06:10.520+0000] {logging_mixin.py:188} INFO - [2026-02-27T22:06:10.520+0000] {dagbag.py:540} INFO - Filling up the DagBag from /opt/airflow/dags/Documentación y Presentación - Día 5.docx
[2026-02-27T22:06:10.542+0000] {processor.py:842} WARNING - No viable dags retrieved from /opt/airflow/dags/Documentación y Presentación - Día 5.docx
[2026-02-27T22:06:10.570+0000] {processor.py:183} INFO - Processing /opt/airflow/dags/Documentación y Presentación - Día 5.docx took 0.061 seconds
[2026-02-27T22:06:41.216+0000] {processor.py:161} INFO - Started process (PID=587) to work on /opt/airflow/dags/Documentación y Presentación - Día 5.docx
[2026-02-27T22:06:41.218+0000] {processor.py:830} INFO - Processing file /opt/airflow/dags/Documentación y Presentación - Día 5.docx for tasks to queue
[2026-02-27T22:06:41.220+0000] {logging_mixin.py:188} INFO - [2026-02-27T22:06:41.219+0000] {dagbag.py:540} INFO - Filling up the DagBag from /opt/airflow/dags/Documentación y Presentación - Día 5.docx
[2026-02-27T22:06:41.239+0000] {processor.py:842} WARNING - No viable dags retrieved from /opt/airflow/dags/Documentación y Presentación - Día 5.docx
[2026-02-27T22:06:41.268+0000] {processor.py:183} INFO - Processing /opt/airflow/dags/Documentación y Presentación - Día 5.docx took 0.060 seconds
[2026-02-27T22:07:11.520+0000] {processor.py:161} INFO - Started process (PID=595) to work on /opt/airflow/dags/Documentación y Presentación - Día 5.docx
[2026-02-27T22:07:11.522+0000] {processor.py:830} INFO - Processing file /opt/airflow/dags/Documentación y Presentación - Día 5.docx for tasks to queue
[2026-02-27T22:07:11.523+0000] {logging_mixin.py:188} INFO - [2026-02-27T22:07:11.523+0000] {dagbag.py:540} INFO - Filling up the DagBag from /opt/airflow/dags/Documentación y Presentación - Día 5.docx
[2026-02-27T22:07:11.537+0000] {processor.py:842} WARNING - No viable dags retrieved from /opt/airflow/dags/Documentación y Presentación - Día 5.docx
[2026-02-27T22:07:11.561+0000] {processor.py:183} INFO - Processing /opt/airflow/dags/Documentación y Presentación - Día 5.docx took 0.049 seconds
[2026-02-27T22:07:41.855+0000] {processor.py:161} INFO - Started process (PID=603) to work on /opt/airflow/dags/Documentación y Presentación - Día 5.docx
[2026-02-27T22:07:41.857+0000] {processor.py:830} INFO - Processing file /opt/airflow/dags/Documentación y Presentación - Día 5.docx for tasks to queue
[2026-02-27T22:07:41.859+0000] {logging_mixin.py:188} INFO - [2026-02-27T22:07:41.858+0000] {dagbag.py:540} INFO - Filling up the DagBag from /opt/airflow/dags/Documentación y Presentación - Día 5.docx
[2026-02-27T22:07:41.884+0000] {processor.py:842} WARNING - No viable dags retrieved from /opt/airflow/dags/Documentación y Presentación - Día 5.docx
[2026-02-27T22:07:41.913+0000] {processor.py:183} INFO - Processing /opt/airflow/dags/Documentación y Presentación - Día 5.docx took 0.072 seconds
[2026-02-27T22:08:12.411+0000] {processor.py:161} INFO - Started process (PID=611) to work on /opt/airflow/dags/Documentación y Presentación - Día 5.docx
[2026-02-27T22:08:12.413+0000] {processor.py:830} INFO - Processing file /opt/airflow/dags/Documentación y Presentación - Día 5.docx for tasks to queue
[2026-02-27T22:08:12.414+0000] {logging_mixin.py:188} INFO - [2026-02-27T22:08:12.414+0000] {dagbag.py:540} INFO - Filling up the DagBag from /opt/airflow/dags/Documentación y Presentación - Día 5.docx
[2026-02-27T22:08:12.433+0000] {processor.py:842} WARNING - No viable dags retrieved from /opt/airflow/dags/Documentación y Presentación - Día 5.docx
[2026-02-27T22:08:12.458+0000] {processor.py:183} INFO - Processing /opt/airflow/dags/Documentación y Presentación - Día 5.docx took 0.057 seconds
[2026-02-27T22:08:42.891+0000] {processor.py:161} INFO - Started process (PID=619) to work on /opt/airflow/dags/Documentación y Presentación - Día 5.docx
[2026-02-27T22:08:42.895+0000] {processor.py:830} INFO - Processing file /opt/airflow/dags/Documentación y Presentación - Día 5.docx for tasks to queue
[2026-02-27T22:08:42.899+0000] {logging_mixin.py:188} INFO - [2026-02-27T22:08:42.898+0000] {dagbag.py:540} INFO - Filling up the DagBag from /opt/airflow/dags/Documentación y Presentación - Día 5.docx
[2026-02-27T22:08:42.920+0000] {processor.py:842} WARNING - No viable dags retrieved from /opt/airflow/dags/Documentación y Presentación - Día 5.docx
[2026-02-27T22:08:42.953+0000] {processor.py:183} INFO - Processing /opt/airflow/dags/Documentación y Presentación - Día 5.docx took 0.081 seconds
[2026-02-27T22:09:13.288+0000] {processor.py:161} INFO - Started process (PID=627) to work on /opt/airflow/dags/Documentación y Presentación - Día 5.docx
[2026-02-27T22:09:13.290+0000] {processor.py:830} INFO - Processing file /opt/airflow/dags/Documentación y Presentación - Día 5.docx for tasks to queue
[2026-02-27T22:09:13.292+0000] {logging_mixin.py:188} INFO - [2026-02-27T22:09:13.291+0000] {dagbag.py:540} INFO - Filling up the DagBag from /opt/airflow/dags/Documentación y Presentación - Día 5.docx
[2026-02-27T22:09:13.307+0000] {processor.py:842} WARNING - No viable dags retrieved from /opt/airflow/dags/Documentación y Presentación - Día 5.docx
[2026-02-27T22:09:13.334+0000] {processor.py:183} INFO - Processing /opt/airflow/dags/Documentación y Presentación - Día 5.docx took 0.055 seconds
[2026-02-27T22:09:43.689+0000] {processor.py:161} INFO - Started process (PID=635) to work on /opt/airflow/dags/Documentación y Presentación - Día 5.docx
[2026-02-27T22:09:43.691+0000] {processor.py:830} INFO - Processing file /opt/airflow/dags/Documentación y Presentación - Día 5.docx for tasks to queue
[2026-02-27T22:09:43.693+0000] {logging_mixin.py:188} INFO - [2026-02-27T22:09:43.693+0000] {dagbag.py:540} INFO - Filling up the DagBag from /opt/airflow/dags/Documentación y Presentación - Día 5.docx
[2026-02-27T22:09:43.718+0000] {processor.py:842} WARNING - No viable dags retrieved from /opt/airflow/dags/Documentación y Presentación - Día 5.docx
[2026-02-27T22:09:43.746+0000] {processor.py:183} INFO - Processing /opt/airflow/dags/Documentación y Presentación - Día 5.docx took 0.065 seconds
[2026-02-27T22:10:14.216+0000] {processor.py:161} INFO - Started process (PID=643) to work on /opt/airflow/dags/Documentación y Presentación - Día 5.docx
[2026-02-27T22:10:14.218+0000] {processor.py:830} INFO - Processing file /opt/airflow/dags/Documentación y Presentación - Día 5.docx for tasks to queue
[2026-02-27T22:10:14.220+0000] {logging_mixin.py:188} INFO - [2026-02-27T22:10:14.219+0000] {dagbag.py:540} INFO - Filling up the DagBag from /opt/airflow/dags/Documentación y Presentación - Día 5.docx
[2026-02-27T22:10:14.238+0000] {processor.py:842} WARNING - No viable dags retrieved from /opt/airflow/dags/Documentación y Presentación - Día 5.docx
[2026-02-27T22:10:14.271+0000] {processor.py:183} INFO - Processing /opt/airflow/dags/Documentación y Presentación - Día 5.docx took 0.066 seconds
[2026-02-27T22:10:44.585+0000] {processor.py:161} INFO - Started process (PID=651) to work on /opt/airflow/dags/Documentación y Presentación - Día 5.docx
[2026-02-27T22:10:44.587+0000] {processor.py:830} INFO - Processing file /opt/airflow/dags/Documentación y Presentación - Día 5.docx for tasks to queue
[2026-02-27T22:10:44.589+0000] {logging_mixin.py:188} INFO - [2026-02-27T22:10:44.588+0000] {dagbag.py:540} INFO - Filling up the DagBag from /opt/airflow/dags/Documentación y Presentación - Día 5.docx
[2026-02-27T22:10:44.608+0000] {processor.py:842} WARNING - No viable dags retrieved from /opt/airflow/dags/Documentación y Presentación - Día 5.docx
[2026-02-27T22:10:44.641+0000] {processor.py:183} INFO - Processing /opt/airflow/dags/Documentación y Presentación - Día 5.docx took 0.066 seconds
[2026-02-27T22:11:14.912+0000] {processor.py:161} INFO - Started process (PID=659) to work on /opt/airflow/dags/Documentación y Presentación - Día 5.docx
[2026-02-27T22:11:14.915+0000] {processor.py:830} INFO - Processing file /opt/airflow/dags/Documentación y Presentación - Día 5.docx for tasks to queue
[2026-02-27T22:11:14.918+0000] {logging_mixin.py:188} INFO - [2026-02-27T22:11:14.917+0000] {dagbag.py:540} INFO - Filling up the DagBag from /opt/airflow/dags/Documentación y Presentación - Día 5.docx
[2026-02-27T22:11:14.948+0000] {processor.py:842} WARNING - No viable dags retrieved from /opt/airflow/dags/Documentación y Presentación - Día 5.docx
[2026-02-27T22:11:14.984+0000] {processor.py:183} INFO - Processing /opt/airflow/dags/Documentación y Presentación - Día 5.docx took 0.087 seconds
[2026-02-27T22:11:45.617+0000] {processor.py:161} INFO - Started process (PID=667) to work on /opt/airflow/dags/Documentación y Presentación - Día 5.docx
[2026-02-27T22:11:45.620+0000] {processor.py:830} INFO - Processing file /opt/airflow/dags/Documentación y Presentación - Día 5.docx for tasks to queue
[2026-02-27T22:11:45.622+0000] {logging_mixin.py:188} INFO - [2026-02-27T22:11:45.621+0000] {dagbag.py:540} INFO - Filling up the DagBag from /opt/airflow/dags/Documentación y Presentación - Día 5.docx
[2026-02-27T22:11:45.641+0000] {processor.py:842} WARNING - No viable dags retrieved from /opt/airflow/dags/Documentación y Presentación - Día 5.docx
[2026-02-27T22:11:45.679+0000] {processor.py:183} INFO - Processing /opt/airflow/dags/Documentación y Presentación - Día 5.docx took 0.071 seconds
[2026-02-27T22:12:16.108+0000] {processor.py:161} INFO - Started process (PID=675) to work on /opt/airflow/dags/Documentación y Presentación - Día 5.docx
[2026-02-27T22:12:16.109+0000] {processor.py:830} INFO - Processing file /opt/airflow/dags/Documentación y Presentación - Día 5.docx for tasks to queue
[2026-02-27T22:12:16.111+0000] {logging_mixin.py:188} INFO - [2026-02-27T22:12:16.110+0000] {dagbag.py:540} INFO - Filling up the DagBag from /opt/airflow/dags/Documentación y Presentación - Día 5.docx
[2026-02-27T22:12:16.125+0000] {processor.py:842} WARNING - No viable dags retrieved from /opt/airflow/dags/Documentación y Presentación - Día 5.docx
[2026-02-27T22:12:16.167+0000] {processor.py:183} INFO - Processing /opt/airflow/dags/Documentación y Presentación - Día 5.docx took 0.069 seconds
[2026-02-27T22:12:46.538+0000] {processor.py:161} INFO - Started process (PID=683) to work on /opt/airflow/dags/Documentación y Presentación - Día 5.docx
[2026-02-27T22:12:46.540+0000] {processor.py:830} INFO - Processing file /opt/airflow/dags/Documentación y Presentación - Día 5.docx for tasks to queue
[2026-02-27T22:12:46.544+0000] {logging_mixin.py:188} INFO - [2026-02-27T22:12:46.542+0000] {dagbag.py:540} INFO - Filling up the DagBag from /opt/airflow/dags/Documentación y Presentación - Día 5.docx
[2026-02-27T22:12:46.564+0000] {processor.py:842} WARNING - No viable dags retrieved from /opt/airflow/dags/Documentación y Presentación - Día 5.docx
[2026-02-27T22:12:46.598+0000] {processor.py:183} INFO - Processing /opt/airflow/dags/Documentación y Presentación - Día 5.docx took 0.070 seconds
[2026-02-27T22:13:16.939+0000] {processor.py:161} INFO - Started process (PID=691) to work on /opt/airflow/dags/Documentación y Presentación - Día 5.docx
[2026-02-27T22:13:16.941+0000] {processor.py:830} INFO - Processing file /opt/airflow/dags/Documentación y Presentación - Día 5.docx for tasks to queue
[2026-02-27T22:13:16.943+0000] {logging_mixin.py:188} INFO - [2026-02-27T22:13:16.943+0000] {dagbag.py:540} INFO - Filling up the DagBag from /opt/airflow/dags/Documentación y Presentación - Día 5.docx
[2026-02-27T22:13:16.960+0000] {processor.py:842} WARNING - No viable dags retrieved from /opt/airflow/dags/Documentación y Presentación - Día 5.docx
[2026-02-27T22:13:16.989+0000] {processor.py:183} INFO - Processing /opt/airflow/dags/Documentación y Presentación - Día 5.docx took 0.058 seconds
[2026-02-27T22:13:47.544+0000] {processor.py:161} INFO - Started process (PID=699) to work on /opt/airflow/dags/Documentación y Presentación - Día 5.docx
[2026-02-27T22:13:47.546+0000] {processor.py:830} INFO - Processing file /opt/airflow/dags/Documentación y Presentación - Día 5.docx for tasks to queue
[2026-02-27T22:13:47.548+0000] {logging_mixin.py:188} INFO - [2026-02-27T22:13:47.547+0000] {dagbag.py:540} INFO - Filling up the DagBag from /opt/airflow/dags/Documentación y Presentación - Día 5.docx
[2026-02-27T22:13:47.571+0000] {processor.py:842} WARNING - No viable dags retrieved from /opt/airflow/dags/Documentación y Presentación - Día 5.docx
[2026-02-27T22:13:47.608+0000] {processor.py:183} INFO - Processing /opt/airflow/dags/Documentación y Presentación - Día 5.docx took 0.074 seconds
[2026-02-27T22:14:18.059+0000] {processor.py:161} INFO - Started process (PID=707) to work on /opt/airflow/dags/Documentación y Presentación - Día 5.docx
[2026-02-27T22:14:18.061+0000] {processor.py:830} INFO - Processing file /opt/airflow/dags/Documentación y Presentación - Día 5.docx for tasks to queue
[2026-02-27T22:14:18.063+0000] {logging_mixin.py:188} INFO - [2026-02-27T22:14:18.062+0000] {dagbag.py:540} INFO - Filling up the DagBag from /opt/airflow/dags/Documentación y Presentación - Día 5.docx
[2026-02-27T22:14:18.075+0000] {processor.py:842} WARNING - No viable dags retrieved from /opt/airflow/dags/Documentación y Presentación - Día 5.docx
[2026-02-27T22:14:18.110+0000] {processor.py:183} INFO - Processing /opt/airflow/dags/Documentación y Presentación - Día 5.docx took 0.063 seconds
[2026-02-27T22:14:48.211+0000] {processor.py:161} INFO - Started process (PID=714) to work on /opt/airflow/dags/Documentación y Presentación - Día 5.docx
[2026-02-27T22:14:48.213+0000] {processor.py:830} INFO - Processing file /opt/airflow/dags/Documentación y Presentación - Día 5.docx for tasks to queue
[2026-02-27T22:14:48.215+0000] {logging_mixin.py:188} INFO - [2026-02-27T22:14:48.214+0000] {dagbag.py:540} INFO - Filling up the DagBag from /opt/airflow/dags/Documentación y Presentación - Día 5.docx
[2026-02-27T22:14:48.232+0000] {processor.py:842} WARNING - No viable dags retrieved from /opt/airflow/dags/Documentación y Presentación - Día 5.docx
[2026-02-27T22:14:48.257+0000] {processor.py:183} INFO - Processing /opt/airflow/dags/Documentación y Presentación - Día 5.docx took 0.056 seconds
[2026-02-27T22:15:18.757+0000] {processor.py:161} INFO - Started process (PID=723) to work on /opt/airflow/dags/Documentación y Presentación - Día 5.docx
[2026-02-27T22:15:18.759+0000] {processor.py:830} INFO - Processing file /opt/airflow/dags/Documentación y Presentación - Día 5.docx for tasks to queue
[2026-02-27T22:15:18.760+0000] {logging_mixin.py:188} INFO - [2026-02-27T22:15:18.760+0000] {dagbag.py:540} INFO - Filling up the DagBag from /opt/airflow/dags/Documentación y Presentación - Día 5.docx
[2026-02-27T22:15:18.775+0000] {processor.py:842} WARNING - No viable dags retrieved from /opt/airflow/dags/Documentación y Presentación - Día 5.docx
[2026-02-27T22:15:18.805+0000] {processor.py:183} INFO - Processing /opt/airflow/dags/Documentación y Presentación - Día 5.docx took 0.056 seconds
[2026-02-27T22:15:49.153+0000] {processor.py:161} INFO - Started process (PID=731) to work on /opt/airflow/dags/Documentación y Presentación - Día 5.docx
[2026-02-27T22:15:49.155+0000] {processor.py:830} INFO - Processing file /opt/airflow/dags/Documentación y Presentación - Día 5.docx for tasks to queue
[2026-02-27T22:15:49.158+0000] {logging_mixin.py:188} INFO - [2026-02-27T22:15:49.157+0000] {dagbag.py:540} INFO - Filling up the DagBag from /opt/airflow/dags/Documentación y Presentación - Día 5.docx
[2026-02-27T22:15:49.176+0000] {processor.py:842} WARNING - No viable dags retrieved from /opt/airflow/dags/Documentación y Presentación - Día 5.docx
[2026-02-27T22:15:49.208+0000] {processor.py:183} INFO - Processing /opt/airflow/dags/Documentación y Presentación - Día 5.docx took 0.063 seconds
[2026-02-27T22:16:19.687+0000] {processor.py:161} INFO - Started process (PID=739) to work on /opt/airflow/dags/Documentación y Presentación - Día 5.docx
[2026-02-27T22:16:19.689+0000] {processor.py:830} INFO - Processing file /opt/airflow/dags/Documentación y Presentación - Día 5.docx for tasks to queue
[2026-02-27T22:16:19.691+0000] {logging_mixin.py:188} INFO - [2026-02-27T22:16:19.690+0000] {dagbag.py:540} INFO - Filling up the DagBag from /opt/airflow/dags/Documentación y Presentación - Día 5.docx
[2026-02-27T22:16:19.704+0000] {processor.py:842} WARNING - No viable dags retrieved from /opt/airflow/dags/Documentación y Presentación - Día 5.docx
[2026-02-27T22:16:19.732+0000] {processor.py:183} INFO - Processing /opt/airflow/dags/Documentación y Presentación - Día 5.docx took 0.055 seconds
[2026-02-27T22:16:50.248+0000] {processor.py:161} INFO - Started process (PID=747) to work on /opt/airflow/dags/Documentación y Presentación - Día 5.docx
[2026-02-27T22:16:50.251+0000] {processor.py:830} INFO - Processing file /opt/airflow/dags/Documentación y Presentación - Día 5.docx for tasks to queue
[2026-02-27T22:16:50.252+0000] {logging_mixin.py:188} INFO - [2026-02-27T22:16:50.252+0000] {dagbag.py:540} INFO - Filling up the DagBag from /opt/airflow/dags/Documentación y Presentación - Día 5.docx
[2026-02-27T22:16:50.271+0000] {processor.py:842} WARNING - No viable dags retrieved from /opt/airflow/dags/Documentación y Presentación - Día 5.docx
[2026-02-27T22:16:50.295+0000] {processor.py:183} INFO - Processing /opt/airflow/dags/Documentación y Presentación - Día 5.docx took 0.058 seconds
[2026-02-27T22:17:20.561+0000] {processor.py:161} INFO - Started process (PID=755) to work on /opt/airflow/dags/Documentación y Presentación - Día 5.docx
[2026-02-27T22:17:20.565+0000] {processor.py:830} INFO - Processing file /opt/airflow/dags/Documentación y Presentación - Día 5.docx for tasks to queue
[2026-02-27T22:17:20.568+0000] {logging_mixin.py:188} INFO - [2026-02-27T22:17:20.567+0000] {dagbag.py:540} INFO - Filling up the DagBag from /opt/airflow/dags/Documentación y Presentación - Día 5.docx
[2026-02-27T22:17:20.595+0000] {processor.py:842} WARNING - No viable dags retrieved from /opt/airflow/dags/Documentación y Presentación - Día 5.docx
[2026-02-27T22:17:20.635+0000] {processor.py:183} INFO - Processing /opt/airflow/dags/Documentación y Presentación - Día 5.docx took 0.087 seconds
[2026-02-27T22:17:50.923+0000] {processor.py:161} INFO - Started process (PID=763) to work on /opt/airflow/dags/Documentación y Presentación - Día 5.docx
[2026-02-27T22:17:50.925+0000] {processor.py:830} INFO - Processing file /opt/airflow/dags/Documentación y Presentación - Día 5.docx for tasks to queue
[2026-02-27T22:17:50.927+0000] {logging_mixin.py:188} INFO - [2026-02-27T22:17:50.926+0000] {dagbag.py:540} INFO - Filling up the DagBag from /opt/airflow/dags/Documentación y Presentación - Día 5.docx
[2026-02-27T22:17:50.940+0000] {processor.py:842} WARNING - No viable dags retrieved from /opt/airflow/dags/Documentación y Presentación - Día 5.docx
[2026-02-27T22:17:50.970+0000] {processor.py:183} INFO - Processing /opt/airflow/dags/Documentación y Presentación - Día 5.docx took 0.056 seconds
[2026-02-27T22:18:21.253+0000] {processor.py:161} INFO - Started process (PID=771) to work on /opt/airflow/dags/Documentación y Presentación - Día 5.docx
[2026-02-27T22:18:21.255+0000] {processor.py:830} INFO - Processing file /opt/airflow/dags/Documentación y Presentación - Día 5.docx for tasks to queue
[2026-02-27T22:18:21.256+0000] {logging_mixin.py:188} INFO - [2026-02-27T22:18:21.256+0000] {dagbag.py:540} INFO - Filling up the DagBag from /opt/airflow/dags/Documentación y Presentación - Día 5.docx
[2026-02-27T22:18:21.267+0000] {processor.py:842} WARNING - No viable dags retrieved from /opt/airflow/dags/Documentación y Presentación - Día 5.docx
[2026-02-27T22:18:21.291+0000] {processor.py:183} INFO - Processing /opt/airflow/dags/Documentación y Presentación - Día 5.docx took 0.046 seconds
[2026-02-27T22:18:51.705+0000] {processor.py:161} INFO - Started process (PID=779) to work on /opt/airflow/dags/Documentación y Presentación - Día 5.docx
[2026-02-27T22:18:51.707+0000] {processor.py:830} INFO - Processing file /opt/airflow/dags/Documentación y Presentación - Día 5.docx for tasks to queue
[2026-02-27T22:18:51.709+0000] {logging_mixin.py:188} INFO - [2026-02-27T22:18:51.709+0000] {dagbag.py:540} INFO - Filling up the DagBag from /opt/airflow/dags/Documentación y Presentación - Día 5.docx
[2026-02-27T22:18:51.727+0000] {processor.py:842} WARNING - No viable dags retrieved from /opt/airflow/dags/Documentación y Presentación - Día 5.docx
[2026-02-27T22:18:51.751+0000] {processor.py:183} INFO - Processing /opt/airflow/dags/Documentación y Presentación - Día 5.docx took 0.053 seconds
[2026-02-27T22:19:22.146+0000] {processor.py:161} INFO - Started process (PID=787) to work on /opt/airflow/dags/Documentación y Presentación - Día 5.docx
[2026-02-27T22:19:22.148+0000] {processor.py:830} INFO - Processing file /opt/airflow/dags/Documentación y Presentación - Día 5.docx for tasks to queue
[2026-02-27T22:19:22.149+0000] {logging_mixin.py:188} INFO - [2026-02-27T22:19:22.149+0000] {dagbag.py:540} INFO - Filling up the DagBag from /opt/airflow/dags/Documentación y Presentación - Día 5.docx
[2026-02-27T22:19:22.172+0000] {processor.py:842} WARNING - No viable dags retrieved from /opt/airflow/dags/Documentación y Presentación - Día 5.docx
[2026-02-27T22:19:22.200+0000] {processor.py:183} INFO - Processing /opt/airflow/dags/Documentación y Presentación - Día 5.docx took 0.062 seconds
[2026-02-27T22:19:52.554+0000] {processor.py:161} INFO - Started process (PID=795) to work on /opt/airflow/dags/Documentación y Presentación - Día 5.docx
[2026-02-27T22:19:52.557+0000] {processor.py:830} INFO - Processing file /opt/airflow/dags/Documentación y Presentación - Día 5.docx for tasks to queue
[2026-02-27T22:19:52.560+0000] {logging_mixin.py:188} INFO - [2026-02-27T22:19:52.559+0000] {dagbag.py:540} INFO - Filling up the DagBag from /opt/airflow/dags/Documentación y Presentación - Día 5.docx
[2026-02-27T22:19:52.582+0000] {processor.py:842} WARNING - No viable dags retrieved from /opt/airflow/dags/Documentación y Presentación - Día 5.docx
[2026-02-27T22:19:52.614+0000] {processor.py:183} INFO - Processing /opt/airflow/dags/Documentación y Presentación - Día 5.docx took 0.069 seconds
[2026-02-27T22:20:23.184+0000] {processor.py:161} INFO - Started process (PID=803) to work on /opt/airflow/dags/Documentación y Presentación - Día 5.docx
[2026-02-27T22:20:23.186+0000] {processor.py:830} INFO - Processing file /opt/airflow/dags/Documentación y Presentación - Día 5.docx for tasks to queue
[2026-02-27T22:20:23.188+0000] {logging_mixin.py:188} INFO - [2026-02-27T22:20:23.188+0000] {dagbag.py:540} INFO - Filling up the DagBag from /opt/airflow/dags/Documentación y Presentación - Día 5.docx
[2026-02-27T22:20:23.204+0000] {processor.py:842} WARNING - No viable dags retrieved from /opt/airflow/dags/Documentación y Presentación - Día 5.docx
[2026-02-27T22:20:23.239+0000] {processor.py:183} INFO - Processing /opt/airflow/dags/Documentación y Presentación - Día 5.docx took 0.066 seconds
[2026-02-27T22:20:53.779+0000] {processor.py:161} INFO - Started process (PID=811) to work on /opt/airflow/dags/Documentación y Presentación - Día 5.docx
[2026-02-27T22:20:53.781+0000] {processor.py:830} INFO - Processing file /opt/airflow/dags/Documentación y Presentación - Día 5.docx for tasks to queue
[2026-02-27T22:20:53.783+0000] {logging_mixin.py:188} INFO - [2026-02-27T22:20:53.783+0000] {dagbag.py:540} INFO - Filling up the DagBag from /opt/airflow/dags/Documentación y Presentación - Día 5.docx
[2026-02-27T22:20:53.809+0000] {processor.py:842} WARNING - No viable dags retrieved from /opt/airflow/dags/Documentación y Presentación - Día 5.docx
[2026-02-27T22:20:53.840+0000] {processor.py:183} INFO - Processing /opt/airflow/dags/Documentación y Presentación - Día 5.docx took 0.070 seconds
[2026-02-27T22:21:24.371+0000] {processor.py:161} INFO - Started process (PID=819) to work on /opt/airflow/dags/Documentación y Presentación - Día 5.docx
[2026-02-27T22:21:24.373+0000] {processor.py:830} INFO - Processing file /opt/airflow/dags/Documentación y Presentación - Día 5.docx for tasks to queue
[2026-02-27T22:21:24.374+0000] {logging_mixin.py:188} INFO - [2026-02-27T22:21:24.374+0000] {dagbag.py:540} INFO - Filling up the DagBag from /opt/airflow/dags/Documentación y Presentación - Día 5.docx
[2026-02-27T22:21:24.394+0000] {processor.py:842} WARNING - No viable dags retrieved from /opt/airflow/dags/Documentación y Presentación - Día 5.docx
[2026-02-27T22:21:24.423+0000] {processor.py:183} INFO - Processing /opt/airflow/dags/Documentación y Presentación - Día 5.docx took 0.060 seconds
[2026-02-27T22:21:55.042+0000] {processor.py:161} INFO - Started process (PID=827) to work on /opt/airflow/dags/Documentación y Presentación - Día 5.docx
[2026-02-27T22:21:55.045+0000] {processor.py:830} INFO - Processing file /opt/airflow/dags/Documentación y Presentación - Día 5.docx for tasks to queue
[2026-02-27T22:21:55.047+0000] {logging_mixin.py:188} INFO - [2026-02-27T22:21:55.046+0000] {dagbag.py:540} INFO - Filling up the DagBag from /opt/airflow/dags/Documentación y Presentación - Día 5.docx
[2026-02-27T22:21:55.066+0000] {processor.py:842} WARNING - No viable dags retrieved from /opt/airflow/dags/Documentación y Presentación - Día 5.docx
[2026-02-27T22:21:55.093+0000] {processor.py:183} INFO - Processing /opt/airflow/dags/Documentación y Presentación - Día 5.docx took 0.059 seconds
[2026-02-27T22:22:25.757+0000] {processor.py:161} INFO - Started process (PID=835) to work on /opt/airflow/dags/Documentación y Presentación - Día 5.docx
[2026-02-27T22:22:25.759+0000] {processor.py:830} INFO - Processing file /opt/airflow/dags/Documentación y Presentación - Día 5.docx for tasks to queue
[2026-02-27T22:22:25.761+0000] {logging_mixin.py:188} INFO - [2026-02-27T22:22:25.761+0000] {dagbag.py:540} INFO - Filling up the DagBag from /opt/airflow/dags/Documentación y Presentación - Día 5.docx
[2026-02-27T22:22:25.783+0000] {processor.py:842} WARNING - No viable dags retrieved from /opt/airflow/dags/Documentación y Presentación - Día 5.docx
[2026-02-27T22:22:25.809+0000] {processor.py:183} INFO - Processing /opt/airflow/dags/Documentación y Presentación - Día 5.docx took 0.060 seconds
[2026-02-27T22:22:56.363+0000] {processor.py:161} INFO - Started process (PID=843) to work on /opt/airflow/dags/Documentación y Presentación - Día 5.docx
[2026-02-27T22:22:56.365+0000] {processor.py:830} INFO - Processing file /opt/airflow/dags/Documentación y Presentación - Día 5.docx for tasks to queue
[2026-02-27T22:22:56.367+0000] {logging_mixin.py:188} INFO - [2026-02-27T22:22:56.367+0000] {dagbag.py:540} INFO - Filling up the DagBag from /opt/airflow/dags/Documentación y Presentación - Día 5.docx
[2026-02-27T22:22:56.393+0000] {processor.py:842} WARNING - No viable dags retrieved from /opt/airflow/dags/Documentación y Presentación - Día 5.docx
[2026-02-27T22:22:56.420+0000] {processor.py:183} INFO - Processing /opt/airflow/dags/Documentación y Presentación - Día 5.docx took 0.066 seconds
[2026-02-27T22:23:26.861+0000] {processor.py:161} INFO - Started process (PID=851) to work on /opt/airflow/dags/Documentación y Presentación - Día 5.docx
[2026-02-27T22:23:26.863+0000] {processor.py:830} INFO - Processing file /opt/airflow/dags/Documentación y Presentación - Día 5.docx for tasks to queue
[2026-02-27T22:23:26.865+0000] {logging_mixin.py:188} INFO - [2026-02-27T22:23:26.865+0000] {dagbag.py:540} INFO - Filling up the DagBag from /opt/airflow/dags/Documentación y Presentación - Día 5.docx
[2026-02-27T22:23:26.889+0000] {processor.py:842} WARNING - No viable dags retrieved from /opt/airflow/dags/Documentación y Presentación - Día 5.docx
[2026-02-27T22:23:26.914+0000] {processor.py:183} INFO - Processing /opt/airflow/dags/Documentación y Presentación - Día 5.docx took 0.063 seconds
[2026-02-27T22:23:57.280+0000] {processor.py:161} INFO - Started process (PID=859) to work on /opt/airflow/dags/Documentación y Presentación - Día 5.docx
[2026-02-27T22:23:57.282+0000] {processor.py:830} INFO - Processing file /opt/airflow/dags/Documentación y Presentación - Día 5.docx for tasks to queue
[2026-02-27T22:23:57.284+0000] {logging_mixin.py:188} INFO - [2026-02-27T22:23:57.283+0000] {dagbag.py:540} INFO - Filling up the DagBag from /opt/airflow/dags/Documentación y Presentación - Día 5.docx
[2026-02-27T22:23:57.303+0000] {processor.py:842} WARNING - No viable dags retrieved from /opt/airflow/dags/Documentación y Presentación - Día 5.docx
[2026-02-27T22:23:57.328+0000] {processor.py:183} INFO - Processing /opt/airflow/dags/Documentación y Presentación - Día 5.docx took 0.057 seconds
[2026-02-27T22:24:27.770+0000] {processor.py:161} INFO - Started process (PID=867) to work on /opt/airflow/dags/Documentación y Presentación - Día 5.docx
[2026-02-27T22:24:27.774+0000] {processor.py:830} INFO - Processing file /opt/airflow/dags/Documentación y Presentación - Día 5.docx for tasks to queue
[2026-02-27T22:24:27.778+0000] {logging_mixin.py:188} INFO - [2026-02-27T22:24:27.776+0000] {dagbag.py:540} INFO - Filling up the DagBag from /opt/airflow/dags/Documentación y Presentación - Día 5.docx
[2026-02-27T22:24:27.813+0000] {processor.py:842} WARNING - No viable dags retrieved from /opt/airflow/dags/Documentación y Presentación - Día 5.docx
[2026-02-27T22:24:27.854+0000] {processor.py:183} INFO - Processing /opt/airflow/dags/Documentación y Presentación - Día 5.docx took 0.095 seconds
[2026-02-27T22:24:58.412+0000] {processor.py:161} INFO - Started process (PID=875) to work on /opt/airflow/dags/Documentación y Presentación - Día 5.docx
[2026-02-27T22:24:58.414+0000] {processor.py:830} INFO - Processing file /opt/airflow/dags/Documentación y Presentación - Día 5.docx for tasks to queue
[2026-02-27T22:24:58.417+0000] {logging_mixin.py:188} INFO - [2026-02-27T22:24:58.415+0000] {dagbag.py:540} INFO - Filling up the DagBag from /opt/airflow/dags/Documentación y Presentación - Día 5.docx
[2026-02-27T22:24:58.433+0000] {processor.py:842} WARNING - No viable dags retrieved from /opt/airflow/dags/Documentación y Presentación - Día 5.docx
[2026-02-27T22:24:58.460+0000] {processor.py:183} INFO - Processing /opt/airflow/dags/Documentación y Presentación - Día 5.docx took 0.058 seconds
[2026-02-27T22:25:28.802+0000] {processor.py:161} INFO - Started process (PID=883) to work on /opt/airflow/dags/Documentación y Presentación - Día 5.docx
[2026-02-27T22:25:28.804+0000] {processor.py:830} INFO - Processing file /opt/airflow/dags/Documentación y Presentación - Día 5.docx for tasks to queue
[2026-02-27T22:25:28.806+0000] {logging_mixin.py:188} INFO - [2026-02-27T22:25:28.806+0000] {dagbag.py:540} INFO - Filling up the DagBag from /opt/airflow/dags/Documentación y Presentación - Día 5.docx
[2026-02-27T22:25:28.827+0000] {processor.py:842} WARNING - No viable dags retrieved from /opt/airflow/dags/Documentación y Presentación - Día 5.docx
[2026-02-27T22:25:28.853+0000] {processor.py:183} INFO - Processing /opt/airflow/dags/Documentación y Presentación - Día 5.docx took 0.059 seconds
[2026-02-27T22:25:59.250+0000] {processor.py:161} INFO - Started process (PID=891) to work on /opt/airflow/dags/Documentación y Presentación - Día 5.docx
[2026-02-27T22:25:59.252+0000] {processor.py:830} INFO - Processing file /opt/airflow/dags/Documentación y Presentación - Día 5.docx for tasks to queue
[2026-02-27T22:25:59.255+0000] {logging_mixin.py:188} INFO - [2026-02-27T22:25:59.254+0000] {dagbag.py:540} INFO - Filling up the DagBag from /opt/airflow/dags/Documentación y Presentación - Día 5.docx
[2026-02-27T22:25:59.273+0000] {processor.py:842} WARNING - No viable dags retrieved from /opt/airflow/dags/Documentación y Presentación - Día 5.docx
[2026-02-27T22:25:59.302+0000] {processor.py:183} INFO - Processing /opt/airflow/dags/Documentación y Presentación - Día 5.docx took 0.059 seconds
[2026-02-27T22:26:29.645+0000] {processor.py:161} INFO - Started process (PID=899) to work on /opt/airflow/dags/Documentación y Presentación - Día 5.docx
[2026-02-27T22:26:29.647+0000] {processor.py:830} INFO - Processing file /opt/airflow/dags/Documentación y Presentación - Día 5.docx for tasks to queue
[2026-02-27T22:26:29.650+0000] {logging_mixin.py:188} INFO - [2026-02-27T22:26:29.649+0000] {dagbag.py:540} INFO - Filling up the DagBag from /opt/airflow/dags/Documentación y Presentación - Día 5.docx
[2026-02-27T22:26:29.675+0000] {processor.py:842} WARNING - No viable dags retrieved from /opt/airflow/dags/Documentación y Presentación - Día 5.docx
[2026-02-27T22:26:29.712+0000] {processor.py:183} INFO - Processing /opt/airflow/dags/Documentación y Presentación - Día 5.docx took 0.076 seconds
[2026-02-27T22:27:00.219+0000] {processor.py:161} INFO - Started process (PID=907) to work on /opt/airflow/dags/Documentación y Presentación - Día 5.docx
[2026-02-27T22:27:00.222+0000] {processor.py:830} INFO - Processing file /opt/airflow/dags/Documentación y Presentación - Día 5.docx for tasks to queue
[2026-02-27T22:27:00.224+0000] {logging_mixin.py:188} INFO - [2026-02-27T22:27:00.223+0000] {dagbag.py:540} INFO - Filling up the DagBag from /opt/airflow/dags/Documentación y Presentación - Día 5.docx
[2026-02-27T22:27:00.248+0000] {processor.py:842} WARNING - No viable dags retrieved from /opt/airflow/dags/Documentación y Presentación - Día 5.docx
[2026-02-27T22:27:00.280+0000] {processor.py:183} INFO - Processing /opt/airflow/dags/Documentación y Presentación - Día 5.docx took 0.076 seconds
[2026-02-27T22:27:30.579+0000] {processor.py:161} INFO - Started process (PID=915) to work on /opt/airflow/dags/Documentación y Presentación - Día 5.docx
[2026-02-27T22:27:30.581+0000] {processor.py:830} INFO - Processing file /opt/airflow/dags/Documentación y Presentación - Día 5.docx for tasks to queue
[2026-02-27T22:27:30.583+0000] {logging_mixin.py:188} INFO - [2026-02-27T22:27:30.582+0000] {dagbag.py:540} INFO - Filling up the DagBag from /opt/airflow/dags/Documentación y Presentación - Día 5.docx
[2026-02-27T22:27:30.604+0000] {processor.py:842} WARNING - No viable dags retrieved from /opt/airflow/dags/Documentación y Presentación - Día 5.docx
[2026-02-27T22:27:30.648+0000] {processor.py:183} INFO - Processing /opt/airflow/dags/Documentación y Presentación - Día 5.docx took 0.077 seconds
[2026-02-27T22:28:01.034+0000] {processor.py:161} INFO - Started process (PID=923) to work on /opt/airflow/dags/Documentación y Presentación - Día 5.docx
[2026-02-27T22:28:01.036+0000] {processor.py:830} INFO - Processing file /opt/airflow/dags/Documentación y Presentación - Día 5.docx for tasks to queue
[2026-02-27T22:28:01.038+0000] {logging_mixin.py:188} INFO - [2026-02-27T22:28:01.037+0000] {dagbag.py:540} INFO - Filling up the DagBag from /opt/airflow/dags/Documentación y Presentación - Día 5.docx
[2026-02-27T22:28:01.057+0000] {processor.py:842} WARNING - No viable dags retrieved from /opt/airflow/dags/Documentación y Presentación - Día 5.docx
[2026-02-27T22:28:01.082+0000] {processor.py:183} INFO - Processing /opt/airflow/dags/Documentación y Presentación - Día 5.docx took 0.055 seconds
[2026-02-27T22:28:31.468+0000] {processor.py:161} INFO - Started process (PID=931) to work on /opt/airflow/dags/Documentación y Presentación - Día 5.docx
[2026-02-27T22:28:31.471+0000] {processor.py:830} INFO - Processing file /opt/airflow/dags/Documentación y Presentación - Día 5.docx for tasks to queue
[2026-02-27T22:28:31.472+0000] {logging_mixin.py:188} INFO - [2026-02-27T22:28:31.472+0000] {dagbag.py:540} INFO - Filling up the DagBag from /opt/airflow/dags/Documentación y Presentación - Día 5.docx
[2026-02-27T22:28:31.490+0000] {processor.py:842} WARNING - No viable dags retrieved from /opt/airflow/dags/Documentación y Presentación - Día 5.docx
[2026-02-27T22:28:31.519+0000] {processor.py:183} INFO - Processing /opt/airflow/dags/Documentación y Presentación - Día 5.docx took 0.062 seconds
[2026-02-27T22:29:01.916+0000] {processor.py:161} INFO - Started process (PID=939) to work on /opt/airflow/dags/Documentación y Presentación - Día 5.docx
[2026-02-27T22:29:01.918+0000] {processor.py:830} INFO - Processing file /opt/airflow/dags/Documentación y Presentación - Día 5.docx for tasks to queue
[2026-02-27T22:29:01.921+0000] {logging_mixin.py:188} INFO - [2026-02-27T22:29:01.920+0000] {dagbag.py:540} INFO - Filling up the DagBag from /opt/airflow/dags/Documentación y Presentación - Día 5.docx
[2026-02-27T22:29:01.939+0000] {processor.py:842} WARNING - No viable dags retrieved from /opt/airflow/dags/Documentación y Presentación - Día 5.docx
[2026-02-27T22:29:01.968+0000] {processor.py:183} INFO - Processing /opt/airflow/dags/Documentación y Presentación - Día 5.docx took 0.062 seconds
[2026-02-27T22:29:32.288+0000] {processor.py:161} INFO - Started process (PID=947) to work on /opt/airflow/dags/Documentación y Presentación - Día 5.docx
[2026-02-27T22:29:32.289+0000] {processor.py:830} INFO - Processing file /opt/airflow/dags/Documentación y Presentación - Día 5.docx for tasks to queue
[2026-02-27T22:29:32.291+0000] {logging_mixin.py:188} INFO - [2026-02-27T22:29:32.291+0000] {dagbag.py:540} INFO - Filling up the DagBag from /opt/airflow/dags/Documentación y Presentación - Día 5.docx
[2026-02-27T22:29:32.312+0000] {processor.py:842} WARNING - No viable dags retrieved from /opt/airflow/dags/Documentación y Presentación - Día 5.docx
[2026-02-27T22:29:32.333+0000] {processor.py:183} INFO - Processing /opt/airflow/dags/Documentación y Presentación - Día 5.docx took 0.054 seconds
[2026-02-27T22:30:02.790+0000] {processor.py:161} INFO - Started process (PID=955) to work on /opt/airflow/dags/Documentación y Presentación - Día 5.docx
[2026-02-27T22:30:02.792+0000] {processor.py:830} INFO - Processing file /opt/airflow/dags/Documentación y Presentación - Día 5.docx for tasks to queue
[2026-02-27T22:30:02.794+0000] {logging_mixin.py:188} INFO - [2026-02-27T22:30:02.793+0000] {dagbag.py:540} INFO - Filling up the DagBag from /opt/airflow/dags/Documentación y Presentación - Día 5.docx
[2026-02-27T22:30:02.814+0000] {processor.py:842} WARNING - No viable dags retrieved from /opt/airflow/dags/Documentación y Presentación - Día 5.docx
[2026-02-27T22:30:02.839+0000] {processor.py:183} INFO - Processing /opt/airflow/dags/Documentación y Presentación - Día 5.docx took 0.057 seconds
[2026-02-27T22:30:33.170+0000] {processor.py:161} INFO - Started process (PID=963) to work on /opt/airflow/dags/Documentación y Presentación - Día 5.docx
[2026-02-27T22:30:33.173+0000] {processor.py:830} INFO - Processing file /opt/airflow/dags/Documentación y Presentación - Día 5.docx for tasks to queue
[2026-02-27T22:30:33.175+0000] {logging_mixin.py:188} INFO - [2026-02-27T22:30:33.174+0000] {dagbag.py:540} INFO - Filling up the DagBag from /opt/airflow/dags/Documentación y Presentación - Día 5.docx
[2026-02-27T22:30:33.195+0000] {processor.py:842} WARNING - No viable dags retrieved from /opt/airflow/dags/Documentación y Presentación - Día 5.docx
[2026-02-27T22:30:33.227+0000] {processor.py:183} INFO - Processing /opt/airflow/dags/Documentación y Presentación - Día 5.docx took 0.065 seconds
[2026-02-27T22:31:03.553+0000] {processor.py:161} INFO - Started process (PID=971) to work on /opt/airflow/dags/Documentación y Presentación - Día 5.docx
[2026-02-27T22:31:03.556+0000] {processor.py:830} INFO - Processing file /opt/airflow/dags/Documentación y Presentación - Día 5.docx for tasks to queue
[2026-02-27T22:31:03.558+0000] {logging_mixin.py:188} INFO - [2026-02-27T22:31:03.558+0000] {dagbag.py:540} INFO - Filling up the DagBag from /opt/airflow/dags/Documentación y Presentación - Día 5.docx
[2026-02-27T22:31:03.579+0000] {processor.py:842} WARNING - No viable dags retrieved from /opt/airflow/dags/Documentación y Presentación - Día 5.docx
[2026-02-27T22:31:03.607+0000] {processor.py:183} INFO - Processing /opt/airflow/dags/Documentación y Presentación - Día 5.docx took 0.062 seconds
[2026-02-27T22:31:34.070+0000] {processor.py:161} INFO - Started process (PID=979) to work on /opt/airflow/dags/Documentación y Presentación - Día 5.docx
[2026-02-27T22:31:34.072+0000] {processor.py:830} INFO - Processing file /opt/airflow/dags/Documentación y Presentación - Día 5.docx for tasks to queue
[2026-02-27T22:31:34.074+0000] {logging_mixin.py:188} INFO - [2026-02-27T22:31:34.073+0000] {dagbag.py:540} INFO - Filling up the DagBag from /opt/airflow/dags/Documentación y Presentación - Día 5.docx
[2026-02-27T22:31:34.092+0000] {processor.py:842} WARNING - No viable dags retrieved from /opt/airflow/dags/Documentación y Presentación - Día 5.docx
[2026-02-27T22:31:34.117+0000] {processor.py:183} INFO - Processing /opt/airflow/dags/Documentación y Presentación - Día 5.docx took 0.055 seconds
[2026-02-27T22:32:04.657+0000] {processor.py:161} INFO - Started process (PID=987) to work on /opt/airflow/dags/Documentación y Presentación - Día 5.docx
[2026-02-27T22:32:04.658+0000] {processor.py:830} INFO - Processing file /opt/airflow/dags/Documentación y Presentación - Día 5.docx for tasks to queue
[2026-02-27T22:32:04.660+0000] {logging_mixin.py:188} INFO - [2026-02-27T22:32:04.659+0000] {dagbag.py:540} INFO - Filling up the DagBag from /opt/airflow/dags/Documentación y Presentación - Día 5.docx
[2026-02-27T22:32:04.675+0000] {processor.py:842} WARNING - No viable dags retrieved from /opt/airflow/dags/Documentación y Presentación - Día 5.docx
[2026-02-27T22:32:04.705+0000] {processor.py:183} INFO - Processing /opt/airflow/dags/Documentación y Presentación - Día 5.docx took 0.057 seconds
[2026-02-27T22:32:34.953+0000] {processor.py:161} INFO - Started process (PID=995) to work on /opt/airflow/dags/Documentación y Presentación - Día 5.docx
[2026-02-27T22:32:34.954+0000] {processor.py:830} INFO - Processing file /opt/airflow/dags/Documentación y Presentación - Día 5.docx for tasks to queue
[2026-02-27T22:32:34.957+0000] {logging_mixin.py:188} INFO - [2026-02-27T22:32:34.956+0000] {dagbag.py:540} INFO - Filling up the DagBag from /opt/airflow/dags/Documentación y Presentación - Día 5.docx
[2026-02-27T22:32:34.973+0000] {processor.py:842} WARNING - No viable dags retrieved from /opt/airflow/dags/Documentación y Presentación - Día 5.docx
[2026-02-27T22:32:35.005+0000] {processor.py:183} INFO - Processing /opt/airflow/dags/Documentación y Presentación - Día 5.docx took 0.062 seconds
[2026-02-27T22:33:05.473+0000] {processor.py:161} INFO - Started process (PID=1003) to work on /opt/airflow/dags/Documentación y Presentación - Día 5.docx
[2026-02-27T22:33:05.476+0000] {processor.py:830} INFO - Processing file /opt/airflow/dags/Documentación y Presentación - Día 5.docx for tasks to queue
[2026-02-27T22:33:05.479+0000] {logging_mixin.py:188} INFO - [2026-02-27T22:33:05.478+0000] {dagbag.py:540} INFO - Filling up the DagBag from /opt/airflow/dags/Documentación y Presentación - Día 5.docx
[2026-02-27T22:33:05.504+0000] {processor.py:842} WARNING - No viable dags retrieved from /opt/airflow/dags/Documentación y Presentación - Día 5.docx
[2026-02-27T22:33:05.545+0000] {processor.py:183} INFO - Processing /opt/airflow/dags/Documentación y Presentación - Día 5.docx took 0.084 seconds
[2026-02-27T22:33:35.949+0000] {processor.py:161} INFO - Started process (PID=1011) to work on /opt/airflow/dags/Documentación y Presentación - Día 5.docx
[2026-02-27T22:33:35.951+0000] {processor.py:830} INFO - Processing file /opt/airflow/dags/Documentación y Presentación - Día 5.docx for tasks to queue
[2026-02-27T22:33:35.953+0000] {logging_mixin.py:188} INFO - [2026-02-27T22:33:35.952+0000] {dagbag.py:540} INFO - Filling up the DagBag from /opt/airflow/dags/Documentación y Presentación - Día 5.docx
[2026-02-27T22:33:35.969+0000] {processor.py:842} WARNING - No viable dags retrieved from /opt/airflow/dags/Documentación y Presentación - Día 5.docx
[2026-02-27T22:33:36.004+0000] {processor.py:183} INFO - Processing /opt/airflow/dags/Documentación y Presentación - Día 5.docx took 0.062 seconds
[2026-02-27T22:34:06.524+0000] {processor.py:161} INFO - Started process (PID=1019) to work on /opt/airflow/dags/Documentación y Presentación - Día 5.docx
[2026-02-27T22:34:06.526+0000] {processor.py:830} INFO - Processing file /opt/airflow/dags/Documentación y Presentación - Día 5.docx for tasks to queue
[2026-02-27T22:34:06.530+0000] {logging_mixin.py:188} INFO - [2026-02-27T22:34:06.529+0000] {dagbag.py:540} INFO - Filling up the DagBag from /opt/airflow/dags/Documentación y Presentación - Día 5.docx
[2026-02-27T22:34:06.553+0000] {processor.py:842} WARNING - No viable dags retrieved from /opt/airflow/dags/Documentación y Presentación - Día 5.docx
[2026-02-27T22:34:06.590+0000] {processor.py:183} INFO - Processing /opt/airflow/dags/Documentación y Presentación - Día 5.docx took 0.081 seconds
[2026-02-27T22:34:37.069+0000] {processor.py:161} INFO - Started process (PID=1027) to work on /opt/airflow/dags/Documentación y Presentación - Día 5.docx
[2026-02-27T22:34:37.071+0000] {processor.py:830} INFO - Processing file /opt/airflow/dags/Documentación y Presentación - Día 5.docx for tasks to queue
[2026-02-27T22:34:37.073+0000] {logging_mixin.py:188} INFO - [2026-02-27T22:34:37.072+0000] {dagbag.py:540} INFO - Filling up the DagBag from /opt/airflow/dags/Documentación y Presentación - Día 5.docx
[2026-02-27T22:34:37.090+0000] {processor.py:842} WARNING - No viable dags retrieved from /opt/airflow/dags/Documentación y Presentación - Día 5.docx
[2026-02-27T22:34:37.116+0000] {processor.py:183} INFO - Processing /opt/airflow/dags/Documentación y Presentación - Día 5.docx took 0.057 seconds
[2026-02-27T22:35:07.497+0000] {processor.py:161} INFO - Started process (PID=1035) to work on /opt/airflow/dags/Documentación y Presentación - Día 5.docx
[2026-02-27T22:35:07.499+0000] {processor.py:830} INFO - Processing file /opt/airflow/dags/Documentación y Presentación - Día 5.docx for tasks to queue
[2026-02-27T22:35:07.500+0000] {logging_mixin.py:188} INFO - [2026-02-27T22:35:07.500+0000] {dagbag.py:540} INFO - Filling up the DagBag from /opt/airflow/dags/Documentación y Presentación - Día 5.docx
[2026-02-27T22:35:07.511+0000] {processor.py:842} WARNING - No viable dags retrieved from /opt/airflow/dags/Documentación y Presentación - Día 5.docx
[2026-02-27T22:35:07.538+0000] {processor.py:183} INFO - Processing /opt/airflow/dags/Documentación y Presentación - Día 5.docx took 0.050 seconds
[2026-02-27T22:35:37.935+0000] {processor.py:161} INFO - Started process (PID=1043) to work on /opt/airflow/dags/Documentación y Presentación - Día 5.docx
[2026-02-27T22:35:37.937+0000] {processor.py:830} INFO - Processing file /opt/airflow/dags/Documentación y Presentación - Día 5.docx for tasks to queue
[2026-02-27T22:35:37.939+0000] {logging_mixin.py:188} INFO - [2026-02-27T22:35:37.938+0000] {dagbag.py:540} INFO - Filling up the DagBag from /opt/airflow/dags/Documentación y Presentación - Día 5.docx
[2026-02-27T22:35:37.959+0000] {processor.py:842} WARNING - No viable dags retrieved from /opt/airflow/dags/Documentación y Presentación - Día 5.docx
[2026-02-27T22:35:37.992+0000] {processor.py:183} INFO - Processing /opt/airflow/dags/Documentación y Presentación - Día 5.docx took 0.065 seconds
[2026-02-27T22:36:08.385+0000] {processor.py:161} INFO - Started process (PID=1051) to work on /opt/airflow/dags/Documentación y Presentación - Día 5.docx
[2026-02-27T22:36:08.388+0000] {processor.py:830} INFO - Processing file /opt/airflow/dags/Documentación y Presentación - Día 5.docx for tasks to queue
[2026-02-27T22:36:08.390+0000] {logging_mixin.py:188} INFO - [2026-02-27T22:36:08.390+0000] {dagbag.py:540} INFO - Filling up the DagBag from /opt/airflow/dags/Documentación y Presentación - Día 5.docx
[2026-02-27T22:36:08.408+0000] {processor.py:842} WARNING - No viable dags retrieved from /opt/airflow/dags/Documentación y Presentación - Día 5.docx
[2026-02-27T22:36:08.431+0000] {processor.py:183} INFO - Processing /opt/airflow/dags/Documentación y Presentación - Día 5.docx took 0.053 seconds
[2026-02-27T22:36:38.794+0000] {processor.py:161} INFO - Started process (PID=1059) to work on /opt/airflow/dags/Documentación y Presentación - Día 5.docx
[2026-02-27T22:36:38.796+0000] {processor.py:830} INFO - Processing file /opt/airflow/dags/Documentación y Presentación - Día 5.docx for tasks to queue
[2026-02-27T22:36:38.798+0000] {logging_mixin.py:188} INFO - [2026-02-27T22:36:38.798+0000] {dagbag.py:540} INFO - Filling up the DagBag from /opt/airflow/dags/Documentación y Presentación - Día 5.docx
[2026-02-27T22:36:38.826+0000] {processor.py:842} WARNING - No viable dags retrieved from /opt/airflow/dags/Documentación y Presentación - Día 5.docx
[2026-02-27T22:36:38.853+0000] {processor.py:183} INFO - Processing /opt/airflow/dags/Documentación y Presentación - Día 5.docx took 0.069 seconds
[2026-02-27T22:37:09.363+0000] {processor.py:161} INFO - Started process (PID=1067) to work on /opt/airflow/dags/Documentación y Presentación - Día 5.docx
[2026-02-27T22:37:09.366+0000] {processor.py:830} INFO - Processing file /opt/airflow/dags/Documentación y Presentación - Día 5.docx for tasks to queue
[2026-02-27T22:37:09.367+0000] {logging_mixin.py:188} INFO - [2026-02-27T22:37:09.367+0000] {dagbag.py:540} INFO - Filling up the DagBag from /opt/airflow/dags/Documentación y Presentación - Día 5.docx
[2026-02-27T22:37:09.386+0000] {processor.py:842} WARNING - No viable dags retrieved from /opt/airflow/dags/Documentación y Presentación - Día 5.docx
[2026-02-27T22:37:09.411+0000] {processor.py:183} INFO - Processing /opt/airflow/dags/Documentación y Presentación - Día 5.docx took 0.055 seconds
[2026-02-27T22:37:39.768+0000] {processor.py:161} INFO - Started process (PID=1075) to work on /opt/airflow/dags/Documentación y Presentación - Día 5.docx
[2026-02-27T22:37:39.770+0000] {processor.py:830} INFO - Processing file /opt/airflow/dags/Documentación y Presentación - Día 5.docx for tasks to queue
[2026-02-27T22:37:39.772+0000] {logging_mixin.py:188} INFO - [2026-02-27T22:37:39.772+0000] {dagbag.py:540} INFO - Filling up the DagBag from /opt/airflow/dags/Documentación y Presentación - Día 5.docx
[2026-02-27T22:37:39.792+0000] {processor.py:842} WARNING - No viable dags retrieved from /opt/airflow/dags/Documentación y Presentación - Día 5.docx
[2026-02-27T22:37:39.818+0000] {processor.py:183} INFO - Processing /opt/airflow/dags/Documentación y Presentación - Día 5.docx took 0.057 seconds
[2026-02-27T22:38:10.253+0000] {processor.py:161} INFO - Started process (PID=1083) to work on /opt/airflow/dags/Documentación y Presentación - Día 5.docx
[2026-02-27T22:38:10.255+0000] {processor.py:830} INFO - Processing file /opt/airflow/dags/Documentación y Presentación - Día 5.docx for tasks to queue
[2026-02-27T22:38:10.257+0000] {logging_mixin.py:188} INFO - [2026-02-27T22:38:10.256+0000] {dagbag.py:540} INFO - Filling up the DagBag from /opt/airflow/dags/Documentación y Presentación - Día 5.docx
[2026-02-27T22:38:10.274+0000] {processor.py:842} WARNING - No viable dags retrieved from /opt/airflow/dags/Documentación y Presentación - Día 5.docx
[2026-02-27T22:38:10.306+0000] {processor.py:183} INFO - Processing /opt/airflow/dags/Documentación y Presentación - Día 5.docx took 0.061 seconds
[2026-02-27T22:38:40.792+0000] {processor.py:161} INFO - Started process (PID=1091) to work on /opt/airflow/dags/Documentación y Presentación - Día 5.docx
[2026-02-27T22:38:40.795+0000] {processor.py:830} INFO - Processing file /opt/airflow/dags/Documentación y Presentación - Día 5.docx for tasks to queue
[2026-02-27T22:38:40.798+0000] {logging_mixin.py:188} INFO - [2026-02-27T22:38:40.797+0000] {dagbag.py:540} INFO - Filling up the DagBag from /opt/airflow/dags/Documentación y Presentación - Día 5.docx
[2026-02-27T22:38:40.821+0000] {processor.py:842} WARNING - No viable dags retrieved from /opt/airflow/dags/Documentación y Presentación - Día 5.docx
[2026-02-27T22:38:40.854+0000] {processor.py:183} INFO - Processing /opt/airflow/dags/Documentación y Presentación - Día 5.docx took 0.073 seconds
[2026-02-27T22:39:11.127+0000] {processor.py:161} INFO - Started process (PID=1099) to work on /opt/airflow/dags/Documentación y Presentación - Día 5.docx
[2026-02-27T22:39:11.129+0000] {processor.py:830} INFO - Processing file /opt/airflow/dags/Documentación y Presentación - Día 5.docx for tasks to queue
[2026-02-27T22:39:11.131+0000] {logging_mixin.py:188} INFO - [2026-02-27T22:39:11.131+0000] {dagbag.py:540} INFO - Filling up the DagBag from /opt/airflow/dags/Documentación y Presentación - Día 5.docx
[2026-02-27T22:39:11.153+0000] {processor.py:842} WARNING - No viable dags retrieved from /opt/airflow/dags/Documentación y Presentación - Día 5.docx
[2026-02-27T22:39:11.180+0000] {processor.py:183} INFO - Processing /opt/airflow/dags/Documentación y Presentación - Día 5.docx took 0.062 seconds
[2026-02-27T22:39:41.747+0000] {processor.py:161} INFO - Started process (PID=1107) to work on /opt/airflow/dags/Documentación y Presentación - Día 5.docx
[2026-02-27T22:39:41.750+0000] {processor.py:830} INFO - Processing file /opt/airflow/dags/Documentación y Presentación - Día 5.docx for tasks to queue
[2026-02-27T22:39:41.752+0000] {logging_mixin.py:188} INFO - [2026-02-27T22:39:41.751+0000] {dagbag.py:540} INFO - Filling up the DagBag from /opt/airflow/dags/Documentación y Presentación - Día 5.docx
[2026-02-27T22:39:41.773+0000] {processor.py:842} WARNING - No viable dags retrieved from /opt/airflow/dags/Documentación y Presentación - Día 5.docx
[2026-02-27T22:39:41.800+0000] {processor.py:183} INFO - Processing /opt/airflow/dags/Documentación y Presentación - Día 5.docx took 0.063 seconds
[2026-02-27T22:40:12.338+0000] {processor.py:161} INFO - Started process (PID=1115) to work on /opt/airflow/dags/Documentación y Presentación - Día 5.docx
[2026-02-27T22:40:12.340+0000] {processor.py:830} INFO - Processing file /opt/airflow/dags/Documentación y Presentación - Día 5.docx for tasks to queue
[2026-02-27T22:40:12.342+0000] {logging_mixin.py:188} INFO - [2026-02-27T22:40:12.341+0000] {dagbag.py:540} INFO - Filling up the DagBag from /opt/airflow/dags/Documentación y Presentación - Día 5.docx
[2026-02-27T22:40:12.365+0000] {processor.py:842} WARNING - No viable dags retrieved from /opt/airflow/dags/Documentación y Presentación - Día 5.docx
[2026-02-27T22:40:12.397+0000] {processor.py:183} INFO - Processing /opt/airflow/dags/Documentación y Presentación - Día 5.docx took 0.069 seconds
[2026-02-27T22:40:42.869+0000] {processor.py:161} INFO - Started process (PID=1123) to work on /opt/airflow/dags/Documentación y Presentación - Día 5.docx
[2026-02-27T22:40:42.871+0000] {processor.py:830} INFO - Processing file /opt/airflow/dags/Documentación y Presentación - Día 5.docx for tasks to queue
[2026-02-27T22:40:42.873+0000] {logging_mixin.py:188} INFO - [2026-02-27T22:40:42.872+0000] {dagbag.py:540} INFO - Filling up the DagBag from /opt/airflow/dags/Documentación y Presentación - Día 5.docx
[2026-02-27T22:40:42.890+0000] {processor.py:842} WARNING - No viable dags retrieved from /opt/airflow/dags/Documentación y Presentación - Día 5.docx
[2026-02-27T22:40:42.918+0000] {processor.py:183} INFO - Processing /opt/airflow/dags/Documentación y Presentación - Día 5.docx took 0.057 seconds
[2026-02-27T22:41:13.501+0000] {processor.py:161} INFO - Started process (PID=1131) to work on /opt/airflow/dags/Documentación y Presentación - Día 5.docx
[2026-02-27T22:41:13.503+0000] {processor.py:830} INFO - Processing file /opt/airflow/dags/Documentación y Presentación - Día 5.docx for tasks to queue
[2026-02-27T22:41:13.506+0000] {logging_mixin.py:188} INFO - [2026-02-27T22:41:13.505+0000] {dagbag.py:540} INFO - Filling up the DagBag from /opt/airflow/dags/Documentación y Presentación - Día 5.docx
[2026-02-27T22:41:13.528+0000] {processor.py:842} WARNING - No viable dags retrieved from /opt/airflow/dags/Documentación y Presentación - Día 5.docx
[2026-02-27T22:41:13.561+0000] {processor.py:183} INFO - Processing /opt/airflow/dags/Documentación y Presentación - Día 5.docx took 0.072 seconds
[2026-02-27T22:41:44.921+0000] {processor.py:161} INFO - Started process (PID=1140) to work on /opt/airflow/dags/Documentación y Presentación - Día 5.docx
[2026-02-27T22:41:44.924+0000] {processor.py:830} INFO - Processing file /opt/airflow/dags/Documentación y Presentación - Día 5.docx for tasks to queue
[2026-02-27T22:41:44.927+0000] {logging_mixin.py:188} INFO - [2026-02-27T22:41:44.926+0000] {dagbag.py:540} INFO - Filling up the DagBag from /opt/airflow/dags/Documentación y Presentación - Día 5.docx
[2026-02-27T22:41:44.951+0000] {processor.py:842} WARNING - No viable dags retrieved from /opt/airflow/dags/Documentación y Presentación - Día 5.docx
[2026-02-27T22:41:44.979+0000] {processor.py:183} INFO - Processing /opt/airflow/dags/Documentación y Presentación - Día 5.docx took 0.069 seconds
[2026-02-27T22:42:15.880+0000] {processor.py:161} INFO - Started process (PID=1149) to work on /opt/airflow/dags/Documentación y Presentación - Día 5.docx
[2026-02-27T22:42:15.886+0000] {processor.py:830} INFO - Processing file /opt/airflow/dags/Documentación y Presentación - Día 5.docx for tasks to queue
[2026-02-27T22:42:15.890+0000] {logging_mixin.py:188} INFO - [2026-02-27T22:42:15.889+0000] {dagbag.py:540} INFO - Filling up the DagBag from /opt/airflow/dags/Documentación y Presentación - Día 5.docx
[2026-02-27T22:42:15.914+0000] {processor.py:842} WARNING - No viable dags retrieved from /opt/airflow/dags/Documentación y Presentación - Día 5.docx
[2026-02-27T22:42:15.946+0000] {processor.py:183} INFO - Processing /opt/airflow/dags/Documentación y Presentación - Día 5.docx took 0.088 seconds
[2026-02-27T22:42:46.514+0000] {processor.py:161} INFO - Started process (PID=1158) to work on /opt/airflow/dags/Documentación y Presentación - Día 5.docx
[2026-02-27T22:42:46.516+0000] {processor.py:830} INFO - Processing file /opt/airflow/dags/Documentación y Presentación - Día 5.docx for tasks to queue
[2026-02-27T22:42:46.519+0000] {logging_mixin.py:188} INFO - [2026-02-27T22:42:46.518+0000] {dagbag.py:540} INFO - Filling up the DagBag from /opt/airflow/dags/Documentación y Presentación - Día 5.docx
[2026-02-27T22:42:46.544+0000] {processor.py:842} WARNING - No viable dags retrieved from /opt/airflow/dags/Documentación y Presentación - Día 5.docx
[2026-02-27T22:42:46.571+0000] {processor.py:183} INFO - Processing /opt/airflow/dags/Documentación y Presentación - Día 5.docx took 0.067 seconds
[2026-02-27T22:43:17.481+0000] {processor.py:161} INFO - Started process (PID=1167) to work on /opt/airflow/dags/Documentación y Presentación - Día 5.docx
[2026-02-27T22:43:17.483+0000] {processor.py:830} INFO - Processing file /opt/airflow/dags/Documentación y Presentación - Día 5.docx for tasks to queue
[2026-02-27T22:43:17.485+0000] {logging_mixin.py:188} INFO - [2026-02-27T22:43:17.484+0000] {dagbag.py:540} INFO - Filling up the DagBag from /opt/airflow/dags/Documentación y Presentación - Día 5.docx
[2026-02-27T22:43:17.508+0000] {processor.py:842} WARNING - No viable dags retrieved from /opt/airflow/dags/Documentación y Presentación - Día 5.docx
[2026-02-27T22:43:17.533+0000] {processor.py:183} INFO - Processing /opt/airflow/dags/Documentación y Presentación - Día 5.docx took 0.059 seconds
[2026-02-27T22:43:48.237+0000] {processor.py:161} INFO - Started process (PID=1176) to work on /opt/airflow/dags/Documentación y Presentación - Día 5.docx
[2026-02-27T22:43:48.239+0000] {processor.py:830} INFO - Processing file /opt/airflow/dags/Documentación y Presentación - Día 5.docx for tasks to queue
[2026-02-27T22:43:48.241+0000] {logging_mixin.py:188} INFO - [2026-02-27T22:43:48.241+0000] {dagbag.py:540} INFO - Filling up the DagBag from /opt/airflow/dags/Documentación y Presentación - Día 5.docx
[2026-02-27T22:43:48.260+0000] {processor.py:842} WARNING - No viable dags retrieved from /opt/airflow/dags/Documentación y Presentación - Día 5.docx
[2026-02-27T22:43:48.297+0000] {processor.py:183} INFO - Processing /opt/airflow/dags/Documentación y Presentación - Día 5.docx took 0.074 seconds
[2026-02-27T22:44:19.075+0000] {processor.py:161} INFO - Started process (PID=1185) to work on /opt/airflow/dags/Documentación y Presentación - Día 5.docx
[2026-02-27T22:44:19.081+0000] {processor.py:830} INFO - Processing file /opt/airflow/dags/Documentación y Presentación - Día 5.docx for tasks to queue
[2026-02-27T22:44:19.085+0000] {logging_mixin.py:188} INFO - [2026-02-27T22:44:19.083+0000] {dagbag.py:540} INFO - Filling up the DagBag from /opt/airflow/dags/Documentación y Presentación - Día 5.docx
[2026-02-27T22:44:19.112+0000] {processor.py:842} WARNING - No viable dags retrieved from /opt/airflow/dags/Documentación y Presentación - Día 5.docx
[2026-02-27T22:44:19.152+0000] {processor.py:183} INFO - Processing /opt/airflow/dags/Documentación y Presentación - Día 5.docx took 0.090 seconds
[2026-02-27T22:44:49.729+0000] {processor.py:161} INFO - Started process (PID=1194) to work on /opt/airflow/dags/Documentación y Presentación - Día 5.docx
[2026-02-27T22:44:49.731+0000] {processor.py:830} INFO - Processing file /opt/airflow/dags/Documentación y Presentación - Día 5.docx for tasks to queue
[2026-02-27T22:44:49.733+0000] {logging_mixin.py:188} INFO - [2026-02-27T22:44:49.732+0000] {dagbag.py:540} INFO - Filling up the DagBag from /opt/airflow/dags/Documentación y Presentación - Día 5.docx
[2026-02-27T22:44:49.753+0000] {processor.py:842} WARNING - No viable dags retrieved from /opt/airflow/dags/Documentación y Presentación - Día 5.docx
[2026-02-27T22:44:49.778+0000] {processor.py:183} INFO - Processing /opt/airflow/dags/Documentación y Presentación - Día 5.docx took 0.059 seconds
[2026-02-27T22:45:20.551+0000] {processor.py:161} INFO - Started process (PID=1203) to work on /opt/airflow/dags/Documentación y Presentación - Día 5.docx
[2026-02-27T22:45:20.552+0000] {processor.py:830} INFO - Processing file /opt/airflow/dags/Documentación y Presentación - Día 5.docx for tasks to queue
[2026-02-27T22:45:20.554+0000] {logging_mixin.py:188} INFO - [2026-02-27T22:45:20.554+0000] {dagbag.py:540} INFO - Filling up the DagBag from /opt/airflow/dags/Documentación y Presentación - Día 5.docx
[2026-02-27T22:45:20.573+0000] {processor.py:842} WARNING - No viable dags retrieved from /opt/airflow/dags/Documentación y Presentación - Día 5.docx
[2026-02-27T22:45:20.597+0000] {processor.py:183} INFO - Processing /opt/airflow/dags/Documentación y Presentación - Día 5.docx took 0.054 seconds
[2026-02-27T22:45:51.301+0000] {processor.py:161} INFO - Started process (PID=1212) to work on /opt/airflow/dags/Documentación y Presentación - Día 5.docx
[2026-02-27T22:45:51.303+0000] {processor.py:830} INFO - Processing file /opt/airflow/dags/Documentación y Presentación - Día 5.docx for tasks to queue
[2026-02-27T22:45:51.305+0000] {logging_mixin.py:188} INFO - [2026-02-27T22:45:51.304+0000] {dagbag.py:540} INFO - Filling up the DagBag from /opt/airflow/dags/Documentación y Presentación - Día 5.docx
[2026-02-27T22:45:51.316+0000] {processor.py:842} WARNING - No viable dags retrieved from /opt/airflow/dags/Documentación y Presentación - Día 5.docx
[2026-02-27T22:45:51.341+0000] {processor.py:183} INFO - Processing /opt/airflow/dags/Documentación y Presentación - Día 5.docx took 0.049 seconds
[2026-02-27T22:46:22.121+0000] {processor.py:161} INFO - Started process (PID=1221) to work on /opt/airflow/dags/Documentación y Presentación - Día 5.docx
[2026-02-27T22:46:22.123+0000] {processor.py:830} INFO - Processing file /opt/airflow/dags/Documentación y Presentación - Día 5.docx for tasks to queue
[2026-02-27T22:46:22.126+0000] {logging_mixin.py:188} INFO - [2026-02-27T22:46:22.126+0000] {dagbag.py:540} INFO - Filling up the DagBag from /opt/airflow/dags/Documentación y Presentación - Día 5.docx
[2026-02-27T22:46:22.149+0000] {processor.py:842} WARNING - No viable dags retrieved from /opt/airflow/dags/Documentación y Presentación - Día 5.docx
[2026-02-27T22:46:22.176+0000] {processor.py:183} INFO - Processing /opt/airflow/dags/Documentación y Presentación - Día 5.docx took 0.063 seconds
[2026-02-27T22:46:52.584+0000] {processor.py:161} INFO - Started process (PID=1230) to work on /opt/airflow/dags/Documentación y Presentación - Día 5.docx
[2026-02-27T22:46:52.587+0000] {processor.py:830} INFO - Processing file /opt/airflow/dags/Documentación y Presentación - Día 5.docx for tasks to queue
[2026-02-27T22:46:52.589+0000] {logging_mixin.py:188} INFO - [2026-02-27T22:46:52.588+0000] {dagbag.py:540} INFO - Filling up the DagBag from /opt/airflow/dags/Documentación y Presentación - Día 5.docx
[2026-02-27T22:46:52.612+0000] {processor.py:842} WARNING - No viable dags retrieved from /opt/airflow/dags/Documentación y Presentación - Día 5.docx
[2026-02-27T22:46:52.637+0000] {processor.py:183} INFO - Processing /opt/airflow/dags/Documentación y Presentación - Día 5.docx took 0.065 seconds
[2026-02-27T22:47:23.569+0000] {processor.py:161} INFO - Started process (PID=1239) to work on /opt/airflow/dags/Documentación y Presentación - Día 5.docx
[2026-02-27T22:47:23.573+0000] {processor.py:830} INFO - Processing file /opt/airflow/dags/Documentación y Presentación - Día 5.docx for tasks to queue
[2026-02-27T22:47:23.576+0000] {logging_mixin.py:188} INFO - [2026-02-27T22:47:23.575+0000] {dagbag.py:540} INFO - Filling up the DagBag from /opt/airflow/dags/Documentación y Presentación - Día 5.docx
[2026-02-27T22:47:23.596+0000] {processor.py:842} WARNING - No viable dags retrieved from /opt/airflow/dags/Documentación y Presentación - Día 5.docx
[2026-02-27T22:47:23.621+0000] {processor.py:183} INFO - Processing /opt/airflow/dags/Documentación y Presentación - Día 5.docx took 0.063 seconds
[2026-02-27T22:47:54.589+0000] {processor.py:161} INFO - Started process (PID=1248) to work on /opt/airflow/dags/Documentación y Presentación - Día 5.docx
[2026-02-27T22:47:54.593+0000] {processor.py:830} INFO - Processing file /opt/airflow/dags/Documentación y Presentación - Día 5.docx for tasks to queue
[2026-02-27T22:47:54.595+0000] {logging_mixin.py:188} INFO - [2026-02-27T22:47:54.594+0000] {dagbag.py:540} INFO - Filling up the DagBag from /opt/airflow/dags/Documentación y Presentación - Día 5.docx
[2026-02-27T22:47:54.621+0000] {processor.py:842} WARNING - No viable dags retrieved from /opt/airflow/dags/Documentación y Presentación - Día 5.docx
[2026-02-27T22:47:54.652+0000] {processor.py:183} INFO - Processing /opt/airflow/dags/Documentación y Presentación - Día 5.docx took 0.073 seconds
[2026-02-27T22:48:25.557+0000] {processor.py:161} INFO - Started process (PID=1257) to work on /opt/airflow/dags/Documentación y Presentación - Día 5.docx
[2026-02-27T22:48:25.559+0000] {processor.py:830} INFO - Processing file /opt/airflow/dags/Documentación y Presentación - Día 5.docx for tasks to queue
[2026-02-27T22:48:25.560+0000] {logging_mixin.py:188} INFO - [2026-02-27T22:48:25.560+0000] {dagbag.py:540} INFO - Filling up the DagBag from /opt/airflow/dags/Documentación y Presentación - Día 5.docx
[2026-02-27T22:48:25.578+0000] {processor.py:842} WARNING - No viable dags retrieved from /opt/airflow/dags/Documentación y Presentación - Día 5.docx
[2026-02-27T22:48:25.604+0000] {processor.py:183} INFO - Processing /opt/airflow/dags/Documentación y Presentación - Día 5.docx took 0.056 seconds
[2026-02-27T22:48:56.395+0000] {processor.py:161} INFO - Started process (PID=1266) to work on /opt/airflow/dags/Documentación y Presentación - Día 5.docx
[2026-02-27T22:48:56.398+0000] {processor.py:830} INFO - Processing file /opt/airflow/dags/Documentación y Presentación - Día 5.docx for tasks to queue
[2026-02-27T22:48:56.401+0000] {logging_mixin.py:188} INFO - [2026-02-27T22:48:56.401+0000] {dagbag.py:540} INFO - Filling up the DagBag from /opt/airflow/dags/Documentación y Presentación - Día 5.docx
[2026-02-27T22:48:56.423+0000] {processor.py:842} WARNING - No viable dags retrieved from /opt/airflow/dags/Documentación y Presentación - Día 5.docx
[2026-02-27T22:48:56.455+0000] {processor.py:183} INFO - Processing /opt/airflow/dags/Documentación y Presentación - Día 5.docx took 0.072 seconds
[2026-02-27T22:49:27.423+0000] {processor.py:161} INFO - Started process (PID=1275) to work on /opt/airflow/dags/Documentación y Presentación - Día 5.docx
[2026-02-27T22:49:27.425+0000] {processor.py:830} INFO - Processing file /opt/airflow/dags/Documentación y Presentación - Día 5.docx for tasks to queue
[2026-02-27T22:49:27.428+0000] {logging_mixin.py:188} INFO - [2026-02-27T22:49:27.427+0000] {dagbag.py:540} INFO - Filling up the DagBag from /opt/airflow/dags/Documentación y Presentación - Día 5.docx
[2026-02-27T22:49:27.446+0000] {processor.py:842} WARNING - No viable dags retrieved from /opt/airflow/dags/Documentación y Presentación - Día 5.docx
[2026-02-27T22:49:27.487+0000] {processor.py:183} INFO - Processing /opt/airflow/dags/Documentación y Presentación - Día 5.docx took 0.073 seconds
[2026-02-27T22:49:58.390+0000] {processor.py:161} INFO - Started process (PID=1284) to work on /opt/airflow/dags/Documentación y Presentación - Día 5.docx
[2026-02-27T22:49:58.392+0000] {processor.py:830} INFO - Processing file /opt/airflow/dags/Documentación y Presentación - Día 5.docx for tasks to queue
[2026-02-27T22:49:58.394+0000] {logging_mixin.py:188} INFO - [2026-02-27T22:49:58.393+0000] {dagbag.py:540} INFO - Filling up the DagBag from /opt/airflow/dags/Documentación y Presentación - Día 5.docx
[2026-02-27T22:49:58.410+0000] {processor.py:842} WARNING - No viable dags retrieved from /opt/airflow/dags/Documentación y Presentación - Día 5.docx
[2026-02-27T22:49:58.440+0000] {processor.py:183} INFO - Processing /opt/airflow/dags/Documentación y Presentación - Día 5.docx took 0.062 seconds
[2026-02-27T22:50:29.302+0000] {processor.py:161} INFO - Started process (PID=1293) to work on /opt/airflow/dags/Documentación y Presentación - Día 5.docx
[2026-02-27T22:50:29.304+0000] {processor.py:830} INFO - Processing file /opt/airflow/dags/Documentación y Presentación - Día 5.docx for tasks to queue
[2026-02-27T22:50:29.305+0000] {logging_mixin.py:188} INFO - [2026-02-27T22:50:29.305+0000] {dagbag.py:540} INFO - Filling up the DagBag from /opt/airflow/dags/Documentación y Presentación - Día 5.docx
[2026-02-27T22:50:29.326+0000] {processor.py:842} WARNING - No viable dags retrieved from /opt/airflow/dags/Documentación y Presentación - Día 5.docx
[2026-02-27T22:50:29.358+0000] {processor.py:183} INFO - Processing /opt/airflow/dags/Documentación y Presentación - Día 5.docx took 0.069 seconds
[2026-02-27T22:51:00.211+0000] {processor.py:161} INFO - Started process (PID=1302) to work on /opt/airflow/dags/Documentación y Presentación - Día 5.docx
[2026-02-27T22:51:00.213+0000] {processor.py:830} INFO - Processing file /opt/airflow/dags/Documentación y Presentación - Día 5.docx for tasks to queue
[2026-02-27T22:51:00.215+0000] {logging_mixin.py:188} INFO - [2026-02-27T22:51:00.215+0000] {dagbag.py:540} INFO - Filling up the DagBag from /opt/airflow/dags/Documentación y Presentación - Día 5.docx
[2026-02-27T22:51:00.231+0000] {processor.py:842} WARNING - No viable dags retrieved from /opt/airflow/dags/Documentación y Presentación - Día 5.docx
[2026-02-27T22:51:00.258+0000] {processor.py:183} INFO - Processing /opt/airflow/dags/Documentación y Presentación - Día 5.docx took 0.056 seconds
[2026-02-27T22:51:30.677+0000] {processor.py:161} INFO - Started process (PID=1311) to work on /opt/airflow/dags/Documentación y Presentación - Día 5.docx
[2026-02-27T22:51:30.679+0000] {processor.py:830} INFO - Processing file /opt/airflow/dags/Documentación y Presentación - Día 5.docx for tasks to queue
[2026-02-27T22:51:30.681+0000] {logging_mixin.py:188} INFO - [2026-02-27T22:51:30.680+0000] {dagbag.py:540} INFO - Filling up the DagBag from /opt/airflow/dags/Documentación y Presentación - Día 5.docx
[2026-02-27T22:51:30.704+0000] {processor.py:842} WARNING - No viable dags retrieved from /opt/airflow/dags/Documentación y Presentación - Día 5.docx
[2026-02-27T22:51:30.730+0000] {processor.py:183} INFO - Processing /opt/airflow/dags/Documentación y Presentación - Día 5.docx took 0.061 seconds
[2026-02-27T22:52:50.011+0000] {processor.py:161} INFO - Started process (PID=35) to work on /opt/airflow/dags/Documentación y Presentación - Día 5.docx
[2026-02-27T22:52:50.013+0000] {processor.py:830} INFO - Processing file /opt/airflow/dags/Documentación y Presentación - Día 5.docx for tasks to queue
[2026-02-27T22:52:50.018+0000] {logging_mixin.py:188} INFO - [2026-02-27T22:52:50.017+0000] {dagbag.py:540} INFO - Filling up the DagBag from /opt/airflow/dags/Documentación y Presentación - Día 5.docx
[2026-02-27T22:52:50.040+0000] {processor.py:842} WARNING - No viable dags retrieved from /opt/airflow/dags/Documentación y Presentación - Día 5.docx
[2026-02-27T22:52:50.075+0000] {processor.py:183} INFO - Processing /opt/airflow/dags/Documentación y Presentación - Día 5.docx took 0.079 seconds
[2026-02-27T22:53:20.607+0000] {processor.py:161} INFO - Started process (PID=44) to work on /opt/airflow/dags/Documentación y Presentación - Día 5.docx
[2026-02-27T22:53:20.609+0000] {processor.py:830} INFO - Processing file /opt/airflow/dags/Documentación y Presentación - Día 5.docx for tasks to queue
[2026-02-27T22:53:20.611+0000] {logging_mixin.py:188} INFO - [2026-02-27T22:53:20.611+0000] {dagbag.py:540} INFO - Filling up the DagBag from /opt/airflow/dags/Documentación y Presentación - Día 5.docx
[2026-02-27T22:53:20.626+0000] {processor.py:842} WARNING - No viable dags retrieved from /opt/airflow/dags/Documentación y Presentación - Día 5.docx
[2026-02-27T22:53:20.652+0000] {processor.py:183} INFO - Processing /opt/airflow/dags/Documentación y Presentación - Día 5.docx took 0.054 seconds
[2026-02-27T22:53:51.520+0000] {processor.py:161} INFO - Started process (PID=53) to work on /opt/airflow/dags/Documentación y Presentación - Día 5.docx
[2026-02-27T22:53:51.522+0000] {processor.py:830} INFO - Processing file /opt/airflow/dags/Documentación y Presentación - Día 5.docx for tasks to queue
[2026-02-27T22:53:51.524+0000] {logging_mixin.py:188} INFO - [2026-02-27T22:53:51.523+0000] {dagbag.py:540} INFO - Filling up the DagBag from /opt/airflow/dags/Documentación y Presentación - Día 5.docx
[2026-02-27T22:53:51.539+0000] {processor.py:842} WARNING - No viable dags retrieved from /opt/airflow/dags/Documentación y Presentación - Día 5.docx
[2026-02-27T22:53:51.569+0000] {processor.py:183} INFO - Processing /opt/airflow/dags/Documentación y Presentación - Día 5.docx took 0.060 seconds
[2026-02-27T22:54:22.415+0000] {processor.py:161} INFO - Started process (PID=62) to work on /opt/airflow/dags/Documentación y Presentación - Día 5.docx
[2026-02-27T22:54:22.418+0000] {processor.py:830} INFO - Processing file /opt/airflow/dags/Documentación y Presentación - Día 5.docx for tasks to queue
[2026-02-27T22:54:22.422+0000] {logging_mixin.py:188} INFO - [2026-02-27T22:54:22.421+0000] {dagbag.py:540} INFO - Filling up the DagBag from /opt/airflow/dags/Documentación y Presentación - Día 5.docx
[2026-02-27T22:54:22.448+0000] {processor.py:842} WARNING - No viable dags retrieved from /opt/airflow/dags/Documentación y Presentación - Día 5.docx
[2026-02-27T22:54:22.502+0000] {processor.py:183} INFO - Processing /opt/airflow/dags/Documentación y Presentación - Día 5.docx took 0.102 seconds
[2026-02-27T22:54:53.481+0000] {processor.py:161} INFO - Started process (PID=71) to work on /opt/airflow/dags/Documentación y Presentación - Día 5.docx
[2026-02-27T22:54:53.483+0000] {processor.py:830} INFO - Processing file /opt/airflow/dags/Documentación y Presentación - Día 5.docx for tasks to queue
[2026-02-27T22:54:53.485+0000] {logging_mixin.py:188} INFO - [2026-02-27T22:54:53.485+0000] {dagbag.py:540} INFO - Filling up the DagBag from /opt/airflow/dags/Documentación y Presentación - Día 5.docx
[2026-02-27T22:54:53.501+0000] {processor.py:842} WARNING - No viable dags retrieved from /opt/airflow/dags/Documentación y Presentación - Día 5.docx
[2026-02-27T22:54:53.529+0000] {processor.py:183} INFO - Processing /opt/airflow/dags/Documentación y Presentación - Día 5.docx took 0.059 seconds
[2026-02-27T22:55:24.086+0000] {processor.py:161} INFO - Started process (PID=80) to work on /opt/airflow/dags/Documentación y Presentación - Día 5.docx
[2026-02-27T22:55:24.089+0000] {processor.py:830} INFO - Processing file /opt/airflow/dags/Documentación y Presentación - Día 5.docx for tasks to queue
[2026-02-27T22:55:24.092+0000] {logging_mixin.py:188} INFO - [2026-02-27T22:55:24.091+0000] {dagbag.py:540} INFO - Filling up the DagBag from /opt/airflow/dags/Documentación y Presentación - Día 5.docx
[2026-02-27T22:55:24.117+0000] {processor.py:842} WARNING - No viable dags retrieved from /opt/airflow/dags/Documentación y Presentación - Día 5.docx
[2026-02-27T22:55:24.153+0000] {processor.py:183} INFO - Processing /opt/airflow/dags/Documentación y Presentación - Día 5.docx took 0.076 seconds
[2026-02-27T22:55:54.608+0000] {processor.py:161} INFO - Started process (PID=89) to work on /opt/airflow/dags/Documentación y Presentación - Día 5.docx
[2026-02-27T22:55:54.610+0000] {processor.py:830} INFO - Processing file /opt/airflow/dags/Documentación y Presentación - Día 5.docx for tasks to queue
[2026-02-27T22:55:54.612+0000] {logging_mixin.py:188} INFO - [2026-02-27T22:55:54.611+0000] {dagbag.py:540} INFO - Filling up the DagBag from /opt/airflow/dags/Documentación y Presentación - Día 5.docx
[2026-02-27T22:55:54.630+0000] {processor.py:842} WARNING - No viable dags retrieved from /opt/airflow/dags/Documentación y Presentación - Día 5.docx
[2026-02-27T22:55:54.656+0000] {processor.py:183} INFO - Processing /opt/airflow/dags/Documentación y Presentación - Día 5.docx took 0.058 seconds
[2026-02-27T22:56:25.314+0000] {processor.py:161} INFO - Started process (PID=98) to work on /opt/airflow/dags/Documentación y Presentación - Día 5.docx
[2026-02-27T22:56:25.316+0000] {processor.py:830} INFO - Processing file /opt/airflow/dags/Documentación y Presentación - Día 5.docx for tasks to queue
[2026-02-27T22:56:25.317+0000] {logging_mixin.py:188} INFO - [2026-02-27T22:56:25.317+0000] {dagbag.py:540} INFO - Filling up the DagBag from /opt/airflow/dags/Documentación y Presentación - Día 5.docx
[2026-02-27T22:56:25.332+0000] {processor.py:842} WARNING - No viable dags retrieved from /opt/airflow/dags/Documentación y Presentación - Día 5.docx
[2026-02-27T22:56:25.355+0000] {processor.py:183} INFO - Processing /opt/airflow/dags/Documentación y Presentación - Día 5.docx took 0.049 seconds
[2026-02-27T22:56:56.098+0000] {processor.py:161} INFO - Started process (PID=107) to work on /opt/airflow/dags/Documentación y Presentación - Día 5.docx
[2026-02-27T22:56:56.102+0000] {processor.py:830} INFO - Processing file /opt/airflow/dags/Documentación y Presentación - Día 5.docx for tasks to queue
[2026-02-27T22:56:56.105+0000] {logging_mixin.py:188} INFO - [2026-02-27T22:56:56.104+0000] {dagbag.py:540} INFO - Filling up the DagBag from /opt/airflow/dags/Documentación y Presentación - Día 5.docx
[2026-02-27T22:56:56.128+0000] {processor.py:842} WARNING - No viable dags retrieved from /opt/airflow/dags/Documentación y Presentación - Día 5.docx
[2026-02-27T22:56:56.202+0000] {processor.py:183} INFO - Processing /opt/airflow/dags/Documentación y Presentación - Día 5.docx took 0.118 seconds
[2026-02-27T22:57:27.013+0000] {processor.py:161} INFO - Started process (PID=116) to work on /opt/airflow/dags/Documentación y Presentación - Día 5.docx
[2026-02-27T22:57:27.016+0000] {processor.py:830} INFO - Processing file /opt/airflow/dags/Documentación y Presentación - Día 5.docx for tasks to queue
[2026-02-27T22:57:27.018+0000] {logging_mixin.py:188} INFO - [2026-02-27T22:57:27.017+0000] {dagbag.py:540} INFO - Filling up the DagBag from /opt/airflow/dags/Documentación y Presentación - Día 5.docx
[2026-02-27T22:57:27.036+0000] {processor.py:842} WARNING - No viable dags retrieved from /opt/airflow/dags/Documentación y Presentación - Día 5.docx
[2026-02-27T22:57:27.063+0000] {processor.py:183} INFO - Processing /opt/airflow/dags/Documentación y Presentación - Día 5.docx took 0.060 seconds
[2026-02-27T22:57:57.217+0000] {processor.py:161} INFO - Started process (PID=125) to work on /opt/airflow/dags/Documentación y Presentación - Día 5.docx
[2026-02-27T22:57:57.219+0000] {processor.py:830} INFO - Processing file /opt/airflow/dags/Documentación y Presentación - Día 5.docx for tasks to queue
[2026-02-27T22:57:57.222+0000] {logging_mixin.py:188} INFO - [2026-02-27T22:57:57.221+0000] {dagbag.py:540} INFO - Filling up the DagBag from /opt/airflow/dags/Documentación y Presentación - Día 5.docx
[2026-02-27T22:57:57.246+0000] {processor.py:842} WARNING - No viable dags retrieved from /opt/airflow/dags/Documentación y Presentación - Día 5.docx
[2026-02-27T22:57:57.304+0000] {processor.py:183} INFO - Processing /opt/airflow/dags/Documentación y Presentación - Día 5.docx took 0.097 seconds
[2026-02-27T22:58:27.610+0000] {processor.py:161} INFO - Started process (PID=134) to work on /opt/airflow/dags/Documentación y Presentación - Día 5.docx
[2026-02-27T22:58:27.614+0000] {processor.py:830} INFO - Processing file /opt/airflow/dags/Documentación y Presentación - Día 5.docx for tasks to queue
[2026-02-27T22:58:27.617+0000] {logging_mixin.py:188} INFO - [2026-02-27T22:58:27.616+0000] {dagbag.py:540} INFO - Filling up the DagBag from /opt/airflow/dags/Documentación y Presentación - Día 5.docx
[2026-02-27T22:58:27.644+0000] {processor.py:842} WARNING - No viable dags retrieved from /opt/airflow/dags/Documentación y Presentación - Día 5.docx
[2026-02-27T22:58:27.741+0000] {processor.py:183} INFO - Processing /opt/airflow/dags/Documentación y Presentación - Día 5.docx took 0.158 seconds
[2026-02-27T22:58:58.222+0000] {processor.py:161} INFO - Started process (PID=143) to work on /opt/airflow/dags/Documentación y Presentación - Día 5.docx
[2026-02-27T22:58:58.224+0000] {processor.py:830} INFO - Processing file /opt/airflow/dags/Documentación y Presentación - Día 5.docx for tasks to queue
[2026-02-27T22:58:58.226+0000] {logging_mixin.py:188} INFO - [2026-02-27T22:58:58.225+0000] {dagbag.py:540} INFO - Filling up the DagBag from /opt/airflow/dags/Documentación y Presentación - Día 5.docx
[2026-02-27T22:58:58.243+0000] {processor.py:842} WARNING - No viable dags retrieved from /opt/airflow/dags/Documentación y Presentación - Día 5.docx
[2026-02-27T22:58:58.284+0000] {processor.py:183} INFO - Processing /opt/airflow/dags/Documentación y Presentación - Día 5.docx took 0.071 seconds
[2026-02-27T22:59:29.106+0000] {processor.py:161} INFO - Started process (PID=152) to work on /opt/airflow/dags/Documentación y Presentación - Día 5.docx
[2026-02-27T22:59:29.108+0000] {processor.py:830} INFO - Processing file /opt/airflow/dags/Documentación y Presentación - Día 5.docx for tasks to queue
[2026-02-27T22:59:29.110+0000] {logging_mixin.py:188} INFO - [2026-02-27T22:59:29.110+0000] {dagbag.py:540} INFO - Filling up the DagBag from /opt/airflow/dags/Documentación y Presentación - Día 5.docx
[2026-02-27T22:59:29.135+0000] {processor.py:842} WARNING - No viable dags retrieved from /opt/airflow/dags/Documentación y Presentación - Día 5.docx
[2026-02-27T22:59:29.162+0000] {processor.py:183} INFO - Processing /opt/airflow/dags/Documentación y Presentación - Día 5.docx took 0.065 seconds
[2026-02-27T22:59:59.734+0000] {processor.py:161} INFO - Started process (PID=161) to work on /opt/airflow/dags/Documentación y Presentación - Día 5.docx
[2026-02-27T22:59:59.737+0000] {processor.py:830} INFO - Processing file /opt/airflow/dags/Documentación y Presentación - Día 5.docx for tasks to queue
[2026-02-27T22:59:59.739+0000] {logging_mixin.py:188} INFO - [2026-02-27T22:59:59.738+0000] {dagbag.py:540} INFO - Filling up the DagBag from /opt/airflow/dags/Documentación y Presentación - Día 5.docx
[2026-02-27T22:59:59.759+0000] {processor.py:842} WARNING - No viable dags retrieved from /opt/airflow/dags/Documentación y Presentación - Día 5.docx
[2026-02-27T22:59:59.785+0000] {processor.py:183} INFO - Processing /opt/airflow/dags/Documentación y Presentación - Día 5.docx took 0.061 seconds
[2026-02-27T23:00:30.200+0000] {processor.py:161} INFO - Started process (PID=170) to work on /opt/airflow/dags/Documentación y Presentación - Día 5.docx
[2026-02-27T23:00:30.202+0000] {processor.py:830} INFO - Processing file /opt/airflow/dags/Documentación y Presentación - Día 5.docx for tasks to queue
[2026-02-27T23:00:30.206+0000] {logging_mixin.py:188} INFO - [2026-02-27T23:00:30.205+0000] {dagbag.py:540} INFO - Filling up the DagBag from /opt/airflow/dags/Documentación y Presentación - Día 5.docx
[2026-02-27T23:00:30.230+0000] {processor.py:842} WARNING - No viable dags retrieved from /opt/airflow/dags/Documentación y Presentación - Día 5.docx
[2026-02-27T23:00:30.261+0000] {processor.py:183} INFO - Processing /opt/airflow/dags/Documentación y Presentación - Día 5.docx took 0.070 seconds
[2026-02-27T23:01:00.678+0000] {processor.py:161} INFO - Started process (PID=179) to work on /opt/airflow/dags/Documentación y Presentación - Día 5.docx
[2026-02-27T23:01:00.680+0000] {processor.py:830} INFO - Processing file /opt/airflow/dags/Documentación y Presentación - Día 5.docx for tasks to queue
[2026-02-27T23:01:00.682+0000] {logging_mixin.py:188} INFO - [2026-02-27T23:01:00.681+0000] {dagbag.py:540} INFO - Filling up the DagBag from /opt/airflow/dags/Documentación y Presentación - Día 5.docx
[2026-02-27T23:01:00.704+0000] {processor.py:842} WARNING - No viable dags retrieved from /opt/airflow/dags/Documentación y Presentación - Día 5.docx
[2026-02-27T23:01:00.733+0000] {processor.py:183} INFO - Processing /opt/airflow/dags/Documentación y Presentación - Día 5.docx took 0.064 seconds
[2026-02-27T23:01:31.383+0000] {processor.py:161} INFO - Started process (PID=188) to work on /opt/airflow/dags/Documentación y Presentación - Día 5.docx
[2026-02-27T23:01:31.387+0000] {processor.py:830} INFO - Processing file /opt/airflow/dags/Documentación y Presentación - Día 5.docx for tasks to queue
[2026-02-27T23:01:31.389+0000] {logging_mixin.py:188} INFO - [2026-02-27T23:01:31.389+0000] {dagbag.py:540} INFO - Filling up the DagBag from /opt/airflow/dags/Documentación y Presentación - Día 5.docx
[2026-02-27T23:01:31.409+0000] {processor.py:842} WARNING - No viable dags retrieved from /opt/airflow/dags/Documentación y Presentación - Día 5.docx
[2026-02-27T23:01:31.446+0000] {processor.py:183} INFO - Processing /opt/airflow/dags/Documentación y Presentación - Día 5.docx took 0.074 seconds
[2026-02-27T23:02:01.860+0000] {processor.py:161} INFO - Started process (PID=197) to work on /opt/airflow/dags/Documentación y Presentación - Día 5.docx
[2026-02-27T23:02:01.862+0000] {processor.py:830} INFO - Processing file /opt/airflow/dags/Documentación y Presentación - Día 5.docx for tasks to queue
[2026-02-27T23:02:01.864+0000] {logging_mixin.py:188} INFO - [2026-02-27T23:02:01.863+0000] {dagbag.py:540} INFO - Filling up the DagBag from /opt/airflow/dags/Documentación y Presentación - Día 5.docx
[2026-02-27T23:02:01.880+0000] {processor.py:842} WARNING - No viable dags retrieved from /opt/airflow/dags/Documentación y Presentación - Día 5.docx
[2026-02-27T23:02:01.906+0000] {processor.py:183} INFO - Processing /opt/airflow/dags/Documentación y Presentación - Día 5.docx took 0.054 seconds
[2026-02-27T23:02:32.346+0000] {processor.py:161} INFO - Started process (PID=206) to work on /opt/airflow/dags/Documentación y Presentación - Día 5.docx
[2026-02-27T23:02:32.349+0000] {processor.py:830} INFO - Processing file /opt/airflow/dags/Documentación y Presentación - Día 5.docx for tasks to queue
[2026-02-27T23:02:32.352+0000] {logging_mixin.py:188} INFO - [2026-02-27T23:02:32.351+0000] {dagbag.py:540} INFO - Filling up the DagBag from /opt/airflow/dags/Documentación y Presentación - Día 5.docx
[2026-02-27T23:02:32.373+0000] {processor.py:842} WARNING - No viable dags retrieved from /opt/airflow/dags/Documentación y Presentación - Día 5.docx
[2026-02-27T23:02:32.407+0000] {processor.py:183} INFO - Processing /opt/airflow/dags/Documentación y Presentación - Día 5.docx took 0.071 seconds
[2026-02-27T23:03:02.912+0000] {processor.py:161} INFO - Started process (PID=215) to work on /opt/airflow/dags/Documentación y Presentación - Día 5.docx
[2026-02-27T23:03:02.915+0000] {processor.py:830} INFO - Processing file /opt/airflow/dags/Documentación y Presentación - Día 5.docx for tasks to queue
[2026-02-27T23:03:02.917+0000] {logging_mixin.py:188} INFO - [2026-02-27T23:03:02.916+0000] {dagbag.py:540} INFO - Filling up the DagBag from /opt/airflow/dags/Documentación y Presentación - Día 5.docx
[2026-02-27T23:03:02.938+0000] {processor.py:842} WARNING - No viable dags retrieved from /opt/airflow/dags/Documentación y Presentación - Día 5.docx
[2026-02-27T23:03:02.970+0000] {processor.py:183} INFO - Processing /opt/airflow/dags/Documentación y Presentación - Día 5.docx took 0.066 seconds
[2026-02-27T23:03:33.425+0000] {processor.py:161} INFO - Started process (PID=224) to work on /opt/airflow/dags/Documentación y Presentación - Día 5.docx
[2026-02-27T23:03:33.427+0000] {processor.py:830} INFO - Processing file /opt/airflow/dags/Documentación y Presentación - Día 5.docx for tasks to queue
[2026-02-27T23:03:33.428+0000] {logging_mixin.py:188} INFO - [2026-02-27T23:03:33.428+0000] {dagbag.py:540} INFO - Filling up the DagBag from /opt/airflow/dags/Documentación y Presentación - Día 5.docx
[2026-02-27T23:03:33.442+0000] {processor.py:842} WARNING - No viable dags retrieved from /opt/airflow/dags/Documentación y Presentación - Día 5.docx
[2026-02-27T23:03:33.468+0000] {processor.py:183} INFO - Processing /opt/airflow/dags/Documentación y Presentación - Día 5.docx took 0.053 seconds
[2026-02-27T23:04:03.826+0000] {processor.py:161} INFO - Started process (PID=233) to work on /opt/airflow/dags/Documentación y Presentación - Día 5.docx
[2026-02-27T23:04:03.828+0000] {processor.py:830} INFO - Processing file /opt/airflow/dags/Documentación y Presentación - Día 5.docx for tasks to queue
[2026-02-27T23:04:03.831+0000] {logging_mixin.py:188} INFO - [2026-02-27T23:04:03.830+0000] {dagbag.py:540} INFO - Filling up the DagBag from /opt/airflow/dags/Documentación y Presentación - Día 5.docx
[2026-02-27T23:04:03.849+0000] {processor.py:842} WARNING - No viable dags retrieved from /opt/airflow/dags/Documentación y Presentación - Día 5.docx
[2026-02-27T23:04:03.883+0000] {processor.py:183} INFO - Processing /opt/airflow/dags/Documentación y Presentación - Día 5.docx took 0.069 seconds
[2026-02-27T23:04:34.360+0000] {processor.py:161} INFO - Started process (PID=242) to work on /opt/airflow/dags/Documentación y Presentación - Día 5.docx
[2026-02-27T23:04:34.362+0000] {processor.py:830} INFO - Processing file /opt/airflow/dags/Documentación y Presentación - Día 5.docx for tasks to queue
[2026-02-27T23:04:34.364+0000] {logging_mixin.py:188} INFO - [2026-02-27T23:04:34.363+0000] {dagbag.py:540} INFO - Filling up the DagBag from /opt/airflow/dags/Documentación y Presentación - Día 5.docx
[2026-02-27T23:04:34.381+0000] {processor.py:842} WARNING - No viable dags retrieved from /opt/airflow/dags/Documentación y Presentación - Día 5.docx
[2026-02-27T23:04:34.419+0000] {processor.py:183} INFO - Processing /opt/airflow/dags/Documentación y Presentación - Día 5.docx took 0.070 seconds
[2026-02-27T23:05:04.750+0000] {processor.py:161} INFO - Started process (PID=251) to work on /opt/airflow/dags/Documentación y Presentación - Día 5.docx
[2026-02-27T23:05:04.752+0000] {processor.py:830} INFO - Processing file /opt/airflow/dags/Documentación y Presentación - Día 5.docx for tasks to queue
[2026-02-27T23:05:04.754+0000] {logging_mixin.py:188} INFO - [2026-02-27T23:05:04.753+0000] {dagbag.py:540} INFO - Filling up the DagBag from /opt/airflow/dags/Documentación y Presentación - Día 5.docx
[2026-02-27T23:05:04.771+0000] {processor.py:842} WARNING - No viable dags retrieved from /opt/airflow/dags/Documentación y Presentación - Día 5.docx
[2026-02-27T23:05:04.796+0000] {processor.py:183} INFO - Processing /opt/airflow/dags/Documentación y Presentación - Día 5.docx took 0.056 seconds
[2026-02-27T23:05:35.308+0000] {processor.py:161} INFO - Started process (PID=260) to work on /opt/airflow/dags/Documentación y Presentación - Día 5.docx
[2026-02-27T23:05:35.313+0000] {processor.py:830} INFO - Processing file /opt/airflow/dags/Documentación y Presentación - Día 5.docx for tasks to queue
[2026-02-27T23:05:35.317+0000] {logging_mixin.py:188} INFO - [2026-02-27T23:05:35.316+0000] {dagbag.py:540} INFO - Filling up the DagBag from /opt/airflow/dags/Documentación y Presentación - Día 5.docx
[2026-02-27T23:05:35.348+0000] {processor.py:842} WARNING - No viable dags retrieved from /opt/airflow/dags/Documentación y Presentación - Día 5.docx
[2026-02-27T23:05:35.384+0000] {processor.py:183} INFO - Processing /opt/airflow/dags/Documentación y Presentación - Día 5.docx took 0.094 seconds
[2026-02-27T23:06:06.168+0000] {processor.py:161} INFO - Started process (PID=269) to work on /opt/airflow/dags/Documentación y Presentación - Día 5.docx
[2026-02-27T23:06:06.173+0000] {processor.py:830} INFO - Processing file /opt/airflow/dags/Documentación y Presentación - Día 5.docx for tasks to queue
[2026-02-27T23:06:06.178+0000] {logging_mixin.py:188} INFO - [2026-02-27T23:06:06.176+0000] {dagbag.py:540} INFO - Filling up the DagBag from /opt/airflow/dags/Documentación y Presentación - Día 5.docx
[2026-02-27T23:06:06.232+0000] {processor.py:842} WARNING - No viable dags retrieved from /opt/airflow/dags/Documentación y Presentación - Día 5.docx
[2026-02-27T23:06:06.289+0000] {processor.py:183} INFO - Processing /opt/airflow/dags/Documentación y Presentación - Día 5.docx took 0.151 seconds
[2026-02-27T23:11:34.676+0000] {processor.py:161} INFO - Started process (PID=36) to work on /opt/airflow/dags/Documentación y Presentación - Día 5.docx
[2026-02-27T23:11:34.681+0000] {processor.py:830} INFO - Processing file /opt/airflow/dags/Documentación y Presentación - Día 5.docx for tasks to queue
[2026-02-27T23:11:34.690+0000] {logging_mixin.py:188} INFO - [2026-02-27T23:11:34.689+0000] {dagbag.py:540} INFO - Filling up the DagBag from /opt/airflow/dags/Documentación y Presentación - Día 5.docx
[2026-02-27T23:11:34.719+0000] {processor.py:842} WARNING - No viable dags retrieved from /opt/airflow/dags/Documentación y Presentación - Día 5.docx
[2026-02-27T23:11:34.770+0000] {processor.py:183} INFO - Processing /opt/airflow/dags/Documentación y Presentación - Día 5.docx took 0.120 seconds
[2026-02-27T23:12:05.437+0000] {processor.py:161} INFO - Started process (PID=44) to work on /opt/airflow/dags/Documentación y Presentación - Día 5.docx
[2026-02-27T23:12:05.440+0000] {processor.py:830} INFO - Processing file /opt/airflow/dags/Documentación y Presentación - Día 5.docx for tasks to queue
[2026-02-27T23:12:05.442+0000] {logging_mixin.py:188} INFO - [2026-02-27T23:12:05.441+0000] {dagbag.py:540} INFO - Filling up the DagBag from /opt/airflow/dags/Documentación y Presentación - Día 5.docx
[2026-02-27T23:12:05.469+0000] {processor.py:842} WARNING - No viable dags retrieved from /opt/airflow/dags/Documentación y Presentación - Día 5.docx
[2026-02-27T23:12:05.503+0000] {processor.py:183} INFO - Processing /opt/airflow/dags/Documentación y Presentación - Día 5.docx took 0.089 seconds
[2026-02-27T23:12:36.842+0000] {processor.py:161} INFO - Started process (PID=54) to work on /opt/airflow/dags/Documentación y Presentación - Día 5.docx
[2026-02-27T23:12:36.847+0000] {processor.py:830} INFO - Processing file /opt/airflow/dags/Documentación y Presentación - Día 5.docx for tasks to queue
[2026-02-27T23:12:36.855+0000] {logging_mixin.py:188} INFO - [2026-02-27T23:12:36.854+0000] {dagbag.py:540} INFO - Filling up the DagBag from /opt/airflow/dags/Documentación y Presentación - Día 5.docx
[2026-02-27T23:12:36.888+0000] {processor.py:842} WARNING - No viable dags retrieved from /opt/airflow/dags/Documentación y Presentación - Día 5.docx
[2026-02-27T23:12:36.921+0000] {processor.py:183} INFO - Processing /opt/airflow/dags/Documentación y Presentación - Día 5.docx took 0.097 seconds
[2026-02-27T23:13:07.654+0000] {processor.py:161} INFO - Started process (PID=63) to work on /opt/airflow/dags/Documentación y Presentación - Día 5.docx
[2026-02-27T23:13:07.656+0000] {processor.py:830} INFO - Processing file /opt/airflow/dags/Documentación y Presentación - Día 5.docx for tasks to queue
[2026-02-27T23:13:07.657+0000] {logging_mixin.py:188} INFO - [2026-02-27T23:13:07.657+0000] {dagbag.py:540} INFO - Filling up the DagBag from /opt/airflow/dags/Documentación y Presentación - Día 5.docx
[2026-02-27T23:13:07.676+0000] {processor.py:842} WARNING - No viable dags retrieved from /opt/airflow/dags/Documentación y Presentación - Día 5.docx
[2026-02-27T23:13:07.708+0000] {processor.py:183} INFO - Processing /opt/airflow/dags/Documentación y Presentación - Día 5.docx took 0.065 seconds
[2026-02-27T23:13:38.720+0000] {processor.py:161} INFO - Started process (PID=72) to work on /opt/airflow/dags/Documentación y Presentación - Día 5.docx
[2026-02-27T23:13:38.722+0000] {processor.py:830} INFO - Processing file /opt/airflow/dags/Documentación y Presentación - Día 5.docx for tasks to queue
[2026-02-27T23:13:38.724+0000] {logging_mixin.py:188} INFO - [2026-02-27T23:13:38.724+0000] {dagbag.py:540} INFO - Filling up the DagBag from /opt/airflow/dags/Documentación y Presentación - Día 5.docx
[2026-02-27T23:13:38.744+0000] {processor.py:842} WARNING - No viable dags retrieved from /opt/airflow/dags/Documentación y Presentación - Día 5.docx
[2026-02-27T23:13:38.772+0000] {processor.py:183} INFO - Processing /opt/airflow/dags/Documentación y Presentación - Día 5.docx took 0.063 seconds
[2026-02-27T23:14:09.649+0000] {processor.py:161} INFO - Started process (PID=81) to work on /opt/airflow/dags/Documentación y Presentación - Día 5.docx
[2026-02-27T23:14:09.651+0000] {processor.py:830} INFO - Processing file /opt/airflow/dags/Documentación y Presentación - Día 5.docx for tasks to queue
[2026-02-27T23:14:09.653+0000] {logging_mixin.py:188} INFO - [2026-02-27T23:14:09.652+0000] {dagbag.py:540} INFO - Filling up the DagBag from /opt/airflow/dags/Documentación y Presentación - Día 5.docx
[2026-02-27T23:14:09.673+0000] {processor.py:842} WARNING - No viable dags retrieved from /opt/airflow/dags/Documentación y Presentación - Día 5.docx
[2026-02-27T23:14:09.704+0000] {processor.py:183} INFO - Processing /opt/airflow/dags/Documentación y Presentación - Día 5.docx took 0.068 seconds
[2026-02-27T23:14:40.767+0000] {processor.py:161} INFO - Started process (PID=90) to work on /opt/airflow/dags/Documentación y Presentación - Día 5.docx
[2026-02-27T23:14:40.769+0000] {processor.py:830} INFO - Processing file /opt/airflow/dags/Documentación y Presentación - Día 5.docx for tasks to queue
[2026-02-27T23:14:40.771+0000] {logging_mixin.py:188} INFO - [2026-02-27T23:14:40.770+0000] {dagbag.py:540} INFO - Filling up the DagBag from /opt/airflow/dags/Documentación y Presentación - Día 5.docx
[2026-02-27T23:14:40.788+0000] {processor.py:842} WARNING - No viable dags retrieved from /opt/airflow/dags/Documentación y Presentación - Día 5.docx
[2026-02-27T23:14:40.816+0000] {processor.py:183} INFO - Processing /opt/airflow/dags/Documentación y Presentación - Día 5.docx took 0.063 seconds
[2026-02-27T23:15:11.398+0000] {processor.py:161} INFO - Started process (PID=99) to work on /opt/airflow/dags/Documentación y Presentación - Día 5.docx
[2026-02-27T23:15:11.400+0000] {processor.py:830} INFO - Processing file /opt/airflow/dags/Documentación y Presentación - Día 5.docx for tasks to queue
[2026-02-27T23:15:11.402+0000] {logging_mixin.py:188} INFO - [2026-02-27T23:15:11.401+0000] {dagbag.py:540} INFO - Filling up the DagBag from /opt/airflow/dags/Documentación y Presentación - Día 5.docx
[2026-02-27T23:15:11.418+0000] {processor.py:842} WARNING - No viable dags retrieved from /opt/airflow/dags/Documentación y Presentación - Día 5.docx
[2026-02-27T23:15:11.442+0000] {processor.py:183} INFO - Processing /opt/airflow/dags/Documentación y Presentación - Día 5.docx took 0.057 seconds
[2026-02-27T23:15:42.479+0000] {processor.py:161} INFO - Started process (PID=112) to work on /opt/airflow/dags/Documentación y Presentación - Día 5.docx
[2026-02-27T23:15:42.481+0000] {processor.py:830} INFO - Processing file /opt/airflow/dags/Documentación y Presentación - Día 5.docx for tasks to queue
[2026-02-27T23:15:42.484+0000] {logging_mixin.py:188} INFO - [2026-02-27T23:15:42.483+0000] {dagbag.py:540} INFO - Filling up the DagBag from /opt/airflow/dags/Documentación y Presentación - Día 5.docx
[2026-02-27T23:15:42.505+0000] {processor.py:842} WARNING - No viable dags retrieved from /opt/airflow/dags/Documentación y Presentación - Día 5.docx
[2026-02-27T23:15:42.543+0000] {processor.py:183} INFO - Processing /opt/airflow/dags/Documentación y Presentación - Día 5.docx took 0.078 seconds
[2026-02-27T23:16:12.791+0000] {processor.py:161} INFO - Started process (PID=125) to work on /opt/airflow/dags/Documentación y Presentación - Día 5.docx
[2026-02-27T23:16:12.793+0000] {processor.py:830} INFO - Processing file /opt/airflow/dags/Documentación y Presentación - Día 5.docx for tasks to queue
[2026-02-27T23:16:12.795+0000] {logging_mixin.py:188} INFO - [2026-02-27T23:16:12.794+0000] {dagbag.py:540} INFO - Filling up the DagBag from /opt/airflow/dags/Documentación y Presentación - Día 5.docx
[2026-02-27T23:16:12.806+0000] {processor.py:842} WARNING - No viable dags retrieved from /opt/airflow/dags/Documentación y Presentación - Día 5.docx
[2026-02-27T23:16:12.836+0000] {processor.py:183} INFO - Processing /opt/airflow/dags/Documentación y Presentación - Día 5.docx took 0.060 seconds
[2026-02-27T23:16:43.964+0000] {processor.py:161} INFO - Started process (PID=134) to work on /opt/airflow/dags/Documentación y Presentación - Día 5.docx
[2026-02-27T23:16:43.966+0000] {processor.py:830} INFO - Processing file /opt/airflow/dags/Documentación y Presentación - Día 5.docx for tasks to queue
[2026-02-27T23:16:43.971+0000] {logging_mixin.py:188} INFO - [2026-02-27T23:16:43.970+0000] {dagbag.py:540} INFO - Filling up the DagBag from /opt/airflow/dags/Documentación y Presentación - Día 5.docx
[2026-02-27T23:16:43.996+0000] {processor.py:842} WARNING - No viable dags retrieved from /opt/airflow/dags/Documentación y Presentación - Día 5.docx
[2026-02-27T23:16:44.046+0000] {processor.py:183} INFO - Processing /opt/airflow/dags/Documentación y Presentación - Día 5.docx took 0.092 seconds
[2026-02-27T23:17:14.790+0000] {processor.py:161} INFO - Started process (PID=143) to work on /opt/airflow/dags/Documentación y Presentación - Día 5.docx
[2026-02-27T23:17:14.792+0000] {processor.py:830} INFO - Processing file /opt/airflow/dags/Documentación y Presentación - Día 5.docx for tasks to queue
[2026-02-27T23:17:14.794+0000] {logging_mixin.py:188} INFO - [2026-02-27T23:17:14.794+0000] {dagbag.py:540} INFO - Filling up the DagBag from /opt/airflow/dags/Documentación y Presentación - Día 5.docx
[2026-02-27T23:17:14.814+0000] {processor.py:842} WARNING - No viable dags retrieved from /opt/airflow/dags/Documentación y Presentación - Día 5.docx
[2026-02-27T23:17:14.848+0000] {processor.py:183} INFO - Processing /opt/airflow/dags/Documentación y Presentación - Día 5.docx took 0.073 seconds
[2026-02-27T23:17:45.768+0000] {processor.py:161} INFO - Started process (PID=152) to work on /opt/airflow/dags/Documentación y Presentación - Día 5.docx
[2026-02-27T23:17:45.770+0000] {processor.py:830} INFO - Processing file /opt/airflow/dags/Documentación y Presentación - Día 5.docx for tasks to queue
[2026-02-27T23:17:45.772+0000] {logging_mixin.py:188} INFO - [2026-02-27T23:17:45.771+0000] {dagbag.py:540} INFO - Filling up the DagBag from /opt/airflow/dags/Documentación y Presentación - Día 5.docx
[2026-02-27T23:17:45.791+0000] {processor.py:842} WARNING - No viable dags retrieved from /opt/airflow/dags/Documentación y Presentación - Día 5.docx
[2026-02-27T23:17:45.826+0000] {processor.py:183} INFO - Processing /opt/airflow/dags/Documentación y Presentación - Día 5.docx took 0.070 seconds
[2026-02-27T23:18:16.477+0000] {processor.py:161} INFO - Started process (PID=161) to work on /opt/airflow/dags/Documentación y Presentación - Día 5.docx
[2026-02-27T23:18:16.479+0000] {processor.py:830} INFO - Processing file /opt/airflow/dags/Documentación y Presentación - Día 5.docx for tasks to queue
[2026-02-27T23:18:16.481+0000] {logging_mixin.py:188} INFO - [2026-02-27T23:18:16.480+0000] {dagbag.py:540} INFO - Filling up the DagBag from /opt/airflow/dags/Documentación y Presentación - Día 5.docx
[2026-02-27T23:18:16.495+0000] {processor.py:842} WARNING - No viable dags retrieved from /opt/airflow/dags/Documentación y Presentación - Día 5.docx
[2026-02-27T23:18:16.526+0000] {processor.py:183} INFO - Processing /opt/airflow/dags/Documentación y Presentación - Día 5.docx took 0.064 seconds
[2026-02-27T23:18:47.568+0000] {processor.py:161} INFO - Started process (PID=170) to work on /opt/airflow/dags/Documentación y Presentación - Día 5.docx
[2026-02-27T23:18:47.570+0000] {processor.py:830} INFO - Processing file /opt/airflow/dags/Documentación y Presentación - Día 5.docx for tasks to queue
[2026-02-27T23:18:47.575+0000] {logging_mixin.py:188} INFO - [2026-02-27T23:18:47.574+0000] {dagbag.py:540} INFO - Filling up the DagBag from /opt/airflow/dags/Documentación y Presentación - Día 5.docx
[2026-02-27T23:18:47.595+0000] {processor.py:842} WARNING - No viable dags retrieved from /opt/airflow/dags/Documentación y Presentación - Día 5.docx
[2026-02-27T23:18:47.633+0000] {processor.py:183} INFO - Processing /opt/airflow/dags/Documentación y Presentación - Día 5.docx took 0.080 seconds
[2026-02-27T23:19:18.530+0000] {processor.py:161} INFO - Started process (PID=179) to work on /opt/airflow/dags/Documentación y Presentación - Día 5.docx
[2026-02-27T23:19:18.532+0000] {processor.py:830} INFO - Processing file /opt/airflow/dags/Documentación y Presentación - Día 5.docx for tasks to queue
[2026-02-27T23:19:18.533+0000] {logging_mixin.py:188} INFO - [2026-02-27T23:19:18.533+0000] {dagbag.py:540} INFO - Filling up the DagBag from /opt/airflow/dags/Documentación y Presentación - Día 5.docx
[2026-02-27T23:19:18.544+0000] {processor.py:842} WARNING - No viable dags retrieved from /opt/airflow/dags/Documentación y Presentación - Día 5.docx
[2026-02-27T23:19:18.573+0000] {processor.py:183} INFO - Processing /opt/airflow/dags/Documentación y Presentación - Día 5.docx took 0.052 seconds
[2026-02-27T23:19:49.303+0000] {processor.py:161} INFO - Started process (PID=188) to work on /opt/airflow/dags/Documentación y Presentación - Día 5.docx
[2026-02-27T23:19:49.305+0000] {processor.py:830} INFO - Processing file /opt/airflow/dags/Documentación y Presentación - Día 5.docx for tasks to queue
[2026-02-27T23:19:49.306+0000] {logging_mixin.py:188} INFO - [2026-02-27T23:19:49.306+0000] {dagbag.py:540} INFO - Filling up the DagBag from /opt/airflow/dags/Documentación y Presentación - Día 5.docx
[2026-02-27T23:19:49.322+0000] {processor.py:842} WARNING - No viable dags retrieved from /opt/airflow/dags/Documentación y Presentación - Día 5.docx
[2026-02-27T23:19:49.344+0000] {processor.py:183} INFO - Processing /opt/airflow/dags/Documentación y Presentación - Día 5.docx took 0.052 seconds
[2026-02-27T23:20:20.123+0000] {processor.py:161} INFO - Started process (PID=197) to work on /opt/airflow/dags/Documentación y Presentación - Día 5.docx
[2026-02-27T23:20:20.126+0000] {processor.py:830} INFO - Processing file /opt/airflow/dags/Documentación y Presentación - Día 5.docx for tasks to queue
[2026-02-27T23:20:20.129+0000] {logging_mixin.py:188} INFO - [2026-02-27T23:20:20.128+0000] {dagbag.py:540} INFO - Filling up the DagBag from /opt/airflow/dags/Documentación y Presentación - Día 5.docx
[2026-02-27T23:20:20.159+0000] {processor.py:842} WARNING - No viable dags retrieved from /opt/airflow/dags/Documentación y Presentación - Día 5.docx
[2026-02-27T23:20:20.187+0000] {processor.py:183} INFO - Processing /opt/airflow/dags/Documentación y Presentación - Día 5.docx took 0.079 seconds
[2026-02-27T23:20:50.813+0000] {processor.py:161} INFO - Started process (PID=206) to work on /opt/airflow/dags/Documentación y Presentación - Día 5.docx
[2026-02-27T23:20:50.816+0000] {processor.py:830} INFO - Processing file /opt/airflow/dags/Documentación y Presentación - Día 5.docx for tasks to queue
[2026-02-27T23:20:50.817+0000] {logging_mixin.py:188} INFO - [2026-02-27T23:20:50.817+0000] {dagbag.py:540} INFO - Filling up the DagBag from /opt/airflow/dags/Documentación y Presentación - Día 5.docx
[2026-02-27T23:20:50.830+0000] {processor.py:842} WARNING - No viable dags retrieved from /opt/airflow/dags/Documentación y Presentación - Día 5.docx
[2026-02-27T23:20:50.856+0000] {processor.py:183} INFO - Processing /opt/airflow/dags/Documentación y Presentación - Día 5.docx took 0.057 seconds
[2026-02-27T23:21:21.770+0000] {processor.py:161} INFO - Started process (PID=215) to work on /opt/airflow/dags/Documentación y Presentación - Día 5.docx
[2026-02-27T23:21:21.774+0000] {processor.py:830} INFO - Processing file /opt/airflow/dags/Documentación y Presentación - Día 5.docx for tasks to queue
[2026-02-27T23:21:21.779+0000] {logging_mixin.py:188} INFO - [2026-02-27T23:21:21.777+0000] {dagbag.py:540} INFO - Filling up the DagBag from /opt/airflow/dags/Documentación y Presentación - Día 5.docx
[2026-02-27T23:21:21.819+0000] {processor.py:842} WARNING - No viable dags retrieved from /opt/airflow/dags/Documentación y Presentación - Día 5.docx
[2026-02-27T23:21:21.858+0000] {processor.py:183} INFO - Processing /opt/airflow/dags/Documentación y Presentación - Día 5.docx took 0.112 seconds
[2026-02-27T23:21:52.203+0000] {processor.py:161} INFO - Started process (PID=223) to work on /opt/airflow/dags/Documentación y Presentación - Día 5.docx
[2026-02-27T23:21:52.205+0000] {processor.py:830} INFO - Processing file /opt/airflow/dags/Documentación y Presentación - Día 5.docx for tasks to queue
[2026-02-27T23:21:52.206+0000] {logging_mixin.py:188} INFO - [2026-02-27T23:21:52.206+0000] {dagbag.py:540} INFO - Filling up the DagBag from /opt/airflow/dags/Documentación y Presentación - Día 5.docx
[2026-02-27T23:21:52.224+0000] {processor.py:842} WARNING - No viable dags retrieved from /opt/airflow/dags/Documentación y Presentación - Día 5.docx
[2026-02-27T23:21:52.245+0000] {processor.py:183} INFO - Processing /opt/airflow/dags/Documentación y Presentación - Día 5.docx took 0.052 seconds
[2026-02-27T23:22:23.345+0000] {processor.py:161} INFO - Started process (PID=233) to work on /opt/airflow/dags/Documentación y Presentación - Día 5.docx
[2026-02-27T23:22:23.347+0000] {processor.py:830} INFO - Processing file /opt/airflow/dags/Documentación y Presentación - Día 5.docx for tasks to queue
[2026-02-27T23:22:23.348+0000] {logging_mixin.py:188} INFO - [2026-02-27T23:22:23.348+0000] {dagbag.py:540} INFO - Filling up the DagBag from /opt/airflow/dags/Documentación y Presentación - Día 5.docx
[2026-02-27T23:22:23.364+0000] {processor.py:842} WARNING - No viable dags retrieved from /opt/airflow/dags/Documentación y Presentación - Día 5.docx
[2026-02-27T23:22:23.387+0000] {processor.py:183} INFO - Processing /opt/airflow/dags/Documentación y Presentación - Día 5.docx took 0.053 seconds
[2026-02-27T23:22:53.945+0000] {processor.py:161} INFO - Started process (PID=242) to work on /opt/airflow/dags/Documentación y Presentación - Día 5.docx
[2026-02-27T23:22:53.948+0000] {processor.py:830} INFO - Processing file /opt/airflow/dags/Documentación y Presentación - Día 5.docx for tasks to queue
[2026-02-27T23:22:53.950+0000] {logging_mixin.py:188} INFO - [2026-02-27T23:22:53.949+0000] {dagbag.py:540} INFO - Filling up the DagBag from /opt/airflow/dags/Documentación y Presentación - Día 5.docx
[2026-02-27T23:22:53.967+0000] {processor.py:842} WARNING - No viable dags retrieved from /opt/airflow/dags/Documentación y Presentación - Día 5.docx
[2026-02-27T23:22:53.992+0000] {processor.py:183} INFO - Processing /opt/airflow/dags/Documentación y Presentación - Día 5.docx took 0.058 seconds
[2026-02-27T23:23:24.615+0000] {processor.py:161} INFO - Started process (PID=251) to work on /opt/airflow/dags/Documentación y Presentación - Día 5.docx
[2026-02-27T23:23:24.616+0000] {processor.py:830} INFO - Processing file /opt/airflow/dags/Documentación y Presentación - Día 5.docx for tasks to queue
[2026-02-27T23:23:24.618+0000] {logging_mixin.py:188} INFO - [2026-02-27T23:23:24.617+0000] {dagbag.py:540} INFO - Filling up the DagBag from /opt/airflow/dags/Documentación y Presentación - Día 5.docx
[2026-02-27T23:23:24.636+0000] {processor.py:842} WARNING - No viable dags retrieved from /opt/airflow/dags/Documentación y Presentación - Día 5.docx
[2026-02-27T23:23:24.664+0000] {processor.py:183} INFO - Processing /opt/airflow/dags/Documentación y Presentación - Día 5.docx took 0.060 seconds
[2026-02-27T23:23:55.349+0000] {processor.py:161} INFO - Started process (PID=260) to work on /opt/airflow/dags/Documentación y Presentación - Día 5.docx
[2026-02-27T23:23:55.351+0000] {processor.py:830} INFO - Processing file /opt/airflow/dags/Documentación y Presentación - Día 5.docx for tasks to queue
[2026-02-27T23:23:55.353+0000] {logging_mixin.py:188} INFO - [2026-02-27T23:23:55.352+0000] {dagbag.py:540} INFO - Filling up the DagBag from /opt/airflow/dags/Documentación y Presentación - Día 5.docx
[2026-02-27T23:23:55.378+0000] {processor.py:842} WARNING - No viable dags retrieved from /opt/airflow/dags/Documentación y Presentación - Día 5.docx
[2026-02-27T23:23:55.430+0000] {processor.py:183} INFO - Processing /opt/airflow/dags/Documentación y Presentación - Día 5.docx took 0.096 seconds
[2026-02-27T23:24:26.131+0000] {processor.py:161} INFO - Started process (PID=269) to work on /opt/airflow/dags/Documentación y Presentación - Día 5.docx
[2026-02-27T23:24:26.133+0000] {processor.py:830} INFO - Processing file /opt/airflow/dags/Documentación y Presentación - Día 5.docx for tasks to queue
[2026-02-27T23:24:26.135+0000] {logging_mixin.py:188} INFO - [2026-02-27T23:24:26.134+0000] {dagbag.py:540} INFO - Filling up the DagBag from /opt/airflow/dags/Documentación y Presentación - Día 5.docx
[2026-02-27T23:24:26.152+0000] {processor.py:842} WARNING - No viable dags retrieved from /opt/airflow/dags/Documentación y Presentación - Día 5.docx
[2026-02-27T23:24:26.176+0000] {processor.py:183} INFO - Processing /opt/airflow/dags/Documentación y Presentación - Día 5.docx took 0.054 seconds
[2026-02-27T23:24:57.302+0000] {processor.py:161} INFO - Started process (PID=278) to work on /opt/airflow/dags/Documentación y Presentación - Día 5.docx
[2026-02-27T23:24:57.304+0000] {processor.py:830} INFO - Processing file /opt/airflow/dags/Documentación y Presentación - Día 5.docx for tasks to queue
[2026-02-27T23:24:57.306+0000] {logging_mixin.py:188} INFO - [2026-02-27T23:24:57.305+0000] {dagbag.py:540} INFO - Filling up the DagBag from /opt/airflow/dags/Documentación y Presentación - Día 5.docx
[2026-02-27T23:24:57.324+0000] {processor.py:842} WARNING - No viable dags retrieved from /opt/airflow/dags/Documentación y Presentación - Día 5.docx
[2026-02-27T23:24:57.350+0000] {processor.py:183} INFO - Processing /opt/airflow/dags/Documentación y Presentación - Día 5.docx took 0.059 seconds
[2026-02-27T23:25:28.271+0000] {processor.py:161} INFO - Started process (PID=287) to work on /opt/airflow/dags/Documentación y Presentación - Día 5.docx
[2026-02-27T23:25:28.273+0000] {processor.py:830} INFO - Processing file /opt/airflow/dags/Documentación y Presentación - Día 5.docx for tasks to queue
[2026-02-27T23:25:28.275+0000] {logging_mixin.py:188} INFO - [2026-02-27T23:25:28.275+0000] {dagbag.py:540} INFO - Filling up the DagBag from /opt/airflow/dags/Documentación y Presentación - Día 5.docx
[2026-02-27T23:25:28.295+0000] {processor.py:842} WARNING - No viable dags retrieved from /opt/airflow/dags/Documentación y Presentación - Día 5.docx
[2026-02-27T23:25:28.328+0000] {processor.py:183} INFO - Processing /opt/airflow/dags/Documentación y Presentación - Día 5.docx took 0.072 seconds
[2026-02-27T23:25:58.830+0000] {processor.py:161} INFO - Started process (PID=296) to work on /opt/airflow/dags/Documentación y Presentación - Día 5.docx
[2026-02-27T23:25:58.832+0000] {processor.py:830} INFO - Processing file /opt/airflow/dags/Documentación y Presentación - Día 5.docx for tasks to queue
[2026-02-27T23:25:58.833+0000] {logging_mixin.py:188} INFO - [2026-02-27T23:25:58.833+0000] {dagbag.py:540} INFO - Filling up the DagBag from /opt/airflow/dags/Documentación y Presentación - Día 5.docx
[2026-02-27T23:25:58.847+0000] {processor.py:842} WARNING - No viable dags retrieved from /opt/airflow/dags/Documentación y Presentación - Día 5.docx
[2026-02-27T23:25:58.873+0000] {processor.py:183} INFO - Processing /opt/airflow/dags/Documentación y Presentación - Día 5.docx took 0.053 seconds
[2026-02-27T23:26:30.041+0000] {processor.py:161} INFO - Started process (PID=305) to work on /opt/airflow/dags/Documentación y Presentación - Día 5.docx
[2026-02-27T23:26:30.043+0000] {processor.py:830} INFO - Processing file /opt/airflow/dags/Documentación y Presentación - Día 5.docx for tasks to queue
[2026-02-27T23:26:30.045+0000] {logging_mixin.py:188} INFO - [2026-02-27T23:26:30.045+0000] {dagbag.py:540} INFO - Filling up the DagBag from /opt/airflow/dags/Documentación y Presentación - Día 5.docx
[2026-02-27T23:26:30.077+0000] {processor.py:842} WARNING - No viable dags retrieved from /opt/airflow/dags/Documentación y Presentación - Día 5.docx
[2026-02-27T23:26:30.115+0000] {processor.py:183} INFO - Processing /opt/airflow/dags/Documentación y Presentación - Día 5.docx took 0.090 seconds
[2026-02-27T23:27:00.665+0000] {processor.py:161} INFO - Started process (PID=315) to work on /opt/airflow/dags/Documentación y Presentación - Día 5.docx
[2026-02-27T23:27:00.669+0000] {processor.py:830} INFO - Processing file /opt/airflow/dags/Documentación y Presentación - Día 5.docx for tasks to queue
[2026-02-27T23:27:00.671+0000] {logging_mixin.py:188} INFO - [2026-02-27T23:27:00.670+0000] {dagbag.py:540} INFO - Filling up the DagBag from /opt/airflow/dags/Documentación y Presentación - Día 5.docx
[2026-02-27T23:27:00.695+0000] {processor.py:842} WARNING - No viable dags retrieved from /opt/airflow/dags/Documentación y Presentación - Día 5.docx
[2026-02-27T23:27:00.725+0000] {processor.py:183} INFO - Processing /opt/airflow/dags/Documentación y Presentación - Día 5.docx took 0.077 seconds
[2026-02-27T23:27:31.730+0000] {processor.py:161} INFO - Started process (PID=324) to work on /opt/airflow/dags/Documentación y Presentación - Día 5.docx
[2026-02-27T23:27:31.733+0000] {processor.py:830} INFO - Processing file /opt/airflow/dags/Documentación y Presentación - Día 5.docx for tasks to queue
[2026-02-27T23:27:31.738+0000] {logging_mixin.py:188} INFO - [2026-02-27T23:27:31.737+0000] {dagbag.py:540} INFO - Filling up the DagBag from /opt/airflow/dags/Documentación y Presentación - Día 5.docx
[2026-02-27T23:27:31.769+0000] {processor.py:842} WARNING - No viable dags retrieved from /opt/airflow/dags/Documentación y Presentación - Día 5.docx
[2026-02-27T23:27:31.799+0000] {processor.py:183} INFO - Processing /opt/airflow/dags/Documentación y Presentación - Día 5.docx took 0.087 seconds
[2026-02-27T23:28:02.745+0000] {processor.py:161} INFO - Started process (PID=333) to work on /opt/airflow/dags/Documentación y Presentación - Día 5.docx
[2026-02-27T23:28:02.747+0000] {processor.py:830} INFO - Processing file /opt/airflow/dags/Documentación y Presentación - Día 5.docx for tasks to queue
[2026-02-27T23:28:02.749+0000] {logging_mixin.py:188} INFO - [2026-02-27T23:28:02.749+0000] {dagbag.py:540} INFO - Filling up the DagBag from /opt/airflow/dags/Documentación y Presentación - Día 5.docx
[2026-02-27T23:28:02.770+0000] {processor.py:842} WARNING - No viable dags retrieved from /opt/airflow/dags/Documentación y Presentación - Día 5.docx
[2026-02-27T23:28:02.799+0000] {processor.py:183} INFO - Processing /opt/airflow/dags/Documentación y Presentación - Día 5.docx took 0.065 seconds
[2026-02-27T23:28:33.602+0000] {processor.py:161} INFO - Started process (PID=342) to work on /opt/airflow/dags/Documentación y Presentación - Día 5.docx
[2026-02-27T23:28:33.604+0000] {processor.py:830} INFO - Processing file /opt/airflow/dags/Documentación y Presentación - Día 5.docx for tasks to queue
[2026-02-27T23:28:33.606+0000] {logging_mixin.py:188} INFO - [2026-02-27T23:28:33.605+0000] {dagbag.py:540} INFO - Filling up the DagBag from /opt/airflow/dags/Documentación y Presentación - Día 5.docx
[2026-02-27T23:28:33.623+0000] {processor.py:842} WARNING - No viable dags retrieved from /opt/airflow/dags/Documentación y Presentación - Día 5.docx
[2026-02-27T23:28:33.647+0000] {processor.py:183} INFO - Processing /opt/airflow/dags/Documentación y Presentación - Día 5.docx took 0.056 seconds
[2026-02-27T23:29:04.347+0000] {processor.py:161} INFO - Started process (PID=351) to work on /opt/airflow/dags/Documentación y Presentación - Día 5.docx
[2026-02-27T23:29:04.349+0000] {processor.py:830} INFO - Processing file /opt/airflow/dags/Documentación y Presentación - Día 5.docx for tasks to queue
[2026-02-27T23:29:04.351+0000] {logging_mixin.py:188} INFO - [2026-02-27T23:29:04.350+0000] {dagbag.py:540} INFO - Filling up the DagBag from /opt/airflow/dags/Documentación y Presentación - Día 5.docx
[2026-02-27T23:29:04.369+0000] {processor.py:842} WARNING - No viable dags retrieved from /opt/airflow/dags/Documentación y Presentación - Día 5.docx
[2026-02-27T23:29:04.401+0000] {processor.py:183} INFO - Processing /opt/airflow/dags/Documentación y Presentación - Día 5.docx took 0.066 seconds
[2026-02-27T23:29:34.951+0000] {processor.py:161} INFO - Started process (PID=360) to work on /opt/airflow/dags/Documentación y Presentación - Día 5.docx
[2026-02-27T23:29:34.953+0000] {processor.py:830} INFO - Processing file /opt/airflow/dags/Documentación y Presentación - Día 5.docx for tasks to queue
[2026-02-27T23:29:34.955+0000] {logging_mixin.py:188} INFO - [2026-02-27T23:29:34.954+0000] {dagbag.py:540} INFO - Filling up the DagBag from /opt/airflow/dags/Documentación y Presentación - Día 5.docx
[2026-02-27T23:29:34.972+0000] {processor.py:842} WARNING - No viable dags retrieved from /opt/airflow/dags/Documentación y Presentación - Día 5.docx
[2026-02-27T23:29:35.000+0000] {processor.py:183} INFO - Processing /opt/airflow/dags/Documentación y Presentación - Día 5.docx took 0.060 seconds
[2026-02-27T23:30:06.097+0000] {processor.py:161} INFO - Started process (PID=369) to work on /opt/airflow/dags/Documentación y Presentación - Día 5.docx
[2026-02-27T23:30:06.099+0000] {processor.py:830} INFO - Processing file /opt/airflow/dags/Documentación y Presentación - Día 5.docx for tasks to queue
[2026-02-27T23:30:06.101+0000] {logging_mixin.py:188} INFO - [2026-02-27T23:30:06.100+0000] {dagbag.py:540} INFO - Filling up the DagBag from /opt/airflow/dags/Documentación y Presentación - Día 5.docx
[2026-02-27T23:30:06.121+0000] {processor.py:842} WARNING - No viable dags retrieved from /opt/airflow/dags/Documentación y Presentación - Día 5.docx
[2026-02-27T23:30:06.144+0000] {processor.py:183} INFO - Processing /opt/airflow/dags/Documentación y Presentación - Día 5.docx took 0.058 seconds
[2026-02-27T23:30:36.738+0000] {processor.py:161} INFO - Started process (PID=378) to work on /opt/airflow/dags/Documentación y Presentación - Día 5.docx
[2026-02-27T23:30:36.740+0000] {processor.py:830} INFO - Processing file /opt/airflow/dags/Documentación y Presentación - Día 5.docx for tasks to queue
[2026-02-27T23:30:36.743+0000] {logging_mixin.py:188} INFO - [2026-02-27T23:30:36.742+0000] {dagbag.py:540} INFO - Filling up the DagBag from /opt/airflow/dags/Documentación y Presentación - Día 5.docx
[2026-02-27T23:30:36.763+0000] {processor.py:842} WARNING - No viable dags retrieved from /opt/airflow/dags/Documentación y Presentación - Día 5.docx
[2026-02-27T23:30:36.791+0000] {processor.py:183} INFO - Processing /opt/airflow/dags/Documentación y Presentación - Día 5.docx took 0.063 seconds
[2026-02-27T23:31:07.364+0000] {processor.py:161} INFO - Started process (PID=387) to work on /opt/airflow/dags/Documentación y Presentación - Día 5.docx
[2026-02-27T23:31:07.366+0000] {processor.py:830} INFO - Processing file /opt/airflow/dags/Documentación y Presentación - Día 5.docx for tasks to queue
[2026-02-27T23:31:07.368+0000] {logging_mixin.py:188} INFO - [2026-02-27T23:31:07.367+0000] {dagbag.py:540} INFO - Filling up the DagBag from /opt/airflow/dags/Documentación y Presentación - Día 5.docx
[2026-02-27T23:31:07.385+0000] {processor.py:842} WARNING - No viable dags retrieved from /opt/airflow/dags/Documentación y Presentación - Día 5.docx
[2026-02-27T23:31:07.421+0000] {processor.py:183} INFO - Processing /opt/airflow/dags/Documentación y Presentación - Día 5.docx took 0.068 seconds
[2026-02-27T23:31:38.491+0000] {processor.py:161} INFO - Started process (PID=396) to work on /opt/airflow/dags/Documentación y Presentación - Día 5.docx
[2026-02-27T23:31:38.493+0000] {processor.py:830} INFO - Processing file /opt/airflow/dags/Documentación y Presentación - Día 5.docx for tasks to queue
[2026-02-27T23:31:38.495+0000] {logging_mixin.py:188} INFO - [2026-02-27T23:31:38.494+0000] {dagbag.py:540} INFO - Filling up the DagBag from /opt/airflow/dags/Documentación y Presentación - Día 5.docx
[2026-02-27T23:31:38.514+0000] {processor.py:842} WARNING - No viable dags retrieved from /opt/airflow/dags/Documentación y Presentación - Día 5.docx
[2026-02-27T23:31:38.539+0000] {processor.py:183} INFO - Processing /opt/airflow/dags/Documentación y Presentación - Día 5.docx took 0.059 seconds
[2026-02-27T23:32:10.289+0000] {processor.py:161} INFO - Started process (PID=405) to work on /opt/airflow/dags/Documentación y Presentación - Día 5.docx
[2026-02-27T23:32:10.291+0000] {processor.py:830} INFO - Processing file /opt/airflow/dags/Documentación y Presentación - Día 5.docx for tasks to queue
[2026-02-27T23:32:10.294+0000] {logging_mixin.py:188} INFO - [2026-02-27T23:32:10.294+0000] {dagbag.py:540} INFO - Filling up the DagBag from /opt/airflow/dags/Documentación y Presentación - Día 5.docx
[2026-02-27T23:32:10.376+0000] {processor.py:842} WARNING - No viable dags retrieved from /opt/airflow/dags/Documentación y Presentación - Día 5.docx
[2026-02-27T23:32:10.409+0000] {processor.py:183} INFO - Processing /opt/airflow/dags/Documentación y Presentación - Día 5.docx took 0.131 seconds
[2026-02-27T23:32:41.270+0000] {processor.py:161} INFO - Started process (PID=414) to work on /opt/airflow/dags/Documentación y Presentación - Día 5.docx
[2026-02-27T23:32:41.272+0000] {processor.py:830} INFO - Processing file /opt/airflow/dags/Documentación y Presentación - Día 5.docx for tasks to queue
[2026-02-27T23:32:41.274+0000] {logging_mixin.py:188} INFO - [2026-02-27T23:32:41.273+0000] {dagbag.py:540} INFO - Filling up the DagBag from /opt/airflow/dags/Documentación y Presentación - Día 5.docx
[2026-02-27T23:32:41.291+0000] {processor.py:842} WARNING - No viable dags retrieved from /opt/airflow/dags/Documentación y Presentación - Día 5.docx
[2026-02-27T23:32:41.321+0000] {processor.py:183} INFO - Processing /opt/airflow/dags/Documentación y Presentación - Día 5.docx took 0.064 seconds
[2026-02-27T23:33:11.761+0000] {processor.py:161} INFO - Started process (PID=422) to work on /opt/airflow/dags/Documentación y Presentación - Día 5.docx
[2026-02-27T23:33:11.763+0000] {processor.py:830} INFO - Processing file /opt/airflow/dags/Documentación y Presentación - Día 5.docx for tasks to queue
[2026-02-27T23:33:11.765+0000] {logging_mixin.py:188} INFO - [2026-02-27T23:33:11.764+0000] {dagbag.py:540} INFO - Filling up the DagBag from /opt/airflow/dags/Documentación y Presentación - Día 5.docx
[2026-02-27T23:33:11.778+0000] {processor.py:842} WARNING - No viable dags retrieved from /opt/airflow/dags/Documentación y Presentación - Día 5.docx
[2026-02-27T23:33:11.795+0000] {processor.py:183} INFO - Processing /opt/airflow/dags/Documentación y Presentación - Día 5.docx took 0.043 seconds
[2026-02-27T23:33:42.435+0000] {processor.py:161} INFO - Started process (PID=432) to work on /opt/airflow/dags/Documentación y Presentación - Día 5.docx
[2026-02-27T23:33:42.440+0000] {processor.py:830} INFO - Processing file /opt/airflow/dags/Documentación y Presentación - Día 5.docx for tasks to queue
[2026-02-27T23:33:42.441+0000] {logging_mixin.py:188} INFO - [2026-02-27T23:33:42.441+0000] {dagbag.py:540} INFO - Filling up the DagBag from /opt/airflow/dags/Documentación y Presentación - Día 5.docx
[2026-02-27T23:33:42.459+0000] {processor.py:842} WARNING - No viable dags retrieved from /opt/airflow/dags/Documentación y Presentación - Día 5.docx
[2026-02-27T23:33:42.483+0000] {processor.py:183} INFO - Processing /opt/airflow/dags/Documentación y Presentación - Día 5.docx took 0.057 seconds
[2026-02-27T23:34:13.080+0000] {processor.py:161} INFO - Started process (PID=441) to work on /opt/airflow/dags/Documentación y Presentación - Día 5.docx
[2026-02-27T23:34:13.082+0000] {processor.py:830} INFO - Processing file /opt/airflow/dags/Documentación y Presentación - Día 5.docx for tasks to queue
[2026-02-27T23:34:13.083+0000] {logging_mixin.py:188} INFO - [2026-02-27T23:34:13.083+0000] {dagbag.py:540} INFO - Filling up the DagBag from /opt/airflow/dags/Documentación y Presentación - Día 5.docx
[2026-02-27T23:34:13.098+0000] {processor.py:842} WARNING - No viable dags retrieved from /opt/airflow/dags/Documentación y Presentación - Día 5.docx
[2026-02-27T23:34:13.120+0000] {processor.py:183} INFO - Processing /opt/airflow/dags/Documentación y Presentación - Día 5.docx took 0.047 seconds
[2026-02-27T23:34:43.650+0000] {processor.py:161} INFO - Started process (PID=450) to work on /opt/airflow/dags/Documentación y Presentación - Día 5.docx
[2026-02-27T23:34:43.652+0000] {processor.py:830} INFO - Processing file /opt/airflow/dags/Documentación y Presentación - Día 5.docx for tasks to queue
[2026-02-27T23:34:43.653+0000] {logging_mixin.py:188} INFO - [2026-02-27T23:34:43.653+0000] {dagbag.py:540} INFO - Filling up the DagBag from /opt/airflow/dags/Documentación y Presentación - Día 5.docx
[2026-02-27T23:34:43.682+0000] {processor.py:842} WARNING - No viable dags retrieved from /opt/airflow/dags/Documentación y Presentación - Día 5.docx
[2026-02-27T23:34:43.708+0000] {processor.py:183} INFO - Processing /opt/airflow/dags/Documentación y Presentación - Día 5.docx took 0.068 seconds
[2026-02-27T23:35:14.554+0000] {processor.py:161} INFO - Started process (PID=459) to work on /opt/airflow/dags/Documentación y Presentación - Día 5.docx
[2026-02-27T23:35:14.557+0000] {processor.py:830} INFO - Processing file /opt/airflow/dags/Documentación y Presentación - Día 5.docx for tasks to queue
[2026-02-27T23:35:14.560+0000] {logging_mixin.py:188} INFO - [2026-02-27T23:35:14.559+0000] {dagbag.py:540} INFO - Filling up the DagBag from /opt/airflow/dags/Documentación y Presentación - Día 5.docx
[2026-02-27T23:35:14.583+0000] {processor.py:842} WARNING - No viable dags retrieved from /opt/airflow/dags/Documentación y Presentación - Día 5.docx
[2026-02-27T23:35:14.620+0000] {processor.py:183} INFO - Processing /opt/airflow/dags/Documentación y Presentación - Día 5.docx took 0.084 seconds
[2026-02-27T23:35:45.155+0000] {processor.py:161} INFO - Started process (PID=468) to work on /opt/airflow/dags/Documentación y Presentación - Día 5.docx
[2026-02-27T23:35:45.158+0000] {processor.py:830} INFO - Processing file /opt/airflow/dags/Documentación y Presentación - Día 5.docx for tasks to queue
[2026-02-27T23:35:45.160+0000] {logging_mixin.py:188} INFO - [2026-02-27T23:35:45.159+0000] {dagbag.py:540} INFO - Filling up the DagBag from /opt/airflow/dags/Documentación y Presentación - Día 5.docx
[2026-02-27T23:35:45.175+0000] {processor.py:842} WARNING - No viable dags retrieved from /opt/airflow/dags/Documentación y Presentación - Día 5.docx
[2026-02-27T23:35:45.196+0000] {processor.py:183} INFO - Processing /opt/airflow/dags/Documentación y Presentación - Día 5.docx took 0.050 seconds
[2026-02-27T23:36:15.684+0000] {processor.py:161} INFO - Started process (PID=476) to work on /opt/airflow/dags/Documentación y Presentación - Día 5.docx
[2026-02-27T23:36:15.688+0000] {processor.py:830} INFO - Processing file /opt/airflow/dags/Documentación y Presentación - Día 5.docx for tasks to queue
[2026-02-27T23:36:15.690+0000] {logging_mixin.py:188} INFO - [2026-02-27T23:36:15.689+0000] {dagbag.py:540} INFO - Filling up the DagBag from /opt/airflow/dags/Documentación y Presentación - Día 5.docx
[2026-02-27T23:36:15.707+0000] {processor.py:842} WARNING - No viable dags retrieved from /opt/airflow/dags/Documentación y Presentación - Día 5.docx
[2026-02-27T23:36:15.737+0000] {processor.py:183} INFO - Processing /opt/airflow/dags/Documentación y Presentación - Día 5.docx took 0.064 seconds
[2026-02-27T23:36:46.875+0000] {processor.py:161} INFO - Started process (PID=486) to work on /opt/airflow/dags/Documentación y Presentación - Día 5.docx
[2026-02-27T23:36:46.881+0000] {processor.py:830} INFO - Processing file /opt/airflow/dags/Documentación y Presentación - Día 5.docx for tasks to queue
[2026-02-27T23:36:46.883+0000] {logging_mixin.py:188} INFO - [2026-02-27T23:36:46.882+0000] {dagbag.py:540} INFO - Filling up the DagBag from /opt/airflow/dags/Documentación y Presentación - Día 5.docx
[2026-02-27T23:36:46.898+0000] {processor.py:842} WARNING - No viable dags retrieved from /opt/airflow/dags/Documentación y Presentación - Día 5.docx
[2026-02-27T23:36:46.919+0000] {processor.py:183} INFO - Processing /opt/airflow/dags/Documentación y Presentación - Día 5.docx took 0.052 seconds
[2026-02-27T23:37:17.357+0000] {processor.py:161} INFO - Started process (PID=495) to work on /opt/airflow/dags/Documentación y Presentación - Día 5.docx
[2026-02-27T23:37:17.359+0000] {processor.py:830} INFO - Processing file /opt/airflow/dags/Documentación y Presentación - Día 5.docx for tasks to queue
[2026-02-27T23:37:17.360+0000] {logging_mixin.py:188} INFO - [2026-02-27T23:37:17.360+0000] {dagbag.py:540} INFO - Filling up the DagBag from /opt/airflow/dags/Documentación y Presentación - Día 5.docx
[2026-02-27T23:37:17.377+0000] {processor.py:842} WARNING - No viable dags retrieved from /opt/airflow/dags/Documentación y Presentación - Día 5.docx
[2026-02-27T23:37:17.397+0000] {processor.py:183} INFO - Processing /opt/airflow/dags/Documentación y Presentación - Día 5.docx took 0.050 seconds
[2026-02-27T23:37:48.051+0000] {processor.py:161} INFO - Started process (PID=504) to work on /opt/airflow/dags/Documentación y Presentación - Día 5.docx
[2026-02-27T23:37:48.053+0000] {processor.py:830} INFO - Processing file /opt/airflow/dags/Documentación y Presentación - Día 5.docx for tasks to queue
[2026-02-27T23:37:48.057+0000] {logging_mixin.py:188} INFO - [2026-02-27T23:37:48.055+0000] {dagbag.py:540} INFO - Filling up the DagBag from /opt/airflow/dags/Documentación y Presentación - Día 5.docx
[2026-02-27T23:37:48.074+0000] {processor.py:842} WARNING - No viable dags retrieved from /opt/airflow/dags/Documentación y Presentación - Día 5.docx
[2026-02-27T23:37:48.096+0000] {processor.py:183} INFO - Processing /opt/airflow/dags/Documentación y Presentación - Día 5.docx took 0.061 seconds
[2026-02-27T23:38:18.552+0000] {processor.py:161} INFO - Started process (PID=513) to work on /opt/airflow/dags/Documentación y Presentación - Día 5.docx
[2026-02-27T23:38:18.553+0000] {processor.py:830} INFO - Processing file /opt/airflow/dags/Documentación y Presentación - Día 5.docx for tasks to queue
[2026-02-27T23:38:18.554+0000] {logging_mixin.py:188} INFO - [2026-02-27T23:38:18.554+0000] {dagbag.py:540} INFO - Filling up the DagBag from /opt/airflow/dags/Documentación y Presentación - Día 5.docx
[2026-02-27T23:38:18.570+0000] {processor.py:842} WARNING - No viable dags retrieved from /opt/airflow/dags/Documentación y Presentación - Día 5.docx
[2026-02-27T23:38:18.592+0000] {processor.py:183} INFO - Processing /opt/airflow/dags/Documentación y Presentación - Día 5.docx took 0.049 seconds
[2026-02-27T23:38:48.969+0000] {processor.py:161} INFO - Started process (PID=521) to work on /opt/airflow/dags/Documentación y Presentación - Día 5.docx
[2026-02-27T23:38:48.971+0000] {processor.py:830} INFO - Processing file /opt/airflow/dags/Documentación y Presentación - Día 5.docx for tasks to queue
[2026-02-27T23:38:48.973+0000] {logging_mixin.py:188} INFO - [2026-02-27T23:38:48.972+0000] {dagbag.py:540} INFO - Filling up the DagBag from /opt/airflow/dags/Documentación y Presentación - Día 5.docx
[2026-02-27T23:38:48.989+0000] {processor.py:842} WARNING - No viable dags retrieved from /opt/airflow/dags/Documentación y Presentación - Día 5.docx
[2026-02-27T23:38:49.014+0000] {processor.py:183} INFO - Processing /opt/airflow/dags/Documentación y Presentación - Día 5.docx took 0.055 seconds
[2026-02-27T23:39:19.446+0000] {processor.py:161} INFO - Started process (PID=530) to work on /opt/airflow/dags/Documentación y Presentación - Día 5.docx
[2026-02-27T23:39:19.447+0000] {processor.py:830} INFO - Processing file /opt/airflow/dags/Documentación y Presentación - Día 5.docx for tasks to queue
[2026-02-27T23:39:19.448+0000] {logging_mixin.py:188} INFO - [2026-02-27T23:39:19.448+0000] {dagbag.py:540} INFO - Filling up the DagBag from /opt/airflow/dags/Documentación y Presentación - Día 5.docx
[2026-02-27T23:39:19.459+0000] {processor.py:842} WARNING - No viable dags retrieved from /opt/airflow/dags/Documentación y Presentación - Día 5.docx
[2026-02-27T23:39:19.477+0000] {processor.py:183} INFO - Processing /opt/airflow/dags/Documentación y Presentación - Día 5.docx took 0.039 seconds
[2026-02-27T23:39:50.233+0000] {processor.py:161} INFO - Started process (PID=540) to work on /opt/airflow/dags/Documentación y Presentación - Día 5.docx
[2026-02-27T23:39:50.234+0000] {processor.py:830} INFO - Processing file /opt/airflow/dags/Documentación y Presentación - Día 5.docx for tasks to queue
[2026-02-27T23:39:50.235+0000] {logging_mixin.py:188} INFO - [2026-02-27T23:39:50.235+0000] {dagbag.py:540} INFO - Filling up the DagBag from /opt/airflow/dags/Documentación y Presentación - Día 5.docx
[2026-02-27T23:39:50.249+0000] {processor.py:842} WARNING - No viable dags retrieved from /opt/airflow/dags/Documentación y Presentación - Día 5.docx
[2026-02-27T23:39:50.269+0000] {processor.py:183} INFO - Processing /opt/airflow/dags/Documentación y Presentación - Día 5.docx took 0.051 seconds
[2026-02-27T23:40:20.636+0000] {processor.py:161} INFO - Started process (PID=549) to work on /opt/airflow/dags/Documentación y Presentación - Día 5.docx
[2026-02-27T23:40:20.639+0000] {processor.py:830} INFO - Processing file /opt/airflow/dags/Documentación y Presentación - Día 5.docx for tasks to queue
[2026-02-27T23:40:20.642+0000] {logging_mixin.py:188} INFO - [2026-02-27T23:40:20.641+0000] {dagbag.py:540} INFO - Filling up the DagBag from /opt/airflow/dags/Documentación y Presentación - Día 5.docx
[2026-02-27T23:40:20.668+0000] {processor.py:842} WARNING - No viable dags retrieved from /opt/airflow/dags/Documentación y Presentación - Día 5.docx
[2026-02-27T23:40:20.697+0000] {processor.py:183} INFO - Processing /opt/airflow/dags/Documentación y Presentación - Día 5.docx took 0.079 seconds
[2026-02-27T23:40:51.224+0000] {processor.py:161} INFO - Started process (PID=558) to work on /opt/airflow/dags/Documentación y Presentación - Día 5.docx
[2026-02-27T23:40:51.225+0000] {processor.py:830} INFO - Processing file /opt/airflow/dags/Documentación y Presentación - Día 5.docx for tasks to queue
[2026-02-27T23:40:51.227+0000] {logging_mixin.py:188} INFO - [2026-02-27T23:40:51.227+0000] {dagbag.py:540} INFO - Filling up the DagBag from /opt/airflow/dags/Documentación y Presentación - Día 5.docx
[2026-02-27T23:40:51.249+0000] {processor.py:842} WARNING - No viable dags retrieved from /opt/airflow/dags/Documentación y Presentación - Día 5.docx
[2026-02-27T23:40:51.272+0000] {processor.py:183} INFO - Processing /opt/airflow/dags/Documentación y Presentación - Día 5.docx took 0.055 seconds
[2026-02-27T23:41:21.749+0000] {processor.py:161} INFO - Started process (PID=567) to work on /opt/airflow/dags/Documentación y Presentación - Día 5.docx
[2026-02-27T23:41:21.752+0000] {processor.py:830} INFO - Processing file /opt/airflow/dags/Documentación y Presentación - Día 5.docx for tasks to queue
[2026-02-27T23:41:21.754+0000] {logging_mixin.py:188} INFO - [2026-02-27T23:41:21.753+0000] {dagbag.py:540} INFO - Filling up the DagBag from /opt/airflow/dags/Documentación y Presentación - Día 5.docx
[2026-02-27T23:41:21.773+0000] {processor.py:842} WARNING - No viable dags retrieved from /opt/airflow/dags/Documentación y Presentación - Día 5.docx
[2026-02-27T23:41:21.800+0000] {processor.py:183} INFO - Processing /opt/airflow/dags/Documentación y Presentación - Día 5.docx took 0.062 seconds
[2026-02-27T23:41:52.591+0000] {processor.py:161} INFO - Started process (PID=576) to work on /opt/airflow/dags/Documentación y Presentación - Día 5.docx
[2026-02-27T23:41:52.593+0000] {processor.py:830} INFO - Processing file /opt/airflow/dags/Documentación y Presentación - Día 5.docx for tasks to queue
[2026-02-27T23:41:52.594+0000] {logging_mixin.py:188} INFO - [2026-02-27T23:41:52.593+0000] {dagbag.py:540} INFO - Filling up the DagBag from /opt/airflow/dags/Documentación y Presentación - Día 5.docx
[2026-02-27T23:41:52.609+0000] {processor.py:842} WARNING - No viable dags retrieved from /opt/airflow/dags/Documentación y Presentación - Día 5.docx
[2026-02-27T23:41:52.631+0000] {processor.py:183} INFO - Processing /opt/airflow/dags/Documentación y Presentación - Día 5.docx took 0.047 seconds
[2026-02-27T23:42:23.053+0000] {processor.py:161} INFO - Started process (PID=585) to work on /opt/airflow/dags/Documentación y Presentación - Día 5.docx
[2026-02-27T23:42:23.055+0000] {processor.py:830} INFO - Processing file /opt/airflow/dags/Documentación y Presentación - Día 5.docx for tasks to queue
[2026-02-27T23:42:23.056+0000] {logging_mixin.py:188} INFO - [2026-02-27T23:42:23.056+0000] {dagbag.py:540} INFO - Filling up the DagBag from /opt/airflow/dags/Documentación y Presentación - Día 5.docx
[2026-02-27T23:42:23.072+0000] {processor.py:842} WARNING - No viable dags retrieved from /opt/airflow/dags/Documentación y Presentación - Día 5.docx
[2026-02-27T23:42:23.092+0000] {processor.py:183} INFO - Processing /opt/airflow/dags/Documentación y Presentación - Día 5.docx took 0.047 seconds
[2026-02-27T23:42:53.389+0000] {processor.py:161} INFO - Started process (PID=593) to work on /opt/airflow/dags/Documentación y Presentación - Día 5.docx
[2026-02-27T23:42:53.391+0000] {processor.py:830} INFO - Processing file /opt/airflow/dags/Documentación y Presentación - Día 5.docx for tasks to queue
[2026-02-27T23:42:53.393+0000] {logging_mixin.py:188} INFO - [2026-02-27T23:42:53.392+0000] {dagbag.py:540} INFO - Filling up the DagBag from /opt/airflow/dags/Documentación y Presentación - Día 5.docx
[2026-02-27T23:42:53.409+0000] {processor.py:842} WARNING - No viable dags retrieved from /opt/airflow/dags/Documentación y Presentación - Día 5.docx
[2026-02-27T23:42:53.427+0000] {processor.py:183} INFO - Processing /opt/airflow/dags/Documentación y Presentación - Día 5.docx took 0.049 seconds
[2026-02-27T23:43:23.971+0000] {processor.py:161} INFO - Started process (PID=602) to work on /opt/airflow/dags/Documentación y Presentación - Día 5.docx
[2026-02-27T23:43:23.972+0000] {processor.py:830} INFO - Processing file /opt/airflow/dags/Documentación y Presentación - Día 5.docx for tasks to queue
[2026-02-27T23:43:23.974+0000] {logging_mixin.py:188} INFO - [2026-02-27T23:43:23.973+0000] {dagbag.py:540} INFO - Filling up the DagBag from /opt/airflow/dags/Documentación y Presentación - Día 5.docx
[2026-02-27T23:43:23.984+0000] {processor.py:842} WARNING - No viable dags retrieved from /opt/airflow/dags/Documentación y Presentación - Día 5.docx
[2026-02-27T23:43:24.001+0000] {processor.py:183} INFO - Processing /opt/airflow/dags/Documentación y Presentación - Día 5.docx took 0.038 seconds
[2026-02-27T23:43:54.512+0000] {processor.py:161} INFO - Started process (PID=611) to work on /opt/airflow/dags/Documentación y Presentación - Día 5.docx
[2026-02-27T23:43:54.513+0000] {processor.py:830} INFO - Processing file /opt/airflow/dags/Documentación y Presentación - Día 5.docx for tasks to queue
[2026-02-27T23:43:54.515+0000] {logging_mixin.py:188} INFO - [2026-02-27T23:43:54.514+0000] {dagbag.py:540} INFO - Filling up the DagBag from /opt/airflow/dags/Documentación y Presentación - Día 5.docx
[2026-02-27T23:43:54.529+0000] {processor.py:842} WARNING - No viable dags retrieved from /opt/airflow/dags/Documentación y Presentación - Día 5.docx
[2026-02-27T23:43:54.546+0000] {processor.py:183} INFO - Processing /opt/airflow/dags/Documentación y Presentación - Día 5.docx took 0.041 seconds
[2026-02-27T23:44:25.117+0000] {processor.py:161} INFO - Started process (PID=621) to work on /opt/airflow/dags/Documentación y Presentación - Día 5.docx
[2026-02-27T23:44:25.118+0000] {processor.py:830} INFO - Processing file /opt/airflow/dags/Documentación y Presentación - Día 5.docx for tasks to queue
[2026-02-27T23:44:25.120+0000] {logging_mixin.py:188} INFO - [2026-02-27T23:44:25.120+0000] {dagbag.py:540} INFO - Filling up the DagBag from /opt/airflow/dags/Documentación y Presentación - Día 5.docx
[2026-02-27T23:44:25.136+0000] {processor.py:842} WARNING - No viable dags retrieved from /opt/airflow/dags/Documentación y Presentación - Día 5.docx
[2026-02-27T23:44:25.157+0000] {processor.py:183} INFO - Processing /opt/airflow/dags/Documentación y Presentación - Día 5.docx took 0.048 seconds
[2026-02-27T23:45:34.913+0000] {processor.py:161} INFO - Started process (PID=38) to work on /opt/airflow/dags/Documentación y Presentación - Día 5.docx
[2026-02-27T23:45:34.915+0000] {processor.py:830} INFO - Processing file /opt/airflow/dags/Documentación y Presentación - Día 5.docx for tasks to queue
[2026-02-27T23:45:34.918+0000] {logging_mixin.py:188} INFO - [2026-02-27T23:45:34.917+0000] {dagbag.py:540} INFO - Filling up the DagBag from /opt/airflow/dags/Documentación y Presentación - Día 5.docx
[2026-02-27T23:45:34.933+0000] {processor.py:842} WARNING - No viable dags retrieved from /opt/airflow/dags/Documentación y Presentación - Día 5.docx
[2026-02-27T23:45:34.966+0000] {processor.py:183} INFO - Processing /opt/airflow/dags/Documentación y Presentación - Día 5.docx took 0.066 seconds
[2026-02-27T23:46:05.597+0000] {processor.py:161} INFO - Started process (PID=47) to work on /opt/airflow/dags/Documentación y Presentación - Día 5.docx
[2026-02-27T23:46:05.599+0000] {processor.py:830} INFO - Processing file /opt/airflow/dags/Documentación y Presentación - Día 5.docx for tasks to queue
[2026-02-27T23:46:05.601+0000] {logging_mixin.py:188} INFO - [2026-02-27T23:46:05.601+0000] {dagbag.py:540} INFO - Filling up the DagBag from /opt/airflow/dags/Documentación y Presentación - Día 5.docx
[2026-02-27T23:46:05.616+0000] {processor.py:842} WARNING - No viable dags retrieved from /opt/airflow/dags/Documentación y Presentación - Día 5.docx
[2026-02-27T23:46:05.633+0000] {processor.py:183} INFO - Processing /opt/airflow/dags/Documentación y Presentación - Día 5.docx took 0.045 seconds
[2026-02-27T23:46:36.154+0000] {processor.py:161} INFO - Started process (PID=56) to work on /opt/airflow/dags/Documentación y Presentación - Día 5.docx
[2026-02-27T23:46:36.155+0000] {processor.py:830} INFO - Processing file /opt/airflow/dags/Documentación y Presentación - Día 5.docx for tasks to queue
[2026-02-27T23:46:36.157+0000] {logging_mixin.py:188} INFO - [2026-02-27T23:46:36.156+0000] {dagbag.py:540} INFO - Filling up the DagBag from /opt/airflow/dags/Documentación y Presentación - Día 5.docx
[2026-02-27T23:46:36.169+0000] {processor.py:842} WARNING - No viable dags retrieved from /opt/airflow/dags/Documentación y Presentación - Día 5.docx
[2026-02-27T23:46:36.185+0000] {processor.py:183} INFO - Processing /opt/airflow/dags/Documentación y Presentación - Día 5.docx took 0.039 seconds
[2026-02-27T23:47:06.782+0000] {processor.py:161} INFO - Started process (PID=65) to work on /opt/airflow/dags/Documentación y Presentación - Día 5.docx
[2026-02-27T23:47:06.784+0000] {processor.py:830} INFO - Processing file /opt/airflow/dags/Documentación y Presentación - Día 5.docx for tasks to queue
[2026-02-27T23:47:06.785+0000] {logging_mixin.py:188} INFO - [2026-02-27T23:47:06.785+0000] {dagbag.py:540} INFO - Filling up the DagBag from /opt/airflow/dags/Documentación y Presentación - Día 5.docx
[2026-02-27T23:47:06.798+0000] {processor.py:842} WARNING - No viable dags retrieved from /opt/airflow/dags/Documentación y Presentación - Día 5.docx
[2026-02-27T23:47:06.816+0000] {processor.py:183} INFO - Processing /opt/airflow/dags/Documentación y Presentación - Día 5.docx took 0.042 seconds
[2026-02-27T23:47:37.404+0000] {processor.py:161} INFO - Started process (PID=74) to work on /opt/airflow/dags/Documentación y Presentación - Día 5.docx
[2026-02-27T23:47:37.406+0000] {processor.py:830} INFO - Processing file /opt/airflow/dags/Documentación y Presentación - Día 5.docx for tasks to queue
[2026-02-27T23:47:37.407+0000] {logging_mixin.py:188} INFO - [2026-02-27T23:47:37.407+0000] {dagbag.py:540} INFO - Filling up the DagBag from /opt/airflow/dags/Documentación y Presentación - Día 5.docx
[2026-02-27T23:47:37.426+0000] {processor.py:842} WARNING - No viable dags retrieved from /opt/airflow/dags/Documentación y Presentación - Día 5.docx
[2026-02-27T23:47:37.455+0000] {processor.py:183} INFO - Processing /opt/airflow/dags/Documentación y Presentación - Día 5.docx took 0.058 seconds
[2026-02-27T23:48:08.032+0000] {processor.py:161} INFO - Started process (PID=83) to work on /opt/airflow/dags/Documentación y Presentación - Día 5.docx
[2026-02-27T23:48:08.034+0000] {processor.py:830} INFO - Processing file /opt/airflow/dags/Documentación y Presentación - Día 5.docx for tasks to queue
[2026-02-27T23:48:08.035+0000] {logging_mixin.py:188} INFO - [2026-02-27T23:48:08.034+0000] {dagbag.py:540} INFO - Filling up the DagBag from /opt/airflow/dags/Documentación y Presentación - Día 5.docx
[2026-02-27T23:48:08.046+0000] {processor.py:842} WARNING - No viable dags retrieved from /opt/airflow/dags/Documentación y Presentación - Día 5.docx
[2026-02-27T23:48:08.066+0000] {processor.py:183} INFO - Processing /opt/airflow/dags/Documentación y Presentación - Día 5.docx took 0.044 seconds
[2026-02-27T23:48:38.576+0000] {processor.py:161} INFO - Started process (PID=92) to work on /opt/airflow/dags/Documentación y Presentación - Día 5.docx
[2026-02-27T23:48:38.578+0000] {processor.py:830} INFO - Processing file /opt/airflow/dags/Documentación y Presentación - Día 5.docx for tasks to queue
[2026-02-27T23:48:38.580+0000] {logging_mixin.py:188} INFO - [2026-02-27T23:48:38.580+0000] {dagbag.py:540} INFO - Filling up the DagBag from /opt/airflow/dags/Documentación y Presentación - Día 5.docx
[2026-02-27T23:48:38.595+0000] {processor.py:842} WARNING - No viable dags retrieved from /opt/airflow/dags/Documentación y Presentación - Día 5.docx
[2026-02-27T23:48:38.612+0000] {processor.py:183} INFO - Processing /opt/airflow/dags/Documentación y Presentación - Día 5.docx took 0.044 seconds
[2026-02-27T23:49:09.112+0000] {processor.py:161} INFO - Started process (PID=101) to work on /opt/airflow/dags/Documentación y Presentación - Día 5.docx
[2026-02-27T23:49:09.113+0000] {processor.py:830} INFO - Processing file /opt/airflow/dags/Documentación y Presentación - Día 5.docx for tasks to queue
[2026-02-27T23:49:09.114+0000] {logging_mixin.py:188} INFO - [2026-02-27T23:49:09.114+0000] {dagbag.py:540} INFO - Filling up the DagBag from /opt/airflow/dags/Documentación y Presentación - Día 5.docx
[2026-02-27T23:49:09.126+0000] {processor.py:842} WARNING - No viable dags retrieved from /opt/airflow/dags/Documentación y Presentación - Día 5.docx
[2026-02-27T23:49:09.142+0000] {processor.py:183} INFO - Processing /opt/airflow/dags/Documentación y Presentación - Día 5.docx took 0.039 seconds
[2026-02-27T23:49:39.805+0000] {processor.py:161} INFO - Started process (PID=110) to work on /opt/airflow/dags/Documentación y Presentación - Día 5.docx
[2026-02-27T23:49:39.806+0000] {processor.py:830} INFO - Processing file /opt/airflow/dags/Documentación y Presentación - Día 5.docx for tasks to queue
[2026-02-27T23:49:39.808+0000] {logging_mixin.py:188} INFO - [2026-02-27T23:49:39.808+0000] {dagbag.py:540} INFO - Filling up the DagBag from /opt/airflow/dags/Documentación y Presentación - Día 5.docx
[2026-02-27T23:49:39.824+0000] {processor.py:842} WARNING - No viable dags retrieved from /opt/airflow/dags/Documentación y Presentación - Día 5.docx
[2026-02-27T23:49:39.843+0000] {processor.py:183} INFO - Processing /opt/airflow/dags/Documentación y Presentación - Día 5.docx took 0.046 seconds
[2026-02-27T23:50:10.438+0000] {processor.py:161} INFO - Started process (PID=119) to work on /opt/airflow/dags/Documentación y Presentación - Día 5.docx
[2026-02-27T23:50:10.439+0000] {processor.py:830} INFO - Processing file /opt/airflow/dags/Documentación y Presentación - Día 5.docx for tasks to queue
[2026-02-27T23:50:10.441+0000] {logging_mixin.py:188} INFO - [2026-02-27T23:50:10.440+0000] {dagbag.py:540} INFO - Filling up the DagBag from /opt/airflow/dags/Documentación y Presentación - Día 5.docx
[2026-02-27T23:50:10.451+0000] {processor.py:842} WARNING - No viable dags retrieved from /opt/airflow/dags/Documentación y Presentación - Día 5.docx
[2026-02-27T23:50:10.468+0000] {processor.py:183} INFO - Processing /opt/airflow/dags/Documentación y Presentación - Día 5.docx took 0.037 seconds
[2026-02-27T23:50:41.290+0000] {processor.py:161} INFO - Started process (PID=128) to work on /opt/airflow/dags/Documentación y Presentación - Día 5.docx
[2026-02-27T23:50:41.294+0000] {processor.py:830} INFO - Processing file /opt/airflow/dags/Documentación y Presentación - Día 5.docx for tasks to queue
[2026-02-27T23:50:41.296+0000] {logging_mixin.py:188} INFO - [2026-02-27T23:50:41.296+0000] {dagbag.py:540} INFO - Filling up the DagBag from /opt/airflow/dags/Documentación y Presentación - Día 5.docx
[2026-02-27T23:50:41.328+0000] {processor.py:842} WARNING - No viable dags retrieved from /opt/airflow/dags/Documentación y Presentación - Día 5.docx
[2026-02-27T23:50:41.359+0000] {processor.py:183} INFO - Processing /opt/airflow/dags/Documentación y Presentación - Día 5.docx took 0.080 seconds
[2026-02-27T23:51:11.977+0000] {processor.py:161} INFO - Started process (PID=137) to work on /opt/airflow/dags/Documentación y Presentación - Día 5.docx
[2026-02-27T23:51:11.978+0000] {processor.py:830} INFO - Processing file /opt/airflow/dags/Documentación y Presentación - Día 5.docx for tasks to queue
[2026-02-27T23:51:11.979+0000] {logging_mixin.py:188} INFO - [2026-02-27T23:51:11.979+0000] {dagbag.py:540} INFO - Filling up the DagBag from /opt/airflow/dags/Documentación y Presentación - Día 5.docx
[2026-02-27T23:51:11.997+0000] {processor.py:842} WARNING - No viable dags retrieved from /opt/airflow/dags/Documentación y Presentación - Día 5.docx
[2026-02-27T23:51:12.017+0000] {processor.py:183} INFO - Processing /opt/airflow/dags/Documentación y Presentación - Día 5.docx took 0.049 seconds
[2026-02-27T23:51:42.586+0000] {processor.py:161} INFO - Started process (PID=146) to work on /opt/airflow/dags/Documentación y Presentación - Día 5.docx
[2026-02-27T23:51:42.588+0000] {processor.py:830} INFO - Processing file /opt/airflow/dags/Documentación y Presentación - Día 5.docx for tasks to queue
[2026-02-27T23:51:42.590+0000] {logging_mixin.py:188} INFO - [2026-02-27T23:51:42.589+0000] {dagbag.py:540} INFO - Filling up the DagBag from /opt/airflow/dags/Documentación y Presentación - Día 5.docx
[2026-02-27T23:51:42.604+0000] {processor.py:842} WARNING - No viable dags retrieved from /opt/airflow/dags/Documentación y Presentación - Día 5.docx
[2026-02-27T23:51:42.622+0000] {processor.py:183} INFO - Processing /opt/airflow/dags/Documentación y Presentación - Día 5.docx took 0.044 seconds
[2026-02-27T23:52:13.080+0000] {processor.py:161} INFO - Started process (PID=155) to work on /opt/airflow/dags/Documentación y Presentación - Día 5.docx
[2026-02-27T23:52:13.082+0000] {processor.py:830} INFO - Processing file /opt/airflow/dags/Documentación y Presentación - Día 5.docx for tasks to queue
[2026-02-27T23:52:13.083+0000] {logging_mixin.py:188} INFO - [2026-02-27T23:52:13.083+0000] {dagbag.py:540} INFO - Filling up the DagBag from /opt/airflow/dags/Documentación y Presentación - Día 5.docx
[2026-02-27T23:52:13.097+0000] {processor.py:842} WARNING - No viable dags retrieved from /opt/airflow/dags/Documentación y Presentación - Día 5.docx
[2026-02-27T23:52:13.123+0000] {processor.py:183} INFO - Processing /opt/airflow/dags/Documentación y Presentación - Día 5.docx took 0.055 seconds
