[2026-02-27T22:41:44.428+0000] {processor.py:161} INFO - Started process (PID=1137) to work on /opt/airflow/dags/incident_runbook_dag.py
[2026-02-27T22:41:44.431+0000] {processor.py:830} INFO - Processing file /opt/airflow/dags/incident_runbook_dag.py for tasks to queue
[2026-02-27T22:41:44.434+0000] {logging_mixin.py:188} INFO - [2026-02-27T22:41:44.433+0000] {dagbag.py:540} INFO - Filling up the DagBag from /opt/airflow/dags/incident_runbook_dag.py
[2026-02-27T22:41:44.496+0000] {logging_mixin.py:188} INFO - [2026-02-27T22:41:44.489+0000] {dagbag.py:350} ERROR - Failed to import: /opt/airflow/dags/incident_runbook_dag.py
Traceback (most recent call last):
  File "/home/airflow/.local/lib/python3.12/site-packages/airflow/models/dagbag.py", line 346, in parse
    loader.exec_module(new_module)
  File "<frozen importlib._bootstrap_external>", line 995, in exec_module
  File "<frozen importlib._bootstrap>", line 488, in _call_with_frames_removed
  File "/opt/airflow/dags/incident_runbook_dag.py", line 6, in <module>
    from src.incident_response.runbook import IncidentRunbook
ModuleNotFoundError: No module named 'src'
[2026-02-27T22:41:44.501+0000] {processor.py:842} WARNING - No viable dags retrieved from /opt/airflow/dags/incident_runbook_dag.py
[2026-02-27T22:41:44.546+0000] {processor.py:183} INFO - Processing /opt/airflow/dags/incident_runbook_dag.py took 0.135 seconds
[2026-02-27T22:42:15.316+0000] {processor.py:161} INFO - Started process (PID=1146) to work on /opt/airflow/dags/incident_runbook_dag.py
[2026-02-27T22:42:15.318+0000] {processor.py:830} INFO - Processing file /opt/airflow/dags/incident_runbook_dag.py for tasks to queue
[2026-02-27T22:42:15.320+0000] {logging_mixin.py:188} INFO - [2026-02-27T22:42:15.320+0000] {dagbag.py:540} INFO - Filling up the DagBag from /opt/airflow/dags/incident_runbook_dag.py
[2026-02-27T22:42:15.373+0000] {logging_mixin.py:188} INFO - [2026-02-27T22:42:15.363+0000] {dagbag.py:350} ERROR - Failed to import: /opt/airflow/dags/incident_runbook_dag.py
Traceback (most recent call last):
  File "/home/airflow/.local/lib/python3.12/site-packages/airflow/models/dagbag.py", line 346, in parse
    loader.exec_module(new_module)
  File "<frozen importlib._bootstrap_external>", line 995, in exec_module
  File "<frozen importlib._bootstrap>", line 488, in _call_with_frames_removed
  File "/opt/airflow/dags/incident_runbook_dag.py", line 6, in <module>
    from src.incident_response.runbook import IncidentRunbook
ModuleNotFoundError: No module named 'src'
[2026-02-27T22:42:15.376+0000] {processor.py:842} WARNING - No viable dags retrieved from /opt/airflow/dags/incident_runbook_dag.py
[2026-02-27T22:42:15.419+0000] {processor.py:183} INFO - Processing /opt/airflow/dags/incident_runbook_dag.py took 0.118 seconds
[2026-02-27T22:42:46.320+0000] {processor.py:161} INFO - Started process (PID=1155) to work on /opt/airflow/dags/incident_runbook_dag.py
[2026-02-27T22:42:46.323+0000] {processor.py:830} INFO - Processing file /opt/airflow/dags/incident_runbook_dag.py for tasks to queue
[2026-02-27T22:42:46.325+0000] {logging_mixin.py:188} INFO - [2026-02-27T22:42:46.325+0000] {dagbag.py:540} INFO - Filling up the DagBag from /opt/airflow/dags/incident_runbook_dag.py
[2026-02-27T22:42:46.368+0000] {logging_mixin.py:188} INFO - [2026-02-27T22:42:46.360+0000] {dagbag.py:350} ERROR - Failed to import: /opt/airflow/dags/incident_runbook_dag.py
Traceback (most recent call last):
  File "/home/airflow/.local/lib/python3.12/site-packages/airflow/models/dagbag.py", line 346, in parse
    loader.exec_module(new_module)
  File "<frozen importlib._bootstrap_external>", line 995, in exec_module
  File "<frozen importlib._bootstrap>", line 488, in _call_with_frames_removed
  File "/opt/airflow/dags/incident_runbook_dag.py", line 6, in <module>
    from src.incident_response.runbook import IncidentRunbook
ModuleNotFoundError: No module named 'src'
[2026-02-27T22:42:46.371+0000] {processor.py:842} WARNING - No viable dags retrieved from /opt/airflow/dags/incident_runbook_dag.py
[2026-02-27T22:42:46.412+0000] {processor.py:183} INFO - Processing /opt/airflow/dags/incident_runbook_dag.py took 0.106 seconds
[2026-02-27T22:43:16.994+0000] {processor.py:161} INFO - Started process (PID=1164) to work on /opt/airflow/dags/incident_runbook_dag.py
[2026-02-27T22:43:16.996+0000] {processor.py:830} INFO - Processing file /opt/airflow/dags/incident_runbook_dag.py for tasks to queue
[2026-02-27T22:43:16.998+0000] {logging_mixin.py:188} INFO - [2026-02-27T22:43:16.998+0000] {dagbag.py:540} INFO - Filling up the DagBag from /opt/airflow/dags/incident_runbook_dag.py
[2026-02-27T22:43:17.044+0000] {logging_mixin.py:188} INFO - [2026-02-27T22:43:17.036+0000] {dagbag.py:350} ERROR - Failed to import: /opt/airflow/dags/incident_runbook_dag.py
Traceback (most recent call last):
  File "/home/airflow/.local/lib/python3.12/site-packages/airflow/models/dagbag.py", line 346, in parse
    loader.exec_module(new_module)
  File "<frozen importlib._bootstrap_external>", line 995, in exec_module
  File "<frozen importlib._bootstrap>", line 488, in _call_with_frames_removed
  File "/opt/airflow/dags/incident_runbook_dag.py", line 6, in <module>
    from src.incident_response.runbook import IncidentRunbook
ModuleNotFoundError: No module named 'src'
[2026-02-27T22:43:17.047+0000] {processor.py:842} WARNING - No viable dags retrieved from /opt/airflow/dags/incident_runbook_dag.py
[2026-02-27T22:43:17.097+0000] {processor.py:183} INFO - Processing /opt/airflow/dags/incident_runbook_dag.py took 0.116 seconds
[2026-02-27T22:43:47.767+0000] {processor.py:161} INFO - Started process (PID=1173) to work on /opt/airflow/dags/incident_runbook_dag.py
[2026-02-27T22:43:47.770+0000] {processor.py:830} INFO - Processing file /opt/airflow/dags/incident_runbook_dag.py for tasks to queue
[2026-02-27T22:43:47.772+0000] {logging_mixin.py:188} INFO - [2026-02-27T22:43:47.771+0000] {dagbag.py:540} INFO - Filling up the DagBag from /opt/airflow/dags/incident_runbook_dag.py
[2026-02-27T22:43:47.821+0000] {logging_mixin.py:188} INFO - [2026-02-27T22:43:47.812+0000] {dagbag.py:350} ERROR - Failed to import: /opt/airflow/dags/incident_runbook_dag.py
Traceback (most recent call last):
  File "/home/airflow/.local/lib/python3.12/site-packages/airflow/models/dagbag.py", line 346, in parse
    loader.exec_module(new_module)
  File "<frozen importlib._bootstrap_external>", line 995, in exec_module
  File "<frozen importlib._bootstrap>", line 488, in _call_with_frames_removed
  File "/opt/airflow/dags/incident_runbook_dag.py", line 6, in <module>
    from src.incident_response.runbook import IncidentRunbook
ModuleNotFoundError: No module named 'src'
[2026-02-27T22:43:47.825+0000] {processor.py:842} WARNING - No viable dags retrieved from /opt/airflow/dags/incident_runbook_dag.py
[2026-02-27T22:43:47.874+0000] {processor.py:183} INFO - Processing /opt/airflow/dags/incident_runbook_dag.py took 0.118 seconds
[2026-02-27T22:44:18.686+0000] {processor.py:161} INFO - Started process (PID=1182) to work on /opt/airflow/dags/incident_runbook_dag.py
[2026-02-27T22:44:18.689+0000] {processor.py:830} INFO - Processing file /opt/airflow/dags/incident_runbook_dag.py for tasks to queue
[2026-02-27T22:44:18.691+0000] {logging_mixin.py:188} INFO - [2026-02-27T22:44:18.690+0000] {dagbag.py:540} INFO - Filling up the DagBag from /opt/airflow/dags/incident_runbook_dag.py
[2026-02-27T22:44:18.731+0000] {logging_mixin.py:188} INFO - [2026-02-27T22:44:18.723+0000] {dagbag.py:350} ERROR - Failed to import: /opt/airflow/dags/incident_runbook_dag.py
Traceback (most recent call last):
  File "/home/airflow/.local/lib/python3.12/site-packages/airflow/models/dagbag.py", line 346, in parse
    loader.exec_module(new_module)
  File "<frozen importlib._bootstrap_external>", line 995, in exec_module
  File "<frozen importlib._bootstrap>", line 488, in _call_with_frames_removed
  File "/opt/airflow/dags/incident_runbook_dag.py", line 6, in <module>
    from src.incident_response.runbook import IncidentRunbook
ModuleNotFoundError: No module named 'src'
[2026-02-27T22:44:18.733+0000] {processor.py:842} WARNING - No viable dags retrieved from /opt/airflow/dags/incident_runbook_dag.py
[2026-02-27T22:44:18.766+0000] {processor.py:183} INFO - Processing /opt/airflow/dags/incident_runbook_dag.py took 0.093 seconds
[2026-02-27T22:44:49.492+0000] {processor.py:161} INFO - Started process (PID=1191) to work on /opt/airflow/dags/incident_runbook_dag.py
[2026-02-27T22:44:49.495+0000] {processor.py:830} INFO - Processing file /opt/airflow/dags/incident_runbook_dag.py for tasks to queue
[2026-02-27T22:44:49.498+0000] {logging_mixin.py:188} INFO - [2026-02-27T22:44:49.497+0000] {dagbag.py:540} INFO - Filling up the DagBag from /opt/airflow/dags/incident_runbook_dag.py
[2026-02-27T22:44:49.557+0000] {logging_mixin.py:188} INFO - [2026-02-27T22:44:49.545+0000] {dagbag.py:350} ERROR - Failed to import: /opt/airflow/dags/incident_runbook_dag.py
Traceback (most recent call last):
  File "/home/airflow/.local/lib/python3.12/site-packages/airflow/models/dagbag.py", line 346, in parse
    loader.exec_module(new_module)
  File "<frozen importlib._bootstrap_external>", line 995, in exec_module
  File "<frozen importlib._bootstrap>", line 488, in _call_with_frames_removed
  File "/opt/airflow/dags/incident_runbook_dag.py", line 6, in <module>
    from src.incident_response.runbook import IncidentRunbook
ModuleNotFoundError: No module named 'src'
[2026-02-27T22:44:49.561+0000] {processor.py:842} WARNING - No viable dags retrieved from /opt/airflow/dags/incident_runbook_dag.py
[2026-02-27T22:44:49.619+0000] {processor.py:183} INFO - Processing /opt/airflow/dags/incident_runbook_dag.py took 0.139 seconds
[2026-02-27T22:45:20.147+0000] {processor.py:161} INFO - Started process (PID=1200) to work on /opt/airflow/dags/incident_runbook_dag.py
[2026-02-27T22:45:20.149+0000] {processor.py:830} INFO - Processing file /opt/airflow/dags/incident_runbook_dag.py for tasks to queue
[2026-02-27T22:45:20.151+0000] {logging_mixin.py:188} INFO - [2026-02-27T22:45:20.150+0000] {dagbag.py:540} INFO - Filling up the DagBag from /opt/airflow/dags/incident_runbook_dag.py
[2026-02-27T22:45:20.193+0000] {logging_mixin.py:188} INFO - [2026-02-27T22:45:20.186+0000] {dagbag.py:350} ERROR - Failed to import: /opt/airflow/dags/incident_runbook_dag.py
Traceback (most recent call last):
  File "/home/airflow/.local/lib/python3.12/site-packages/airflow/models/dagbag.py", line 346, in parse
    loader.exec_module(new_module)
  File "<frozen importlib._bootstrap_external>", line 995, in exec_module
  File "<frozen importlib._bootstrap>", line 488, in _call_with_frames_removed
  File "/opt/airflow/dags/incident_runbook_dag.py", line 6, in <module>
    from src.incident_response.runbook import IncidentRunbook
ModuleNotFoundError: No module named 'src'
[2026-02-27T22:45:20.195+0000] {processor.py:842} WARNING - No viable dags retrieved from /opt/airflow/dags/incident_runbook_dag.py
[2026-02-27T22:45:20.234+0000] {processor.py:183} INFO - Processing /opt/airflow/dags/incident_runbook_dag.py took 0.096 seconds
[2026-02-27T22:45:50.947+0000] {processor.py:161} INFO - Started process (PID=1209) to work on /opt/airflow/dags/incident_runbook_dag.py
[2026-02-27T22:45:50.950+0000] {processor.py:830} INFO - Processing file /opt/airflow/dags/incident_runbook_dag.py for tasks to queue
[2026-02-27T22:45:50.952+0000] {logging_mixin.py:188} INFO - [2026-02-27T22:45:50.952+0000] {dagbag.py:540} INFO - Filling up the DagBag from /opt/airflow/dags/incident_runbook_dag.py
[2026-02-27T22:45:50.995+0000] {logging_mixin.py:188} INFO - [2026-02-27T22:45:50.987+0000] {dagbag.py:350} ERROR - Failed to import: /opt/airflow/dags/incident_runbook_dag.py
Traceback (most recent call last):
  File "/home/airflow/.local/lib/python3.12/site-packages/airflow/models/dagbag.py", line 346, in parse
    loader.exec_module(new_module)
  File "<frozen importlib._bootstrap_external>", line 995, in exec_module
  File "<frozen importlib._bootstrap>", line 488, in _call_with_frames_removed
  File "/opt/airflow/dags/incident_runbook_dag.py", line 6, in <module>
    from src.incident_response.runbook import IncidentRunbook
ModuleNotFoundError: No module named 'src'
[2026-02-27T22:45:50.998+0000] {processor.py:842} WARNING - No viable dags retrieved from /opt/airflow/dags/incident_runbook_dag.py
[2026-02-27T22:45:51.040+0000] {processor.py:183} INFO - Processing /opt/airflow/dags/incident_runbook_dag.py took 0.105 seconds
[2026-02-27T22:46:21.651+0000] {processor.py:161} INFO - Started process (PID=1218) to work on /opt/airflow/dags/incident_runbook_dag.py
[2026-02-27T22:46:21.653+0000] {processor.py:830} INFO - Processing file /opt/airflow/dags/incident_runbook_dag.py for tasks to queue
[2026-02-27T22:46:21.655+0000] {logging_mixin.py:188} INFO - [2026-02-27T22:46:21.654+0000] {dagbag.py:540} INFO - Filling up the DagBag from /opt/airflow/dags/incident_runbook_dag.py
[2026-02-27T22:46:21.710+0000] {logging_mixin.py:188} INFO - [2026-02-27T22:46:21.699+0000] {dagbag.py:350} ERROR - Failed to import: /opt/airflow/dags/incident_runbook_dag.py
Traceback (most recent call last):
  File "/home/airflow/.local/lib/python3.12/site-packages/airflow/models/dagbag.py", line 346, in parse
    loader.exec_module(new_module)
  File "<frozen importlib._bootstrap_external>", line 995, in exec_module
  File "<frozen importlib._bootstrap>", line 488, in _call_with_frames_removed
  File "/opt/airflow/dags/incident_runbook_dag.py", line 6, in <module>
    from src.incident_response.runbook import IncidentRunbook
ModuleNotFoundError: No module named 'src'
[2026-02-27T22:46:21.714+0000] {processor.py:842} WARNING - No viable dags retrieved from /opt/airflow/dags/incident_runbook_dag.py
[2026-02-27T22:46:21.760+0000] {processor.py:183} INFO - Processing /opt/airflow/dags/incident_runbook_dag.py took 0.123 seconds
[2026-02-27T22:46:52.102+0000] {processor.py:161} INFO - Started process (PID=1227) to work on /opt/airflow/dags/incident_runbook_dag.py
[2026-02-27T22:46:52.104+0000] {processor.py:830} INFO - Processing file /opt/airflow/dags/incident_runbook_dag.py for tasks to queue
[2026-02-27T22:46:52.106+0000] {logging_mixin.py:188} INFO - [2026-02-27T22:46:52.105+0000] {dagbag.py:540} INFO - Filling up the DagBag from /opt/airflow/dags/incident_runbook_dag.py
[2026-02-27T22:46:52.154+0000] {logging_mixin.py:188} INFO - [2026-02-27T22:46:52.144+0000] {dagbag.py:350} ERROR - Failed to import: /opt/airflow/dags/incident_runbook_dag.py
Traceback (most recent call last):
  File "/home/airflow/.local/lib/python3.12/site-packages/airflow/models/dagbag.py", line 346, in parse
    loader.exec_module(new_module)
  File "<frozen importlib._bootstrap_external>", line 995, in exec_module
  File "<frozen importlib._bootstrap>", line 488, in _call_with_frames_removed
  File "/opt/airflow/dags/incident_runbook_dag.py", line 6, in <module>
    from src.incident_response.runbook import IncidentRunbook
ModuleNotFoundError: No module named 'src'
[2026-02-27T22:46:52.158+0000] {processor.py:842} WARNING - No viable dags retrieved from /opt/airflow/dags/incident_runbook_dag.py
[2026-02-27T22:46:52.206+0000] {processor.py:183} INFO - Processing /opt/airflow/dags/incident_runbook_dag.py took 0.117 seconds
[2026-02-27T22:47:23.085+0000] {processor.py:161} INFO - Started process (PID=1236) to work on /opt/airflow/dags/incident_runbook_dag.py
[2026-02-27T22:47:23.090+0000] {processor.py:830} INFO - Processing file /opt/airflow/dags/incident_runbook_dag.py for tasks to queue
[2026-02-27T22:47:23.092+0000] {logging_mixin.py:188} INFO - [2026-02-27T22:47:23.091+0000] {dagbag.py:540} INFO - Filling up the DagBag from /opt/airflow/dags/incident_runbook_dag.py
[2026-02-27T22:47:23.144+0000] {logging_mixin.py:188} INFO - [2026-02-27T22:47:23.133+0000] {dagbag.py:350} ERROR - Failed to import: /opt/airflow/dags/incident_runbook_dag.py
Traceback (most recent call last):
  File "/home/airflow/.local/lib/python3.12/site-packages/airflow/models/dagbag.py", line 346, in parse
    loader.exec_module(new_module)
  File "<frozen importlib._bootstrap_external>", line 995, in exec_module
  File "<frozen importlib._bootstrap>", line 488, in _call_with_frames_removed
  File "/opt/airflow/dags/incident_runbook_dag.py", line 6, in <module>
    from src.incident_response.runbook import IncidentRunbook
ModuleNotFoundError: No module named 'src'
[2026-02-27T22:47:23.149+0000] {processor.py:842} WARNING - No viable dags retrieved from /opt/airflow/dags/incident_runbook_dag.py
[2026-02-27T22:47:23.198+0000] {processor.py:183} INFO - Processing /opt/airflow/dags/incident_runbook_dag.py took 0.127 seconds
[2026-02-27T22:47:54.137+0000] {processor.py:161} INFO - Started process (PID=1245) to work on /opt/airflow/dags/incident_runbook_dag.py
[2026-02-27T22:47:54.139+0000] {processor.py:830} INFO - Processing file /opt/airflow/dags/incident_runbook_dag.py for tasks to queue
[2026-02-27T22:47:54.141+0000] {logging_mixin.py:188} INFO - [2026-02-27T22:47:54.140+0000] {dagbag.py:540} INFO - Filling up the DagBag from /opt/airflow/dags/incident_runbook_dag.py
[2026-02-27T22:47:54.191+0000] {logging_mixin.py:188} INFO - [2026-02-27T22:47:54.181+0000] {dagbag.py:350} ERROR - Failed to import: /opt/airflow/dags/incident_runbook_dag.py
Traceback (most recent call last):
  File "/home/airflow/.local/lib/python3.12/site-packages/airflow/models/dagbag.py", line 346, in parse
    loader.exec_module(new_module)
  File "<frozen importlib._bootstrap_external>", line 995, in exec_module
  File "<frozen importlib._bootstrap>", line 488, in _call_with_frames_removed
  File "/opt/airflow/dags/incident_runbook_dag.py", line 6, in <module>
    from src.incident_response.runbook import IncidentRunbook
ModuleNotFoundError: No module named 'src'
[2026-02-27T22:47:54.196+0000] {processor.py:842} WARNING - No viable dags retrieved from /opt/airflow/dags/incident_runbook_dag.py
[2026-02-27T22:47:54.247+0000] {processor.py:183} INFO - Processing /opt/airflow/dags/incident_runbook_dag.py took 0.123 seconds
[2026-02-27T22:48:25.111+0000] {processor.py:161} INFO - Started process (PID=1254) to work on /opt/airflow/dags/incident_runbook_dag.py
[2026-02-27T22:48:25.113+0000] {processor.py:830} INFO - Processing file /opt/airflow/dags/incident_runbook_dag.py for tasks to queue
[2026-02-27T22:48:25.116+0000] {logging_mixin.py:188} INFO - [2026-02-27T22:48:25.115+0000] {dagbag.py:540} INFO - Filling up the DagBag from /opt/airflow/dags/incident_runbook_dag.py
[2026-02-27T22:48:25.168+0000] {logging_mixin.py:188} INFO - [2026-02-27T22:48:25.159+0000] {dagbag.py:350} ERROR - Failed to import: /opt/airflow/dags/incident_runbook_dag.py
Traceback (most recent call last):
  File "/home/airflow/.local/lib/python3.12/site-packages/airflow/models/dagbag.py", line 346, in parse
    loader.exec_module(new_module)
  File "<frozen importlib._bootstrap_external>", line 995, in exec_module
  File "<frozen importlib._bootstrap>", line 488, in _call_with_frames_removed
  File "/opt/airflow/dags/incident_runbook_dag.py", line 6, in <module>
    from src.incident_response.runbook import IncidentRunbook
ModuleNotFoundError: No module named 'src'
[2026-02-27T22:48:25.172+0000] {processor.py:842} WARNING - No viable dags retrieved from /opt/airflow/dags/incident_runbook_dag.py
[2026-02-27T22:48:25.213+0000] {processor.py:183} INFO - Processing /opt/airflow/dags/incident_runbook_dag.py took 0.118 seconds
[2026-02-27T22:48:55.928+0000] {processor.py:161} INFO - Started process (PID=1263) to work on /opt/airflow/dags/incident_runbook_dag.py
[2026-02-27T22:48:55.930+0000] {processor.py:830} INFO - Processing file /opt/airflow/dags/incident_runbook_dag.py for tasks to queue
[2026-02-27T22:48:55.933+0000] {logging_mixin.py:188} INFO - [2026-02-27T22:48:55.932+0000] {dagbag.py:540} INFO - Filling up the DagBag from /opt/airflow/dags/incident_runbook_dag.py
[2026-02-27T22:48:55.977+0000] {logging_mixin.py:188} INFO - [2026-02-27T22:48:55.969+0000] {dagbag.py:350} ERROR - Failed to import: /opt/airflow/dags/incident_runbook_dag.py
Traceback (most recent call last):
  File "/home/airflow/.local/lib/python3.12/site-packages/airflow/models/dagbag.py", line 346, in parse
    loader.exec_module(new_module)
  File "<frozen importlib._bootstrap_external>", line 995, in exec_module
  File "<frozen importlib._bootstrap>", line 488, in _call_with_frames_removed
  File "/opt/airflow/dags/incident_runbook_dag.py", line 6, in <module>
    from src.incident_response.runbook import IncidentRunbook
ModuleNotFoundError: No module named 'src'
[2026-02-27T22:48:55.980+0000] {processor.py:842} WARNING - No viable dags retrieved from /opt/airflow/dags/incident_runbook_dag.py
[2026-02-27T22:48:56.034+0000] {processor.py:183} INFO - Processing /opt/airflow/dags/incident_runbook_dag.py took 0.119 seconds
[2026-02-27T22:49:26.901+0000] {processor.py:161} INFO - Started process (PID=1272) to work on /opt/airflow/dags/incident_runbook_dag.py
[2026-02-27T22:49:26.904+0000] {processor.py:830} INFO - Processing file /opt/airflow/dags/incident_runbook_dag.py for tasks to queue
[2026-02-27T22:49:26.906+0000] {logging_mixin.py:188} INFO - [2026-02-27T22:49:26.906+0000] {dagbag.py:540} INFO - Filling up the DagBag from /opt/airflow/dags/incident_runbook_dag.py
[2026-02-27T22:49:26.971+0000] {logging_mixin.py:188} INFO - [2026-02-27T22:49:26.956+0000] {dagbag.py:350} ERROR - Failed to import: /opt/airflow/dags/incident_runbook_dag.py
Traceback (most recent call last):
  File "/home/airflow/.local/lib/python3.12/site-packages/airflow/models/dagbag.py", line 346, in parse
    loader.exec_module(new_module)
  File "<frozen importlib._bootstrap_external>", line 995, in exec_module
  File "<frozen importlib._bootstrap>", line 488, in _call_with_frames_removed
  File "/opt/airflow/dags/incident_runbook_dag.py", line 6, in <module>
    from src.incident_response.runbook import IncidentRunbook
ModuleNotFoundError: No module named 'src'
[2026-02-27T22:49:26.977+0000] {processor.py:842} WARNING - No viable dags retrieved from /opt/airflow/dags/incident_runbook_dag.py
[2026-02-27T22:49:27.059+0000] {processor.py:183} INFO - Processing /opt/airflow/dags/incident_runbook_dag.py took 0.179 seconds
[2026-02-27T22:49:57.896+0000] {processor.py:161} INFO - Started process (PID=1281) to work on /opt/airflow/dags/incident_runbook_dag.py
[2026-02-27T22:49:57.899+0000] {processor.py:830} INFO - Processing file /opt/airflow/dags/incident_runbook_dag.py for tasks to queue
[2026-02-27T22:49:57.904+0000] {logging_mixin.py:188} INFO - [2026-02-27T22:49:57.902+0000] {dagbag.py:540} INFO - Filling up the DagBag from /opt/airflow/dags/incident_runbook_dag.py
[2026-02-27T22:49:57.959+0000] {logging_mixin.py:188} INFO - [2026-02-27T22:49:57.949+0000] {dagbag.py:350} ERROR - Failed to import: /opt/airflow/dags/incident_runbook_dag.py
Traceback (most recent call last):
  File "/home/airflow/.local/lib/python3.12/site-packages/airflow/models/dagbag.py", line 346, in parse
    loader.exec_module(new_module)
  File "<frozen importlib._bootstrap_external>", line 995, in exec_module
  File "<frozen importlib._bootstrap>", line 488, in _call_with_frames_removed
  File "/opt/airflow/dags/incident_runbook_dag.py", line 6, in <module>
    from src.incident_response.runbook import IncidentRunbook
ModuleNotFoundError: No module named 'src'
[2026-02-27T22:49:57.961+0000] {processor.py:842} WARNING - No viable dags retrieved from /opt/airflow/dags/incident_runbook_dag.py
[2026-02-27T22:49:58.018+0000] {processor.py:183} INFO - Processing /opt/airflow/dags/incident_runbook_dag.py took 0.140 seconds
[2026-02-27T22:50:28.823+0000] {processor.py:161} INFO - Started process (PID=1290) to work on /opt/airflow/dags/incident_runbook_dag.py
[2026-02-27T22:50:28.826+0000] {processor.py:830} INFO - Processing file /opt/airflow/dags/incident_runbook_dag.py for tasks to queue
[2026-02-27T22:50:28.828+0000] {logging_mixin.py:188} INFO - [2026-02-27T22:50:28.827+0000] {dagbag.py:540} INFO - Filling up the DagBag from /opt/airflow/dags/incident_runbook_dag.py
[2026-02-27T22:50:28.863+0000] {logging_mixin.py:188} INFO - [2026-02-27T22:50:28.856+0000] {dagbag.py:350} ERROR - Failed to import: /opt/airflow/dags/incident_runbook_dag.py
Traceback (most recent call last):
  File "/home/airflow/.local/lib/python3.12/site-packages/airflow/models/dagbag.py", line 346, in parse
    loader.exec_module(new_module)
  File "<frozen importlib._bootstrap_external>", line 995, in exec_module
  File "<frozen importlib._bootstrap>", line 488, in _call_with_frames_removed
  File "/opt/airflow/dags/incident_runbook_dag.py", line 6, in <module>
    from src.incident_response.runbook import IncidentRunbook
ModuleNotFoundError: No module named 'src'
[2026-02-27T22:50:28.866+0000] {processor.py:842} WARNING - No viable dags retrieved from /opt/airflow/dags/incident_runbook_dag.py
[2026-02-27T22:50:28.911+0000] {processor.py:183} INFO - Processing /opt/airflow/dags/incident_runbook_dag.py took 0.100 seconds
[2026-02-27T22:50:59.780+0000] {processor.py:161} INFO - Started process (PID=1299) to work on /opt/airflow/dags/incident_runbook_dag.py
[2026-02-27T22:50:59.784+0000] {processor.py:830} INFO - Processing file /opt/airflow/dags/incident_runbook_dag.py for tasks to queue
[2026-02-27T22:50:59.786+0000] {logging_mixin.py:188} INFO - [2026-02-27T22:50:59.785+0000] {dagbag.py:540} INFO - Filling up the DagBag from /opt/airflow/dags/incident_runbook_dag.py
[2026-02-27T22:50:59.831+0000] {logging_mixin.py:188} INFO - [2026-02-27T22:50:59.823+0000] {dagbag.py:350} ERROR - Failed to import: /opt/airflow/dags/incident_runbook_dag.py
Traceback (most recent call last):
  File "/home/airflow/.local/lib/python3.12/site-packages/airflow/models/dagbag.py", line 346, in parse
    loader.exec_module(new_module)
  File "<frozen importlib._bootstrap_external>", line 995, in exec_module
  File "<frozen importlib._bootstrap>", line 488, in _call_with_frames_removed
  File "/opt/airflow/dags/incident_runbook_dag.py", line 6, in <module>
    from src.incident_response.runbook import IncidentRunbook
ModuleNotFoundError: No module named 'src'
[2026-02-27T22:50:59.834+0000] {processor.py:842} WARNING - No viable dags retrieved from /opt/airflow/dags/incident_runbook_dag.py
[2026-02-27T22:50:59.882+0000] {processor.py:183} INFO - Processing /opt/airflow/dags/incident_runbook_dag.py took 0.112 seconds
[2026-02-27T22:51:30.163+0000] {processor.py:161} INFO - Started process (PID=1309) to work on /opt/airflow/dags/incident_runbook_dag.py
[2026-02-27T22:51:30.165+0000] {processor.py:830} INFO - Processing file /opt/airflow/dags/incident_runbook_dag.py for tasks to queue
[2026-02-27T22:51:30.166+0000] {logging_mixin.py:188} INFO - [2026-02-27T22:51:30.166+0000] {dagbag.py:540} INFO - Filling up the DagBag from /opt/airflow/dags/incident_runbook_dag.py
[2026-02-27T22:51:30.205+0000] {logging_mixin.py:188} INFO - [2026-02-27T22:51:30.198+0000] {dagbag.py:350} ERROR - Failed to import: /opt/airflow/dags/incident_runbook_dag.py
Traceback (most recent call last):
  File "/home/airflow/.local/lib/python3.12/site-packages/airflow/models/dagbag.py", line 346, in parse
    loader.exec_module(new_module)
  File "<frozen importlib._bootstrap_external>", line 995, in exec_module
  File "<frozen importlib._bootstrap>", line 488, in _call_with_frames_removed
  File "/opt/airflow/dags/incident_runbook_dag.py", line 6, in <module>
    from src.incident_response.runbook import IncidentRunbook
ModuleNotFoundError: No module named 'src'
[2026-02-27T22:51:30.209+0000] {processor.py:842} WARNING - No viable dags retrieved from /opt/airflow/dags/incident_runbook_dag.py
[2026-02-27T22:51:30.249+0000] {processor.py:183} INFO - Processing /opt/airflow/dags/incident_runbook_dag.py took 0.096 seconds
[2026-02-27T22:52:49.544+0000] {processor.py:161} INFO - Started process (PID=33) to work on /opt/airflow/dags/incident_runbook_dag.py
[2026-02-27T22:52:49.547+0000] {processor.py:830} INFO - Processing file /opt/airflow/dags/incident_runbook_dag.py for tasks to queue
[2026-02-27T22:52:49.555+0000] {logging_mixin.py:188} INFO - [2026-02-27T22:52:49.553+0000] {dagbag.py:540} INFO - Filling up the DagBag from /opt/airflow/dags/incident_runbook_dag.py
[2026-02-27T22:52:49.598+0000] {logging_mixin.py:188} INFO - [2026-02-27T22:52:49.587+0000] {dagbag.py:350} ERROR - Failed to import: /opt/airflow/dags/incident_runbook_dag.py
Traceback (most recent call last):
  File "/home/airflow/.local/lib/python3.12/site-packages/airflow/models/dagbag.py", line 346, in parse
    loader.exec_module(new_module)
  File "<frozen importlib._bootstrap_external>", line 995, in exec_module
  File "<frozen importlib._bootstrap>", line 488, in _call_with_frames_removed
  File "/opt/airflow/dags/incident_runbook_dag.py", line 6, in <module>
    from src.incident_response.runbook import IncidentRunbook
ModuleNotFoundError: No module named 'src'
[2026-02-27T22:52:49.602+0000] {processor.py:842} WARNING - No viable dags retrieved from /opt/airflow/dags/incident_runbook_dag.py
[2026-02-27T22:52:49.669+0000] {processor.py:183} INFO - Processing /opt/airflow/dags/incident_runbook_dag.py took 0.141 seconds
[2026-02-27T22:53:20.331+0000] {processor.py:161} INFO - Started process (PID=42) to work on /opt/airflow/dags/incident_runbook_dag.py
[2026-02-27T22:53:20.333+0000] {processor.py:830} INFO - Processing file /opt/airflow/dags/incident_runbook_dag.py for tasks to queue
[2026-02-27T22:53:20.336+0000] {logging_mixin.py:188} INFO - [2026-02-27T22:53:20.335+0000] {dagbag.py:540} INFO - Filling up the DagBag from /opt/airflow/dags/incident_runbook_dag.py
[2026-02-27T22:53:20.401+0000] {logging_mixin.py:188} INFO - [2026-02-27T22:53:20.391+0000] {dagbag.py:350} ERROR - Failed to import: /opt/airflow/dags/incident_runbook_dag.py
Traceback (most recent call last):
  File "/home/airflow/.local/lib/python3.12/site-packages/airflow/models/dagbag.py", line 346, in parse
    loader.exec_module(new_module)
  File "<frozen importlib._bootstrap_external>", line 995, in exec_module
  File "<frozen importlib._bootstrap>", line 488, in _call_with_frames_removed
  File "/opt/airflow/dags/incident_runbook_dag.py", line 6, in <module>
    from src.incident_response.runbook import IncidentRunbook
ModuleNotFoundError: No module named 'src'
[2026-02-27T22:53:20.404+0000] {processor.py:842} WARNING - No viable dags retrieved from /opt/airflow/dags/incident_runbook_dag.py
[2026-02-27T22:53:20.448+0000] {processor.py:183} INFO - Processing /opt/airflow/dags/incident_runbook_dag.py took 0.138 seconds
[2026-02-27T22:53:51.203+0000] {processor.py:161} INFO - Started process (PID=51) to work on /opt/airflow/dags/incident_runbook_dag.py
[2026-02-27T22:53:51.207+0000] {processor.py:830} INFO - Processing file /opt/airflow/dags/incident_runbook_dag.py for tasks to queue
[2026-02-27T22:53:51.210+0000] {logging_mixin.py:188} INFO - [2026-02-27T22:53:51.209+0000] {dagbag.py:540} INFO - Filling up the DagBag from /opt/airflow/dags/incident_runbook_dag.py
[2026-02-27T22:53:51.266+0000] {logging_mixin.py:188} INFO - [2026-02-27T22:53:51.255+0000] {dagbag.py:350} ERROR - Failed to import: /opt/airflow/dags/incident_runbook_dag.py
Traceback (most recent call last):
  File "/home/airflow/.local/lib/python3.12/site-packages/airflow/models/dagbag.py", line 346, in parse
    loader.exec_module(new_module)
  File "<frozen importlib._bootstrap_external>", line 995, in exec_module
  File "<frozen importlib._bootstrap>", line 488, in _call_with_frames_removed
  File "/opt/airflow/dags/incident_runbook_dag.py", line 6, in <module>
    from src.incident_response.runbook import IncidentRunbook
ModuleNotFoundError: No module named 'src'
[2026-02-27T22:53:51.269+0000] {processor.py:842} WARNING - No viable dags retrieved from /opt/airflow/dags/incident_runbook_dag.py
[2026-02-27T22:53:51.344+0000] {processor.py:183} INFO - Processing /opt/airflow/dags/incident_runbook_dag.py took 0.175 seconds
[2026-02-27T22:54:21.983+0000] {processor.py:161} INFO - Started process (PID=60) to work on /opt/airflow/dags/incident_runbook_dag.py
[2026-02-27T22:54:21.987+0000] {processor.py:830} INFO - Processing file /opt/airflow/dags/incident_runbook_dag.py for tasks to queue
[2026-02-27T22:54:21.991+0000] {logging_mixin.py:188} INFO - [2026-02-27T22:54:21.990+0000] {dagbag.py:540} INFO - Filling up the DagBag from /opt/airflow/dags/incident_runbook_dag.py
[2026-02-27T22:54:22.035+0000] {logging_mixin.py:188} INFO - [2026-02-27T22:54:22.027+0000] {dagbag.py:350} ERROR - Failed to import: /opt/airflow/dags/incident_runbook_dag.py
Traceback (most recent call last):
  File "/home/airflow/.local/lib/python3.12/site-packages/airflow/models/dagbag.py", line 346, in parse
    loader.exec_module(new_module)
  File "<frozen importlib._bootstrap_external>", line 995, in exec_module
  File "<frozen importlib._bootstrap>", line 488, in _call_with_frames_removed
  File "/opt/airflow/dags/incident_runbook_dag.py", line 6, in <module>
    from src.incident_response.runbook import IncidentRunbook
ModuleNotFoundError: No module named 'src'
[2026-02-27T22:54:22.039+0000] {processor.py:842} WARNING - No viable dags retrieved from /opt/airflow/dags/incident_runbook_dag.py
[2026-02-27T22:54:22.132+0000] {processor.py:183} INFO - Processing /opt/airflow/dags/incident_runbook_dag.py took 0.185 seconds
[2026-02-27T22:54:53.218+0000] {processor.py:161} INFO - Started process (PID=69) to work on /opt/airflow/dags/incident_runbook_dag.py
[2026-02-27T22:54:53.221+0000] {processor.py:830} INFO - Processing file /opt/airflow/dags/incident_runbook_dag.py for tasks to queue
[2026-02-27T22:54:53.223+0000] {logging_mixin.py:188} INFO - [2026-02-27T22:54:53.222+0000] {dagbag.py:540} INFO - Filling up the DagBag from /opt/airflow/dags/incident_runbook_dag.py
[2026-02-27T22:54:53.266+0000] {logging_mixin.py:188} INFO - [2026-02-27T22:54:53.257+0000] {dagbag.py:350} ERROR - Failed to import: /opt/airflow/dags/incident_runbook_dag.py
Traceback (most recent call last):
  File "/home/airflow/.local/lib/python3.12/site-packages/airflow/models/dagbag.py", line 346, in parse
    loader.exec_module(new_module)
  File "<frozen importlib._bootstrap_external>", line 995, in exec_module
  File "<frozen importlib._bootstrap>", line 488, in _call_with_frames_removed
  File "/opt/airflow/dags/incident_runbook_dag.py", line 6, in <module>
    from src.incident_response.runbook import IncidentRunbook
ModuleNotFoundError: No module named 'src'
[2026-02-27T22:54:53.270+0000] {processor.py:842} WARNING - No viable dags retrieved from /opt/airflow/dags/incident_runbook_dag.py
[2026-02-27T22:54:53.322+0000] {processor.py:183} INFO - Processing /opt/airflow/dags/incident_runbook_dag.py took 0.116 seconds
[2026-02-27T22:55:23.805+0000] {processor.py:161} INFO - Started process (PID=78) to work on /opt/airflow/dags/incident_runbook_dag.py
[2026-02-27T22:55:23.808+0000] {processor.py:830} INFO - Processing file /opt/airflow/dags/incident_runbook_dag.py for tasks to queue
[2026-02-27T22:55:23.810+0000] {logging_mixin.py:188} INFO - [2026-02-27T22:55:23.810+0000] {dagbag.py:540} INFO - Filling up the DagBag from /opt/airflow/dags/incident_runbook_dag.py
[2026-02-27T22:55:23.858+0000] {logging_mixin.py:188} INFO - [2026-02-27T22:55:23.847+0000] {dagbag.py:350} ERROR - Failed to import: /opt/airflow/dags/incident_runbook_dag.py
Traceback (most recent call last):
  File "/home/airflow/.local/lib/python3.12/site-packages/airflow/models/dagbag.py", line 346, in parse
    loader.exec_module(new_module)
  File "<frozen importlib._bootstrap_external>", line 995, in exec_module
  File "<frozen importlib._bootstrap>", line 488, in _call_with_frames_removed
  File "/opt/airflow/dags/incident_runbook_dag.py", line 6, in <module>
    from src.incident_response.runbook import IncidentRunbook
ModuleNotFoundError: No module named 'src'
[2026-02-27T22:55:23.862+0000] {processor.py:842} WARNING - No viable dags retrieved from /opt/airflow/dags/incident_runbook_dag.py
[2026-02-27T22:55:23.912+0000] {processor.py:183} INFO - Processing /opt/airflow/dags/incident_runbook_dag.py took 0.117 seconds
[2026-02-27T22:55:54.373+0000] {processor.py:161} INFO - Started process (PID=87) to work on /opt/airflow/dags/incident_runbook_dag.py
[2026-02-27T22:55:54.376+0000] {processor.py:830} INFO - Processing file /opt/airflow/dags/incident_runbook_dag.py for tasks to queue
[2026-02-27T22:55:54.377+0000] {logging_mixin.py:188} INFO - [2026-02-27T22:55:54.377+0000] {dagbag.py:540} INFO - Filling up the DagBag from /opt/airflow/dags/incident_runbook_dag.py
[2026-02-27T22:55:54.411+0000] {logging_mixin.py:188} INFO - [2026-02-27T22:55:54.404+0000] {dagbag.py:350} ERROR - Failed to import: /opt/airflow/dags/incident_runbook_dag.py
Traceback (most recent call last):
  File "/home/airflow/.local/lib/python3.12/site-packages/airflow/models/dagbag.py", line 346, in parse
    loader.exec_module(new_module)
  File "<frozen importlib._bootstrap_external>", line 995, in exec_module
  File "<frozen importlib._bootstrap>", line 488, in _call_with_frames_removed
  File "/opt/airflow/dags/incident_runbook_dag.py", line 6, in <module>
    from src.incident_response.runbook import IncidentRunbook
ModuleNotFoundError: No module named 'src'
[2026-02-27T22:55:54.414+0000] {processor.py:842} WARNING - No viable dags retrieved from /opt/airflow/dags/incident_runbook_dag.py
[2026-02-27T22:55:54.457+0000] {processor.py:183} INFO - Processing /opt/airflow/dags/incident_runbook_dag.py took 0.092 seconds
[2026-02-27T22:56:25.148+0000] {processor.py:161} INFO - Started process (PID=96) to work on /opt/airflow/dags/incident_runbook_dag.py
[2026-02-27T22:56:25.150+0000] {processor.py:830} INFO - Processing file /opt/airflow/dags/incident_runbook_dag.py for tasks to queue
[2026-02-27T22:56:25.153+0000] {logging_mixin.py:188} INFO - [2026-02-27T22:56:25.152+0000] {dagbag.py:540} INFO - Filling up the DagBag from /opt/airflow/dags/incident_runbook_dag.py
[2026-02-27T22:56:25.194+0000] {logging_mixin.py:188} INFO - [2026-02-27T22:56:25.185+0000] {dagbag.py:350} ERROR - Failed to import: /opt/airflow/dags/incident_runbook_dag.py
Traceback (most recent call last):
  File "/home/airflow/.local/lib/python3.12/site-packages/airflow/models/dagbag.py", line 346, in parse
    loader.exec_module(new_module)
  File "<frozen importlib._bootstrap_external>", line 995, in exec_module
  File "<frozen importlib._bootstrap>", line 488, in _call_with_frames_removed
  File "/opt/airflow/dags/incident_runbook_dag.py", line 6, in <module>
    from src.incident_response.runbook import IncidentRunbook
ModuleNotFoundError: No module named 'src'
[2026-02-27T22:56:25.197+0000] {processor.py:842} WARNING - No viable dags retrieved from /opt/airflow/dags/incident_runbook_dag.py
[2026-02-27T22:56:25.238+0000] {processor.py:183} INFO - Processing /opt/airflow/dags/incident_runbook_dag.py took 0.105 seconds
[2026-02-27T22:56:55.937+0000] {processor.py:161} INFO - Started process (PID=105) to work on /opt/airflow/dags/incident_runbook_dag.py
[2026-02-27T22:56:55.939+0000] {processor.py:830} INFO - Processing file /opt/airflow/dags/incident_runbook_dag.py for tasks to queue
[2026-02-27T22:56:55.942+0000] {logging_mixin.py:188} INFO - [2026-02-27T22:56:55.941+0000] {dagbag.py:540} INFO - Filling up the DagBag from /opt/airflow/dags/incident_runbook_dag.py
[2026-02-27T22:56:55.975+0000] {logging_mixin.py:188} INFO - [2026-02-27T22:56:55.967+0000] {dagbag.py:350} ERROR - Failed to import: /opt/airflow/dags/incident_runbook_dag.py
Traceback (most recent call last):
  File "/home/airflow/.local/lib/python3.12/site-packages/airflow/models/dagbag.py", line 346, in parse
    loader.exec_module(new_module)
  File "<frozen importlib._bootstrap_external>", line 995, in exec_module
  File "<frozen importlib._bootstrap>", line 488, in _call_with_frames_removed
  File "/opt/airflow/dags/incident_runbook_dag.py", line 6, in <module>
    from src.incident_response.runbook import IncidentRunbook
ModuleNotFoundError: No module named 'src'
[2026-02-27T22:56:55.979+0000] {processor.py:842} WARNING - No viable dags retrieved from /opt/airflow/dags/incident_runbook_dag.py
[2026-02-27T22:56:56.016+0000] {processor.py:183} INFO - Processing /opt/airflow/dags/incident_runbook_dag.py took 0.089 seconds
[2026-02-27T22:57:26.753+0000] {processor.py:161} INFO - Started process (PID=114) to work on /opt/airflow/dags/incident_runbook_dag.py
[2026-02-27T22:57:26.754+0000] {processor.py:830} INFO - Processing file /opt/airflow/dags/incident_runbook_dag.py for tasks to queue
[2026-02-27T22:57:26.756+0000] {logging_mixin.py:188} INFO - [2026-02-27T22:57:26.755+0000] {dagbag.py:540} INFO - Filling up the DagBag from /opt/airflow/dags/incident_runbook_dag.py
[2026-02-27T22:57:26.798+0000] {logging_mixin.py:188} INFO - [2026-02-27T22:57:26.785+0000] {dagbag.py:350} ERROR - Failed to import: /opt/airflow/dags/incident_runbook_dag.py
Traceback (most recent call last):
  File "/home/airflow/.local/lib/python3.12/site-packages/airflow/models/dagbag.py", line 346, in parse
    loader.exec_module(new_module)
  File "<frozen importlib._bootstrap_external>", line 995, in exec_module
  File "<frozen importlib._bootstrap>", line 488, in _call_with_frames_removed
  File "/opt/airflow/dags/incident_runbook_dag.py", line 6, in <module>
    from src.incident_response.runbook import IncidentRunbook
ModuleNotFoundError: No module named 'src'
[2026-02-27T22:57:26.801+0000] {processor.py:842} WARNING - No viable dags retrieved from /opt/airflow/dags/incident_runbook_dag.py
[2026-02-27T22:57:26.838+0000] {processor.py:183} INFO - Processing /opt/airflow/dags/incident_runbook_dag.py took 0.097 seconds
[2026-02-27T22:57:57.030+0000] {processor.py:161} INFO - Started process (PID=123) to work on /opt/airflow/dags/incident_runbook_dag.py
[2026-02-27T22:57:57.032+0000] {processor.py:830} INFO - Processing file /opt/airflow/dags/incident_runbook_dag.py for tasks to queue
[2026-02-27T22:57:57.034+0000] {logging_mixin.py:188} INFO - [2026-02-27T22:57:57.034+0000] {dagbag.py:540} INFO - Filling up the DagBag from /opt/airflow/dags/incident_runbook_dag.py
[2026-02-27T22:57:57.072+0000] {logging_mixin.py:188} INFO - [2026-02-27T22:57:57.063+0000] {dagbag.py:350} ERROR - Failed to import: /opt/airflow/dags/incident_runbook_dag.py
Traceback (most recent call last):
  File "/home/airflow/.local/lib/python3.12/site-packages/airflow/models/dagbag.py", line 346, in parse
    loader.exec_module(new_module)
  File "<frozen importlib._bootstrap_external>", line 995, in exec_module
  File "<frozen importlib._bootstrap>", line 488, in _call_with_frames_removed
  File "/opt/airflow/dags/incident_runbook_dag.py", line 6, in <module>
    from src.incident_response.runbook import IncidentRunbook
ModuleNotFoundError: No module named 'src'
[2026-02-27T22:57:57.075+0000] {processor.py:842} WARNING - No viable dags retrieved from /opt/airflow/dags/incident_runbook_dag.py
[2026-02-27T22:57:57.123+0000] {processor.py:183} INFO - Processing /opt/airflow/dags/incident_runbook_dag.py took 0.103 seconds
[2026-02-27T22:58:27.267+0000] {processor.py:161} INFO - Started process (PID=132) to work on /opt/airflow/dags/incident_runbook_dag.py
[2026-02-27T22:58:27.269+0000] {processor.py:830} INFO - Processing file /opt/airflow/dags/incident_runbook_dag.py for tasks to queue
[2026-02-27T22:58:27.272+0000] {logging_mixin.py:188} INFO - [2026-02-27T22:58:27.271+0000] {dagbag.py:540} INFO - Filling up the DagBag from /opt/airflow/dags/incident_runbook_dag.py
[2026-02-27T22:58:27.328+0000] {logging_mixin.py:188} INFO - [2026-02-27T22:58:27.315+0000] {dagbag.py:350} ERROR - Failed to import: /opt/airflow/dags/incident_runbook_dag.py
Traceback (most recent call last):
  File "/home/airflow/.local/lib/python3.12/site-packages/airflow/models/dagbag.py", line 346, in parse
    loader.exec_module(new_module)
  File "<frozen importlib._bootstrap_external>", line 995, in exec_module
  File "<frozen importlib._bootstrap>", line 488, in _call_with_frames_removed
  File "/opt/airflow/dags/incident_runbook_dag.py", line 6, in <module>
    from src.incident_response.runbook import IncidentRunbook
ModuleNotFoundError: No module named 'src'
[2026-02-27T22:58:27.332+0000] {processor.py:842} WARNING - No viable dags retrieved from /opt/airflow/dags/incident_runbook_dag.py
[2026-02-27T22:58:27.398+0000] {processor.py:183} INFO - Processing /opt/airflow/dags/incident_runbook_dag.py took 0.144 seconds
[2026-02-27T22:58:58.069+0000] {processor.py:161} INFO - Started process (PID=141) to work on /opt/airflow/dags/incident_runbook_dag.py
[2026-02-27T22:58:58.071+0000] {processor.py:830} INFO - Processing file /opt/airflow/dags/incident_runbook_dag.py for tasks to queue
[2026-02-27T22:58:58.073+0000] {logging_mixin.py:188} INFO - [2026-02-27T22:58:58.072+0000] {dagbag.py:540} INFO - Filling up the DagBag from /opt/airflow/dags/incident_runbook_dag.py
[2026-02-27T22:58:58.110+0000] {logging_mixin.py:188} INFO - [2026-02-27T22:58:58.102+0000] {dagbag.py:350} ERROR - Failed to import: /opt/airflow/dags/incident_runbook_dag.py
Traceback (most recent call last):
  File "/home/airflow/.local/lib/python3.12/site-packages/airflow/models/dagbag.py", line 346, in parse
    loader.exec_module(new_module)
  File "<frozen importlib._bootstrap_external>", line 995, in exec_module
  File "<frozen importlib._bootstrap>", line 488, in _call_with_frames_removed
  File "/opt/airflow/dags/incident_runbook_dag.py", line 6, in <module>
    from src.incident_response.runbook import IncidentRunbook
ModuleNotFoundError: No module named 'src'
[2026-02-27T22:58:58.112+0000] {processor.py:842} WARNING - No viable dags retrieved from /opt/airflow/dags/incident_runbook_dag.py
[2026-02-27T22:58:58.151+0000] {processor.py:183} INFO - Processing /opt/airflow/dags/incident_runbook_dag.py took 0.096 seconds
[2026-02-27T22:59:28.912+0000] {processor.py:161} INFO - Started process (PID=150) to work on /opt/airflow/dags/incident_runbook_dag.py
[2026-02-27T22:59:28.914+0000] {processor.py:830} INFO - Processing file /opt/airflow/dags/incident_runbook_dag.py for tasks to queue
[2026-02-27T22:59:28.917+0000] {logging_mixin.py:188} INFO - [2026-02-27T22:59:28.916+0000] {dagbag.py:540} INFO - Filling up the DagBag from /opt/airflow/dags/incident_runbook_dag.py
[2026-02-27T22:59:28.975+0000] {logging_mixin.py:188} INFO - [2026-02-27T22:59:28.965+0000] {dagbag.py:350} ERROR - Failed to import: /opt/airflow/dags/incident_runbook_dag.py
Traceback (most recent call last):
  File "/home/airflow/.local/lib/python3.12/site-packages/airflow/models/dagbag.py", line 346, in parse
    loader.exec_module(new_module)
  File "<frozen importlib._bootstrap_external>", line 995, in exec_module
  File "<frozen importlib._bootstrap>", line 488, in _call_with_frames_removed
  File "/opt/airflow/dags/incident_runbook_dag.py", line 6, in <module>
    from src.incident_response.runbook import IncidentRunbook
ModuleNotFoundError: No module named 'src'
[2026-02-27T22:59:28.978+0000] {processor.py:842} WARNING - No viable dags retrieved from /opt/airflow/dags/incident_runbook_dag.py
[2026-02-27T22:59:29.026+0000] {processor.py:183} INFO - Processing /opt/airflow/dags/incident_runbook_dag.py took 0.127 seconds
[2026-02-27T22:59:59.523+0000] {processor.py:161} INFO - Started process (PID=159) to work on /opt/airflow/dags/incident_runbook_dag.py
[2026-02-27T22:59:59.525+0000] {processor.py:830} INFO - Processing file /opt/airflow/dags/incident_runbook_dag.py for tasks to queue
[2026-02-27T22:59:59.527+0000] {logging_mixin.py:188} INFO - [2026-02-27T22:59:59.526+0000] {dagbag.py:540} INFO - Filling up the DagBag from /opt/airflow/dags/incident_runbook_dag.py
[2026-02-27T22:59:59.588+0000] {logging_mixin.py:188} INFO - [2026-02-27T22:59:59.576+0000] {dagbag.py:350} ERROR - Failed to import: /opt/airflow/dags/incident_runbook_dag.py
Traceback (most recent call last):
  File "/home/airflow/.local/lib/python3.12/site-packages/airflow/models/dagbag.py", line 346, in parse
    loader.exec_module(new_module)
  File "<frozen importlib._bootstrap_external>", line 995, in exec_module
  File "<frozen importlib._bootstrap>", line 488, in _call_with_frames_removed
  File "/opt/airflow/dags/incident_runbook_dag.py", line 6, in <module>
    from src.incident_response.runbook import IncidentRunbook
ModuleNotFoundError: No module named 'src'
[2026-02-27T22:59:59.592+0000] {processor.py:842} WARNING - No viable dags retrieved from /opt/airflow/dags/incident_runbook_dag.py
[2026-02-27T22:59:59.644+0000] {processor.py:183} INFO - Processing /opt/airflow/dags/incident_runbook_dag.py took 0.133 seconds
[2026-02-27T23:00:30.033+0000] {processor.py:161} INFO - Started process (PID=168) to work on /opt/airflow/dags/incident_runbook_dag.py
[2026-02-27T23:00:30.036+0000] {processor.py:830} INFO - Processing file /opt/airflow/dags/incident_runbook_dag.py for tasks to queue
[2026-02-27T23:00:30.037+0000] {logging_mixin.py:188} INFO - [2026-02-27T23:00:30.037+0000] {dagbag.py:540} INFO - Filling up the DagBag from /opt/airflow/dags/incident_runbook_dag.py
[2026-02-27T23:00:30.070+0000] {logging_mixin.py:188} INFO - [2026-02-27T23:00:30.063+0000] {dagbag.py:350} ERROR - Failed to import: /opt/airflow/dags/incident_runbook_dag.py
Traceback (most recent call last):
  File "/home/airflow/.local/lib/python3.12/site-packages/airflow/models/dagbag.py", line 346, in parse
    loader.exec_module(new_module)
  File "<frozen importlib._bootstrap_external>", line 995, in exec_module
  File "<frozen importlib._bootstrap>", line 488, in _call_with_frames_removed
  File "/opt/airflow/dags/incident_runbook_dag.py", line 6, in <module>
    from src.incident_response.runbook import IncidentRunbook
ModuleNotFoundError: No module named 'src'
[2026-02-27T23:00:30.071+0000] {processor.py:842} WARNING - No viable dags retrieved from /opt/airflow/dags/incident_runbook_dag.py
[2026-02-27T23:00:30.117+0000] {processor.py:183} INFO - Processing /opt/airflow/dags/incident_runbook_dag.py took 0.092 seconds
[2026-02-27T23:01:00.522+0000] {processor.py:161} INFO - Started process (PID=177) to work on /opt/airflow/dags/incident_runbook_dag.py
[2026-02-27T23:01:00.524+0000] {processor.py:830} INFO - Processing file /opt/airflow/dags/incident_runbook_dag.py for tasks to queue
[2026-02-27T23:01:00.525+0000] {logging_mixin.py:188} INFO - [2026-02-27T23:01:00.525+0000] {dagbag.py:540} INFO - Filling up the DagBag from /opt/airflow/dags/incident_runbook_dag.py
[2026-02-27T23:01:00.557+0000] {logging_mixin.py:188} INFO - [2026-02-27T23:01:00.549+0000] {dagbag.py:350} ERROR - Failed to import: /opt/airflow/dags/incident_runbook_dag.py
Traceback (most recent call last):
  File "/home/airflow/.local/lib/python3.12/site-packages/airflow/models/dagbag.py", line 346, in parse
    loader.exec_module(new_module)
  File "<frozen importlib._bootstrap_external>", line 995, in exec_module
  File "<frozen importlib._bootstrap>", line 488, in _call_with_frames_removed
  File "/opt/airflow/dags/incident_runbook_dag.py", line 6, in <module>
    from src.incident_response.runbook import IncidentRunbook
ModuleNotFoundError: No module named 'src'
[2026-02-27T23:01:00.560+0000] {processor.py:842} WARNING - No viable dags retrieved from /opt/airflow/dags/incident_runbook_dag.py
[2026-02-27T23:01:00.603+0000] {processor.py:183} INFO - Processing /opt/airflow/dags/incident_runbook_dag.py took 0.090 seconds
[2026-02-27T23:01:31.212+0000] {processor.py:161} INFO - Started process (PID=186) to work on /opt/airflow/dags/incident_runbook_dag.py
[2026-02-27T23:01:31.214+0000] {processor.py:830} INFO - Processing file /opt/airflow/dags/incident_runbook_dag.py for tasks to queue
[2026-02-27T23:01:31.216+0000] {logging_mixin.py:188} INFO - [2026-02-27T23:01:31.215+0000] {dagbag.py:540} INFO - Filling up the DagBag from /opt/airflow/dags/incident_runbook_dag.py
[2026-02-27T23:01:31.252+0000] {logging_mixin.py:188} INFO - [2026-02-27T23:01:31.242+0000] {dagbag.py:350} ERROR - Failed to import: /opt/airflow/dags/incident_runbook_dag.py
Traceback (most recent call last):
  File "/home/airflow/.local/lib/python3.12/site-packages/airflow/models/dagbag.py", line 346, in parse
    loader.exec_module(new_module)
  File "<frozen importlib._bootstrap_external>", line 995, in exec_module
  File "<frozen importlib._bootstrap>", line 488, in _call_with_frames_removed
  File "/opt/airflow/dags/incident_runbook_dag.py", line 6, in <module>
    from src.incident_response.runbook import IncidentRunbook
ModuleNotFoundError: No module named 'src'
[2026-02-27T23:01:31.255+0000] {processor.py:842} WARNING - No viable dags retrieved from /opt/airflow/dags/incident_runbook_dag.py
[2026-02-27T23:01:31.298+0000] {processor.py:183} INFO - Processing /opt/airflow/dags/incident_runbook_dag.py took 0.096 seconds
[2026-02-27T23:02:01.692+0000] {processor.py:161} INFO - Started process (PID=195) to work on /opt/airflow/dags/incident_runbook_dag.py
[2026-02-27T23:02:01.694+0000] {processor.py:830} INFO - Processing file /opt/airflow/dags/incident_runbook_dag.py for tasks to queue
[2026-02-27T23:02:01.696+0000] {logging_mixin.py:188} INFO - [2026-02-27T23:02:01.695+0000] {dagbag.py:540} INFO - Filling up the DagBag from /opt/airflow/dags/incident_runbook_dag.py
[2026-02-27T23:02:01.742+0000] {logging_mixin.py:188} INFO - [2026-02-27T23:02:01.732+0000] {dagbag.py:350} ERROR - Failed to import: /opt/airflow/dags/incident_runbook_dag.py
Traceback (most recent call last):
  File "/home/airflow/.local/lib/python3.12/site-packages/airflow/models/dagbag.py", line 346, in parse
    loader.exec_module(new_module)
  File "<frozen importlib._bootstrap_external>", line 995, in exec_module
  File "<frozen importlib._bootstrap>", line 488, in _call_with_frames_removed
  File "/opt/airflow/dags/incident_runbook_dag.py", line 6, in <module>
    from src.incident_response.runbook import IncidentRunbook
ModuleNotFoundError: No module named 'src'
[2026-02-27T23:02:01.746+0000] {processor.py:842} WARNING - No viable dags retrieved from /opt/airflow/dags/incident_runbook_dag.py
[2026-02-27T23:02:01.787+0000] {processor.py:183} INFO - Processing /opt/airflow/dags/incident_runbook_dag.py took 0.103 seconds
[2026-02-27T23:02:32.140+0000] {processor.py:161} INFO - Started process (PID=204) to work on /opt/airflow/dags/incident_runbook_dag.py
[2026-02-27T23:02:32.143+0000] {processor.py:830} INFO - Processing file /opt/airflow/dags/incident_runbook_dag.py for tasks to queue
[2026-02-27T23:02:32.146+0000] {logging_mixin.py:188} INFO - [2026-02-27T23:02:32.144+0000] {dagbag.py:540} INFO - Filling up the DagBag from /opt/airflow/dags/incident_runbook_dag.py
[2026-02-27T23:02:32.184+0000] {logging_mixin.py:188} INFO - [2026-02-27T23:02:32.175+0000] {dagbag.py:350} ERROR - Failed to import: /opt/airflow/dags/incident_runbook_dag.py
Traceback (most recent call last):
  File "/home/airflow/.local/lib/python3.12/site-packages/airflow/models/dagbag.py", line 346, in parse
    loader.exec_module(new_module)
  File "<frozen importlib._bootstrap_external>", line 995, in exec_module
  File "<frozen importlib._bootstrap>", line 488, in _call_with_frames_removed
  File "/opt/airflow/dags/incident_runbook_dag.py", line 6, in <module>
    from src.incident_response.runbook import IncidentRunbook
ModuleNotFoundError: No module named 'src'
[2026-02-27T23:02:32.188+0000] {processor.py:842} WARNING - No viable dags retrieved from /opt/airflow/dags/incident_runbook_dag.py
[2026-02-27T23:02:32.254+0000] {processor.py:183} INFO - Processing /opt/airflow/dags/incident_runbook_dag.py took 0.126 seconds
[2026-02-27T23:03:02.731+0000] {processor.py:161} INFO - Started process (PID=213) to work on /opt/airflow/dags/incident_runbook_dag.py
[2026-02-27T23:03:02.733+0000] {processor.py:830} INFO - Processing file /opt/airflow/dags/incident_runbook_dag.py for tasks to queue
[2026-02-27T23:03:02.734+0000] {logging_mixin.py:188} INFO - [2026-02-27T23:03:02.734+0000] {dagbag.py:540} INFO - Filling up the DagBag from /opt/airflow/dags/incident_runbook_dag.py
[2026-02-27T23:03:02.766+0000] {logging_mixin.py:188} INFO - [2026-02-27T23:03:02.758+0000] {dagbag.py:350} ERROR - Failed to import: /opt/airflow/dags/incident_runbook_dag.py
Traceback (most recent call last):
  File "/home/airflow/.local/lib/python3.12/site-packages/airflow/models/dagbag.py", line 346, in parse
    loader.exec_module(new_module)
  File "<frozen importlib._bootstrap_external>", line 995, in exec_module
  File "<frozen importlib._bootstrap>", line 488, in _call_with_frames_removed
  File "/opt/airflow/dags/incident_runbook_dag.py", line 6, in <module>
    from src.incident_response.runbook import IncidentRunbook
ModuleNotFoundError: No module named 'src'
[2026-02-27T23:03:02.768+0000] {processor.py:842} WARNING - No viable dags retrieved from /opt/airflow/dags/incident_runbook_dag.py
[2026-02-27T23:03:02.827+0000] {processor.py:183} INFO - Processing /opt/airflow/dags/incident_runbook_dag.py took 0.106 seconds
[2026-02-27T23:03:33.270+0000] {processor.py:161} INFO - Started process (PID=222) to work on /opt/airflow/dags/incident_runbook_dag.py
[2026-02-27T23:03:33.273+0000] {processor.py:830} INFO - Processing file /opt/airflow/dags/incident_runbook_dag.py for tasks to queue
[2026-02-27T23:03:33.275+0000] {logging_mixin.py:188} INFO - [2026-02-27T23:03:33.274+0000] {dagbag.py:540} INFO - Filling up the DagBag from /opt/airflow/dags/incident_runbook_dag.py
[2026-02-27T23:03:33.311+0000] {logging_mixin.py:188} INFO - [2026-02-27T23:03:33.303+0000] {dagbag.py:350} ERROR - Failed to import: /opt/airflow/dags/incident_runbook_dag.py
Traceback (most recent call last):
  File "/home/airflow/.local/lib/python3.12/site-packages/airflow/models/dagbag.py", line 346, in parse
    loader.exec_module(new_module)
  File "<frozen importlib._bootstrap_external>", line 995, in exec_module
  File "<frozen importlib._bootstrap>", line 488, in _call_with_frames_removed
  File "/opt/airflow/dags/incident_runbook_dag.py", line 6, in <module>
    from src.incident_response.runbook import IncidentRunbook
ModuleNotFoundError: No module named 'src'
[2026-02-27T23:03:33.315+0000] {processor.py:842} WARNING - No viable dags retrieved from /opt/airflow/dags/incident_runbook_dag.py
[2026-02-27T23:03:33.354+0000] {processor.py:183} INFO - Processing /opt/airflow/dags/incident_runbook_dag.py took 0.097 seconds
[2026-02-27T23:04:03.650+0000] {processor.py:161} INFO - Started process (PID=231) to work on /opt/airflow/dags/incident_runbook_dag.py
[2026-02-27T23:04:03.652+0000] {processor.py:830} INFO - Processing file /opt/airflow/dags/incident_runbook_dag.py for tasks to queue
[2026-02-27T23:04:03.655+0000] {logging_mixin.py:188} INFO - [2026-02-27T23:04:03.654+0000] {dagbag.py:540} INFO - Filling up the DagBag from /opt/airflow/dags/incident_runbook_dag.py
[2026-02-27T23:04:03.691+0000] {logging_mixin.py:188} INFO - [2026-02-27T23:04:03.682+0000] {dagbag.py:350} ERROR - Failed to import: /opt/airflow/dags/incident_runbook_dag.py
Traceback (most recent call last):
  File "/home/airflow/.local/lib/python3.12/site-packages/airflow/models/dagbag.py", line 346, in parse
    loader.exec_module(new_module)
  File "<frozen importlib._bootstrap_external>", line 995, in exec_module
  File "<frozen importlib._bootstrap>", line 488, in _call_with_frames_removed
  File "/opt/airflow/dags/incident_runbook_dag.py", line 6, in <module>
    from src.incident_response.runbook import IncidentRunbook
ModuleNotFoundError: No module named 'src'
[2026-02-27T23:04:03.696+0000] {processor.py:842} WARNING - No viable dags retrieved from /opt/airflow/dags/incident_runbook_dag.py
[2026-02-27T23:04:03.745+0000] {processor.py:183} INFO - Processing /opt/airflow/dags/incident_runbook_dag.py took 0.103 seconds
[2026-02-27T23:04:34.193+0000] {processor.py:161} INFO - Started process (PID=240) to work on /opt/airflow/dags/incident_runbook_dag.py
[2026-02-27T23:04:34.195+0000] {processor.py:830} INFO - Processing file /opt/airflow/dags/incident_runbook_dag.py for tasks to queue
[2026-02-27T23:04:34.196+0000] {logging_mixin.py:188} INFO - [2026-02-27T23:04:34.196+0000] {dagbag.py:540} INFO - Filling up the DagBag from /opt/airflow/dags/incident_runbook_dag.py
[2026-02-27T23:04:34.228+0000] {logging_mixin.py:188} INFO - [2026-02-27T23:04:34.221+0000] {dagbag.py:350} ERROR - Failed to import: /opt/airflow/dags/incident_runbook_dag.py
Traceback (most recent call last):
  File "/home/airflow/.local/lib/python3.12/site-packages/airflow/models/dagbag.py", line 346, in parse
    loader.exec_module(new_module)
  File "<frozen importlib._bootstrap_external>", line 995, in exec_module
  File "<frozen importlib._bootstrap>", line 488, in _call_with_frames_removed
  File "/opt/airflow/dags/incident_runbook_dag.py", line 6, in <module>
    from src.incident_response.runbook import IncidentRunbook
ModuleNotFoundError: No module named 'src'
[2026-02-27T23:04:34.231+0000] {processor.py:842} WARNING - No viable dags retrieved from /opt/airflow/dags/incident_runbook_dag.py
[2026-02-27T23:04:34.277+0000] {processor.py:183} INFO - Processing /opt/airflow/dags/incident_runbook_dag.py took 0.093 seconds
[2026-02-27T23:05:04.592+0000] {processor.py:161} INFO - Started process (PID=249) to work on /opt/airflow/dags/incident_runbook_dag.py
[2026-02-27T23:05:04.593+0000] {processor.py:830} INFO - Processing file /opt/airflow/dags/incident_runbook_dag.py for tasks to queue
[2026-02-27T23:05:04.595+0000] {logging_mixin.py:188} INFO - [2026-02-27T23:05:04.595+0000] {dagbag.py:540} INFO - Filling up the DagBag from /opt/airflow/dags/incident_runbook_dag.py
[2026-02-27T23:05:04.627+0000] {logging_mixin.py:188} INFO - [2026-02-27T23:05:04.620+0000] {dagbag.py:350} ERROR - Failed to import: /opt/airflow/dags/incident_runbook_dag.py
Traceback (most recent call last):
  File "/home/airflow/.local/lib/python3.12/site-packages/airflow/models/dagbag.py", line 346, in parse
    loader.exec_module(new_module)
  File "<frozen importlib._bootstrap_external>", line 995, in exec_module
  File "<frozen importlib._bootstrap>", line 488, in _call_with_frames_removed
  File "/opt/airflow/dags/incident_runbook_dag.py", line 6, in <module>
    from src.incident_response.runbook import IncidentRunbook
ModuleNotFoundError: No module named 'src'
[2026-02-27T23:05:04.630+0000] {processor.py:842} WARNING - No viable dags retrieved from /opt/airflow/dags/incident_runbook_dag.py
[2026-02-27T23:05:04.671+0000] {processor.py:183} INFO - Processing /opt/airflow/dags/incident_runbook_dag.py took 0.088 seconds
[2026-02-27T23:05:35.116+0000] {processor.py:161} INFO - Started process (PID=258) to work on /opt/airflow/dags/incident_runbook_dag.py
[2026-02-27T23:05:35.118+0000] {processor.py:830} INFO - Processing file /opt/airflow/dags/incident_runbook_dag.py for tasks to queue
[2026-02-27T23:05:35.120+0000] {logging_mixin.py:188} INFO - [2026-02-27T23:05:35.119+0000] {dagbag.py:540} INFO - Filling up the DagBag from /opt/airflow/dags/incident_runbook_dag.py
[2026-02-27T23:05:35.158+0000] {logging_mixin.py:188} INFO - [2026-02-27T23:05:35.150+0000] {dagbag.py:350} ERROR - Failed to import: /opt/airflow/dags/incident_runbook_dag.py
Traceback (most recent call last):
  File "/home/airflow/.local/lib/python3.12/site-packages/airflow/models/dagbag.py", line 346, in parse
    loader.exec_module(new_module)
  File "<frozen importlib._bootstrap_external>", line 995, in exec_module
  File "<frozen importlib._bootstrap>", line 488, in _call_with_frames_removed
  File "/opt/airflow/dags/incident_runbook_dag.py", line 6, in <module>
    from src.incident_response.runbook import IncidentRunbook
ModuleNotFoundError: No module named 'src'
[2026-02-27T23:05:35.162+0000] {processor.py:842} WARNING - No viable dags retrieved from /opt/airflow/dags/incident_runbook_dag.py
[2026-02-27T23:05:35.209+0000] {processor.py:183} INFO - Processing /opt/airflow/dags/incident_runbook_dag.py took 0.104 seconds
[2026-02-27T23:06:05.795+0000] {processor.py:161} INFO - Started process (PID=267) to work on /opt/airflow/dags/incident_runbook_dag.py
[2026-02-27T23:06:05.797+0000] {processor.py:830} INFO - Processing file /opt/airflow/dags/incident_runbook_dag.py for tasks to queue
[2026-02-27T23:06:05.801+0000] {logging_mixin.py:188} INFO - [2026-02-27T23:06:05.799+0000] {dagbag.py:540} INFO - Filling up the DagBag from /opt/airflow/dags/incident_runbook_dag.py
[2026-02-27T23:06:05.862+0000] {logging_mixin.py:188} INFO - [2026-02-27T23:06:05.846+0000] {dagbag.py:350} ERROR - Failed to import: /opt/airflow/dags/incident_runbook_dag.py
Traceback (most recent call last):
  File "/home/airflow/.local/lib/python3.12/site-packages/airflow/models/dagbag.py", line 346, in parse
    loader.exec_module(new_module)
  File "<frozen importlib._bootstrap_external>", line 995, in exec_module
  File "<frozen importlib._bootstrap>", line 488, in _call_with_frames_removed
  File "/opt/airflow/dags/incident_runbook_dag.py", line 6, in <module>
    from src.incident_response.runbook import IncidentRunbook
ModuleNotFoundError: No module named 'src'
[2026-02-27T23:06:05.868+0000] {processor.py:842} WARNING - No viable dags retrieved from /opt/airflow/dags/incident_runbook_dag.py
[2026-02-27T23:06:05.971+0000] {processor.py:183} INFO - Processing /opt/airflow/dags/incident_runbook_dag.py took 0.210 seconds
[2026-02-27T23:11:33.911+0000] {processor.py:161} INFO - Started process (PID=34) to work on /opt/airflow/dags/incident_runbook_dag.py
[2026-02-27T23:11:33.914+0000] {processor.py:830} INFO - Processing file /opt/airflow/dags/incident_runbook_dag.py for tasks to queue
[2026-02-27T23:11:33.919+0000] {logging_mixin.py:188} INFO - [2026-02-27T23:11:33.918+0000] {dagbag.py:540} INFO - Filling up the DagBag from /opt/airflow/dags/incident_runbook_dag.py
[2026-02-27T23:11:34.090+0000] {processor.py:840} INFO - DAG(s) 'incident_runbook_dag' retrieved from /opt/airflow/dags/incident_runbook_dag.py
[2026-02-27T23:11:34.610+0000] {logging_mixin.py:188} INFO - [2026-02-27T23:11:34.607+0000] {override.py:1829} INFO - Created Permission View: can delete on DAG:incident_runbook_dag
[2026-02-27T23:11:34.647+0000] {logging_mixin.py:188} INFO - [2026-02-27T23:11:34.646+0000] {override.py:1829} INFO - Created Permission View: can edit on DAG:incident_runbook_dag
[2026-02-27T23:11:34.674+0000] {logging_mixin.py:188} INFO - [2026-02-27T23:11:34.672+0000] {override.py:1829} INFO - Created Permission View: can read on DAG:incident_runbook_dag
[2026-02-27T23:11:34.676+0000] {logging_mixin.py:188} INFO - [2026-02-27T23:11:34.675+0000] {dag.py:3096} INFO - Sync 1 DAGs
[2026-02-27T23:11:34.719+0000] {logging_mixin.py:188} INFO - [2026-02-27T23:11:34.719+0000] {dag.py:3118} INFO - Creating ORM DAG for incident_runbook_dag
[2026-02-27T23:11:34.722+0000] {logging_mixin.py:188} INFO - [2026-02-27T23:11:34.722+0000] {dag.py:3954} INFO - Setting next_dagrun for incident_runbook_dag to None, run_after=None
[2026-02-27T23:11:34.799+0000] {processor.py:183} INFO - Processing /opt/airflow/dags/incident_runbook_dag.py took 0.903 seconds
[2026-02-27T23:12:05.608+0000] {processor.py:161} INFO - Started process (PID=45) to work on /opt/airflow/dags/incident_runbook_dag.py
[2026-02-27T23:12:05.611+0000] {processor.py:830} INFO - Processing file /opt/airflow/dags/incident_runbook_dag.py for tasks to queue
[2026-02-27T23:12:05.613+0000] {logging_mixin.py:188} INFO - [2026-02-27T23:12:05.612+0000] {dagbag.py:540} INFO - Filling up the DagBag from /opt/airflow/dags/incident_runbook_dag.py
[2026-02-27T23:12:05.707+0000] {processor.py:840} INFO - DAG(s) 'incident_runbook_dag' retrieved from /opt/airflow/dags/incident_runbook_dag.py
[2026-02-27T23:12:05.747+0000] {logging_mixin.py:188} INFO - [2026-02-27T23:12:05.747+0000] {dag.py:3096} INFO - Sync 1 DAGs
[2026-02-27T23:12:05.767+0000] {logging_mixin.py:188} INFO - [2026-02-27T23:12:05.767+0000] {dag.py:3954} INFO - Setting next_dagrun for incident_runbook_dag to None, run_after=None
[2026-02-27T23:12:05.799+0000] {processor.py:183} INFO - Processing /opt/airflow/dags/incident_runbook_dag.py took 0.206 seconds
[2026-02-27T23:12:36.270+0000] {processor.py:161} INFO - Started process (PID=52) to work on /opt/airflow/dags/incident_runbook_dag.py
[2026-02-27T23:12:36.272+0000] {processor.py:830} INFO - Processing file /opt/airflow/dags/incident_runbook_dag.py for tasks to queue
[2026-02-27T23:12:36.275+0000] {logging_mixin.py:188} INFO - [2026-02-27T23:12:36.274+0000] {dagbag.py:540} INFO - Filling up the DagBag from /opt/airflow/dags/incident_runbook_dag.py
[2026-02-27T23:12:36.399+0000] {processor.py:840} INFO - DAG(s) 'incident_runbook_dag' retrieved from /opt/airflow/dags/incident_runbook_dag.py
[2026-02-27T23:12:36.452+0000] {logging_mixin.py:188} INFO - [2026-02-27T23:12:36.452+0000] {dag.py:3096} INFO - Sync 1 DAGs
[2026-02-27T23:12:36.472+0000] {logging_mixin.py:188} INFO - [2026-02-27T23:12:36.471+0000] {dag.py:3954} INFO - Setting next_dagrun for incident_runbook_dag to None, run_after=None
[2026-02-27T23:12:36.504+0000] {processor.py:183} INFO - Processing /opt/airflow/dags/incident_runbook_dag.py took 0.248 seconds
[2026-02-27T23:13:07.369+0000] {processor.py:161} INFO - Started process (PID=61) to work on /opt/airflow/dags/incident_runbook_dag.py
[2026-02-27T23:13:07.372+0000] {processor.py:830} INFO - Processing file /opt/airflow/dags/incident_runbook_dag.py for tasks to queue
[2026-02-27T23:13:07.374+0000] {logging_mixin.py:188} INFO - [2026-02-27T23:13:07.373+0000] {dagbag.py:540} INFO - Filling up the DagBag from /opt/airflow/dags/incident_runbook_dag.py
[2026-02-27T23:13:07.470+0000] {processor.py:840} INFO - DAG(s) 'incident_runbook_dag' retrieved from /opt/airflow/dags/incident_runbook_dag.py
[2026-02-27T23:13:07.517+0000] {logging_mixin.py:188} INFO - [2026-02-27T23:13:07.517+0000] {dag.py:3096} INFO - Sync 1 DAGs
[2026-02-27T23:13:07.538+0000] {logging_mixin.py:188} INFO - [2026-02-27T23:13:07.537+0000] {dag.py:3954} INFO - Setting next_dagrun for incident_runbook_dag to None, run_after=None
[2026-02-27T23:13:07.574+0000] {processor.py:183} INFO - Processing /opt/airflow/dags/incident_runbook_dag.py took 0.218 seconds
[2026-02-27T23:13:38.156+0000] {processor.py:161} INFO - Started process (PID=70) to work on /opt/airflow/dags/incident_runbook_dag.py
[2026-02-27T23:13:38.158+0000] {processor.py:830} INFO - Processing file /opt/airflow/dags/incident_runbook_dag.py for tasks to queue
[2026-02-27T23:13:38.160+0000] {logging_mixin.py:188} INFO - [2026-02-27T23:13:38.159+0000] {dagbag.py:540} INFO - Filling up the DagBag from /opt/airflow/dags/incident_runbook_dag.py
[2026-02-27T23:13:38.289+0000] {processor.py:840} INFO - DAG(s) 'incident_runbook_dag' retrieved from /opt/airflow/dags/incident_runbook_dag.py
[2026-02-27T23:13:38.345+0000] {logging_mixin.py:188} INFO - [2026-02-27T23:13:38.344+0000] {dag.py:3096} INFO - Sync 1 DAGs
[2026-02-27T23:13:38.367+0000] {logging_mixin.py:188} INFO - [2026-02-27T23:13:38.367+0000] {dag.py:3954} INFO - Setting next_dagrun for incident_runbook_dag to None, run_after=None
[2026-02-27T23:13:38.405+0000] {processor.py:183} INFO - Processing /opt/airflow/dags/incident_runbook_dag.py took 0.253 seconds
[2026-02-27T23:14:09.280+0000] {processor.py:161} INFO - Started process (PID=79) to work on /opt/airflow/dags/incident_runbook_dag.py
[2026-02-27T23:14:09.282+0000] {processor.py:830} INFO - Processing file /opt/airflow/dags/incident_runbook_dag.py for tasks to queue
[2026-02-27T23:14:09.284+0000] {logging_mixin.py:188} INFO - [2026-02-27T23:14:09.283+0000] {dagbag.py:540} INFO - Filling up the DagBag from /opt/airflow/dags/incident_runbook_dag.py
[2026-02-27T23:14:09.394+0000] {processor.py:840} INFO - DAG(s) 'incident_runbook_dag' retrieved from /opt/airflow/dags/incident_runbook_dag.py
[2026-02-27T23:14:09.443+0000] {logging_mixin.py:188} INFO - [2026-02-27T23:14:09.443+0000] {dag.py:3096} INFO - Sync 1 DAGs
[2026-02-27T23:14:09.483+0000] {logging_mixin.py:188} INFO - [2026-02-27T23:14:09.482+0000] {dag.py:3954} INFO - Setting next_dagrun for incident_runbook_dag to None, run_after=None
[2026-02-27T23:14:09.527+0000] {processor.py:183} INFO - Processing /opt/airflow/dags/incident_runbook_dag.py took 0.260 seconds
[2026-02-27T23:14:40.245+0000] {processor.py:161} INFO - Started process (PID=88) to work on /opt/airflow/dags/incident_runbook_dag.py
[2026-02-27T23:14:40.248+0000] {processor.py:830} INFO - Processing file /opt/airflow/dags/incident_runbook_dag.py for tasks to queue
[2026-02-27T23:14:40.250+0000] {logging_mixin.py:188} INFO - [2026-02-27T23:14:40.249+0000] {dagbag.py:540} INFO - Filling up the DagBag from /opt/airflow/dags/incident_runbook_dag.py
[2026-02-27T23:14:40.351+0000] {processor.py:840} INFO - DAG(s) 'incident_runbook_dag' retrieved from /opt/airflow/dags/incident_runbook_dag.py
[2026-02-27T23:14:40.406+0000] {logging_mixin.py:188} INFO - [2026-02-27T23:14:40.405+0000] {dag.py:3096} INFO - Sync 1 DAGs
[2026-02-27T23:14:40.427+0000] {logging_mixin.py:188} INFO - [2026-02-27T23:14:40.427+0000] {dag.py:3954} INFO - Setting next_dagrun for incident_runbook_dag to None, run_after=None
[2026-02-27T23:14:40.462+0000] {processor.py:183} INFO - Processing /opt/airflow/dags/incident_runbook_dag.py took 0.229 seconds
[2026-02-27T23:15:11.042+0000] {processor.py:161} INFO - Started process (PID=97) to work on /opt/airflow/dags/incident_runbook_dag.py
[2026-02-27T23:15:11.045+0000] {processor.py:830} INFO - Processing file /opt/airflow/dags/incident_runbook_dag.py for tasks to queue
[2026-02-27T23:15:11.047+0000] {logging_mixin.py:188} INFO - [2026-02-27T23:15:11.046+0000] {dagbag.py:540} INFO - Filling up the DagBag from /opt/airflow/dags/incident_runbook_dag.py
[2026-02-27T23:15:11.139+0000] {processor.py:840} INFO - DAG(s) 'incident_runbook_dag' retrieved from /opt/airflow/dags/incident_runbook_dag.py
[2026-02-27T23:15:11.230+0000] {logging_mixin.py:188} INFO - [2026-02-27T23:15:11.230+0000] {dag.py:3096} INFO - Sync 1 DAGs
[2026-02-27T23:15:11.260+0000] {logging_mixin.py:188} INFO - [2026-02-27T23:15:11.260+0000] {dag.py:3954} INFO - Setting next_dagrun for incident_runbook_dag to None, run_after=None
[2026-02-27T23:15:11.304+0000] {processor.py:183} INFO - Processing /opt/airflow/dags/incident_runbook_dag.py took 0.273 seconds
[2026-02-27T23:15:41.944+0000] {processor.py:161} INFO - Started process (PID=106) to work on /opt/airflow/dags/incident_runbook_dag.py
[2026-02-27T23:15:41.946+0000] {processor.py:830} INFO - Processing file /opt/airflow/dags/incident_runbook_dag.py for tasks to queue
[2026-02-27T23:15:41.947+0000] {logging_mixin.py:188} INFO - [2026-02-27T23:15:41.947+0000] {dagbag.py:540} INFO - Filling up the DagBag from /opt/airflow/dags/incident_runbook_dag.py
[2026-02-27T23:15:42.046+0000] {processor.py:840} INFO - DAG(s) 'incident_runbook_dag' retrieved from /opt/airflow/dags/incident_runbook_dag.py
[2026-02-27T23:15:42.092+0000] {logging_mixin.py:188} INFO - [2026-02-27T23:15:42.092+0000] {dag.py:3096} INFO - Sync 1 DAGs
[2026-02-27T23:15:42.112+0000] {logging_mixin.py:188} INFO - [2026-02-27T23:15:42.112+0000] {dag.py:3954} INFO - Setting next_dagrun for incident_runbook_dag to None, run_after=None
[2026-02-27T23:15:42.148+0000] {processor.py:183} INFO - Processing /opt/airflow/dags/incident_runbook_dag.py took 0.225 seconds
[2026-02-27T23:16:12.269+0000] {processor.py:161} INFO - Started process (PID=123) to work on /opt/airflow/dags/incident_runbook_dag.py
[2026-02-27T23:16:12.271+0000] {processor.py:830} INFO - Processing file /opt/airflow/dags/incident_runbook_dag.py for tasks to queue
[2026-02-27T23:16:12.273+0000] {logging_mixin.py:188} INFO - [2026-02-27T23:16:12.273+0000] {dagbag.py:540} INFO - Filling up the DagBag from /opt/airflow/dags/incident_runbook_dag.py
[2026-02-27T23:16:12.356+0000] {processor.py:840} INFO - DAG(s) 'incident_runbook_dag' retrieved from /opt/airflow/dags/incident_runbook_dag.py
[2026-02-27T23:16:12.405+0000] {logging_mixin.py:188} INFO - [2026-02-27T23:16:12.405+0000] {dag.py:3096} INFO - Sync 1 DAGs
[2026-02-27T23:16:12.425+0000] {logging_mixin.py:188} INFO - [2026-02-27T23:16:12.425+0000] {dag.py:3954} INFO - Setting next_dagrun for incident_runbook_dag to None, run_after=None
[2026-02-27T23:16:12.459+0000] {processor.py:183} INFO - Processing /opt/airflow/dags/incident_runbook_dag.py took 0.203 seconds
[2026-02-27T23:16:43.605+0000] {processor.py:161} INFO - Started process (PID=132) to work on /opt/airflow/dags/incident_runbook_dag.py
[2026-02-27T23:16:43.607+0000] {processor.py:830} INFO - Processing file /opt/airflow/dags/incident_runbook_dag.py for tasks to queue
[2026-02-27T23:16:43.609+0000] {logging_mixin.py:188} INFO - [2026-02-27T23:16:43.608+0000] {dagbag.py:540} INFO - Filling up the DagBag from /opt/airflow/dags/incident_runbook_dag.py
[2026-02-27T23:16:43.745+0000] {processor.py:840} INFO - DAG(s) 'incident_runbook_dag' retrieved from /opt/airflow/dags/incident_runbook_dag.py
[2026-02-27T23:16:43.793+0000] {logging_mixin.py:188} INFO - [2026-02-27T23:16:43.792+0000] {dag.py:3096} INFO - Sync 1 DAGs
[2026-02-27T23:16:43.814+0000] {logging_mixin.py:188} INFO - [2026-02-27T23:16:43.813+0000] {dag.py:3954} INFO - Setting next_dagrun for incident_runbook_dag to None, run_after=None
[2026-02-27T23:16:43.869+0000] {processor.py:183} INFO - Processing /opt/airflow/dags/incident_runbook_dag.py took 0.280 seconds
[2026-02-27T23:17:14.495+0000] {processor.py:161} INFO - Started process (PID=141) to work on /opt/airflow/dags/incident_runbook_dag.py
[2026-02-27T23:17:14.497+0000] {processor.py:830} INFO - Processing file /opt/airflow/dags/incident_runbook_dag.py for tasks to queue
[2026-02-27T23:17:14.499+0000] {logging_mixin.py:188} INFO - [2026-02-27T23:17:14.499+0000] {dagbag.py:540} INFO - Filling up the DagBag from /opt/airflow/dags/incident_runbook_dag.py
[2026-02-27T23:17:14.581+0000] {processor.py:840} INFO - DAG(s) 'incident_runbook_dag' retrieved from /opt/airflow/dags/incident_runbook_dag.py
[2026-02-27T23:17:14.631+0000] {logging_mixin.py:188} INFO - [2026-02-27T23:17:14.631+0000] {dag.py:3096} INFO - Sync 1 DAGs
[2026-02-27T23:17:14.659+0000] {logging_mixin.py:188} INFO - [2026-02-27T23:17:14.659+0000] {dag.py:3954} INFO - Setting next_dagrun for incident_runbook_dag to None, run_after=None
[2026-02-27T23:17:14.700+0000] {processor.py:183} INFO - Processing /opt/airflow/dags/incident_runbook_dag.py took 0.218 seconds
[2026-02-27T23:17:45.484+0000] {processor.py:161} INFO - Started process (PID=150) to work on /opt/airflow/dags/incident_runbook_dag.py
[2026-02-27T23:17:45.486+0000] {processor.py:830} INFO - Processing file /opt/airflow/dags/incident_runbook_dag.py for tasks to queue
[2026-02-27T23:17:45.488+0000] {logging_mixin.py:188} INFO - [2026-02-27T23:17:45.487+0000] {dagbag.py:540} INFO - Filling up the DagBag from /opt/airflow/dags/incident_runbook_dag.py
[2026-02-27T23:17:45.582+0000] {processor.py:840} INFO - DAG(s) 'incident_runbook_dag' retrieved from /opt/airflow/dags/incident_runbook_dag.py
[2026-02-27T23:17:45.630+0000] {logging_mixin.py:188} INFO - [2026-02-27T23:17:45.629+0000] {dag.py:3096} INFO - Sync 1 DAGs
[2026-02-27T23:17:45.650+0000] {logging_mixin.py:188} INFO - [2026-02-27T23:17:45.650+0000] {dag.py:3954} INFO - Setting next_dagrun for incident_runbook_dag to None, run_after=None
[2026-02-27T23:17:45.680+0000] {processor.py:183} INFO - Processing /opt/airflow/dags/incident_runbook_dag.py took 0.206 seconds
[2026-02-27T23:18:16.160+0000] {processor.py:161} INFO - Started process (PID=159) to work on /opt/airflow/dags/incident_runbook_dag.py
[2026-02-27T23:18:16.162+0000] {processor.py:830} INFO - Processing file /opt/airflow/dags/incident_runbook_dag.py for tasks to queue
[2026-02-27T23:18:16.164+0000] {logging_mixin.py:188} INFO - [2026-02-27T23:18:16.163+0000] {dagbag.py:540} INFO - Filling up the DagBag from /opt/airflow/dags/incident_runbook_dag.py
[2026-02-27T23:18:16.277+0000] {processor.py:840} INFO - DAG(s) 'incident_runbook_dag' retrieved from /opt/airflow/dags/incident_runbook_dag.py
[2026-02-27T23:18:16.331+0000] {logging_mixin.py:188} INFO - [2026-02-27T23:18:16.331+0000] {dag.py:3096} INFO - Sync 1 DAGs
[2026-02-27T23:18:16.354+0000] {logging_mixin.py:188} INFO - [2026-02-27T23:18:16.354+0000] {dag.py:3954} INFO - Setting next_dagrun for incident_runbook_dag to None, run_after=None
[2026-02-27T23:18:16.391+0000] {processor.py:183} INFO - Processing /opt/airflow/dags/incident_runbook_dag.py took 0.242 seconds
[2026-02-27T23:18:47.054+0000] {processor.py:161} INFO - Started process (PID=168) to work on /opt/airflow/dags/incident_runbook_dag.py
[2026-02-27T23:18:47.059+0000] {processor.py:830} INFO - Processing file /opt/airflow/dags/incident_runbook_dag.py for tasks to queue
[2026-02-27T23:18:47.062+0000] {logging_mixin.py:188} INFO - [2026-02-27T23:18:47.062+0000] {dagbag.py:540} INFO - Filling up the DagBag from /opt/airflow/dags/incident_runbook_dag.py
[2026-02-27T23:18:47.288+0000] {processor.py:840} INFO - DAG(s) 'incident_runbook_dag' retrieved from /opt/airflow/dags/incident_runbook_dag.py
[2026-02-27T23:18:47.351+0000] {logging_mixin.py:188} INFO - [2026-02-27T23:18:47.351+0000] {dag.py:3096} INFO - Sync 1 DAGs
[2026-02-27T23:18:47.385+0000] {logging_mixin.py:188} INFO - [2026-02-27T23:18:47.385+0000] {dag.py:3954} INFO - Setting next_dagrun for incident_runbook_dag to None, run_after=None
[2026-02-27T23:18:47.464+0000] {processor.py:183} INFO - Processing /opt/airflow/dags/incident_runbook_dag.py took 0.424 seconds
[2026-02-27T23:19:18.274+0000] {processor.py:161} INFO - Started process (PID=177) to work on /opt/airflow/dags/incident_runbook_dag.py
[2026-02-27T23:19:18.276+0000] {processor.py:830} INFO - Processing file /opt/airflow/dags/incident_runbook_dag.py for tasks to queue
[2026-02-27T23:19:18.278+0000] {logging_mixin.py:188} INFO - [2026-02-27T23:19:18.277+0000] {dagbag.py:540} INFO - Filling up the DagBag from /opt/airflow/dags/incident_runbook_dag.py
[2026-02-27T23:19:18.366+0000] {processor.py:840} INFO - DAG(s) 'incident_runbook_dag' retrieved from /opt/airflow/dags/incident_runbook_dag.py
[2026-02-27T23:19:18.413+0000] {logging_mixin.py:188} INFO - [2026-02-27T23:19:18.413+0000] {dag.py:3096} INFO - Sync 1 DAGs
[2026-02-27T23:19:18.432+0000] {logging_mixin.py:188} INFO - [2026-02-27T23:19:18.431+0000] {dag.py:3954} INFO - Setting next_dagrun for incident_runbook_dag to None, run_after=None
[2026-02-27T23:19:18.462+0000] {processor.py:183} INFO - Processing /opt/airflow/dags/incident_runbook_dag.py took 0.198 seconds
[2026-02-27T23:19:49.033+0000] {processor.py:161} INFO - Started process (PID=186) to work on /opt/airflow/dags/incident_runbook_dag.py
[2026-02-27T23:19:49.035+0000] {processor.py:830} INFO - Processing file /opt/airflow/dags/incident_runbook_dag.py for tasks to queue
[2026-02-27T23:19:49.037+0000] {logging_mixin.py:188} INFO - [2026-02-27T23:19:49.037+0000] {dagbag.py:540} INFO - Filling up the DagBag from /opt/airflow/dags/incident_runbook_dag.py
[2026-02-27T23:19:49.129+0000] {processor.py:840} INFO - DAG(s) 'incident_runbook_dag' retrieved from /opt/airflow/dags/incident_runbook_dag.py
[2026-02-27T23:19:49.178+0000] {logging_mixin.py:188} INFO - [2026-02-27T23:19:49.178+0000] {dag.py:3096} INFO - Sync 1 DAGs
[2026-02-27T23:19:49.196+0000] {logging_mixin.py:188} INFO - [2026-02-27T23:19:49.196+0000] {dag.py:3954} INFO - Setting next_dagrun for incident_runbook_dag to None, run_after=None
[2026-02-27T23:19:49.233+0000] {processor.py:183} INFO - Processing /opt/airflow/dags/incident_runbook_dag.py took 0.216 seconds
[2026-02-27T23:20:19.803+0000] {processor.py:161} INFO - Started process (PID=195) to work on /opt/airflow/dags/incident_runbook_dag.py
[2026-02-27T23:20:19.805+0000] {processor.py:830} INFO - Processing file /opt/airflow/dags/incident_runbook_dag.py for tasks to queue
[2026-02-27T23:20:19.807+0000] {logging_mixin.py:188} INFO - [2026-02-27T23:20:19.807+0000] {dagbag.py:540} INFO - Filling up the DagBag from /opt/airflow/dags/incident_runbook_dag.py
[2026-02-27T23:20:19.895+0000] {processor.py:840} INFO - DAG(s) 'incident_runbook_dag' retrieved from /opt/airflow/dags/incident_runbook_dag.py
[2026-02-27T23:20:19.950+0000] {logging_mixin.py:188} INFO - [2026-02-27T23:20:19.950+0000] {dag.py:3096} INFO - Sync 1 DAGs
[2026-02-27T23:20:19.976+0000] {logging_mixin.py:188} INFO - [2026-02-27T23:20:19.976+0000] {dag.py:3954} INFO - Setting next_dagrun for incident_runbook_dag to None, run_after=None
[2026-02-27T23:20:20.015+0000] {processor.py:183} INFO - Processing /opt/airflow/dags/incident_runbook_dag.py took 0.223 seconds
[2026-02-27T23:20:50.562+0000] {processor.py:161} INFO - Started process (PID=204) to work on /opt/airflow/dags/incident_runbook_dag.py
[2026-02-27T23:20:50.564+0000] {processor.py:830} INFO - Processing file /opt/airflow/dags/incident_runbook_dag.py for tasks to queue
[2026-02-27T23:20:50.566+0000] {logging_mixin.py:188} INFO - [2026-02-27T23:20:50.566+0000] {dagbag.py:540} INFO - Filling up the DagBag from /opt/airflow/dags/incident_runbook_dag.py
[2026-02-27T23:20:50.657+0000] {processor.py:840} INFO - DAG(s) 'incident_runbook_dag' retrieved from /opt/airflow/dags/incident_runbook_dag.py
[2026-02-27T23:20:50.698+0000] {logging_mixin.py:188} INFO - [2026-02-27T23:20:50.697+0000] {dag.py:3096} INFO - Sync 1 DAGs
[2026-02-27T23:20:50.719+0000] {logging_mixin.py:188} INFO - [2026-02-27T23:20:50.718+0000] {dag.py:3954} INFO - Setting next_dagrun for incident_runbook_dag to None, run_after=None
[2026-02-27T23:20:50.748+0000] {processor.py:183} INFO - Processing /opt/airflow/dags/incident_runbook_dag.py took 0.198 seconds
[2026-02-27T23:21:21.403+0000] {processor.py:161} INFO - Started process (PID=213) to work on /opt/airflow/dags/incident_runbook_dag.py
[2026-02-27T23:21:21.405+0000] {processor.py:830} INFO - Processing file /opt/airflow/dags/incident_runbook_dag.py for tasks to queue
[2026-02-27T23:21:21.408+0000] {logging_mixin.py:188} INFO - [2026-02-27T23:21:21.407+0000] {dagbag.py:540} INFO - Filling up the DagBag from /opt/airflow/dags/incident_runbook_dag.py
[2026-02-27T23:21:21.504+0000] {processor.py:840} INFO - DAG(s) 'incident_runbook_dag' retrieved from /opt/airflow/dags/incident_runbook_dag.py
[2026-02-27T23:21:21.557+0000] {logging_mixin.py:188} INFO - [2026-02-27T23:21:21.556+0000] {dag.py:3096} INFO - Sync 1 DAGs
[2026-02-27T23:21:21.581+0000] {logging_mixin.py:188} INFO - [2026-02-27T23:21:21.580+0000] {dag.py:3954} INFO - Setting next_dagrun for incident_runbook_dag to None, run_after=None
[2026-02-27T23:21:21.623+0000] {processor.py:183} INFO - Processing /opt/airflow/dags/incident_runbook_dag.py took 0.240 seconds
[2026-02-27T23:21:51.925+0000] {processor.py:161} INFO - Started process (PID=222) to work on /opt/airflow/dags/incident_runbook_dag.py
[2026-02-27T23:21:51.928+0000] {processor.py:830} INFO - Processing file /opt/airflow/dags/incident_runbook_dag.py for tasks to queue
[2026-02-27T23:21:51.932+0000] {logging_mixin.py:188} INFO - [2026-02-27T23:21:51.930+0000] {dagbag.py:540} INFO - Filling up the DagBag from /opt/airflow/dags/incident_runbook_dag.py
[2026-02-27T23:21:52.043+0000] {processor.py:840} INFO - DAG(s) 'incident_runbook_dag' retrieved from /opt/airflow/dags/incident_runbook_dag.py
[2026-02-27T23:21:52.095+0000] {logging_mixin.py:188} INFO - [2026-02-27T23:21:52.094+0000] {dag.py:3096} INFO - Sync 1 DAGs
[2026-02-27T23:21:52.115+0000] {logging_mixin.py:188} INFO - [2026-02-27T23:21:52.115+0000] {dag.py:3954} INFO - Setting next_dagrun for incident_runbook_dag to None, run_after=None
[2026-02-27T23:21:52.153+0000] {processor.py:183} INFO - Processing /opt/airflow/dags/incident_runbook_dag.py took 0.245 seconds
[2026-02-27T23:22:22.801+0000] {processor.py:161} INFO - Started process (PID=231) to work on /opt/airflow/dags/incident_runbook_dag.py
[2026-02-27T23:22:22.804+0000] {processor.py:830} INFO - Processing file /opt/airflow/dags/incident_runbook_dag.py for tasks to queue
[2026-02-27T23:22:22.806+0000] {logging_mixin.py:188} INFO - [2026-02-27T23:22:22.805+0000] {dagbag.py:540} INFO - Filling up the DagBag from /opt/airflow/dags/incident_runbook_dag.py
[2026-02-27T23:22:22.902+0000] {processor.py:840} INFO - DAG(s) 'incident_runbook_dag' retrieved from /opt/airflow/dags/incident_runbook_dag.py
[2026-02-27T23:22:22.965+0000] {logging_mixin.py:188} INFO - [2026-02-27T23:22:22.965+0000] {dag.py:3096} INFO - Sync 1 DAGs
[2026-02-27T23:22:22.994+0000] {logging_mixin.py:188} INFO - [2026-02-27T23:22:22.994+0000] {dag.py:3954} INFO - Setting next_dagrun for incident_runbook_dag to None, run_after=None
[2026-02-27T23:22:23.033+0000] {processor.py:183} INFO - Processing /opt/airflow/dags/incident_runbook_dag.py took 0.246 seconds
[2026-02-27T23:22:53.692+0000] {processor.py:161} INFO - Started process (PID=240) to work on /opt/airflow/dags/incident_runbook_dag.py
[2026-02-27T23:22:53.694+0000] {processor.py:830} INFO - Processing file /opt/airflow/dags/incident_runbook_dag.py for tasks to queue
[2026-02-27T23:22:53.696+0000] {logging_mixin.py:188} INFO - [2026-02-27T23:22:53.695+0000] {dagbag.py:540} INFO - Filling up the DagBag from /opt/airflow/dags/incident_runbook_dag.py
[2026-02-27T23:22:53.774+0000] {processor.py:840} INFO - DAG(s) 'incident_runbook_dag' retrieved from /opt/airflow/dags/incident_runbook_dag.py
[2026-02-27T23:22:53.823+0000] {logging_mixin.py:188} INFO - [2026-02-27T23:22:53.822+0000] {dag.py:3096} INFO - Sync 1 DAGs
[2026-02-27T23:22:53.842+0000] {logging_mixin.py:188} INFO - [2026-02-27T23:22:53.841+0000] {dag.py:3954} INFO - Setting next_dagrun for incident_runbook_dag to None, run_after=None
[2026-02-27T23:22:53.871+0000] {processor.py:183} INFO - Processing /opt/airflow/dags/incident_runbook_dag.py took 0.190 seconds
[2026-02-27T23:23:24.333+0000] {processor.py:161} INFO - Started process (PID=249) to work on /opt/airflow/dags/incident_runbook_dag.py
[2026-02-27T23:23:24.335+0000] {processor.py:830} INFO - Processing file /opt/airflow/dags/incident_runbook_dag.py for tasks to queue
[2026-02-27T23:23:24.336+0000] {logging_mixin.py:188} INFO - [2026-02-27T23:23:24.336+0000] {dagbag.py:540} INFO - Filling up the DagBag from /opt/airflow/dags/incident_runbook_dag.py
[2026-02-27T23:23:24.446+0000] {processor.py:840} INFO - DAG(s) 'incident_runbook_dag' retrieved from /opt/airflow/dags/incident_runbook_dag.py
[2026-02-27T23:23:24.494+0000] {logging_mixin.py:188} INFO - [2026-02-27T23:23:24.494+0000] {dag.py:3096} INFO - Sync 1 DAGs
[2026-02-27T23:23:24.514+0000] {logging_mixin.py:188} INFO - [2026-02-27T23:23:24.514+0000] {dag.py:3954} INFO - Setting next_dagrun for incident_runbook_dag to None, run_after=None
[2026-02-27T23:23:24.544+0000] {processor.py:183} INFO - Processing /opt/airflow/dags/incident_runbook_dag.py took 0.223 seconds
[2026-02-27T23:23:55.009+0000] {processor.py:161} INFO - Started process (PID=258) to work on /opt/airflow/dags/incident_runbook_dag.py
[2026-02-27T23:23:55.012+0000] {processor.py:830} INFO - Processing file /opt/airflow/dags/incident_runbook_dag.py for tasks to queue
[2026-02-27T23:23:55.014+0000] {logging_mixin.py:188} INFO - [2026-02-27T23:23:55.013+0000] {dagbag.py:540} INFO - Filling up the DagBag from /opt/airflow/dags/incident_runbook_dag.py
[2026-02-27T23:23:55.119+0000] {processor.py:840} INFO - DAG(s) 'incident_runbook_dag' retrieved from /opt/airflow/dags/incident_runbook_dag.py
[2026-02-27T23:23:55.175+0000] {logging_mixin.py:188} INFO - [2026-02-27T23:23:55.175+0000] {dag.py:3096} INFO - Sync 1 DAGs
[2026-02-27T23:23:55.194+0000] {logging_mixin.py:188} INFO - [2026-02-27T23:23:55.194+0000] {dag.py:3954} INFO - Setting next_dagrun for incident_runbook_dag to None, run_after=None
[2026-02-27T23:23:55.242+0000] {processor.py:183} INFO - Processing /opt/airflow/dags/incident_runbook_dag.py took 0.250 seconds
[2026-02-27T23:24:25.839+0000] {processor.py:161} INFO - Started process (PID=267) to work on /opt/airflow/dags/incident_runbook_dag.py
[2026-02-27T23:24:25.841+0000] {processor.py:830} INFO - Processing file /opt/airflow/dags/incident_runbook_dag.py for tasks to queue
[2026-02-27T23:24:25.843+0000] {logging_mixin.py:188} INFO - [2026-02-27T23:24:25.842+0000] {dagbag.py:540} INFO - Filling up the DagBag from /opt/airflow/dags/incident_runbook_dag.py
[2026-02-27T23:24:25.932+0000] {processor.py:840} INFO - DAG(s) 'incident_runbook_dag' retrieved from /opt/airflow/dags/incident_runbook_dag.py
[2026-02-27T23:24:26.000+0000] {logging_mixin.py:188} INFO - [2026-02-27T23:24:25.999+0000] {dag.py:3096} INFO - Sync 1 DAGs
[2026-02-27T23:24:26.021+0000] {logging_mixin.py:188} INFO - [2026-02-27T23:24:26.021+0000] {dag.py:3954} INFO - Setting next_dagrun for incident_runbook_dag to None, run_after=None
[2026-02-27T23:24:26.059+0000] {processor.py:183} INFO - Processing /opt/airflow/dags/incident_runbook_dag.py took 0.229 seconds
[2026-02-27T23:24:56.724+0000] {processor.py:161} INFO - Started process (PID=276) to work on /opt/airflow/dags/incident_runbook_dag.py
[2026-02-27T23:24:56.728+0000] {processor.py:830} INFO - Processing file /opt/airflow/dags/incident_runbook_dag.py for tasks to queue
[2026-02-27T23:24:56.730+0000] {logging_mixin.py:188} INFO - [2026-02-27T23:24:56.729+0000] {dagbag.py:540} INFO - Filling up the DagBag from /opt/airflow/dags/incident_runbook_dag.py
[2026-02-27T23:24:56.848+0000] {processor.py:840} INFO - DAG(s) 'incident_runbook_dag' retrieved from /opt/airflow/dags/incident_runbook_dag.py
[2026-02-27T23:24:56.899+0000] {logging_mixin.py:188} INFO - [2026-02-27T23:24:56.899+0000] {dag.py:3096} INFO - Sync 1 DAGs
[2026-02-27T23:24:56.919+0000] {logging_mixin.py:188} INFO - [2026-02-27T23:24:56.918+0000] {dag.py:3954} INFO - Setting next_dagrun for incident_runbook_dag to None, run_after=None
[2026-02-27T23:24:56.950+0000] {processor.py:183} INFO - Processing /opt/airflow/dags/incident_runbook_dag.py took 0.239 seconds
[2026-02-27T23:25:27.928+0000] {processor.py:161} INFO - Started process (PID=285) to work on /opt/airflow/dags/incident_runbook_dag.py
[2026-02-27T23:25:27.930+0000] {processor.py:830} INFO - Processing file /opt/airflow/dags/incident_runbook_dag.py for tasks to queue
[2026-02-27T23:25:27.931+0000] {logging_mixin.py:188} INFO - [2026-02-27T23:25:27.931+0000] {dagbag.py:540} INFO - Filling up the DagBag from /opt/airflow/dags/incident_runbook_dag.py
[2026-02-27T23:25:28.034+0000] {processor.py:840} INFO - DAG(s) 'incident_runbook_dag' retrieved from /opt/airflow/dags/incident_runbook_dag.py
[2026-02-27T23:25:28.104+0000] {logging_mixin.py:188} INFO - [2026-02-27T23:25:28.103+0000] {dag.py:3096} INFO - Sync 1 DAGs
[2026-02-27T23:25:28.128+0000] {logging_mixin.py:188} INFO - [2026-02-27T23:25:28.128+0000] {dag.py:3954} INFO - Setting next_dagrun for incident_runbook_dag to None, run_after=None
[2026-02-27T23:25:28.174+0000] {processor.py:183} INFO - Processing /opt/airflow/dags/incident_runbook_dag.py took 0.258 seconds
[2026-02-27T23:25:58.570+0000] {processor.py:161} INFO - Started process (PID=294) to work on /opt/airflow/dags/incident_runbook_dag.py
[2026-02-27T23:25:58.572+0000] {processor.py:830} INFO - Processing file /opt/airflow/dags/incident_runbook_dag.py for tasks to queue
[2026-02-27T23:25:58.574+0000] {logging_mixin.py:188} INFO - [2026-02-27T23:25:58.573+0000] {dagbag.py:540} INFO - Filling up the DagBag from /opt/airflow/dags/incident_runbook_dag.py
[2026-02-27T23:25:58.654+0000] {processor.py:840} INFO - DAG(s) 'incident_runbook_dag' retrieved from /opt/airflow/dags/incident_runbook_dag.py
[2026-02-27T23:25:58.705+0000] {logging_mixin.py:188} INFO - [2026-02-27T23:25:58.705+0000] {dag.py:3096} INFO - Sync 1 DAGs
[2026-02-27T23:25:58.724+0000] {logging_mixin.py:188} INFO - [2026-02-27T23:25:58.724+0000] {dag.py:3954} INFO - Setting next_dagrun for incident_runbook_dag to None, run_after=None
[2026-02-27T23:25:58.758+0000] {processor.py:183} INFO - Processing /opt/airflow/dags/incident_runbook_dag.py took 0.200 seconds
[2026-02-27T23:26:29.520+0000] {processor.py:161} INFO - Started process (PID=303) to work on /opt/airflow/dags/incident_runbook_dag.py
[2026-02-27T23:26:29.522+0000] {processor.py:830} INFO - Processing file /opt/airflow/dags/incident_runbook_dag.py for tasks to queue
[2026-02-27T23:26:29.524+0000] {logging_mixin.py:188} INFO - [2026-02-27T23:26:29.523+0000] {dagbag.py:540} INFO - Filling up the DagBag from /opt/airflow/dags/incident_runbook_dag.py
[2026-02-27T23:26:29.610+0000] {processor.py:840} INFO - DAG(s) 'incident_runbook_dag' retrieved from /opt/airflow/dags/incident_runbook_dag.py
[2026-02-27T23:26:29.664+0000] {logging_mixin.py:188} INFO - [2026-02-27T23:26:29.664+0000] {dag.py:3096} INFO - Sync 1 DAGs
[2026-02-27T23:26:29.687+0000] {logging_mixin.py:188} INFO - [2026-02-27T23:26:29.687+0000] {dag.py:3954} INFO - Setting next_dagrun for incident_runbook_dag to None, run_after=None
[2026-02-27T23:26:29.719+0000] {processor.py:183} INFO - Processing /opt/airflow/dags/incident_runbook_dag.py took 0.209 seconds
[2026-02-27T23:27:00.131+0000] {processor.py:161} INFO - Started process (PID=313) to work on /opt/airflow/dags/incident_runbook_dag.py
[2026-02-27T23:27:00.133+0000] {processor.py:830} INFO - Processing file /opt/airflow/dags/incident_runbook_dag.py for tasks to queue
[2026-02-27T23:27:00.135+0000] {logging_mixin.py:188} INFO - [2026-02-27T23:27:00.134+0000] {dagbag.py:540} INFO - Filling up the DagBag from /opt/airflow/dags/incident_runbook_dag.py
[2026-02-27T23:27:00.210+0000] {processor.py:840} INFO - DAG(s) 'incident_runbook_dag' retrieved from /opt/airflow/dags/incident_runbook_dag.py
[2026-02-27T23:27:00.264+0000] {logging_mixin.py:188} INFO - [2026-02-27T23:27:00.263+0000] {dag.py:3096} INFO - Sync 1 DAGs
[2026-02-27T23:27:00.288+0000] {logging_mixin.py:188} INFO - [2026-02-27T23:27:00.287+0000] {dag.py:3954} INFO - Setting next_dagrun for incident_runbook_dag to None, run_after=None
[2026-02-27T23:27:00.326+0000] {processor.py:183} INFO - Processing /opt/airflow/dags/incident_runbook_dag.py took 0.205 seconds
[2026-02-27T23:27:31.065+0000] {processor.py:161} INFO - Started process (PID=322) to work on /opt/airflow/dags/incident_runbook_dag.py
[2026-02-27T23:27:31.067+0000] {processor.py:830} INFO - Processing file /opt/airflow/dags/incident_runbook_dag.py for tasks to queue
[2026-02-27T23:27:31.070+0000] {logging_mixin.py:188} INFO - [2026-02-27T23:27:31.068+0000] {dagbag.py:540} INFO - Filling up the DagBag from /opt/airflow/dags/incident_runbook_dag.py
[2026-02-27T23:27:31.182+0000] {processor.py:840} INFO - DAG(s) 'incident_runbook_dag' retrieved from /opt/airflow/dags/incident_runbook_dag.py
[2026-02-27T23:27:31.241+0000] {logging_mixin.py:188} INFO - [2026-02-27T23:27:31.241+0000] {dag.py:3096} INFO - Sync 1 DAGs
[2026-02-27T23:27:31.267+0000] {logging_mixin.py:188} INFO - [2026-02-27T23:27:31.266+0000] {dag.py:3954} INFO - Setting next_dagrun for incident_runbook_dag to None, run_after=None
[2026-02-27T23:27:31.317+0000] {processor.py:183} INFO - Processing /opt/airflow/dags/incident_runbook_dag.py took 0.270 seconds
[2026-02-27T23:28:02.221+0000] {processor.py:161} INFO - Started process (PID=331) to work on /opt/airflow/dags/incident_runbook_dag.py
[2026-02-27T23:28:02.223+0000] {processor.py:830} INFO - Processing file /opt/airflow/dags/incident_runbook_dag.py for tasks to queue
[2026-02-27T23:28:02.225+0000] {logging_mixin.py:188} INFO - [2026-02-27T23:28:02.225+0000] {dagbag.py:540} INFO - Filling up the DagBag from /opt/airflow/dags/incident_runbook_dag.py
[2026-02-27T23:28:02.328+0000] {processor.py:840} INFO - DAG(s) 'incident_runbook_dag' retrieved from /opt/airflow/dags/incident_runbook_dag.py
[2026-02-27T23:28:02.381+0000] {logging_mixin.py:188} INFO - [2026-02-27T23:28:02.381+0000] {dag.py:3096} INFO - Sync 1 DAGs
[2026-02-27T23:28:02.403+0000] {logging_mixin.py:188} INFO - [2026-02-27T23:28:02.403+0000] {dag.py:3954} INFO - Setting next_dagrun for incident_runbook_dag to None, run_after=None
[2026-02-27T23:28:02.435+0000] {processor.py:183} INFO - Processing /opt/airflow/dags/incident_runbook_dag.py took 0.225 seconds
[2026-02-27T23:28:33.120+0000] {processor.py:161} INFO - Started process (PID=340) to work on /opt/airflow/dags/incident_runbook_dag.py
[2026-02-27T23:28:33.123+0000] {processor.py:830} INFO - Processing file /opt/airflow/dags/incident_runbook_dag.py for tasks to queue
[2026-02-27T23:28:33.126+0000] {logging_mixin.py:188} INFO - [2026-02-27T23:28:33.125+0000] {dagbag.py:540} INFO - Filling up the DagBag from /opt/airflow/dags/incident_runbook_dag.py
[2026-02-27T23:28:33.227+0000] {processor.py:840} INFO - DAG(s) 'incident_runbook_dag' retrieved from /opt/airflow/dags/incident_runbook_dag.py
[2026-02-27T23:28:33.287+0000] {logging_mixin.py:188} INFO - [2026-02-27T23:28:33.287+0000] {dag.py:3096} INFO - Sync 1 DAGs
[2026-02-27T23:28:33.313+0000] {logging_mixin.py:188} INFO - [2026-02-27T23:28:33.313+0000] {dag.py:3954} INFO - Setting next_dagrun for incident_runbook_dag to None, run_after=None
[2026-02-27T23:28:33.352+0000] {processor.py:183} INFO - Processing /opt/airflow/dags/incident_runbook_dag.py took 0.251 seconds
[2026-02-27T23:29:03.821+0000] {processor.py:161} INFO - Started process (PID=349) to work on /opt/airflow/dags/incident_runbook_dag.py
[2026-02-27T23:29:03.823+0000] {processor.py:830} INFO - Processing file /opt/airflow/dags/incident_runbook_dag.py for tasks to queue
[2026-02-27T23:29:03.825+0000] {logging_mixin.py:188} INFO - [2026-02-27T23:29:03.825+0000] {dagbag.py:540} INFO - Filling up the DagBag from /opt/airflow/dags/incident_runbook_dag.py
[2026-02-27T23:29:03.908+0000] {processor.py:840} INFO - DAG(s) 'incident_runbook_dag' retrieved from /opt/airflow/dags/incident_runbook_dag.py
[2026-02-27T23:29:03.961+0000] {logging_mixin.py:188} INFO - [2026-02-27T23:29:03.960+0000] {dag.py:3096} INFO - Sync 1 DAGs
[2026-02-27T23:29:03.978+0000] {logging_mixin.py:188} INFO - [2026-02-27T23:29:03.978+0000] {dag.py:3954} INFO - Setting next_dagrun for incident_runbook_dag to None, run_after=None
[2026-02-27T23:29:04.016+0000] {processor.py:183} INFO - Processing /opt/airflow/dags/incident_runbook_dag.py took 0.206 seconds
[2026-02-27T23:29:34.669+0000] {processor.py:161} INFO - Started process (PID=358) to work on /opt/airflow/dags/incident_runbook_dag.py
[2026-02-27T23:29:34.671+0000] {processor.py:830} INFO - Processing file /opt/airflow/dags/incident_runbook_dag.py for tasks to queue
[2026-02-27T23:29:34.673+0000] {logging_mixin.py:188} INFO - [2026-02-27T23:29:34.672+0000] {dagbag.py:540} INFO - Filling up the DagBag from /opt/airflow/dags/incident_runbook_dag.py
[2026-02-27T23:29:34.780+0000] {processor.py:840} INFO - DAG(s) 'incident_runbook_dag' retrieved from /opt/airflow/dags/incident_runbook_dag.py
[2026-02-27T23:29:34.822+0000] {logging_mixin.py:188} INFO - [2026-02-27T23:29:34.822+0000] {dag.py:3096} INFO - Sync 1 DAGs
[2026-02-27T23:29:34.841+0000] {logging_mixin.py:188} INFO - [2026-02-27T23:29:34.840+0000] {dag.py:3954} INFO - Setting next_dagrun for incident_runbook_dag to None, run_after=None
[2026-02-27T23:29:34.872+0000] {processor.py:183} INFO - Processing /opt/airflow/dags/incident_runbook_dag.py took 0.216 seconds
[2026-02-27T23:30:05.434+0000] {processor.py:161} INFO - Started process (PID=367) to work on /opt/airflow/dags/incident_runbook_dag.py
[2026-02-27T23:30:05.437+0000] {processor.py:830} INFO - Processing file /opt/airflow/dags/incident_runbook_dag.py for tasks to queue
[2026-02-27T23:30:05.440+0000] {logging_mixin.py:188} INFO - [2026-02-27T23:30:05.439+0000] {dagbag.py:540} INFO - Filling up the DagBag from /opt/airflow/dags/incident_runbook_dag.py
[2026-02-27T23:30:05.588+0000] {processor.py:840} INFO - DAG(s) 'incident_runbook_dag' retrieved from /opt/airflow/dags/incident_runbook_dag.py
[2026-02-27T23:30:05.680+0000] {logging_mixin.py:188} INFO - [2026-02-27T23:30:05.680+0000] {dag.py:3096} INFO - Sync 1 DAGs
[2026-02-27T23:30:05.721+0000] {logging_mixin.py:188} INFO - [2026-02-27T23:30:05.720+0000] {dag.py:3954} INFO - Setting next_dagrun for incident_runbook_dag to None, run_after=None
[2026-02-27T23:30:05.782+0000] {processor.py:183} INFO - Processing /opt/airflow/dags/incident_runbook_dag.py took 0.366 seconds
[2026-02-27T23:30:36.447+0000] {processor.py:161} INFO - Started process (PID=376) to work on /opt/airflow/dags/incident_runbook_dag.py
[2026-02-27T23:30:36.451+0000] {processor.py:830} INFO - Processing file /opt/airflow/dags/incident_runbook_dag.py for tasks to queue
[2026-02-27T23:30:36.453+0000] {logging_mixin.py:188} INFO - [2026-02-27T23:30:36.452+0000] {dagbag.py:540} INFO - Filling up the DagBag from /opt/airflow/dags/incident_runbook_dag.py
[2026-02-27T23:30:36.558+0000] {processor.py:840} INFO - DAG(s) 'incident_runbook_dag' retrieved from /opt/airflow/dags/incident_runbook_dag.py
[2026-02-27T23:30:36.604+0000] {logging_mixin.py:188} INFO - [2026-02-27T23:30:36.604+0000] {dag.py:3096} INFO - Sync 1 DAGs
[2026-02-27T23:30:36.622+0000] {logging_mixin.py:188} INFO - [2026-02-27T23:30:36.622+0000] {dag.py:3954} INFO - Setting next_dagrun for incident_runbook_dag to None, run_after=None
[2026-02-27T23:30:36.651+0000] {processor.py:183} INFO - Processing /opt/airflow/dags/incident_runbook_dag.py took 0.223 seconds
[2026-02-27T23:31:07.061+0000] {processor.py:161} INFO - Started process (PID=385) to work on /opt/airflow/dags/incident_runbook_dag.py
[2026-02-27T23:31:07.063+0000] {processor.py:830} INFO - Processing file /opt/airflow/dags/incident_runbook_dag.py for tasks to queue
[2026-02-27T23:31:07.065+0000] {logging_mixin.py:188} INFO - [2026-02-27T23:31:07.065+0000] {dagbag.py:540} INFO - Filling up the DagBag from /opt/airflow/dags/incident_runbook_dag.py
[2026-02-27T23:31:07.179+0000] {processor.py:840} INFO - DAG(s) 'incident_runbook_dag' retrieved from /opt/airflow/dags/incident_runbook_dag.py
[2026-02-27T23:31:07.228+0000] {logging_mixin.py:188} INFO - [2026-02-27T23:31:07.228+0000] {dag.py:3096} INFO - Sync 1 DAGs
[2026-02-27T23:31:07.248+0000] {logging_mixin.py:188} INFO - [2026-02-27T23:31:07.248+0000] {dag.py:3954} INFO - Setting next_dagrun for incident_runbook_dag to None, run_after=None
[2026-02-27T23:31:07.285+0000] {processor.py:183} INFO - Processing /opt/airflow/dags/incident_runbook_dag.py took 0.237 seconds
[2026-02-27T23:31:38.206+0000] {processor.py:161} INFO - Started process (PID=394) to work on /opt/airflow/dags/incident_runbook_dag.py
[2026-02-27T23:31:38.208+0000] {processor.py:830} INFO - Processing file /opt/airflow/dags/incident_runbook_dag.py for tasks to queue
[2026-02-27T23:31:38.210+0000] {logging_mixin.py:188} INFO - [2026-02-27T23:31:38.210+0000] {dagbag.py:540} INFO - Filling up the DagBag from /opt/airflow/dags/incident_runbook_dag.py
[2026-02-27T23:31:38.303+0000] {processor.py:840} INFO - DAG(s) 'incident_runbook_dag' retrieved from /opt/airflow/dags/incident_runbook_dag.py
[2026-02-27T23:31:38.352+0000] {logging_mixin.py:188} INFO - [2026-02-27T23:31:38.352+0000] {dag.py:3096} INFO - Sync 1 DAGs
[2026-02-27T23:31:38.371+0000] {logging_mixin.py:188} INFO - [2026-02-27T23:31:38.370+0000] {dag.py:3954} INFO - Setting next_dagrun for incident_runbook_dag to None, run_after=None
[2026-02-27T23:31:38.411+0000] {processor.py:183} INFO - Processing /opt/airflow/dags/incident_runbook_dag.py took 0.216 seconds
[2026-02-27T23:32:09.602+0000] {processor.py:161} INFO - Started process (PID=403) to work on /opt/airflow/dags/incident_runbook_dag.py
[2026-02-27T23:32:09.614+0000] {processor.py:830} INFO - Processing file /opt/airflow/dags/incident_runbook_dag.py for tasks to queue
[2026-02-27T23:32:09.626+0000] {logging_mixin.py:188} INFO - [2026-02-27T23:32:09.624+0000] {dagbag.py:540} INFO - Filling up the DagBag from /opt/airflow/dags/incident_runbook_dag.py
[2026-02-27T23:32:10.020+0000] {processor.py:840} INFO - DAG(s) 'incident_runbook_dag' retrieved from /opt/airflow/dags/incident_runbook_dag.py
[2026-02-27T23:32:10.066+0000] {logging_mixin.py:188} INFO - [2026-02-27T23:32:10.065+0000] {dag.py:3096} INFO - Sync 1 DAGs
[2026-02-27T23:32:10.084+0000] {logging_mixin.py:188} INFO - [2026-02-27T23:32:10.084+0000] {dag.py:3954} INFO - Setting next_dagrun for incident_runbook_dag to None, run_after=None
[2026-02-27T23:32:10.118+0000] {processor.py:183} INFO - Processing /opt/airflow/dags/incident_runbook_dag.py took 0.503 seconds
[2026-02-27T23:32:40.967+0000] {processor.py:161} INFO - Started process (PID=412) to work on /opt/airflow/dags/incident_runbook_dag.py
[2026-02-27T23:32:40.969+0000] {processor.py:830} INFO - Processing file /opt/airflow/dags/incident_runbook_dag.py for tasks to queue
[2026-02-27T23:32:40.971+0000] {logging_mixin.py:188} INFO - [2026-02-27T23:32:40.970+0000] {dagbag.py:540} INFO - Filling up the DagBag from /opt/airflow/dags/incident_runbook_dag.py
[2026-02-27T23:32:41.053+0000] {processor.py:840} INFO - DAG(s) 'incident_runbook_dag' retrieved from /opt/airflow/dags/incident_runbook_dag.py
[2026-02-27T23:32:41.104+0000] {logging_mixin.py:188} INFO - [2026-02-27T23:32:41.104+0000] {dag.py:3096} INFO - Sync 1 DAGs
[2026-02-27T23:32:41.126+0000] {logging_mixin.py:188} INFO - [2026-02-27T23:32:41.125+0000] {dag.py:3954} INFO - Setting next_dagrun for incident_runbook_dag to None, run_after=None
[2026-02-27T23:32:41.172+0000] {processor.py:183} INFO - Processing /opt/airflow/dags/incident_runbook_dag.py took 0.215 seconds
[2026-02-27T23:33:11.486+0000] {processor.py:161} INFO - Started process (PID=421) to work on /opt/airflow/dags/incident_runbook_dag.py
[2026-02-27T23:33:11.488+0000] {processor.py:830} INFO - Processing file /opt/airflow/dags/incident_runbook_dag.py for tasks to queue
[2026-02-27T23:33:11.491+0000] {logging_mixin.py:188} INFO - [2026-02-27T23:33:11.490+0000] {dagbag.py:540} INFO - Filling up the DagBag from /opt/airflow/dags/incident_runbook_dag.py
[2026-02-27T23:33:11.623+0000] {processor.py:840} INFO - DAG(s) 'incident_runbook_dag' retrieved from /opt/airflow/dags/incident_runbook_dag.py
[2026-02-27T23:33:11.662+0000] {logging_mixin.py:188} INFO - [2026-02-27T23:33:11.662+0000] {dag.py:3096} INFO - Sync 1 DAGs
[2026-02-27T23:33:11.680+0000] {logging_mixin.py:188} INFO - [2026-02-27T23:33:11.680+0000] {dag.py:3954} INFO - Setting next_dagrun for incident_runbook_dag to None, run_after=None
[2026-02-27T23:33:11.713+0000] {processor.py:183} INFO - Processing /opt/airflow/dags/incident_runbook_dag.py took 0.245 seconds
[2026-02-27T23:33:42.201+0000] {processor.py:161} INFO - Started process (PID=430) to work on /opt/airflow/dags/incident_runbook_dag.py
[2026-02-27T23:33:42.203+0000] {processor.py:830} INFO - Processing file /opt/airflow/dags/incident_runbook_dag.py for tasks to queue
[2026-02-27T23:33:42.204+0000] {logging_mixin.py:188} INFO - [2026-02-27T23:33:42.203+0000] {dagbag.py:540} INFO - Filling up the DagBag from /opt/airflow/dags/incident_runbook_dag.py
[2026-02-27T23:33:42.286+0000] {processor.py:840} INFO - DAG(s) 'incident_runbook_dag' retrieved from /opt/airflow/dags/incident_runbook_dag.py
[2026-02-27T23:33:42.321+0000] {logging_mixin.py:188} INFO - [2026-02-27T23:33:42.321+0000] {dag.py:3096} INFO - Sync 1 DAGs
[2026-02-27T23:33:42.335+0000] {logging_mixin.py:188} INFO - [2026-02-27T23:33:42.335+0000] {dag.py:3954} INFO - Setting next_dagrun for incident_runbook_dag to None, run_after=None
[2026-02-27T23:33:42.364+0000] {processor.py:183} INFO - Processing /opt/airflow/dags/incident_runbook_dag.py took 0.171 seconds
[2026-02-27T23:34:12.814+0000] {processor.py:161} INFO - Started process (PID=439) to work on /opt/airflow/dags/incident_runbook_dag.py
[2026-02-27T23:34:12.816+0000] {processor.py:830} INFO - Processing file /opt/airflow/dags/incident_runbook_dag.py for tasks to queue
[2026-02-27T23:34:12.818+0000] {logging_mixin.py:188} INFO - [2026-02-27T23:34:12.818+0000] {dagbag.py:540} INFO - Filling up the DagBag from /opt/airflow/dags/incident_runbook_dag.py
[2026-02-27T23:34:12.936+0000] {processor.py:840} INFO - DAG(s) 'incident_runbook_dag' retrieved from /opt/airflow/dags/incident_runbook_dag.py
[2026-02-27T23:34:12.970+0000] {logging_mixin.py:188} INFO - [2026-02-27T23:34:12.970+0000] {dag.py:3096} INFO - Sync 1 DAGs
[2026-02-27T23:34:12.985+0000] {logging_mixin.py:188} INFO - [2026-02-27T23:34:12.985+0000] {dag.py:3954} INFO - Setting next_dagrun for incident_runbook_dag to None, run_after=None
[2026-02-27T23:34:13.012+0000] {processor.py:183} INFO - Processing /opt/airflow/dags/incident_runbook_dag.py took 0.212 seconds
[2026-02-27T23:34:43.397+0000] {processor.py:161} INFO - Started process (PID=448) to work on /opt/airflow/dags/incident_runbook_dag.py
[2026-02-27T23:34:43.399+0000] {processor.py:830} INFO - Processing file /opt/airflow/dags/incident_runbook_dag.py for tasks to queue
[2026-02-27T23:34:43.400+0000] {logging_mixin.py:188} INFO - [2026-02-27T23:34:43.400+0000] {dagbag.py:540} INFO - Filling up the DagBag from /opt/airflow/dags/incident_runbook_dag.py
[2026-02-27T23:34:43.479+0000] {processor.py:840} INFO - DAG(s) 'incident_runbook_dag' retrieved from /opt/airflow/dags/incident_runbook_dag.py
[2026-02-27T23:34:43.515+0000] {logging_mixin.py:188} INFO - [2026-02-27T23:34:43.515+0000] {dag.py:3096} INFO - Sync 1 DAGs
[2026-02-27T23:34:43.530+0000] {logging_mixin.py:188} INFO - [2026-02-27T23:34:43.529+0000] {dag.py:3954} INFO - Setting next_dagrun for incident_runbook_dag to None, run_after=None
[2026-02-27T23:34:43.568+0000] {processor.py:183} INFO - Processing /opt/airflow/dags/incident_runbook_dag.py took 0.181 seconds
[2026-02-27T23:35:13.966+0000] {processor.py:161} INFO - Started process (PID=457) to work on /opt/airflow/dags/incident_runbook_dag.py
[2026-02-27T23:35:13.968+0000] {processor.py:830} INFO - Processing file /opt/airflow/dags/incident_runbook_dag.py for tasks to queue
[2026-02-27T23:35:13.969+0000] {logging_mixin.py:188} INFO - [2026-02-27T23:35:13.969+0000] {dagbag.py:540} INFO - Filling up the DagBag from /opt/airflow/dags/incident_runbook_dag.py
[2026-02-27T23:35:14.052+0000] {processor.py:840} INFO - DAG(s) 'incident_runbook_dag' retrieved from /opt/airflow/dags/incident_runbook_dag.py
[2026-02-27T23:35:14.088+0000] {logging_mixin.py:188} INFO - [2026-02-27T23:35:14.087+0000] {dag.py:3096} INFO - Sync 1 DAGs
[2026-02-27T23:35:14.104+0000] {logging_mixin.py:188} INFO - [2026-02-27T23:35:14.104+0000] {dag.py:3954} INFO - Setting next_dagrun for incident_runbook_dag to None, run_after=None
[2026-02-27T23:35:14.135+0000] {processor.py:183} INFO - Processing /opt/airflow/dags/incident_runbook_dag.py took 0.177 seconds
[2026-02-27T23:35:44.926+0000] {processor.py:161} INFO - Started process (PID=466) to work on /opt/airflow/dags/incident_runbook_dag.py
[2026-02-27T23:35:44.928+0000] {processor.py:830} INFO - Processing file /opt/airflow/dags/incident_runbook_dag.py for tasks to queue
[2026-02-27T23:35:44.929+0000] {logging_mixin.py:188} INFO - [2026-02-27T23:35:44.929+0000] {dagbag.py:540} INFO - Filling up the DagBag from /opt/airflow/dags/incident_runbook_dag.py
[2026-02-27T23:35:45.000+0000] {processor.py:840} INFO - DAG(s) 'incident_runbook_dag' retrieved from /opt/airflow/dags/incident_runbook_dag.py
[2026-02-27T23:35:45.041+0000] {logging_mixin.py:188} INFO - [2026-02-27T23:35:45.041+0000] {dag.py:3096} INFO - Sync 1 DAGs
[2026-02-27T23:35:45.057+0000] {logging_mixin.py:188} INFO - [2026-02-27T23:35:45.057+0000] {dag.py:3954} INFO - Setting next_dagrun for incident_runbook_dag to None, run_after=None
[2026-02-27T23:35:45.085+0000] {processor.py:183} INFO - Processing /opt/airflow/dags/incident_runbook_dag.py took 0.167 seconds
[2026-02-27T23:36:15.374+0000] {processor.py:161} INFO - Started process (PID=475) to work on /opt/airflow/dags/incident_runbook_dag.py
[2026-02-27T23:36:15.376+0000] {processor.py:830} INFO - Processing file /opt/airflow/dags/incident_runbook_dag.py for tasks to queue
[2026-02-27T23:36:15.379+0000] {logging_mixin.py:188} INFO - [2026-02-27T23:36:15.378+0000] {dagbag.py:540} INFO - Filling up the DagBag from /opt/airflow/dags/incident_runbook_dag.py
[2026-02-27T23:36:15.488+0000] {processor.py:840} INFO - DAG(s) 'incident_runbook_dag' retrieved from /opt/airflow/dags/incident_runbook_dag.py
[2026-02-27T23:36:15.538+0000] {logging_mixin.py:188} INFO - [2026-02-27T23:36:15.537+0000] {dag.py:3096} INFO - Sync 1 DAGs
[2026-02-27T23:36:15.558+0000] {logging_mixin.py:188} INFO - [2026-02-27T23:36:15.558+0000] {dag.py:3954} INFO - Setting next_dagrun for incident_runbook_dag to None, run_after=None
[2026-02-27T23:36:15.596+0000] {processor.py:183} INFO - Processing /opt/airflow/dags/incident_runbook_dag.py took 0.237 seconds
[2026-02-27T23:36:46.601+0000] {processor.py:161} INFO - Started process (PID=484) to work on /opt/airflow/dags/incident_runbook_dag.py
[2026-02-27T23:36:46.604+0000] {processor.py:830} INFO - Processing file /opt/airflow/dags/incident_runbook_dag.py for tasks to queue
[2026-02-27T23:36:46.607+0000] {logging_mixin.py:188} INFO - [2026-02-27T23:36:46.606+0000] {dagbag.py:540} INFO - Filling up the DagBag from /opt/airflow/dags/incident_runbook_dag.py
[2026-02-27T23:36:46.704+0000] {processor.py:840} INFO - DAG(s) 'incident_runbook_dag' retrieved from /opt/airflow/dags/incident_runbook_dag.py
[2026-02-27T23:36:46.751+0000] {logging_mixin.py:188} INFO - [2026-02-27T23:36:46.750+0000] {dag.py:3096} INFO - Sync 1 DAGs
[2026-02-27T23:36:46.770+0000] {logging_mixin.py:188} INFO - [2026-02-27T23:36:46.770+0000] {dag.py:3954} INFO - Setting next_dagrun for incident_runbook_dag to None, run_after=None
[2026-02-27T23:36:46.803+0000] {processor.py:183} INFO - Processing /opt/airflow/dags/incident_runbook_dag.py took 0.216 seconds
[2026-02-27T23:37:17.133+0000] {processor.py:161} INFO - Started process (PID=493) to work on /opt/airflow/dags/incident_runbook_dag.py
[2026-02-27T23:37:17.135+0000] {processor.py:830} INFO - Processing file /opt/airflow/dags/incident_runbook_dag.py for tasks to queue
[2026-02-27T23:37:17.137+0000] {logging_mixin.py:188} INFO - [2026-02-27T23:37:17.136+0000] {dagbag.py:540} INFO - Filling up the DagBag from /opt/airflow/dags/incident_runbook_dag.py
[2026-02-27T23:37:17.212+0000] {processor.py:840} INFO - DAG(s) 'incident_runbook_dag' retrieved from /opt/airflow/dags/incident_runbook_dag.py
[2026-02-27T23:37:17.250+0000] {logging_mixin.py:188} INFO - [2026-02-27T23:37:17.249+0000] {dag.py:3096} INFO - Sync 1 DAGs
[2026-02-27T23:37:17.267+0000] {logging_mixin.py:188} INFO - [2026-02-27T23:37:17.266+0000] {dag.py:3954} INFO - Setting next_dagrun for incident_runbook_dag to None, run_after=None
[2026-02-27T23:37:17.290+0000] {processor.py:183} INFO - Processing /opt/airflow/dags/incident_runbook_dag.py took 0.167 seconds
[2026-02-27T23:37:47.629+0000] {processor.py:161} INFO - Started process (PID=502) to work on /opt/airflow/dags/incident_runbook_dag.py
[2026-02-27T23:37:47.631+0000] {processor.py:830} INFO - Processing file /opt/airflow/dags/incident_runbook_dag.py for tasks to queue
[2026-02-27T23:37:47.634+0000] {logging_mixin.py:188} INFO - [2026-02-27T23:37:47.633+0000] {dagbag.py:540} INFO - Filling up the DagBag from /opt/airflow/dags/incident_runbook_dag.py
[2026-02-27T23:37:47.714+0000] {processor.py:840} INFO - DAG(s) 'incident_runbook_dag' retrieved from /opt/airflow/dags/incident_runbook_dag.py
[2026-02-27T23:37:47.752+0000] {logging_mixin.py:188} INFO - [2026-02-27T23:37:47.752+0000] {dag.py:3096} INFO - Sync 1 DAGs
[2026-02-27T23:37:47.770+0000] {logging_mixin.py:188} INFO - [2026-02-27T23:37:47.770+0000] {dag.py:3954} INFO - Setting next_dagrun for incident_runbook_dag to None, run_after=None
[2026-02-27T23:37:47.796+0000] {processor.py:183} INFO - Processing /opt/airflow/dags/incident_runbook_dag.py took 0.179 seconds
[2026-02-27T23:38:18.331+0000] {processor.py:161} INFO - Started process (PID=511) to work on /opt/airflow/dags/incident_runbook_dag.py
[2026-02-27T23:38:18.333+0000] {processor.py:830} INFO - Processing file /opt/airflow/dags/incident_runbook_dag.py for tasks to queue
[2026-02-27T23:38:18.334+0000] {logging_mixin.py:188} INFO - [2026-02-27T23:38:18.334+0000] {dagbag.py:540} INFO - Filling up the DagBag from /opt/airflow/dags/incident_runbook_dag.py
[2026-02-27T23:38:18.410+0000] {processor.py:840} INFO - DAG(s) 'incident_runbook_dag' retrieved from /opt/airflow/dags/incident_runbook_dag.py
[2026-02-27T23:38:18.446+0000] {logging_mixin.py:188} INFO - [2026-02-27T23:38:18.446+0000] {dag.py:3096} INFO - Sync 1 DAGs
[2026-02-27T23:38:18.461+0000] {logging_mixin.py:188} INFO - [2026-02-27T23:38:18.461+0000] {dag.py:3954} INFO - Setting next_dagrun for incident_runbook_dag to None, run_after=None
[2026-02-27T23:38:18.487+0000] {processor.py:183} INFO - Processing /opt/airflow/dags/incident_runbook_dag.py took 0.168 seconds
[2026-02-27T23:38:48.735+0000] {processor.py:161} INFO - Started process (PID=520) to work on /opt/airflow/dags/incident_runbook_dag.py
[2026-02-27T23:38:48.738+0000] {processor.py:830} INFO - Processing file /opt/airflow/dags/incident_runbook_dag.py for tasks to queue
[2026-02-27T23:38:48.742+0000] {logging_mixin.py:188} INFO - [2026-02-27T23:38:48.741+0000] {dagbag.py:540} INFO - Filling up the DagBag from /opt/airflow/dags/incident_runbook_dag.py
[2026-02-27T23:38:48.840+0000] {processor.py:840} INFO - DAG(s) 'incident_runbook_dag' retrieved from /opt/airflow/dags/incident_runbook_dag.py
[2026-02-27T23:38:48.875+0000] {logging_mixin.py:188} INFO - [2026-02-27T23:38:48.874+0000] {dag.py:3096} INFO - Sync 1 DAGs
[2026-02-27T23:38:48.891+0000] {logging_mixin.py:188} INFO - [2026-02-27T23:38:48.891+0000] {dag.py:3954} INFO - Setting next_dagrun for incident_runbook_dag to None, run_after=None
[2026-02-27T23:38:48.918+0000] {processor.py:183} INFO - Processing /opt/airflow/dags/incident_runbook_dag.py took 0.198 seconds
[2026-02-27T23:39:19.251+0000] {processor.py:161} INFO - Started process (PID=529) to work on /opt/airflow/dags/incident_runbook_dag.py
[2026-02-27T23:39:19.253+0000] {processor.py:830} INFO - Processing file /opt/airflow/dags/incident_runbook_dag.py for tasks to queue
[2026-02-27T23:39:19.255+0000] {logging_mixin.py:188} INFO - [2026-02-27T23:39:19.254+0000] {dagbag.py:540} INFO - Filling up the DagBag from /opt/airflow/dags/incident_runbook_dag.py
[2026-02-27T23:39:19.345+0000] {processor.py:840} INFO - DAG(s) 'incident_runbook_dag' retrieved from /opt/airflow/dags/incident_runbook_dag.py
[2026-02-27T23:39:19.381+0000] {logging_mixin.py:188} INFO - [2026-02-27T23:39:19.381+0000] {dag.py:3096} INFO - Sync 1 DAGs
[2026-02-27T23:39:19.397+0000] {logging_mixin.py:188} INFO - [2026-02-27T23:39:19.396+0000] {dag.py:3954} INFO - Setting next_dagrun for incident_runbook_dag to None, run_after=None
[2026-02-27T23:39:19.429+0000] {processor.py:183} INFO - Processing /opt/airflow/dags/incident_runbook_dag.py took 0.191 seconds
[2026-02-27T23:39:49.806+0000] {processor.py:161} INFO - Started process (PID=538) to work on /opt/airflow/dags/incident_runbook_dag.py
[2026-02-27T23:39:49.808+0000] {processor.py:830} INFO - Processing file /opt/airflow/dags/incident_runbook_dag.py for tasks to queue
[2026-02-27T23:39:49.809+0000] {logging_mixin.py:188} INFO - [2026-02-27T23:39:49.809+0000] {dagbag.py:540} INFO - Filling up the DagBag from /opt/airflow/dags/incident_runbook_dag.py
[2026-02-27T23:39:49.878+0000] {processor.py:840} INFO - DAG(s) 'incident_runbook_dag' retrieved from /opt/airflow/dags/incident_runbook_dag.py
[2026-02-27T23:39:49.912+0000] {logging_mixin.py:188} INFO - [2026-02-27T23:39:49.912+0000] {dag.py:3096} INFO - Sync 1 DAGs
[2026-02-27T23:39:49.931+0000] {logging_mixin.py:188} INFO - [2026-02-27T23:39:49.931+0000] {dag.py:3954} INFO - Setting next_dagrun for incident_runbook_dag to None, run_after=None
[2026-02-27T23:39:49.964+0000] {processor.py:183} INFO - Processing /opt/airflow/dags/incident_runbook_dag.py took 0.168 seconds
[2026-02-27T23:40:20.241+0000] {processor.py:161} INFO - Started process (PID=547) to work on /opt/airflow/dags/incident_runbook_dag.py
[2026-02-27T23:40:20.243+0000] {processor.py:830} INFO - Processing file /opt/airflow/dags/incident_runbook_dag.py for tasks to queue
[2026-02-27T23:40:20.244+0000] {logging_mixin.py:188} INFO - [2026-02-27T23:40:20.243+0000] {dagbag.py:540} INFO - Filling up the DagBag from /opt/airflow/dags/incident_runbook_dag.py
[2026-02-27T23:40:20.311+0000] {processor.py:840} INFO - DAG(s) 'incident_runbook_dag' retrieved from /opt/airflow/dags/incident_runbook_dag.py
[2026-02-27T23:40:20.344+0000] {logging_mixin.py:188} INFO - [2026-02-27T23:40:20.343+0000] {dag.py:3096} INFO - Sync 1 DAGs
[2026-02-27T23:40:20.358+0000] {logging_mixin.py:188} INFO - [2026-02-27T23:40:20.358+0000] {dag.py:3954} INFO - Setting next_dagrun for incident_runbook_dag to None, run_after=None
[2026-02-27T23:40:20.382+0000] {processor.py:183} INFO - Processing /opt/airflow/dags/incident_runbook_dag.py took 0.151 seconds
[2026-02-27T23:40:50.999+0000] {processor.py:161} INFO - Started process (PID=556) to work on /opt/airflow/dags/incident_runbook_dag.py
[2026-02-27T23:40:51.002+0000] {processor.py:830} INFO - Processing file /opt/airflow/dags/incident_runbook_dag.py for tasks to queue
[2026-02-27T23:40:51.005+0000] {logging_mixin.py:188} INFO - [2026-02-27T23:40:51.004+0000] {dagbag.py:540} INFO - Filling up the DagBag from /opt/airflow/dags/incident_runbook_dag.py
[2026-02-27T23:40:51.079+0000] {processor.py:840} INFO - DAG(s) 'incident_runbook_dag' retrieved from /opt/airflow/dags/incident_runbook_dag.py
[2026-02-27T23:40:51.112+0000] {logging_mixin.py:188} INFO - [2026-02-27T23:40:51.112+0000] {dag.py:3096} INFO - Sync 1 DAGs
[2026-02-27T23:40:51.128+0000] {logging_mixin.py:188} INFO - [2026-02-27T23:40:51.128+0000] {dag.py:3954} INFO - Setting next_dagrun for incident_runbook_dag to None, run_after=None
[2026-02-27T23:40:51.152+0000] {processor.py:183} INFO - Processing /opt/airflow/dags/incident_runbook_dag.py took 0.167 seconds
[2026-02-27T23:41:21.512+0000] {processor.py:161} INFO - Started process (PID=565) to work on /opt/airflow/dags/incident_runbook_dag.py
[2026-02-27T23:41:21.514+0000] {processor.py:830} INFO - Processing file /opt/airflow/dags/incident_runbook_dag.py for tasks to queue
[2026-02-27T23:41:21.516+0000] {logging_mixin.py:188} INFO - [2026-02-27T23:41:21.515+0000] {dagbag.py:540} INFO - Filling up the DagBag from /opt/airflow/dags/incident_runbook_dag.py
[2026-02-27T23:41:21.591+0000] {processor.py:840} INFO - DAG(s) 'incident_runbook_dag' retrieved from /opt/airflow/dags/incident_runbook_dag.py
[2026-02-27T23:41:21.626+0000] {logging_mixin.py:188} INFO - [2026-02-27T23:41:21.626+0000] {dag.py:3096} INFO - Sync 1 DAGs
[2026-02-27T23:41:21.640+0000] {logging_mixin.py:188} INFO - [2026-02-27T23:41:21.640+0000] {dag.py:3954} INFO - Setting next_dagrun for incident_runbook_dag to None, run_after=None
[2026-02-27T23:41:21.670+0000] {processor.py:183} INFO - Processing /opt/airflow/dags/incident_runbook_dag.py took 0.165 seconds
[2026-02-27T23:41:52.377+0000] {processor.py:161} INFO - Started process (PID=574) to work on /opt/airflow/dags/incident_runbook_dag.py
[2026-02-27T23:41:52.379+0000] {processor.py:830} INFO - Processing file /opt/airflow/dags/incident_runbook_dag.py for tasks to queue
[2026-02-27T23:41:52.380+0000] {logging_mixin.py:188} INFO - [2026-02-27T23:41:52.380+0000] {dagbag.py:540} INFO - Filling up the DagBag from /opt/airflow/dags/incident_runbook_dag.py
[2026-02-27T23:41:52.457+0000] {processor.py:840} INFO - DAG(s) 'incident_runbook_dag' retrieved from /opt/airflow/dags/incident_runbook_dag.py
[2026-02-27T23:41:52.493+0000] {logging_mixin.py:188} INFO - [2026-02-27T23:41:52.493+0000] {dag.py:3096} INFO - Sync 1 DAGs
[2026-02-27T23:41:52.508+0000] {logging_mixin.py:188} INFO - [2026-02-27T23:41:52.508+0000] {dag.py:3954} INFO - Setting next_dagrun for incident_runbook_dag to None, run_after=None
[2026-02-27T23:41:52.531+0000] {processor.py:183} INFO - Processing /opt/airflow/dags/incident_runbook_dag.py took 0.163 seconds
[2026-02-27T23:42:22.803+0000] {processor.py:161} INFO - Started process (PID=583) to work on /opt/airflow/dags/incident_runbook_dag.py
[2026-02-27T23:42:22.805+0000] {processor.py:830} INFO - Processing file /opt/airflow/dags/incident_runbook_dag.py for tasks to queue
[2026-02-27T23:42:22.806+0000] {logging_mixin.py:188} INFO - [2026-02-27T23:42:22.806+0000] {dagbag.py:540} INFO - Filling up the DagBag from /opt/airflow/dags/incident_runbook_dag.py
[2026-02-27T23:42:22.897+0000] {processor.py:840} INFO - DAG(s) 'incident_runbook_dag' retrieved from /opt/airflow/dags/incident_runbook_dag.py
[2026-02-27T23:42:22.943+0000] {logging_mixin.py:188} INFO - [2026-02-27T23:42:22.943+0000] {dag.py:3096} INFO - Sync 1 DAGs
[2026-02-27T23:42:22.958+0000] {logging_mixin.py:188} INFO - [2026-02-27T23:42:22.958+0000] {dag.py:3954} INFO - Setting next_dagrun for incident_runbook_dag to None, run_after=None
[2026-02-27T23:42:22.984+0000] {processor.py:183} INFO - Processing /opt/airflow/dags/incident_runbook_dag.py took 0.190 seconds
[2026-02-27T23:42:53.183+0000] {processor.py:161} INFO - Started process (PID=592) to work on /opt/airflow/dags/incident_runbook_dag.py
[2026-02-27T23:42:53.185+0000] {processor.py:830} INFO - Processing file /opt/airflow/dags/incident_runbook_dag.py for tasks to queue
[2026-02-27T23:42:53.187+0000] {logging_mixin.py:188} INFO - [2026-02-27T23:42:53.186+0000] {dagbag.py:540} INFO - Filling up the DagBag from /opt/airflow/dags/incident_runbook_dag.py
[2026-02-27T23:42:53.259+0000] {processor.py:840} INFO - DAG(s) 'incident_runbook_dag' retrieved from /opt/airflow/dags/incident_runbook_dag.py
[2026-02-27T23:42:53.299+0000] {logging_mixin.py:188} INFO - [2026-02-27T23:42:53.299+0000] {dag.py:3096} INFO - Sync 1 DAGs
[2026-02-27T23:42:53.316+0000] {logging_mixin.py:188} INFO - [2026-02-27T23:42:53.316+0000] {dag.py:3954} INFO - Setting next_dagrun for incident_runbook_dag to None, run_after=None
[2026-02-27T23:42:53.344+0000] {processor.py:183} INFO - Processing /opt/airflow/dags/incident_runbook_dag.py took 0.170 seconds
[2026-02-27T23:43:23.757+0000] {processor.py:161} INFO - Started process (PID=601) to work on /opt/airflow/dags/incident_runbook_dag.py
[2026-02-27T23:43:23.760+0000] {processor.py:830} INFO - Processing file /opt/airflow/dags/incident_runbook_dag.py for tasks to queue
[2026-02-27T23:43:23.764+0000] {logging_mixin.py:188} INFO - [2026-02-27T23:43:23.763+0000] {dagbag.py:540} INFO - Filling up the DagBag from /opt/airflow/dags/incident_runbook_dag.py
[2026-02-27T23:43:23.870+0000] {processor.py:840} INFO - DAG(s) 'incident_runbook_dag' retrieved from /opt/airflow/dags/incident_runbook_dag.py
[2026-02-27T23:43:23.906+0000] {logging_mixin.py:188} INFO - [2026-02-27T23:43:23.906+0000] {dag.py:3096} INFO - Sync 1 DAGs
[2026-02-27T23:43:23.919+0000] {logging_mixin.py:188} INFO - [2026-02-27T23:43:23.919+0000] {dag.py:3954} INFO - Setting next_dagrun for incident_runbook_dag to None, run_after=None
[2026-02-27T23:43:23.941+0000] {processor.py:183} INFO - Processing /opt/airflow/dags/incident_runbook_dag.py took 0.209 seconds
[2026-02-27T23:43:54.349+0000] {processor.py:161} INFO - Started process (PID=610) to work on /opt/airflow/dags/incident_runbook_dag.py
[2026-02-27T23:43:54.351+0000] {processor.py:830} INFO - Processing file /opt/airflow/dags/incident_runbook_dag.py for tasks to queue
[2026-02-27T23:43:54.352+0000] {logging_mixin.py:188} INFO - [2026-02-27T23:43:54.351+0000] {dagbag.py:540} INFO - Filling up the DagBag from /opt/airflow/dags/incident_runbook_dag.py
[2026-02-27T23:43:54.407+0000] {processor.py:840} INFO - DAG(s) 'incident_runbook_dag' retrieved from /opt/airflow/dags/incident_runbook_dag.py
[2026-02-27T23:43:54.441+0000] {logging_mixin.py:188} INFO - [2026-02-27T23:43:54.441+0000] {dag.py:3096} INFO - Sync 1 DAGs
[2026-02-27T23:43:54.454+0000] {logging_mixin.py:188} INFO - [2026-02-27T23:43:54.454+0000] {dag.py:3954} INFO - Setting next_dagrun for incident_runbook_dag to None, run_after=None
[2026-02-27T23:43:54.477+0000] {processor.py:183} INFO - Processing /opt/airflow/dags/incident_runbook_dag.py took 0.135 seconds
[2026-02-27T23:44:24.917+0000] {processor.py:161} INFO - Started process (PID=619) to work on /opt/airflow/dags/incident_runbook_dag.py
[2026-02-27T23:44:24.919+0000] {processor.py:830} INFO - Processing file /opt/airflow/dags/incident_runbook_dag.py for tasks to queue
[2026-02-27T23:44:24.922+0000] {logging_mixin.py:188} INFO - [2026-02-27T23:44:24.920+0000] {dagbag.py:540} INFO - Filling up the DagBag from /opt/airflow/dags/incident_runbook_dag.py
[2026-02-27T23:44:24.989+0000] {processor.py:840} INFO - DAG(s) 'incident_runbook_dag' retrieved from /opt/airflow/dags/incident_runbook_dag.py
[2026-02-27T23:44:25.025+0000] {logging_mixin.py:188} INFO - [2026-02-27T23:44:25.025+0000] {dag.py:3096} INFO - Sync 1 DAGs
[2026-02-27T23:44:25.038+0000] {logging_mixin.py:188} INFO - [2026-02-27T23:44:25.038+0000] {dag.py:3954} INFO - Setting next_dagrun for incident_runbook_dag to None, run_after=None
[2026-02-27T23:44:25.063+0000] {processor.py:183} INFO - Processing /opt/airflow/dags/incident_runbook_dag.py took 0.153 seconds
[2026-02-27T23:45:34.630+0000] {processor.py:161} INFO - Started process (PID=36) to work on /opt/airflow/dags/incident_runbook_dag.py
[2026-02-27T23:45:34.632+0000] {processor.py:830} INFO - Processing file /opt/airflow/dags/incident_runbook_dag.py for tasks to queue
[2026-02-27T23:45:34.636+0000] {logging_mixin.py:188} INFO - [2026-02-27T23:45:34.635+0000] {dagbag.py:540} INFO - Filling up the DagBag from /opt/airflow/dags/incident_runbook_dag.py
[2026-02-27T23:45:34.706+0000] {processor.py:840} INFO - DAG(s) 'incident_runbook_dag' retrieved from /opt/airflow/dags/incident_runbook_dag.py
[2026-02-27T23:45:34.755+0000] {logging_mixin.py:188} INFO - [2026-02-27T23:45:34.754+0000] {dag.py:3096} INFO - Sync 1 DAGs
[2026-02-27T23:45:34.776+0000] {logging_mixin.py:188} INFO - [2026-02-27T23:45:34.776+0000] {dag.py:3954} INFO - Setting next_dagrun for incident_runbook_dag to None, run_after=None
[2026-02-27T23:45:34.825+0000] {processor.py:183} INFO - Processing /opt/airflow/dags/incident_runbook_dag.py took 0.206 seconds
[2026-02-27T23:46:05.383+0000] {processor.py:161} INFO - Started process (PID=45) to work on /opt/airflow/dags/incident_runbook_dag.py
[2026-02-27T23:46:05.385+0000] {processor.py:830} INFO - Processing file /opt/airflow/dags/incident_runbook_dag.py for tasks to queue
[2026-02-27T23:46:05.387+0000] {logging_mixin.py:188} INFO - [2026-02-27T23:46:05.386+0000] {dagbag.py:540} INFO - Filling up the DagBag from /opt/airflow/dags/incident_runbook_dag.py
[2026-02-27T23:46:05.461+0000] {processor.py:840} INFO - DAG(s) 'incident_runbook_dag' retrieved from /opt/airflow/dags/incident_runbook_dag.py
[2026-02-27T23:46:05.490+0000] {logging_mixin.py:188} INFO - [2026-02-27T23:46:05.490+0000] {dag.py:3096} INFO - Sync 1 DAGs
[2026-02-27T23:46:05.506+0000] {logging_mixin.py:188} INFO - [2026-02-27T23:46:05.506+0000] {dag.py:3954} INFO - Setting next_dagrun for incident_runbook_dag to None, run_after=None
[2026-02-27T23:46:05.531+0000] {processor.py:183} INFO - Processing /opt/airflow/dags/incident_runbook_dag.py took 0.159 seconds
[2026-02-27T23:46:35.935+0000] {processor.py:161} INFO - Started process (PID=54) to work on /opt/airflow/dags/incident_runbook_dag.py
[2026-02-27T23:46:35.937+0000] {processor.py:830} INFO - Processing file /opt/airflow/dags/incident_runbook_dag.py for tasks to queue
[2026-02-27T23:46:35.938+0000] {logging_mixin.py:188} INFO - [2026-02-27T23:46:35.938+0000] {dagbag.py:540} INFO - Filling up the DagBag from /opt/airflow/dags/incident_runbook_dag.py
[2026-02-27T23:46:36.018+0000] {processor.py:840} INFO - DAG(s) 'incident_runbook_dag' retrieved from /opt/airflow/dags/incident_runbook_dag.py
[2026-02-27T23:46:36.055+0000] {logging_mixin.py:188} INFO - [2026-02-27T23:46:36.054+0000] {dag.py:3096} INFO - Sync 1 DAGs
[2026-02-27T23:46:36.069+0000] {logging_mixin.py:188} INFO - [2026-02-27T23:46:36.068+0000] {dag.py:3954} INFO - Setting next_dagrun for incident_runbook_dag to None, run_after=None
[2026-02-27T23:46:36.095+0000] {processor.py:183} INFO - Processing /opt/airflow/dags/incident_runbook_dag.py took 0.168 seconds
[2026-02-27T23:47:06.544+0000] {processor.py:161} INFO - Started process (PID=63) to work on /opt/airflow/dags/incident_runbook_dag.py
[2026-02-27T23:47:06.546+0000] {processor.py:830} INFO - Processing file /opt/airflow/dags/incident_runbook_dag.py for tasks to queue
[2026-02-27T23:47:06.549+0000] {logging_mixin.py:188} INFO - [2026-02-27T23:47:06.548+0000] {dagbag.py:540} INFO - Filling up the DagBag from /opt/airflow/dags/incident_runbook_dag.py
[2026-02-27T23:47:06.623+0000] {processor.py:840} INFO - DAG(s) 'incident_runbook_dag' retrieved from /opt/airflow/dags/incident_runbook_dag.py
[2026-02-27T23:47:06.659+0000] {logging_mixin.py:188} INFO - [2026-02-27T23:47:06.659+0000] {dag.py:3096} INFO - Sync 1 DAGs
[2026-02-27T23:47:06.682+0000] {logging_mixin.py:188} INFO - [2026-02-27T23:47:06.682+0000] {dag.py:3954} INFO - Setting next_dagrun for incident_runbook_dag to None, run_after=None
[2026-02-27T23:47:06.717+0000] {processor.py:183} INFO - Processing /opt/airflow/dags/incident_runbook_dag.py took 0.180 seconds
[2026-02-27T23:47:37.182+0000] {processor.py:161} INFO - Started process (PID=72) to work on /opt/airflow/dags/incident_runbook_dag.py
[2026-02-27T23:47:37.184+0000] {processor.py:830} INFO - Processing file /opt/airflow/dags/incident_runbook_dag.py for tasks to queue
[2026-02-27T23:47:37.185+0000] {logging_mixin.py:188} INFO - [2026-02-27T23:47:37.185+0000] {dagbag.py:540} INFO - Filling up the DagBag from /opt/airflow/dags/incident_runbook_dag.py
[2026-02-27T23:47:37.242+0000] {processor.py:840} INFO - DAG(s) 'incident_runbook_dag' retrieved from /opt/airflow/dags/incident_runbook_dag.py
[2026-02-27T23:47:37.274+0000] {logging_mixin.py:188} INFO - [2026-02-27T23:47:37.273+0000] {dag.py:3096} INFO - Sync 1 DAGs
[2026-02-27T23:47:37.290+0000] {logging_mixin.py:188} INFO - [2026-02-27T23:47:37.290+0000] {dag.py:3954} INFO - Setting next_dagrun for incident_runbook_dag to None, run_after=None
[2026-02-27T23:47:37.325+0000] {processor.py:183} INFO - Processing /opt/airflow/dags/incident_runbook_dag.py took 0.152 seconds
[2026-02-27T23:48:07.796+0000] {processor.py:161} INFO - Started process (PID=81) to work on /opt/airflow/dags/incident_runbook_dag.py
[2026-02-27T23:48:07.798+0000] {processor.py:830} INFO - Processing file /opt/airflow/dags/incident_runbook_dag.py for tasks to queue
[2026-02-27T23:48:07.802+0000] {logging_mixin.py:188} INFO - [2026-02-27T23:48:07.800+0000] {dagbag.py:540} INFO - Filling up the DagBag from /opt/airflow/dags/incident_runbook_dag.py
[2026-02-27T23:48:07.881+0000] {processor.py:840} INFO - DAG(s) 'incident_runbook_dag' retrieved from /opt/airflow/dags/incident_runbook_dag.py
[2026-02-27T23:48:07.914+0000] {logging_mixin.py:188} INFO - [2026-02-27T23:48:07.914+0000] {dag.py:3096} INFO - Sync 1 DAGs
[2026-02-27T23:48:07.934+0000] {logging_mixin.py:188} INFO - [2026-02-27T23:48:07.934+0000] {dag.py:3954} INFO - Setting next_dagrun for incident_runbook_dag to None, run_after=None
[2026-02-27T23:48:07.964+0000] {processor.py:183} INFO - Processing /opt/airflow/dags/incident_runbook_dag.py took 0.178 seconds
[2026-02-27T23:48:38.360+0000] {processor.py:161} INFO - Started process (PID=90) to work on /opt/airflow/dags/incident_runbook_dag.py
[2026-02-27T23:48:38.361+0000] {processor.py:830} INFO - Processing file /opt/airflow/dags/incident_runbook_dag.py for tasks to queue
[2026-02-27T23:48:38.363+0000] {logging_mixin.py:188} INFO - [2026-02-27T23:48:38.363+0000] {dagbag.py:540} INFO - Filling up the DagBag from /opt/airflow/dags/incident_runbook_dag.py
[2026-02-27T23:48:38.435+0000] {processor.py:840} INFO - DAG(s) 'incident_runbook_dag' retrieved from /opt/airflow/dags/incident_runbook_dag.py
[2026-02-27T23:48:38.468+0000] {logging_mixin.py:188} INFO - [2026-02-27T23:48:38.468+0000] {dag.py:3096} INFO - Sync 1 DAGs
[2026-02-27T23:48:38.487+0000] {logging_mixin.py:188} INFO - [2026-02-27T23:48:38.487+0000] {dag.py:3954} INFO - Setting next_dagrun for incident_runbook_dag to None, run_after=None
[2026-02-27T23:48:38.516+0000] {processor.py:183} INFO - Processing /opt/airflow/dags/incident_runbook_dag.py took 0.166 seconds
[2026-02-27T23:49:08.884+0000] {processor.py:161} INFO - Started process (PID=99) to work on /opt/airflow/dags/incident_runbook_dag.py
[2026-02-27T23:49:08.886+0000] {processor.py:830} INFO - Processing file /opt/airflow/dags/incident_runbook_dag.py for tasks to queue
[2026-02-27T23:49:08.887+0000] {logging_mixin.py:188} INFO - [2026-02-27T23:49:08.887+0000] {dagbag.py:540} INFO - Filling up the DagBag from /opt/airflow/dags/incident_runbook_dag.py
[2026-02-27T23:49:08.970+0000] {processor.py:840} INFO - DAG(s) 'incident_runbook_dag' retrieved from /opt/airflow/dags/incident_runbook_dag.py
[2026-02-27T23:49:09.005+0000] {logging_mixin.py:188} INFO - [2026-02-27T23:49:09.005+0000] {dag.py:3096} INFO - Sync 1 DAGs
[2026-02-27T23:49:09.019+0000] {logging_mixin.py:188} INFO - [2026-02-27T23:49:09.019+0000] {dag.py:3954} INFO - Setting next_dagrun for incident_runbook_dag to None, run_after=None
[2026-02-27T23:49:09.044+0000] {processor.py:183} INFO - Processing /opt/airflow/dags/incident_runbook_dag.py took 0.168 seconds
[2026-02-27T23:49:39.591+0000] {processor.py:161} INFO - Started process (PID=108) to work on /opt/airflow/dags/incident_runbook_dag.py
[2026-02-27T23:49:39.593+0000] {processor.py:830} INFO - Processing file /opt/airflow/dags/incident_runbook_dag.py for tasks to queue
[2026-02-27T23:49:39.594+0000] {logging_mixin.py:188} INFO - [2026-02-27T23:49:39.594+0000] {dagbag.py:540} INFO - Filling up the DagBag from /opt/airflow/dags/incident_runbook_dag.py
[2026-02-27T23:49:39.664+0000] {processor.py:840} INFO - DAG(s) 'incident_runbook_dag' retrieved from /opt/airflow/dags/incident_runbook_dag.py
[2026-02-27T23:49:39.702+0000] {logging_mixin.py:188} INFO - [2026-02-27T23:49:39.702+0000] {dag.py:3096} INFO - Sync 1 DAGs
[2026-02-27T23:49:39.718+0000] {logging_mixin.py:188} INFO - [2026-02-27T23:49:39.718+0000] {dag.py:3954} INFO - Setting next_dagrun for incident_runbook_dag to None, run_after=None
[2026-02-27T23:49:39.742+0000] {processor.py:183} INFO - Processing /opt/airflow/dags/incident_runbook_dag.py took 0.159 seconds
[2026-02-27T23:50:10.246+0000] {processor.py:161} INFO - Started process (PID=117) to work on /opt/airflow/dags/incident_runbook_dag.py
[2026-02-27T23:50:10.248+0000] {processor.py:830} INFO - Processing file /opt/airflow/dags/incident_runbook_dag.py for tasks to queue
[2026-02-27T23:50:10.249+0000] {logging_mixin.py:188} INFO - [2026-02-27T23:50:10.249+0000] {dagbag.py:540} INFO - Filling up the DagBag from /opt/airflow/dags/incident_runbook_dag.py
[2026-02-27T23:50:10.303+0000] {processor.py:840} INFO - DAG(s) 'incident_runbook_dag' retrieved from /opt/airflow/dags/incident_runbook_dag.py
[2026-02-27T23:50:10.334+0000] {logging_mixin.py:188} INFO - [2026-02-27T23:50:10.334+0000] {dag.py:3096} INFO - Sync 1 DAGs
[2026-02-27T23:50:10.351+0000] {logging_mixin.py:188} INFO - [2026-02-27T23:50:10.351+0000] {dag.py:3954} INFO - Setting next_dagrun for incident_runbook_dag to None, run_after=None
[2026-02-27T23:50:10.381+0000] {processor.py:183} INFO - Processing /opt/airflow/dags/incident_runbook_dag.py took 0.143 seconds
[2026-02-27T23:50:41.065+0000] {processor.py:161} INFO - Started process (PID=126) to work on /opt/airflow/dags/incident_runbook_dag.py
[2026-02-27T23:50:41.067+0000] {processor.py:830} INFO - Processing file /opt/airflow/dags/incident_runbook_dag.py for tasks to queue
[2026-02-27T23:50:41.068+0000] {logging_mixin.py:188} INFO - [2026-02-27T23:50:41.068+0000] {dagbag.py:540} INFO - Filling up the DagBag from /opt/airflow/dags/incident_runbook_dag.py
[2026-02-27T23:50:41.126+0000] {processor.py:840} INFO - DAG(s) 'incident_runbook_dag' retrieved from /opt/airflow/dags/incident_runbook_dag.py
[2026-02-27T23:50:41.160+0000] {logging_mixin.py:188} INFO - [2026-02-27T23:50:41.160+0000] {dag.py:3096} INFO - Sync 1 DAGs
[2026-02-27T23:50:41.178+0000] {logging_mixin.py:188} INFO - [2026-02-27T23:50:41.178+0000] {dag.py:3954} INFO - Setting next_dagrun for incident_runbook_dag to None, run_after=None
[2026-02-27T23:50:41.211+0000] {processor.py:183} INFO - Processing /opt/airflow/dags/incident_runbook_dag.py took 0.153 seconds
[2026-02-27T23:51:11.659+0000] {processor.py:161} INFO - Started process (PID=135) to work on /opt/airflow/dags/incident_runbook_dag.py
[2026-02-27T23:51:11.661+0000] {processor.py:830} INFO - Processing file /opt/airflow/dags/incident_runbook_dag.py for tasks to queue
[2026-02-27T23:51:11.663+0000] {logging_mixin.py:188} INFO - [2026-02-27T23:51:11.662+0000] {dagbag.py:540} INFO - Filling up the DagBag from /opt/airflow/dags/incident_runbook_dag.py
[2026-02-27T23:51:11.733+0000] {processor.py:840} INFO - DAG(s) 'incident_runbook_dag' retrieved from /opt/airflow/dags/incident_runbook_dag.py
[2026-02-27T23:51:11.771+0000] {logging_mixin.py:188} INFO - [2026-02-27T23:51:11.771+0000] {dag.py:3096} INFO - Sync 1 DAGs
[2026-02-27T23:51:11.789+0000] {logging_mixin.py:188} INFO - [2026-02-27T23:51:11.789+0000] {dag.py:3954} INFO - Setting next_dagrun for incident_runbook_dag to None, run_after=None
[2026-02-27T23:51:11.822+0000] {processor.py:183} INFO - Processing /opt/airflow/dags/incident_runbook_dag.py took 0.171 seconds
[2026-02-27T23:51:42.379+0000] {processor.py:161} INFO - Started process (PID=144) to work on /opt/airflow/dags/incident_runbook_dag.py
[2026-02-27T23:51:42.381+0000] {processor.py:830} INFO - Processing file /opt/airflow/dags/incident_runbook_dag.py for tasks to queue
[2026-02-27T23:51:42.382+0000] {logging_mixin.py:188} INFO - [2026-02-27T23:51:42.382+0000] {dagbag.py:540} INFO - Filling up the DagBag from /opt/airflow/dags/incident_runbook_dag.py
[2026-02-27T23:51:42.449+0000] {processor.py:840} INFO - DAG(s) 'incident_runbook_dag' retrieved from /opt/airflow/dags/incident_runbook_dag.py
[2026-02-27T23:51:42.478+0000] {logging_mixin.py:188} INFO - [2026-02-27T23:51:42.478+0000] {dag.py:3096} INFO - Sync 1 DAGs
[2026-02-27T23:51:42.493+0000] {logging_mixin.py:188} INFO - [2026-02-27T23:51:42.493+0000] {dag.py:3954} INFO - Setting next_dagrun for incident_runbook_dag to None, run_after=None
[2026-02-27T23:51:42.518+0000] {processor.py:183} INFO - Processing /opt/airflow/dags/incident_runbook_dag.py took 0.148 seconds
[2026-02-27T23:52:12.835+0000] {processor.py:161} INFO - Started process (PID=153) to work on /opt/airflow/dags/incident_runbook_dag.py
[2026-02-27T23:52:12.836+0000] {processor.py:830} INFO - Processing file /opt/airflow/dags/incident_runbook_dag.py for tasks to queue
[2026-02-27T23:52:12.837+0000] {logging_mixin.py:188} INFO - [2026-02-27T23:52:12.837+0000] {dagbag.py:540} INFO - Filling up the DagBag from /opt/airflow/dags/incident_runbook_dag.py
[2026-02-27T23:52:12.895+0000] {processor.py:840} INFO - DAG(s) 'incident_runbook_dag' retrieved from /opt/airflow/dags/incident_runbook_dag.py
[2026-02-27T23:52:12.930+0000] {logging_mixin.py:188} INFO - [2026-02-27T23:52:12.930+0000] {dag.py:3096} INFO - Sync 1 DAGs
[2026-02-27T23:52:12.946+0000] {logging_mixin.py:188} INFO - [2026-02-27T23:52:12.945+0000] {dag.py:3954} INFO - Setting next_dagrun for incident_runbook_dag to None, run_after=None
[2026-02-27T23:52:12.977+0000] {processor.py:183} INFO - Processing /opt/airflow/dags/incident_runbook_dag.py took 0.150 seconds
