[2026-02-27T21:13:35.129+0000] {processor.py:161} INFO - Started process (PID=84) to work on /opt/airflow/dags/Optimización y Performance - Día 4.docx
[2026-02-27T21:13:35.135+0000] {processor.py:830} INFO - Processing file /opt/airflow/dags/Optimización y Performance - Día 4.docx for tasks to queue
[2026-02-27T21:13:35.140+0000] {logging_mixin.py:188} INFO - [2026-02-27T21:13:35.139+0000] {dagbag.py:540} INFO - Filling up the DagBag from /opt/airflow/dags/Optimización y Performance - Día 4.docx
[2026-02-27T21:13:35.169+0000] {processor.py:842} WARNING - No viable dags retrieved from /opt/airflow/dags/Optimización y Performance - Día 4.docx
[2026-02-27T21:13:35.266+0000] {processor.py:183} INFO - Processing /opt/airflow/dags/Optimización y Performance - Día 4.docx took 0.168 seconds
[2026-02-27T21:14:06.322+0000] {processor.py:161} INFO - Started process (PID=92) to work on /opt/airflow/dags/Optimización y Performance - Día 4.docx
[2026-02-27T21:14:06.332+0000] {processor.py:830} INFO - Processing file /opt/airflow/dags/Optimización y Performance - Día 4.docx for tasks to queue
[2026-02-27T21:14:06.340+0000] {logging_mixin.py:188} INFO - [2026-02-27T21:14:06.338+0000] {dagbag.py:540} INFO - Filling up the DagBag from /opt/airflow/dags/Optimización y Performance - Día 4.docx
[2026-02-27T21:14:06.384+0000] {processor.py:842} WARNING - No viable dags retrieved from /opt/airflow/dags/Optimización y Performance - Día 4.docx
[2026-02-27T21:14:06.486+0000] {processor.py:183} INFO - Processing /opt/airflow/dags/Optimización y Performance - Día 4.docx took 0.203 seconds
[2026-02-27T21:14:36.822+0000] {processor.py:161} INFO - Started process (PID=100) to work on /opt/airflow/dags/Optimización y Performance - Día 4.docx
[2026-02-27T21:14:36.825+0000] {processor.py:830} INFO - Processing file /opt/airflow/dags/Optimización y Performance - Día 4.docx for tasks to queue
[2026-02-27T21:14:36.827+0000] {logging_mixin.py:188} INFO - [2026-02-27T21:14:36.826+0000] {dagbag.py:540} INFO - Filling up the DagBag from /opt/airflow/dags/Optimización y Performance - Día 4.docx
[2026-02-27T21:14:36.845+0000] {processor.py:842} WARNING - No viable dags retrieved from /opt/airflow/dags/Optimización y Performance - Día 4.docx
[2026-02-27T21:14:36.875+0000] {processor.py:183} INFO - Processing /opt/airflow/dags/Optimización y Performance - Día 4.docx took 0.064 seconds
[2026-02-27T21:15:07.137+0000] {processor.py:161} INFO - Started process (PID=108) to work on /opt/airflow/dags/Optimización y Performance - Día 4.docx
[2026-02-27T21:15:07.140+0000] {processor.py:830} INFO - Processing file /opt/airflow/dags/Optimización y Performance - Día 4.docx for tasks to queue
[2026-02-27T21:15:07.141+0000] {logging_mixin.py:188} INFO - [2026-02-27T21:15:07.141+0000] {dagbag.py:540} INFO - Filling up the DagBag from /opt/airflow/dags/Optimización y Performance - Día 4.docx
[2026-02-27T21:15:07.158+0000] {processor.py:842} WARNING - No viable dags retrieved from /opt/airflow/dags/Optimización y Performance - Día 4.docx
[2026-02-27T21:15:07.184+0000] {processor.py:183} INFO - Processing /opt/airflow/dags/Optimización y Performance - Día 4.docx took 0.056 seconds
[2026-02-27T21:15:37.406+0000] {processor.py:161} INFO - Started process (PID=116) to work on /opt/airflow/dags/Optimización y Performance - Día 4.docx
[2026-02-27T21:15:37.408+0000] {processor.py:830} INFO - Processing file /opt/airflow/dags/Optimización y Performance - Día 4.docx for tasks to queue
[2026-02-27T21:15:37.410+0000] {logging_mixin.py:188} INFO - [2026-02-27T21:15:37.409+0000] {dagbag.py:540} INFO - Filling up the DagBag from /opt/airflow/dags/Optimización y Performance - Día 4.docx
[2026-02-27T21:15:37.429+0000] {processor.py:842} WARNING - No viable dags retrieved from /opt/airflow/dags/Optimización y Performance - Día 4.docx
[2026-02-27T21:15:37.464+0000] {processor.py:183} INFO - Processing /opt/airflow/dags/Optimización y Performance - Día 4.docx took 0.067 seconds
[2026-02-27T21:16:07.735+0000] {processor.py:161} INFO - Started process (PID=124) to work on /opt/airflow/dags/Optimización y Performance - Día 4.docx
[2026-02-27T21:16:07.737+0000] {processor.py:830} INFO - Processing file /opt/airflow/dags/Optimización y Performance - Día 4.docx for tasks to queue
[2026-02-27T21:16:07.738+0000] {logging_mixin.py:188} INFO - [2026-02-27T21:16:07.737+0000] {dagbag.py:540} INFO - Filling up the DagBag from /opt/airflow/dags/Optimización y Performance - Día 4.docx
[2026-02-27T21:16:07.753+0000] {processor.py:842} WARNING - No viable dags retrieved from /opt/airflow/dags/Optimización y Performance - Día 4.docx
[2026-02-27T21:16:07.777+0000] {processor.py:183} INFO - Processing /opt/airflow/dags/Optimización y Performance - Día 4.docx took 0.050 seconds
[2026-02-27T21:16:37.943+0000] {processor.py:161} INFO - Started process (PID=132) to work on /opt/airflow/dags/Optimización y Performance - Día 4.docx
[2026-02-27T21:16:37.945+0000] {processor.py:830} INFO - Processing file /opt/airflow/dags/Optimización y Performance - Día 4.docx for tasks to queue
[2026-02-27T21:16:37.947+0000] {logging_mixin.py:188} INFO - [2026-02-27T21:16:37.946+0000] {dagbag.py:540} INFO - Filling up the DagBag from /opt/airflow/dags/Optimización y Performance - Día 4.docx
[2026-02-27T21:16:37.962+0000] {processor.py:842} WARNING - No viable dags retrieved from /opt/airflow/dags/Optimización y Performance - Día 4.docx
[2026-02-27T21:16:37.994+0000] {processor.py:183} INFO - Processing /opt/airflow/dags/Optimización y Performance - Día 4.docx took 0.060 seconds
[2026-02-27T21:17:08.119+0000] {processor.py:161} INFO - Started process (PID=139) to work on /opt/airflow/dags/Optimización y Performance - Día 4.docx
[2026-02-27T21:17:08.121+0000] {processor.py:830} INFO - Processing file /opt/airflow/dags/Optimización y Performance - Día 4.docx for tasks to queue
[2026-02-27T21:17:08.122+0000] {logging_mixin.py:188} INFO - [2026-02-27T21:17:08.122+0000] {dagbag.py:540} INFO - Filling up the DagBag from /opt/airflow/dags/Optimización y Performance - Día 4.docx
[2026-02-27T21:17:08.145+0000] {processor.py:842} WARNING - No viable dags retrieved from /opt/airflow/dags/Optimización y Performance - Día 4.docx
[2026-02-27T21:17:08.174+0000] {processor.py:183} INFO - Processing /opt/airflow/dags/Optimización y Performance - Día 4.docx took 0.065 seconds
[2026-02-27T21:17:38.668+0000] {processor.py:161} INFO - Started process (PID=148) to work on /opt/airflow/dags/Optimización y Performance - Día 4.docx
[2026-02-27T21:17:38.670+0000] {processor.py:830} INFO - Processing file /opt/airflow/dags/Optimización y Performance - Día 4.docx for tasks to queue
[2026-02-27T21:17:38.672+0000] {logging_mixin.py:188} INFO - [2026-02-27T21:17:38.671+0000] {dagbag.py:540} INFO - Filling up the DagBag from /opt/airflow/dags/Optimización y Performance - Día 4.docx
[2026-02-27T21:17:38.688+0000] {processor.py:842} WARNING - No viable dags retrieved from /opt/airflow/dags/Optimización y Performance - Día 4.docx
[2026-02-27T21:17:38.714+0000] {processor.py:183} INFO - Processing /opt/airflow/dags/Optimización y Performance - Día 4.docx took 0.056 seconds
[2026-02-27T21:18:08.959+0000] {processor.py:161} INFO - Started process (PID=156) to work on /opt/airflow/dags/Optimización y Performance - Día 4.docx
[2026-02-27T21:18:08.962+0000] {processor.py:830} INFO - Processing file /opt/airflow/dags/Optimización y Performance - Día 4.docx for tasks to queue
[2026-02-27T21:18:08.964+0000] {logging_mixin.py:188} INFO - [2026-02-27T21:18:08.963+0000] {dagbag.py:540} INFO - Filling up the DagBag from /opt/airflow/dags/Optimización y Performance - Día 4.docx
[2026-02-27T21:18:08.985+0000] {processor.py:842} WARNING - No viable dags retrieved from /opt/airflow/dags/Optimización y Performance - Día 4.docx
[2026-02-27T21:18:09.014+0000] {processor.py:183} INFO - Processing /opt/airflow/dags/Optimización y Performance - Día 4.docx took 0.063 seconds
[2026-02-27T21:18:39.712+0000] {processor.py:161} INFO - Started process (PID=164) to work on /opt/airflow/dags/Optimización y Performance - Día 4.docx
[2026-02-27T21:18:39.714+0000] {processor.py:830} INFO - Processing file /opt/airflow/dags/Optimización y Performance - Día 4.docx for tasks to queue
[2026-02-27T21:18:39.716+0000] {logging_mixin.py:188} INFO - [2026-02-27T21:18:39.715+0000] {dagbag.py:540} INFO - Filling up the DagBag from /opt/airflow/dags/Optimización y Performance - Día 4.docx
[2026-02-27T21:18:39.737+0000] {processor.py:842} WARNING - No viable dags retrieved from /opt/airflow/dags/Optimización y Performance - Día 4.docx
[2026-02-27T21:18:39.765+0000] {processor.py:183} INFO - Processing /opt/airflow/dags/Optimización y Performance - Día 4.docx took 0.063 seconds
[2026-02-27T21:19:09.944+0000] {processor.py:161} INFO - Started process (PID=172) to work on /opt/airflow/dags/Optimización y Performance - Día 4.docx
[2026-02-27T21:19:09.946+0000] {processor.py:830} INFO - Processing file /opt/airflow/dags/Optimización y Performance - Día 4.docx for tasks to queue
[2026-02-27T21:19:09.948+0000] {logging_mixin.py:188} INFO - [2026-02-27T21:19:09.947+0000] {dagbag.py:540} INFO - Filling up the DagBag from /opt/airflow/dags/Optimización y Performance - Día 4.docx
[2026-02-27T21:19:09.969+0000] {processor.py:842} WARNING - No viable dags retrieved from /opt/airflow/dags/Optimización y Performance - Día 4.docx
[2026-02-27T21:19:09.997+0000] {processor.py:183} INFO - Processing /opt/airflow/dags/Optimización y Performance - Día 4.docx took 0.062 seconds
[2026-02-27T21:19:40.176+0000] {processor.py:161} INFO - Started process (PID=179) to work on /opt/airflow/dags/Optimización y Performance - Día 4.docx
[2026-02-27T21:19:40.178+0000] {processor.py:830} INFO - Processing file /opt/airflow/dags/Optimización y Performance - Día 4.docx for tasks to queue
[2026-02-27T21:19:40.180+0000] {logging_mixin.py:188} INFO - [2026-02-27T21:19:40.180+0000] {dagbag.py:540} INFO - Filling up the DagBag from /opt/airflow/dags/Optimización y Performance - Día 4.docx
[2026-02-27T21:19:40.202+0000] {processor.py:842} WARNING - No viable dags retrieved from /opt/airflow/dags/Optimización y Performance - Día 4.docx
[2026-02-27T21:19:40.228+0000] {processor.py:183} INFO - Processing /opt/airflow/dags/Optimización y Performance - Día 4.docx took 0.061 seconds
[2026-02-27T21:20:10.884+0000] {processor.py:161} INFO - Started process (PID=188) to work on /opt/airflow/dags/Optimización y Performance - Día 4.docx
[2026-02-27T21:20:10.887+0000] {processor.py:830} INFO - Processing file /opt/airflow/dags/Optimización y Performance - Día 4.docx for tasks to queue
[2026-02-27T21:20:10.891+0000] {logging_mixin.py:188} INFO - [2026-02-27T21:20:10.889+0000] {dagbag.py:540} INFO - Filling up the DagBag from /opt/airflow/dags/Optimización y Performance - Día 4.docx
[2026-02-27T21:20:10.913+0000] {processor.py:842} WARNING - No viable dags retrieved from /opt/airflow/dags/Optimización y Performance - Día 4.docx
[2026-02-27T21:20:10.946+0000] {processor.py:183} INFO - Processing /opt/airflow/dags/Optimización y Performance - Día 4.docx took 0.072 seconds
[2026-02-27T21:20:41.263+0000] {processor.py:161} INFO - Started process (PID=196) to work on /opt/airflow/dags/Optimización y Performance - Día 4.docx
[2026-02-27T21:20:41.265+0000] {processor.py:830} INFO - Processing file /opt/airflow/dags/Optimización y Performance - Día 4.docx for tasks to queue
[2026-02-27T21:20:41.268+0000] {logging_mixin.py:188} INFO - [2026-02-27T21:20:41.267+0000] {dagbag.py:540} INFO - Filling up the DagBag from /opt/airflow/dags/Optimización y Performance - Día 4.docx
[2026-02-27T21:20:41.286+0000] {processor.py:842} WARNING - No viable dags retrieved from /opt/airflow/dags/Optimización y Performance - Día 4.docx
[2026-02-27T21:20:41.310+0000] {processor.py:183} INFO - Processing /opt/airflow/dags/Optimización y Performance - Día 4.docx took 0.057 seconds
[2026-02-27T21:21:11.653+0000] {processor.py:161} INFO - Started process (PID=204) to work on /opt/airflow/dags/Optimización y Performance - Día 4.docx
[2026-02-27T21:21:11.655+0000] {processor.py:830} INFO - Processing file /opt/airflow/dags/Optimización y Performance - Día 4.docx for tasks to queue
[2026-02-27T21:21:11.657+0000] {logging_mixin.py:188} INFO - [2026-02-27T21:21:11.656+0000] {dagbag.py:540} INFO - Filling up the DagBag from /opt/airflow/dags/Optimización y Performance - Día 4.docx
[2026-02-27T21:21:11.677+0000] {processor.py:842} WARNING - No viable dags retrieved from /opt/airflow/dags/Optimización y Performance - Día 4.docx
[2026-02-27T21:21:11.704+0000] {processor.py:183} INFO - Processing /opt/airflow/dags/Optimización y Performance - Día 4.docx took 0.060 seconds
[2026-02-27T21:21:42.014+0000] {processor.py:161} INFO - Started process (PID=212) to work on /opt/airflow/dags/Optimización y Performance - Día 4.docx
[2026-02-27T21:21:42.017+0000] {processor.py:830} INFO - Processing file /opt/airflow/dags/Optimización y Performance - Día 4.docx for tasks to queue
[2026-02-27T21:21:42.019+0000] {logging_mixin.py:188} INFO - [2026-02-27T21:21:42.018+0000] {dagbag.py:540} INFO - Filling up the DagBag from /opt/airflow/dags/Optimización y Performance - Día 4.docx
[2026-02-27T21:21:42.037+0000] {processor.py:842} WARNING - No viable dags retrieved from /opt/airflow/dags/Optimización y Performance - Día 4.docx
[2026-02-27T21:21:42.061+0000] {processor.py:183} INFO - Processing /opt/airflow/dags/Optimización y Performance - Día 4.docx took 0.056 seconds
[2026-02-27T21:22:12.296+0000] {processor.py:161} INFO - Started process (PID=220) to work on /opt/airflow/dags/Optimización y Performance - Día 4.docx
[2026-02-27T21:22:12.299+0000] {processor.py:830} INFO - Processing file /opt/airflow/dags/Optimización y Performance - Día 4.docx for tasks to queue
[2026-02-27T21:22:12.301+0000] {logging_mixin.py:188} INFO - [2026-02-27T21:22:12.300+0000] {dagbag.py:540} INFO - Filling up the DagBag from /opt/airflow/dags/Optimización y Performance - Día 4.docx
[2026-02-27T21:22:12.322+0000] {processor.py:842} WARNING - No viable dags retrieved from /opt/airflow/dags/Optimización y Performance - Día 4.docx
[2026-02-27T21:22:12.350+0000] {processor.py:183} INFO - Processing /opt/airflow/dags/Optimización y Performance - Día 4.docx took 0.065 seconds
[2026-02-27T21:22:42.560+0000] {processor.py:161} INFO - Started process (PID=227) to work on /opt/airflow/dags/Optimización y Performance - Día 4.docx
[2026-02-27T21:22:42.562+0000] {processor.py:830} INFO - Processing file /opt/airflow/dags/Optimización y Performance - Día 4.docx for tasks to queue
[2026-02-27T21:22:42.564+0000] {logging_mixin.py:188} INFO - [2026-02-27T21:22:42.563+0000] {dagbag.py:540} INFO - Filling up the DagBag from /opt/airflow/dags/Optimización y Performance - Día 4.docx
[2026-02-27T21:22:42.583+0000] {processor.py:842} WARNING - No viable dags retrieved from /opt/airflow/dags/Optimización y Performance - Día 4.docx
[2026-02-27T21:22:42.621+0000] {processor.py:183} INFO - Processing /opt/airflow/dags/Optimización y Performance - Día 4.docx took 0.070 seconds
[2026-02-27T21:23:13.285+0000] {processor.py:161} INFO - Started process (PID=236) to work on /opt/airflow/dags/Optimización y Performance - Día 4.docx
[2026-02-27T21:23:13.287+0000] {processor.py:830} INFO - Processing file /opt/airflow/dags/Optimización y Performance - Día 4.docx for tasks to queue
[2026-02-27T21:23:13.291+0000] {logging_mixin.py:188} INFO - [2026-02-27T21:23:13.290+0000] {dagbag.py:540} INFO - Filling up the DagBag from /opt/airflow/dags/Optimización y Performance - Día 4.docx
[2026-02-27T21:23:13.313+0000] {processor.py:842} WARNING - No viable dags retrieved from /opt/airflow/dags/Optimización y Performance - Día 4.docx
[2026-02-27T21:23:13.358+0000] {processor.py:183} INFO - Processing /opt/airflow/dags/Optimización y Performance - Día 4.docx took 0.087 seconds
[2026-02-27T21:23:44.073+0000] {processor.py:161} INFO - Started process (PID=244) to work on /opt/airflow/dags/Optimización y Performance - Día 4.docx
[2026-02-27T21:23:44.075+0000] {processor.py:830} INFO - Processing file /opt/airflow/dags/Optimización y Performance - Día 4.docx for tasks to queue
[2026-02-27T21:23:44.078+0000] {logging_mixin.py:188} INFO - [2026-02-27T21:23:44.077+0000] {dagbag.py:540} INFO - Filling up the DagBag from /opt/airflow/dags/Optimización y Performance - Día 4.docx
[2026-02-27T21:23:44.100+0000] {processor.py:842} WARNING - No viable dags retrieved from /opt/airflow/dags/Optimización y Performance - Día 4.docx
[2026-02-27T21:23:44.126+0000] {processor.py:183} INFO - Processing /opt/airflow/dags/Optimización y Performance - Día 4.docx took 0.062 seconds
[2026-02-27T21:24:14.379+0000] {processor.py:161} INFO - Started process (PID=252) to work on /opt/airflow/dags/Optimización y Performance - Día 4.docx
[2026-02-27T21:24:14.382+0000] {processor.py:830} INFO - Processing file /opt/airflow/dags/Optimización y Performance - Día 4.docx for tasks to queue
[2026-02-27T21:24:14.384+0000] {logging_mixin.py:188} INFO - [2026-02-27T21:24:14.383+0000] {dagbag.py:540} INFO - Filling up the DagBag from /opt/airflow/dags/Optimización y Performance - Día 4.docx
[2026-02-27T21:24:14.400+0000] {processor.py:842} WARNING - No viable dags retrieved from /opt/airflow/dags/Optimización y Performance - Día 4.docx
[2026-02-27T21:24:14.424+0000] {processor.py:183} INFO - Processing /opt/airflow/dags/Optimización y Performance - Día 4.docx took 0.053 seconds
[2026-02-27T21:24:44.624+0000] {processor.py:161} INFO - Started process (PID=260) to work on /opt/airflow/dags/Optimización y Performance - Día 4.docx
[2026-02-27T21:24:44.626+0000] {processor.py:830} INFO - Processing file /opt/airflow/dags/Optimización y Performance - Día 4.docx for tasks to queue
[2026-02-27T21:24:44.628+0000] {logging_mixin.py:188} INFO - [2026-02-27T21:24:44.628+0000] {dagbag.py:540} INFO - Filling up the DagBag from /opt/airflow/dags/Optimización y Performance - Día 4.docx
[2026-02-27T21:24:44.650+0000] {processor.py:842} WARNING - No viable dags retrieved from /opt/airflow/dags/Optimización y Performance - Día 4.docx
[2026-02-27T21:24:44.690+0000] {processor.py:183} INFO - Processing /opt/airflow/dags/Optimización y Performance - Día 4.docx took 0.077 seconds
[2026-02-27T21:25:14.943+0000] {processor.py:161} INFO - Started process (PID=268) to work on /opt/airflow/dags/Optimización y Performance - Día 4.docx
[2026-02-27T21:25:14.945+0000] {processor.py:830} INFO - Processing file /opt/airflow/dags/Optimización y Performance - Día 4.docx for tasks to queue
[2026-02-27T21:25:14.948+0000] {logging_mixin.py:188} INFO - [2026-02-27T21:25:14.947+0000] {dagbag.py:540} INFO - Filling up the DagBag from /opt/airflow/dags/Optimización y Performance - Día 4.docx
[2026-02-27T21:25:14.969+0000] {processor.py:842} WARNING - No viable dags retrieved from /opt/airflow/dags/Optimización y Performance - Día 4.docx
[2026-02-27T21:25:15.002+0000] {processor.py:183} INFO - Processing /opt/airflow/dags/Optimización y Performance - Día 4.docx took 0.068 seconds
[2026-02-27T21:25:45.413+0000] {processor.py:161} INFO - Started process (PID=276) to work on /opt/airflow/dags/Optimización y Performance - Día 4.docx
[2026-02-27T21:25:45.416+0000] {processor.py:830} INFO - Processing file /opt/airflow/dags/Optimización y Performance - Día 4.docx for tasks to queue
[2026-02-27T21:25:45.418+0000] {logging_mixin.py:188} INFO - [2026-02-27T21:25:45.417+0000] {dagbag.py:540} INFO - Filling up the DagBag from /opt/airflow/dags/Optimización y Performance - Día 4.docx
[2026-02-27T21:25:45.437+0000] {processor.py:842} WARNING - No viable dags retrieved from /opt/airflow/dags/Optimización y Performance - Día 4.docx
[2026-02-27T21:25:45.462+0000] {processor.py:183} INFO - Processing /opt/airflow/dags/Optimización y Performance - Día 4.docx took 0.058 seconds
[2026-02-27T21:26:15.893+0000] {processor.py:161} INFO - Started process (PID=284) to work on /opt/airflow/dags/Optimización y Performance - Día 4.docx
[2026-02-27T21:26:15.895+0000] {processor.py:830} INFO - Processing file /opt/airflow/dags/Optimización y Performance - Día 4.docx for tasks to queue
[2026-02-27T21:26:15.897+0000] {logging_mixin.py:188} INFO - [2026-02-27T21:26:15.897+0000] {dagbag.py:540} INFO - Filling up the DagBag from /opt/airflow/dags/Optimización y Performance - Día 4.docx
[2026-02-27T21:26:15.916+0000] {processor.py:842} WARNING - No viable dags retrieved from /opt/airflow/dags/Optimización y Performance - Día 4.docx
[2026-02-27T21:26:15.945+0000] {processor.py:183} INFO - Processing /opt/airflow/dags/Optimización y Performance - Día 4.docx took 0.065 seconds
[2026-02-27T21:26:46.309+0000] {processor.py:161} INFO - Started process (PID=292) to work on /opt/airflow/dags/Optimización y Performance - Día 4.docx
[2026-02-27T21:26:46.311+0000] {processor.py:830} INFO - Processing file /opt/airflow/dags/Optimización y Performance - Día 4.docx for tasks to queue
[2026-02-27T21:26:46.313+0000] {logging_mixin.py:188} INFO - [2026-02-27T21:26:46.313+0000] {dagbag.py:540} INFO - Filling up the DagBag from /opt/airflow/dags/Optimización y Performance - Día 4.docx
[2026-02-27T21:26:46.333+0000] {processor.py:842} WARNING - No viable dags retrieved from /opt/airflow/dags/Optimización y Performance - Día 4.docx
[2026-02-27T21:26:46.361+0000] {processor.py:183} INFO - Processing /opt/airflow/dags/Optimización y Performance - Día 4.docx took 0.061 seconds
[2026-02-27T21:27:16.559+0000] {processor.py:161} INFO - Started process (PID=300) to work on /opt/airflow/dags/Optimización y Performance - Día 4.docx
[2026-02-27T21:27:16.561+0000] {processor.py:830} INFO - Processing file /opt/airflow/dags/Optimización y Performance - Día 4.docx for tasks to queue
[2026-02-27T21:27:16.563+0000] {logging_mixin.py:188} INFO - [2026-02-27T21:27:16.563+0000] {dagbag.py:540} INFO - Filling up the DagBag from /opt/airflow/dags/Optimización y Performance - Día 4.docx
[2026-02-27T21:27:16.575+0000] {processor.py:842} WARNING - No viable dags retrieved from /opt/airflow/dags/Optimización y Performance - Día 4.docx
[2026-02-27T21:27:16.604+0000] {processor.py:183} INFO - Processing /opt/airflow/dags/Optimización y Performance - Día 4.docx took 0.054 seconds
[2026-02-27T21:27:47.067+0000] {processor.py:161} INFO - Started process (PID=308) to work on /opt/airflow/dags/Optimización y Performance - Día 4.docx
[2026-02-27T21:27:47.070+0000] {processor.py:830} INFO - Processing file /opt/airflow/dags/Optimización y Performance - Día 4.docx for tasks to queue
[2026-02-27T21:27:47.072+0000] {logging_mixin.py:188} INFO - [2026-02-27T21:27:47.071+0000] {dagbag.py:540} INFO - Filling up the DagBag from /opt/airflow/dags/Optimización y Performance - Día 4.docx
[2026-02-27T21:27:47.092+0000] {processor.py:842} WARNING - No viable dags retrieved from /opt/airflow/dags/Optimización y Performance - Día 4.docx
[2026-02-27T21:27:47.118+0000] {processor.py:183} INFO - Processing /opt/airflow/dags/Optimización y Performance - Día 4.docx took 0.060 seconds
[2026-02-27T21:28:17.437+0000] {processor.py:161} INFO - Started process (PID=316) to work on /opt/airflow/dags/Optimización y Performance - Día 4.docx
[2026-02-27T21:28:17.439+0000] {processor.py:830} INFO - Processing file /opt/airflow/dags/Optimización y Performance - Día 4.docx for tasks to queue
[2026-02-27T21:28:17.441+0000] {logging_mixin.py:188} INFO - [2026-02-27T21:28:17.440+0000] {dagbag.py:540} INFO - Filling up the DagBag from /opt/airflow/dags/Optimización y Performance - Día 4.docx
[2026-02-27T21:28:17.457+0000] {processor.py:842} WARNING - No viable dags retrieved from /opt/airflow/dags/Optimización y Performance - Día 4.docx
[2026-02-27T21:28:17.480+0000] {processor.py:183} INFO - Processing /opt/airflow/dags/Optimización y Performance - Día 4.docx took 0.050 seconds
[2026-02-27T21:28:47.772+0000] {processor.py:161} INFO - Started process (PID=324) to work on /opt/airflow/dags/Optimización y Performance - Día 4.docx
[2026-02-27T21:28:47.774+0000] {processor.py:830} INFO - Processing file /opt/airflow/dags/Optimización y Performance - Día 4.docx for tasks to queue
[2026-02-27T21:28:47.776+0000] {logging_mixin.py:188} INFO - [2026-02-27T21:28:47.776+0000] {dagbag.py:540} INFO - Filling up the DagBag from /opt/airflow/dags/Optimización y Performance - Día 4.docx
[2026-02-27T21:28:47.792+0000] {processor.py:842} WARNING - No viable dags retrieved from /opt/airflow/dags/Optimización y Performance - Día 4.docx
[2026-02-27T21:28:47.819+0000] {processor.py:183} INFO - Processing /opt/airflow/dags/Optimización y Performance - Día 4.docx took 0.057 seconds
[2026-02-27T21:29:18.060+0000] {processor.py:161} INFO - Started process (PID=332) to work on /opt/airflow/dags/Optimización y Performance - Día 4.docx
[2026-02-27T21:29:18.063+0000] {processor.py:830} INFO - Processing file /opt/airflow/dags/Optimización y Performance - Día 4.docx for tasks to queue
[2026-02-27T21:29:18.065+0000] {logging_mixin.py:188} INFO - [2026-02-27T21:29:18.064+0000] {dagbag.py:540} INFO - Filling up the DagBag from /opt/airflow/dags/Optimización y Performance - Día 4.docx
[2026-02-27T21:29:18.086+0000] {processor.py:842} WARNING - No viable dags retrieved from /opt/airflow/dags/Optimización y Performance - Día 4.docx
[2026-02-27T21:29:18.116+0000] {processor.py:183} INFO - Processing /opt/airflow/dags/Optimización y Performance - Día 4.docx took 0.065 seconds
[2026-02-27T21:29:48.529+0000] {processor.py:161} INFO - Started process (PID=340) to work on /opt/airflow/dags/Optimización y Performance - Día 4.docx
[2026-02-27T21:29:48.532+0000] {processor.py:830} INFO - Processing file /opt/airflow/dags/Optimización y Performance - Día 4.docx for tasks to queue
[2026-02-27T21:29:48.535+0000] {logging_mixin.py:188} INFO - [2026-02-27T21:29:48.534+0000] {dagbag.py:540} INFO - Filling up the DagBag from /opt/airflow/dags/Optimización y Performance - Día 4.docx
[2026-02-27T21:29:48.555+0000] {processor.py:842} WARNING - No viable dags retrieved from /opt/airflow/dags/Optimización y Performance - Día 4.docx
[2026-02-27T21:29:48.583+0000] {processor.py:183} INFO - Processing /opt/airflow/dags/Optimización y Performance - Día 4.docx took 0.065 seconds
[2026-02-27T21:30:18.783+0000] {processor.py:161} INFO - Started process (PID=348) to work on /opt/airflow/dags/Optimización y Performance - Día 4.docx
[2026-02-27T21:30:18.785+0000] {processor.py:830} INFO - Processing file /opt/airflow/dags/Optimización y Performance - Día 4.docx for tasks to queue
[2026-02-27T21:30:18.787+0000] {logging_mixin.py:188} INFO - [2026-02-27T21:30:18.786+0000] {dagbag.py:540} INFO - Filling up the DagBag from /opt/airflow/dags/Optimización y Performance - Día 4.docx
[2026-02-27T21:30:18.812+0000] {processor.py:842} WARNING - No viable dags retrieved from /opt/airflow/dags/Optimización y Performance - Día 4.docx
[2026-02-27T21:30:18.842+0000] {processor.py:183} INFO - Processing /opt/airflow/dags/Optimización y Performance - Día 4.docx took 0.069 seconds
[2026-02-27T21:30:49.486+0000] {processor.py:161} INFO - Started process (PID=356) to work on /opt/airflow/dags/Optimización y Performance - Día 4.docx
[2026-02-27T21:30:49.489+0000] {processor.py:830} INFO - Processing file /opt/airflow/dags/Optimización y Performance - Día 4.docx for tasks to queue
[2026-02-27T21:30:49.492+0000] {logging_mixin.py:188} INFO - [2026-02-27T21:30:49.490+0000] {dagbag.py:540} INFO - Filling up the DagBag from /opt/airflow/dags/Optimización y Performance - Día 4.docx
[2026-02-27T21:30:49.515+0000] {processor.py:842} WARNING - No viable dags retrieved from /opt/airflow/dags/Optimización y Performance - Día 4.docx
[2026-02-27T21:30:49.553+0000] {processor.py:183} INFO - Processing /opt/airflow/dags/Optimización y Performance - Día 4.docx took 0.077 seconds
[2026-02-27T21:31:38.158+0000] {processor.py:161} INFO - Started process (PID=36) to work on /opt/airflow/dags/Optimización y Performance - Día 4.docx
[2026-02-27T21:31:38.161+0000] {processor.py:830} INFO - Processing file /opt/airflow/dags/Optimización y Performance - Día 4.docx for tasks to queue
[2026-02-27T21:31:38.164+0000] {logging_mixin.py:188} INFO - [2026-02-27T21:31:38.163+0000] {dagbag.py:540} INFO - Filling up the DagBag from /opt/airflow/dags/Optimización y Performance - Día 4.docx
[2026-02-27T21:31:38.187+0000] {processor.py:842} WARNING - No viable dags retrieved from /opt/airflow/dags/Optimización y Performance - Día 4.docx
[2026-02-27T21:31:38.222+0000] {processor.py:183} INFO - Processing /opt/airflow/dags/Optimización y Performance - Día 4.docx took 0.075 seconds
[2026-02-27T21:32:08.568+0000] {processor.py:161} INFO - Started process (PID=44) to work on /opt/airflow/dags/Optimización y Performance - Día 4.docx
[2026-02-27T21:32:08.569+0000] {processor.py:830} INFO - Processing file /opt/airflow/dags/Optimización y Performance - Día 4.docx for tasks to queue
[2026-02-27T21:32:08.571+0000] {logging_mixin.py:188} INFO - [2026-02-27T21:32:08.571+0000] {dagbag.py:540} INFO - Filling up the DagBag from /opt/airflow/dags/Optimización y Performance - Día 4.docx
[2026-02-27T21:32:08.584+0000] {processor.py:842} WARNING - No viable dags retrieved from /opt/airflow/dags/Optimización y Performance - Día 4.docx
[2026-02-27T21:32:08.606+0000] {processor.py:183} INFO - Processing /opt/airflow/dags/Optimización y Performance - Día 4.docx took 0.047 seconds
[2026-02-27T21:32:38.963+0000] {processor.py:161} INFO - Started process (PID=52) to work on /opt/airflow/dags/Optimización y Performance - Día 4.docx
[2026-02-27T21:32:38.964+0000] {processor.py:830} INFO - Processing file /opt/airflow/dags/Optimización y Performance - Día 4.docx for tasks to queue
[2026-02-27T21:32:38.965+0000] {logging_mixin.py:188} INFO - [2026-02-27T21:32:38.965+0000] {dagbag.py:540} INFO - Filling up the DagBag from /opt/airflow/dags/Optimización y Performance - Día 4.docx
[2026-02-27T21:32:38.975+0000] {processor.py:842} WARNING - No viable dags retrieved from /opt/airflow/dags/Optimización y Performance - Día 4.docx
[2026-02-27T21:32:39.003+0000] {processor.py:183} INFO - Processing /opt/airflow/dags/Optimización y Performance - Día 4.docx took 0.048 seconds
[2026-02-27T21:33:09.328+0000] {processor.py:161} INFO - Started process (PID=60) to work on /opt/airflow/dags/Optimización y Performance - Día 4.docx
[2026-02-27T21:33:09.329+0000] {processor.py:830} INFO - Processing file /opt/airflow/dags/Optimización y Performance - Día 4.docx for tasks to queue
[2026-02-27T21:33:09.331+0000] {logging_mixin.py:188} INFO - [2026-02-27T21:33:09.330+0000] {dagbag.py:540} INFO - Filling up the DagBag from /opt/airflow/dags/Optimización y Performance - Día 4.docx
[2026-02-27T21:33:09.348+0000] {processor.py:842} WARNING - No viable dags retrieved from /opt/airflow/dags/Optimización y Performance - Día 4.docx
[2026-02-27T21:33:09.374+0000] {processor.py:183} INFO - Processing /opt/airflow/dags/Optimización y Performance - Día 4.docx took 0.057 seconds
[2026-02-27T21:33:39.767+0000] {processor.py:161} INFO - Started process (PID=68) to work on /opt/airflow/dags/Optimización y Performance - Día 4.docx
[2026-02-27T21:33:39.769+0000] {processor.py:830} INFO - Processing file /opt/airflow/dags/Optimización y Performance - Día 4.docx for tasks to queue
[2026-02-27T21:33:39.770+0000] {logging_mixin.py:188} INFO - [2026-02-27T21:33:39.770+0000] {dagbag.py:540} INFO - Filling up the DagBag from /opt/airflow/dags/Optimización y Performance - Día 4.docx
[2026-02-27T21:33:39.787+0000] {processor.py:842} WARNING - No viable dags retrieved from /opt/airflow/dags/Optimización y Performance - Día 4.docx
[2026-02-27T21:33:39.813+0000] {processor.py:183} INFO - Processing /opt/airflow/dags/Optimización y Performance - Día 4.docx took 0.053 seconds
[2026-02-27T21:34:10.154+0000] {processor.py:161} INFO - Started process (PID=76) to work on /opt/airflow/dags/Optimización y Performance - Día 4.docx
[2026-02-27T21:34:10.156+0000] {processor.py:830} INFO - Processing file /opt/airflow/dags/Optimización y Performance - Día 4.docx for tasks to queue
[2026-02-27T21:34:10.160+0000] {logging_mixin.py:188} INFO - [2026-02-27T21:34:10.159+0000] {dagbag.py:540} INFO - Filling up the DagBag from /opt/airflow/dags/Optimización y Performance - Día 4.docx
[2026-02-27T21:34:10.197+0000] {processor.py:842} WARNING - No viable dags retrieved from /opt/airflow/dags/Optimización y Performance - Día 4.docx
[2026-02-27T21:34:10.236+0000] {processor.py:183} INFO - Processing /opt/airflow/dags/Optimización y Performance - Día 4.docx took 0.093 seconds
[2026-02-27T21:34:40.607+0000] {processor.py:161} INFO - Started process (PID=84) to work on /opt/airflow/dags/Optimización y Performance - Día 4.docx
[2026-02-27T21:34:40.609+0000] {processor.py:830} INFO - Processing file /opt/airflow/dags/Optimización y Performance - Día 4.docx for tasks to queue
[2026-02-27T21:34:40.610+0000] {logging_mixin.py:188} INFO - [2026-02-27T21:34:40.610+0000] {dagbag.py:540} INFO - Filling up the DagBag from /opt/airflow/dags/Optimización y Performance - Día 4.docx
[2026-02-27T21:34:40.631+0000] {processor.py:842} WARNING - No viable dags retrieved from /opt/airflow/dags/Optimización y Performance - Día 4.docx
[2026-02-27T21:34:40.660+0000] {processor.py:183} INFO - Processing /opt/airflow/dags/Optimización y Performance - Día 4.docx took 0.062 seconds
[2026-02-27T21:35:10.916+0000] {processor.py:161} INFO - Started process (PID=92) to work on /opt/airflow/dags/Optimización y Performance - Día 4.docx
[2026-02-27T21:35:10.918+0000] {processor.py:830} INFO - Processing file /opt/airflow/dags/Optimización y Performance - Día 4.docx for tasks to queue
[2026-02-27T21:35:10.919+0000] {logging_mixin.py:188} INFO - [2026-02-27T21:35:10.919+0000] {dagbag.py:540} INFO - Filling up the DagBag from /opt/airflow/dags/Optimización y Performance - Día 4.docx
[2026-02-27T21:35:10.929+0000] {processor.py:842} WARNING - No viable dags retrieved from /opt/airflow/dags/Optimización y Performance - Día 4.docx
[2026-02-27T21:35:10.949+0000] {processor.py:183} INFO - Processing /opt/airflow/dags/Optimización y Performance - Día 4.docx took 0.040 seconds
[2026-02-27T21:35:41.641+0000] {processor.py:161} INFO - Started process (PID=100) to work on /opt/airflow/dags/Optimización y Performance - Día 4.docx
[2026-02-27T21:35:41.643+0000] {processor.py:830} INFO - Processing file /opt/airflow/dags/Optimización y Performance - Día 4.docx for tasks to queue
[2026-02-27T21:35:41.646+0000] {logging_mixin.py:188} INFO - [2026-02-27T21:35:41.644+0000] {dagbag.py:540} INFO - Filling up the DagBag from /opt/airflow/dags/Optimización y Performance - Día 4.docx
[2026-02-27T21:35:41.662+0000] {processor.py:842} WARNING - No viable dags retrieved from /opt/airflow/dags/Optimización y Performance - Día 4.docx
[2026-02-27T21:35:41.693+0000] {processor.py:183} INFO - Processing /opt/airflow/dags/Optimización y Performance - Día 4.docx took 0.062 seconds
[2026-02-27T21:36:12.067+0000] {processor.py:161} INFO - Started process (PID=108) to work on /opt/airflow/dags/Optimización y Performance - Día 4.docx
[2026-02-27T21:36:12.070+0000] {processor.py:830} INFO - Processing file /opt/airflow/dags/Optimización y Performance - Día 4.docx for tasks to queue
[2026-02-27T21:36:12.077+0000] {logging_mixin.py:188} INFO - [2026-02-27T21:36:12.076+0000] {dagbag.py:540} INFO - Filling up the DagBag from /opt/airflow/dags/Optimización y Performance - Día 4.docx
[2026-02-27T21:36:12.103+0000] {processor.py:842} WARNING - No viable dags retrieved from /opt/airflow/dags/Optimización y Performance - Día 4.docx
[2026-02-27T21:36:12.126+0000] {processor.py:183} INFO - Processing /opt/airflow/dags/Optimización y Performance - Día 4.docx took 0.069 seconds
[2026-02-27T21:36:42.687+0000] {processor.py:161} INFO - Started process (PID=116) to work on /opt/airflow/dags/Optimización y Performance - Día 4.docx
[2026-02-27T21:36:42.689+0000] {processor.py:830} INFO - Processing file /opt/airflow/dags/Optimización y Performance - Día 4.docx for tasks to queue
[2026-02-27T21:36:42.691+0000] {logging_mixin.py:188} INFO - [2026-02-27T21:36:42.690+0000] {dagbag.py:540} INFO - Filling up the DagBag from /opt/airflow/dags/Optimización y Performance - Día 4.docx
[2026-02-27T21:36:42.710+0000] {processor.py:842} WARNING - No viable dags retrieved from /opt/airflow/dags/Optimización y Performance - Día 4.docx
[2026-02-27T21:36:42.736+0000] {processor.py:183} INFO - Processing /opt/airflow/dags/Optimización y Performance - Día 4.docx took 0.057 seconds
[2026-02-27T21:37:13.112+0000] {processor.py:161} INFO - Started process (PID=124) to work on /opt/airflow/dags/Optimización y Performance - Día 4.docx
[2026-02-27T21:37:13.113+0000] {processor.py:830} INFO - Processing file /opt/airflow/dags/Optimización y Performance - Día 4.docx for tasks to queue
[2026-02-27T21:37:13.115+0000] {logging_mixin.py:188} INFO - [2026-02-27T21:37:13.115+0000] {dagbag.py:540} INFO - Filling up the DagBag from /opt/airflow/dags/Optimización y Performance - Día 4.docx
[2026-02-27T21:37:13.129+0000] {processor.py:842} WARNING - No viable dags retrieved from /opt/airflow/dags/Optimización y Performance - Día 4.docx
[2026-02-27T21:37:13.156+0000] {processor.py:183} INFO - Processing /opt/airflow/dags/Optimización y Performance - Día 4.docx took 0.052 seconds
[2026-02-27T21:37:43.430+0000] {processor.py:161} INFO - Started process (PID=132) to work on /opt/airflow/dags/Optimización y Performance - Día 4.docx
[2026-02-27T21:37:43.432+0000] {processor.py:830} INFO - Processing file /opt/airflow/dags/Optimización y Performance - Día 4.docx for tasks to queue
[2026-02-27T21:37:43.435+0000] {logging_mixin.py:188} INFO - [2026-02-27T21:37:43.434+0000] {dagbag.py:540} INFO - Filling up the DagBag from /opt/airflow/dags/Optimización y Performance - Día 4.docx
[2026-02-27T21:37:43.460+0000] {processor.py:842} WARNING - No viable dags retrieved from /opt/airflow/dags/Optimización y Performance - Día 4.docx
[2026-02-27T21:37:43.485+0000] {processor.py:183} INFO - Processing /opt/airflow/dags/Optimización y Performance - Día 4.docx took 0.075 seconds
[2026-02-27T21:38:13.887+0000] {processor.py:161} INFO - Started process (PID=140) to work on /opt/airflow/dags/Optimización y Performance - Día 4.docx
[2026-02-27T21:38:13.888+0000] {processor.py:830} INFO - Processing file /opt/airflow/dags/Optimización y Performance - Día 4.docx for tasks to queue
[2026-02-27T21:38:13.890+0000] {logging_mixin.py:188} INFO - [2026-02-27T21:38:13.890+0000] {dagbag.py:540} INFO - Filling up the DagBag from /opt/airflow/dags/Optimización y Performance - Día 4.docx
[2026-02-27T21:38:13.911+0000] {processor.py:842} WARNING - No viable dags retrieved from /opt/airflow/dags/Optimización y Performance - Día 4.docx
[2026-02-27T21:38:13.942+0000] {processor.py:183} INFO - Processing /opt/airflow/dags/Optimización y Performance - Día 4.docx took 0.065 seconds
[2026-02-27T21:38:44.269+0000] {processor.py:161} INFO - Started process (PID=148) to work on /opt/airflow/dags/Optimización y Performance - Día 4.docx
[2026-02-27T21:38:44.271+0000] {processor.py:830} INFO - Processing file /opt/airflow/dags/Optimización y Performance - Día 4.docx for tasks to queue
[2026-02-27T21:38:44.274+0000] {logging_mixin.py:188} INFO - [2026-02-27T21:38:44.272+0000] {dagbag.py:540} INFO - Filling up the DagBag from /opt/airflow/dags/Optimización y Performance - Día 4.docx
[2026-02-27T21:38:44.294+0000] {processor.py:842} WARNING - No viable dags retrieved from /opt/airflow/dags/Optimización y Performance - Día 4.docx
[2026-02-27T21:38:44.330+0000] {processor.py:183} INFO - Processing /opt/airflow/dags/Optimización y Performance - Día 4.docx took 0.070 seconds
[2026-02-27T21:39:14.781+0000] {processor.py:161} INFO - Started process (PID=156) to work on /opt/airflow/dags/Optimización y Performance - Día 4.docx
[2026-02-27T21:39:14.782+0000] {processor.py:830} INFO - Processing file /opt/airflow/dags/Optimización y Performance - Día 4.docx for tasks to queue
[2026-02-27T21:39:14.784+0000] {logging_mixin.py:188} INFO - [2026-02-27T21:39:14.783+0000] {dagbag.py:540} INFO - Filling up the DagBag from /opt/airflow/dags/Optimización y Performance - Día 4.docx
[2026-02-27T21:39:14.800+0000] {processor.py:842} WARNING - No viable dags retrieved from /opt/airflow/dags/Optimización y Performance - Día 4.docx
[2026-02-27T21:39:14.826+0000] {processor.py:183} INFO - Processing /opt/airflow/dags/Optimización y Performance - Día 4.docx took 0.053 seconds
[2026-02-27T21:39:45.293+0000] {processor.py:161} INFO - Started process (PID=164) to work on /opt/airflow/dags/Optimización y Performance - Día 4.docx
[2026-02-27T21:39:45.294+0000] {processor.py:830} INFO - Processing file /opt/airflow/dags/Optimización y Performance - Día 4.docx for tasks to queue
[2026-02-27T21:39:45.296+0000] {logging_mixin.py:188} INFO - [2026-02-27T21:39:45.295+0000] {dagbag.py:540} INFO - Filling up the DagBag from /opt/airflow/dags/Optimización y Performance - Día 4.docx
[2026-02-27T21:39:45.307+0000] {processor.py:842} WARNING - No viable dags retrieved from /opt/airflow/dags/Optimización y Performance - Día 4.docx
[2026-02-27T21:39:45.327+0000] {processor.py:183} INFO - Processing /opt/airflow/dags/Optimización y Performance - Día 4.docx took 0.042 seconds
[2026-02-27T21:40:15.647+0000] {processor.py:161} INFO - Started process (PID=172) to work on /opt/airflow/dags/Optimización y Performance - Día 4.docx
[2026-02-27T21:40:15.649+0000] {processor.py:830} INFO - Processing file /opt/airflow/dags/Optimización y Performance - Día 4.docx for tasks to queue
[2026-02-27T21:40:15.652+0000] {logging_mixin.py:188} INFO - [2026-02-27T21:40:15.651+0000] {dagbag.py:540} INFO - Filling up the DagBag from /opt/airflow/dags/Optimización y Performance - Día 4.docx
[2026-02-27T21:40:15.675+0000] {processor.py:842} WARNING - No viable dags retrieved from /opt/airflow/dags/Optimización y Performance - Día 4.docx
[2026-02-27T21:40:15.704+0000] {processor.py:183} INFO - Processing /opt/airflow/dags/Optimización y Performance - Día 4.docx took 0.072 seconds
[2026-02-27T21:40:46.273+0000] {processor.py:161} INFO - Started process (PID=180) to work on /opt/airflow/dags/Optimización y Performance - Día 4.docx
[2026-02-27T21:40:46.274+0000] {processor.py:830} INFO - Processing file /opt/airflow/dags/Optimización y Performance - Día 4.docx for tasks to queue
[2026-02-27T21:40:46.276+0000] {logging_mixin.py:188} INFO - [2026-02-27T21:40:46.275+0000] {dagbag.py:540} INFO - Filling up the DagBag from /opt/airflow/dags/Optimización y Performance - Día 4.docx
[2026-02-27T21:40:46.295+0000] {processor.py:842} WARNING - No viable dags retrieved from /opt/airflow/dags/Optimización y Performance - Día 4.docx
[2026-02-27T21:40:46.323+0000] {processor.py:183} INFO - Processing /opt/airflow/dags/Optimización y Performance - Día 4.docx took 0.058 seconds
[2026-02-27T21:41:16.806+0000] {processor.py:161} INFO - Started process (PID=188) to work on /opt/airflow/dags/Optimización y Performance - Día 4.docx
[2026-02-27T21:41:16.808+0000] {processor.py:830} INFO - Processing file /opt/airflow/dags/Optimización y Performance - Día 4.docx for tasks to queue
[2026-02-27T21:41:16.810+0000] {logging_mixin.py:188} INFO - [2026-02-27T21:41:16.810+0000] {dagbag.py:540} INFO - Filling up the DagBag from /opt/airflow/dags/Optimización y Performance - Día 4.docx
[2026-02-27T21:41:16.826+0000] {processor.py:842} WARNING - No viable dags retrieved from /opt/airflow/dags/Optimización y Performance - Día 4.docx
[2026-02-27T21:41:16.848+0000] {processor.py:183} INFO - Processing /opt/airflow/dags/Optimización y Performance - Día 4.docx took 0.049 seconds
[2026-02-27T21:41:47.304+0000] {processor.py:161} INFO - Started process (PID=196) to work on /opt/airflow/dags/Optimización y Performance - Día 4.docx
[2026-02-27T21:41:47.305+0000] {processor.py:830} INFO - Processing file /opt/airflow/dags/Optimización y Performance - Día 4.docx for tasks to queue
[2026-02-27T21:41:47.307+0000] {logging_mixin.py:188} INFO - [2026-02-27T21:41:47.306+0000] {dagbag.py:540} INFO - Filling up the DagBag from /opt/airflow/dags/Optimización y Performance - Día 4.docx
[2026-02-27T21:41:47.321+0000] {processor.py:842} WARNING - No viable dags retrieved from /opt/airflow/dags/Optimización y Performance - Día 4.docx
[2026-02-27T21:41:47.343+0000] {processor.py:183} INFO - Processing /opt/airflow/dags/Optimización y Performance - Día 4.docx took 0.047 seconds
[2026-02-27T21:42:17.598+0000] {processor.py:161} INFO - Started process (PID=204) to work on /opt/airflow/dags/Optimización y Performance - Día 4.docx
[2026-02-27T21:42:17.600+0000] {processor.py:830} INFO - Processing file /opt/airflow/dags/Optimización y Performance - Día 4.docx for tasks to queue
[2026-02-27T21:42:17.601+0000] {logging_mixin.py:188} INFO - [2026-02-27T21:42:17.601+0000] {dagbag.py:540} INFO - Filling up the DagBag from /opt/airflow/dags/Optimización y Performance - Día 4.docx
[2026-02-27T21:42:17.611+0000] {processor.py:842} WARNING - No viable dags retrieved from /opt/airflow/dags/Optimización y Performance - Día 4.docx
[2026-02-27T21:42:17.635+0000] {processor.py:183} INFO - Processing /opt/airflow/dags/Optimización y Performance - Día 4.docx took 0.045 seconds
[2026-02-27T21:42:48.085+0000] {processor.py:161} INFO - Started process (PID=212) to work on /opt/airflow/dags/Optimización y Performance - Día 4.docx
[2026-02-27T21:42:48.087+0000] {processor.py:830} INFO - Processing file /opt/airflow/dags/Optimización y Performance - Día 4.docx for tasks to queue
[2026-02-27T21:42:48.092+0000] {logging_mixin.py:188} INFO - [2026-02-27T21:42:48.091+0000] {dagbag.py:540} INFO - Filling up the DagBag from /opt/airflow/dags/Optimización y Performance - Día 4.docx
[2026-02-27T21:42:48.122+0000] {processor.py:842} WARNING - No viable dags retrieved from /opt/airflow/dags/Optimización y Performance - Día 4.docx
[2026-02-27T21:42:48.152+0000] {processor.py:183} INFO - Processing /opt/airflow/dags/Optimización y Performance - Día 4.docx took 0.082 seconds
[2026-02-27T21:43:18.451+0000] {processor.py:161} INFO - Started process (PID=220) to work on /opt/airflow/dags/Optimización y Performance - Día 4.docx
[2026-02-27T21:43:18.453+0000] {processor.py:830} INFO - Processing file /opt/airflow/dags/Optimización y Performance - Día 4.docx for tasks to queue
[2026-02-27T21:43:18.454+0000] {logging_mixin.py:188} INFO - [2026-02-27T21:43:18.454+0000] {dagbag.py:540} INFO - Filling up the DagBag from /opt/airflow/dags/Optimización y Performance - Día 4.docx
[2026-02-27T21:43:18.470+0000] {processor.py:842} WARNING - No viable dags retrieved from /opt/airflow/dags/Optimización y Performance - Día 4.docx
[2026-02-27T21:43:18.492+0000] {processor.py:183} INFO - Processing /opt/airflow/dags/Optimización y Performance - Día 4.docx took 0.049 seconds
[2026-02-27T21:43:48.906+0000] {processor.py:161} INFO - Started process (PID=228) to work on /opt/airflow/dags/Optimización y Performance - Día 4.docx
[2026-02-27T21:43:48.907+0000] {processor.py:830} INFO - Processing file /opt/airflow/dags/Optimización y Performance - Día 4.docx for tasks to queue
[2026-02-27T21:43:48.909+0000] {logging_mixin.py:188} INFO - [2026-02-27T21:43:48.908+0000] {dagbag.py:540} INFO - Filling up the DagBag from /opt/airflow/dags/Optimización y Performance - Día 4.docx
[2026-02-27T21:43:48.922+0000] {processor.py:842} WARNING - No viable dags retrieved from /opt/airflow/dags/Optimización y Performance - Día 4.docx
[2026-02-27T21:43:48.944+0000] {processor.py:183} INFO - Processing /opt/airflow/dags/Optimización y Performance - Día 4.docx took 0.047 seconds
[2026-02-27T21:44:19.276+0000] {processor.py:161} INFO - Started process (PID=236) to work on /opt/airflow/dags/Optimización y Performance - Día 4.docx
[2026-02-27T21:44:19.277+0000] {processor.py:830} INFO - Processing file /opt/airflow/dags/Optimización y Performance - Día 4.docx for tasks to queue
[2026-02-27T21:44:19.278+0000] {logging_mixin.py:188} INFO - [2026-02-27T21:44:19.278+0000] {dagbag.py:540} INFO - Filling up the DagBag from /opt/airflow/dags/Optimización y Performance - Día 4.docx
[2026-02-27T21:44:19.293+0000] {processor.py:842} WARNING - No viable dags retrieved from /opt/airflow/dags/Optimización y Performance - Día 4.docx
[2026-02-27T21:44:19.317+0000] {processor.py:183} INFO - Processing /opt/airflow/dags/Optimización y Performance - Día 4.docx took 0.051 seconds
[2026-02-27T21:44:49.645+0000] {processor.py:161} INFO - Started process (PID=244) to work on /opt/airflow/dags/Optimización y Performance - Día 4.docx
[2026-02-27T21:44:49.647+0000] {processor.py:830} INFO - Processing file /opt/airflow/dags/Optimización y Performance - Día 4.docx for tasks to queue
[2026-02-27T21:44:49.649+0000] {logging_mixin.py:188} INFO - [2026-02-27T21:44:49.648+0000] {dagbag.py:540} INFO - Filling up the DagBag from /opt/airflow/dags/Optimización y Performance - Día 4.docx
[2026-02-27T21:44:49.660+0000] {processor.py:842} WARNING - No viable dags retrieved from /opt/airflow/dags/Optimización y Performance - Día 4.docx
[2026-02-27T21:44:49.682+0000] {processor.py:183} INFO - Processing /opt/airflow/dags/Optimización y Performance - Día 4.docx took 0.044 seconds
[2026-02-27T21:45:19.951+0000] {processor.py:161} INFO - Started process (PID=252) to work on /opt/airflow/dags/Optimización y Performance - Día 4.docx
[2026-02-27T21:45:19.953+0000] {processor.py:830} INFO - Processing file /opt/airflow/dags/Optimización y Performance - Día 4.docx for tasks to queue
[2026-02-27T21:45:19.954+0000] {logging_mixin.py:188} INFO - [2026-02-27T21:45:19.954+0000] {dagbag.py:540} INFO - Filling up the DagBag from /opt/airflow/dags/Optimización y Performance - Día 4.docx
[2026-02-27T21:45:19.967+0000] {processor.py:842} WARNING - No viable dags retrieved from /opt/airflow/dags/Optimización y Performance - Día 4.docx
[2026-02-27T21:45:19.989+0000] {processor.py:183} INFO - Processing /opt/airflow/dags/Optimización y Performance - Día 4.docx took 0.047 seconds
[2026-02-27T21:45:50.404+0000] {processor.py:161} INFO - Started process (PID=260) to work on /opt/airflow/dags/Optimización y Performance - Día 4.docx
[2026-02-27T21:45:50.405+0000] {processor.py:830} INFO - Processing file /opt/airflow/dags/Optimización y Performance - Día 4.docx for tasks to queue
[2026-02-27T21:45:50.407+0000] {logging_mixin.py:188} INFO - [2026-02-27T21:45:50.407+0000] {dagbag.py:540} INFO - Filling up the DagBag from /opt/airflow/dags/Optimización y Performance - Día 4.docx
[2026-02-27T21:45:50.424+0000] {processor.py:842} WARNING - No viable dags retrieved from /opt/airflow/dags/Optimización y Performance - Día 4.docx
[2026-02-27T21:45:50.448+0000] {processor.py:183} INFO - Processing /opt/airflow/dags/Optimización y Performance - Día 4.docx took 0.052 seconds
[2026-02-27T21:46:20.866+0000] {processor.py:161} INFO - Started process (PID=268) to work on /opt/airflow/dags/Optimización y Performance - Día 4.docx
[2026-02-27T21:46:20.868+0000] {processor.py:830} INFO - Processing file /opt/airflow/dags/Optimización y Performance - Día 4.docx for tasks to queue
[2026-02-27T21:46:20.869+0000] {logging_mixin.py:188} INFO - [2026-02-27T21:46:20.869+0000] {dagbag.py:540} INFO - Filling up the DagBag from /opt/airflow/dags/Optimización y Performance - Día 4.docx
[2026-02-27T21:46:20.888+0000] {processor.py:842} WARNING - No viable dags retrieved from /opt/airflow/dags/Optimización y Performance - Día 4.docx
[2026-02-27T21:46:20.921+0000] {processor.py:183} INFO - Processing /opt/airflow/dags/Optimización y Performance - Día 4.docx took 0.065 seconds
[2026-02-27T21:46:51.407+0000] {processor.py:161} INFO - Started process (PID=276) to work on /opt/airflow/dags/Optimización y Performance - Día 4.docx
[2026-02-27T21:46:51.409+0000] {processor.py:830} INFO - Processing file /opt/airflow/dags/Optimización y Performance - Día 4.docx for tasks to queue
[2026-02-27T21:46:51.410+0000] {logging_mixin.py:188} INFO - [2026-02-27T21:46:51.409+0000] {dagbag.py:540} INFO - Filling up the DagBag from /opt/airflow/dags/Optimización y Performance - Día 4.docx
[2026-02-27T21:46:51.420+0000] {processor.py:842} WARNING - No viable dags retrieved from /opt/airflow/dags/Optimización y Performance - Día 4.docx
[2026-02-27T21:46:51.454+0000] {processor.py:183} INFO - Processing /opt/airflow/dags/Optimización y Performance - Día 4.docx took 0.055 seconds
[2026-02-27T21:47:22.084+0000] {processor.py:161} INFO - Started process (PID=284) to work on /opt/airflow/dags/Optimización y Performance - Día 4.docx
[2026-02-27T21:47:22.086+0000] {processor.py:830} INFO - Processing file /opt/airflow/dags/Optimización y Performance - Día 4.docx for tasks to queue
[2026-02-27T21:47:22.089+0000] {logging_mixin.py:188} INFO - [2026-02-27T21:47:22.088+0000] {dagbag.py:540} INFO - Filling up the DagBag from /opt/airflow/dags/Optimización y Performance - Día 4.docx
[2026-02-27T21:47:22.108+0000] {processor.py:842} WARNING - No viable dags retrieved from /opt/airflow/dags/Optimización y Performance - Día 4.docx
[2026-02-27T21:47:22.137+0000] {processor.py:183} INFO - Processing /opt/airflow/dags/Optimización y Performance - Día 4.docx took 0.063 seconds
[2026-02-27T21:47:52.478+0000] {processor.py:161} INFO - Started process (PID=292) to work on /opt/airflow/dags/Optimización y Performance - Día 4.docx
[2026-02-27T21:47:52.480+0000] {processor.py:830} INFO - Processing file /opt/airflow/dags/Optimización y Performance - Día 4.docx for tasks to queue
[2026-02-27T21:47:52.483+0000] {logging_mixin.py:188} INFO - [2026-02-27T21:47:52.482+0000] {dagbag.py:540} INFO - Filling up the DagBag from /opt/airflow/dags/Optimización y Performance - Día 4.docx
[2026-02-27T21:47:52.494+0000] {processor.py:842} WARNING - No viable dags retrieved from /opt/airflow/dags/Optimización y Performance - Día 4.docx
[2026-02-27T21:47:52.517+0000] {processor.py:183} INFO - Processing /opt/airflow/dags/Optimización y Performance - Día 4.docx took 0.047 seconds
[2026-02-27T21:48:22.889+0000] {processor.py:161} INFO - Started process (PID=300) to work on /opt/airflow/dags/Optimización y Performance - Día 4.docx
[2026-02-27T21:48:22.891+0000] {processor.py:830} INFO - Processing file /opt/airflow/dags/Optimización y Performance - Día 4.docx for tasks to queue
[2026-02-27T21:48:22.893+0000] {logging_mixin.py:188} INFO - [2026-02-27T21:48:22.893+0000] {dagbag.py:540} INFO - Filling up the DagBag from /opt/airflow/dags/Optimización y Performance - Día 4.docx
[2026-02-27T21:48:22.911+0000] {processor.py:842} WARNING - No viable dags retrieved from /opt/airflow/dags/Optimización y Performance - Día 4.docx
[2026-02-27T21:48:22.950+0000] {processor.py:183} INFO - Processing /opt/airflow/dags/Optimización y Performance - Día 4.docx took 0.070 seconds
[2026-02-27T21:48:53.251+0000] {processor.py:161} INFO - Started process (PID=308) to work on /opt/airflow/dags/Optimización y Performance - Día 4.docx
[2026-02-27T21:48:53.253+0000] {processor.py:830} INFO - Processing file /opt/airflow/dags/Optimización y Performance - Día 4.docx for tasks to queue
[2026-02-27T21:48:53.255+0000] {logging_mixin.py:188} INFO - [2026-02-27T21:48:53.254+0000] {dagbag.py:540} INFO - Filling up the DagBag from /opt/airflow/dags/Optimización y Performance - Día 4.docx
[2026-02-27T21:48:53.279+0000] {processor.py:842} WARNING - No viable dags retrieved from /opt/airflow/dags/Optimización y Performance - Día 4.docx
[2026-02-27T21:48:53.305+0000] {processor.py:183} INFO - Processing /opt/airflow/dags/Optimización y Performance - Día 4.docx took 0.061 seconds
[2026-02-27T21:49:23.727+0000] {processor.py:161} INFO - Started process (PID=316) to work on /opt/airflow/dags/Optimización y Performance - Día 4.docx
[2026-02-27T21:49:23.728+0000] {processor.py:830} INFO - Processing file /opt/airflow/dags/Optimización y Performance - Día 4.docx for tasks to queue
[2026-02-27T21:49:23.730+0000] {logging_mixin.py:188} INFO - [2026-02-27T21:49:23.729+0000] {dagbag.py:540} INFO - Filling up the DagBag from /opt/airflow/dags/Optimización y Performance - Día 4.docx
[2026-02-27T21:49:23.741+0000] {processor.py:842} WARNING - No viable dags retrieved from /opt/airflow/dags/Optimización y Performance - Día 4.docx
[2026-02-27T21:49:23.763+0000] {processor.py:183} INFO - Processing /opt/airflow/dags/Optimización y Performance - Día 4.docx took 0.044 seconds
[2026-02-27T21:49:54.172+0000] {processor.py:161} INFO - Started process (PID=324) to work on /opt/airflow/dags/Optimización y Performance - Día 4.docx
[2026-02-27T21:49:54.174+0000] {processor.py:830} INFO - Processing file /opt/airflow/dags/Optimización y Performance - Día 4.docx for tasks to queue
[2026-02-27T21:49:54.176+0000] {logging_mixin.py:188} INFO - [2026-02-27T21:49:54.175+0000] {dagbag.py:540} INFO - Filling up the DagBag from /opt/airflow/dags/Optimización y Performance - Día 4.docx
[2026-02-27T21:49:54.194+0000] {processor.py:842} WARNING - No viable dags retrieved from /opt/airflow/dags/Optimización y Performance - Día 4.docx
[2026-02-27T21:49:54.219+0000] {processor.py:183} INFO - Processing /opt/airflow/dags/Optimización y Performance - Día 4.docx took 0.054 seconds
[2026-02-27T21:50:24.643+0000] {processor.py:161} INFO - Started process (PID=332) to work on /opt/airflow/dags/Optimización y Performance - Día 4.docx
[2026-02-27T21:50:24.645+0000] {processor.py:830} INFO - Processing file /opt/airflow/dags/Optimización y Performance - Día 4.docx for tasks to queue
[2026-02-27T21:50:24.647+0000] {logging_mixin.py:188} INFO - [2026-02-27T21:50:24.646+0000] {dagbag.py:540} INFO - Filling up the DagBag from /opt/airflow/dags/Optimización y Performance - Día 4.docx
[2026-02-27T21:50:24.668+0000] {processor.py:842} WARNING - No viable dags retrieved from /opt/airflow/dags/Optimización y Performance - Día 4.docx
[2026-02-27T21:50:24.693+0000] {processor.py:183} INFO - Processing /opt/airflow/dags/Optimización y Performance - Día 4.docx took 0.058 seconds
[2026-02-27T21:50:55.224+0000] {processor.py:161} INFO - Started process (PID=340) to work on /opt/airflow/dags/Optimización y Performance - Día 4.docx
[2026-02-27T21:50:55.226+0000] {processor.py:830} INFO - Processing file /opt/airflow/dags/Optimización y Performance - Día 4.docx for tasks to queue
[2026-02-27T21:50:55.227+0000] {logging_mixin.py:188} INFO - [2026-02-27T21:50:55.227+0000] {dagbag.py:540} INFO - Filling up the DagBag from /opt/airflow/dags/Optimización y Performance - Día 4.docx
[2026-02-27T21:50:55.241+0000] {processor.py:842} WARNING - No viable dags retrieved from /opt/airflow/dags/Optimización y Performance - Día 4.docx
[2026-02-27T21:50:55.263+0000] {processor.py:183} INFO - Processing /opt/airflow/dags/Optimización y Performance - Día 4.docx took 0.047 seconds
[2026-02-27T21:51:25.673+0000] {processor.py:161} INFO - Started process (PID=348) to work on /opt/airflow/dags/Optimización y Performance - Día 4.docx
[2026-02-27T21:51:25.675+0000] {processor.py:830} INFO - Processing file /opt/airflow/dags/Optimización y Performance - Día 4.docx for tasks to queue
[2026-02-27T21:51:25.677+0000] {logging_mixin.py:188} INFO - [2026-02-27T21:51:25.677+0000] {dagbag.py:540} INFO - Filling up the DagBag from /opt/airflow/dags/Optimización y Performance - Día 4.docx
[2026-02-27T21:51:25.697+0000] {processor.py:842} WARNING - No viable dags retrieved from /opt/airflow/dags/Optimización y Performance - Día 4.docx
[2026-02-27T21:51:25.729+0000] {processor.py:183} INFO - Processing /opt/airflow/dags/Optimización y Performance - Día 4.docx took 0.065 seconds
[2026-02-27T21:51:56.693+0000] {processor.py:161} INFO - Started process (PID=356) to work on /opt/airflow/dags/Optimización y Performance - Día 4.docx
[2026-02-27T21:51:56.694+0000] {processor.py:830} INFO - Processing file /opt/airflow/dags/Optimización y Performance - Día 4.docx for tasks to queue
[2026-02-27T21:51:56.696+0000] {logging_mixin.py:188} INFO - [2026-02-27T21:51:56.696+0000] {dagbag.py:540} INFO - Filling up the DagBag from /opt/airflow/dags/Optimización y Performance - Día 4.docx
[2026-02-27T21:51:56.717+0000] {processor.py:842} WARNING - No viable dags retrieved from /opt/airflow/dags/Optimización y Performance - Día 4.docx
[2026-02-27T21:51:56.744+0000] {processor.py:183} INFO - Processing /opt/airflow/dags/Optimización y Performance - Día 4.docx took 0.059 seconds
[2026-02-27T21:52:27.436+0000] {processor.py:161} INFO - Started process (PID=364) to work on /opt/airflow/dags/Optimización y Performance - Día 4.docx
[2026-02-27T21:52:27.438+0000] {processor.py:830} INFO - Processing file /opt/airflow/dags/Optimización y Performance - Día 4.docx for tasks to queue
[2026-02-27T21:52:27.439+0000] {logging_mixin.py:188} INFO - [2026-02-27T21:52:27.439+0000] {dagbag.py:540} INFO - Filling up the DagBag from /opt/airflow/dags/Optimización y Performance - Día 4.docx
[2026-02-27T21:52:27.455+0000] {processor.py:842} WARNING - No viable dags retrieved from /opt/airflow/dags/Optimización y Performance - Día 4.docx
[2026-02-27T21:52:27.482+0000] {processor.py:183} INFO - Processing /opt/airflow/dags/Optimización y Performance - Día 4.docx took 0.055 seconds
[2026-02-27T21:52:58.021+0000] {processor.py:161} INFO - Started process (PID=372) to work on /opt/airflow/dags/Optimización y Performance - Día 4.docx
[2026-02-27T21:52:58.023+0000] {processor.py:830} INFO - Processing file /opt/airflow/dags/Optimización y Performance - Día 4.docx for tasks to queue
[2026-02-27T21:52:58.026+0000] {logging_mixin.py:188} INFO - [2026-02-27T21:52:58.025+0000] {dagbag.py:540} INFO - Filling up the DagBag from /opt/airflow/dags/Optimización y Performance - Día 4.docx
[2026-02-27T21:52:58.040+0000] {processor.py:842} WARNING - No viable dags retrieved from /opt/airflow/dags/Optimización y Performance - Día 4.docx
[2026-02-27T21:52:58.070+0000] {processor.py:183} INFO - Processing /opt/airflow/dags/Optimización y Performance - Día 4.docx took 0.057 seconds
[2026-02-27T21:53:28.600+0000] {processor.py:161} INFO - Started process (PID=380) to work on /opt/airflow/dags/Optimización y Performance - Día 4.docx
[2026-02-27T21:53:28.601+0000] {processor.py:830} INFO - Processing file /opt/airflow/dags/Optimización y Performance - Día 4.docx for tasks to queue
[2026-02-27T21:53:28.603+0000] {logging_mixin.py:188} INFO - [2026-02-27T21:53:28.602+0000] {dagbag.py:540} INFO - Filling up the DagBag from /opt/airflow/dags/Optimización y Performance - Día 4.docx
[2026-02-27T21:53:28.620+0000] {processor.py:842} WARNING - No viable dags retrieved from /opt/airflow/dags/Optimización y Performance - Día 4.docx
[2026-02-27T21:53:28.654+0000] {processor.py:183} INFO - Processing /opt/airflow/dags/Optimización y Performance - Día 4.docx took 0.062 seconds
[2026-02-27T21:53:59.198+0000] {processor.py:161} INFO - Started process (PID=388) to work on /opt/airflow/dags/Optimización y Performance - Día 4.docx
[2026-02-27T21:53:59.201+0000] {processor.py:830} INFO - Processing file /opt/airflow/dags/Optimización y Performance - Día 4.docx for tasks to queue
[2026-02-27T21:53:59.203+0000] {logging_mixin.py:188} INFO - [2026-02-27T21:53:59.203+0000] {dagbag.py:540} INFO - Filling up the DagBag from /opt/airflow/dags/Optimización y Performance - Día 4.docx
[2026-02-27T21:53:59.222+0000] {processor.py:842} WARNING - No viable dags retrieved from /opt/airflow/dags/Optimización y Performance - Día 4.docx
[2026-02-27T21:53:59.246+0000] {processor.py:183} INFO - Processing /opt/airflow/dags/Optimización y Performance - Día 4.docx took 0.056 seconds
[2026-02-27T21:54:29.607+0000] {processor.py:161} INFO - Started process (PID=396) to work on /opt/airflow/dags/Optimización y Performance - Día 4.docx
[2026-02-27T21:54:29.608+0000] {processor.py:830} INFO - Processing file /opt/airflow/dags/Optimización y Performance - Día 4.docx for tasks to queue
[2026-02-27T21:54:29.610+0000] {logging_mixin.py:188} INFO - [2026-02-27T21:54:29.609+0000] {dagbag.py:540} INFO - Filling up the DagBag from /opt/airflow/dags/Optimización y Performance - Día 4.docx
[2026-02-27T21:54:29.622+0000] {processor.py:842} WARNING - No viable dags retrieved from /opt/airflow/dags/Optimización y Performance - Día 4.docx
[2026-02-27T21:54:29.644+0000] {processor.py:183} INFO - Processing /opt/airflow/dags/Optimización y Performance - Día 4.docx took 0.045 seconds
[2026-02-27T21:55:00.085+0000] {processor.py:161} INFO - Started process (PID=404) to work on /opt/airflow/dags/Optimización y Performance - Día 4.docx
[2026-02-27T21:55:00.087+0000] {processor.py:830} INFO - Processing file /opt/airflow/dags/Optimización y Performance - Día 4.docx for tasks to queue
[2026-02-27T21:55:00.088+0000] {logging_mixin.py:188} INFO - [2026-02-27T21:55:00.088+0000] {dagbag.py:540} INFO - Filling up the DagBag from /opt/airflow/dags/Optimización y Performance - Día 4.docx
[2026-02-27T21:55:00.103+0000] {processor.py:842} WARNING - No viable dags retrieved from /opt/airflow/dags/Optimización y Performance - Día 4.docx
[2026-02-27T21:55:00.124+0000] {processor.py:183} INFO - Processing /opt/airflow/dags/Optimización y Performance - Día 4.docx took 0.047 seconds
[2026-02-27T21:55:30.621+0000] {processor.py:161} INFO - Started process (PID=412) to work on /opt/airflow/dags/Optimización y Performance - Día 4.docx
[2026-02-27T21:55:30.622+0000] {processor.py:830} INFO - Processing file /opt/airflow/dags/Optimización y Performance - Día 4.docx for tasks to queue
[2026-02-27T21:55:30.625+0000] {logging_mixin.py:188} INFO - [2026-02-27T21:55:30.624+0000] {dagbag.py:540} INFO - Filling up the DagBag from /opt/airflow/dags/Optimización y Performance - Día 4.docx
[2026-02-27T21:55:30.650+0000] {processor.py:842} WARNING - No viable dags retrieved from /opt/airflow/dags/Optimización y Performance - Día 4.docx
[2026-02-27T21:55:30.683+0000] {processor.py:183} INFO - Processing /opt/airflow/dags/Optimización y Performance - Día 4.docx took 0.070 seconds
[2026-02-27T21:56:01.207+0000] {processor.py:161} INFO - Started process (PID=420) to work on /opt/airflow/dags/Optimización y Performance - Día 4.docx
[2026-02-27T21:56:01.209+0000] {processor.py:830} INFO - Processing file /opt/airflow/dags/Optimización y Performance - Día 4.docx for tasks to queue
[2026-02-27T21:56:01.211+0000] {logging_mixin.py:188} INFO - [2026-02-27T21:56:01.210+0000] {dagbag.py:540} INFO - Filling up the DagBag from /opt/airflow/dags/Optimización y Performance - Día 4.docx
[2026-02-27T21:56:01.227+0000] {processor.py:842} WARNING - No viable dags retrieved from /opt/airflow/dags/Optimización y Performance - Día 4.docx
[2026-02-27T21:56:01.255+0000] {processor.py:183} INFO - Processing /opt/airflow/dags/Optimización y Performance - Día 4.docx took 0.057 seconds
[2026-02-27T21:56:31.754+0000] {processor.py:161} INFO - Started process (PID=428) to work on /opt/airflow/dags/Optimización y Performance - Día 4.docx
[2026-02-27T21:56:31.755+0000] {processor.py:830} INFO - Processing file /opt/airflow/dags/Optimización y Performance - Día 4.docx for tasks to queue
[2026-02-27T21:56:31.756+0000] {logging_mixin.py:188} INFO - [2026-02-27T21:56:31.756+0000] {dagbag.py:540} INFO - Filling up the DagBag from /opt/airflow/dags/Optimización y Performance - Día 4.docx
[2026-02-27T21:56:31.766+0000] {processor.py:842} WARNING - No viable dags retrieved from /opt/airflow/dags/Optimización y Performance - Día 4.docx
[2026-02-27T21:56:31.788+0000] {processor.py:183} INFO - Processing /opt/airflow/dags/Optimización y Performance - Día 4.docx took 0.043 seconds
[2026-02-27T21:57:02.568+0000] {processor.py:161} INFO - Started process (PID=436) to work on /opt/airflow/dags/Optimización y Performance - Día 4.docx
[2026-02-27T21:57:02.570+0000] {processor.py:830} INFO - Processing file /opt/airflow/dags/Optimización y Performance - Día 4.docx for tasks to queue
[2026-02-27T21:57:02.571+0000] {logging_mixin.py:188} INFO - [2026-02-27T21:57:02.571+0000] {dagbag.py:540} INFO - Filling up the DagBag from /opt/airflow/dags/Optimización y Performance - Día 4.docx
[2026-02-27T21:57:02.582+0000] {processor.py:842} WARNING - No viable dags retrieved from /opt/airflow/dags/Optimización y Performance - Día 4.docx
[2026-02-27T21:57:02.606+0000] {processor.py:183} INFO - Processing /opt/airflow/dags/Optimización y Performance - Día 4.docx took 0.046 seconds
[2026-02-27T21:57:33.005+0000] {processor.py:161} INFO - Started process (PID=444) to work on /opt/airflow/dags/Optimización y Performance - Día 4.docx
[2026-02-27T21:57:33.006+0000] {processor.py:830} INFO - Processing file /opt/airflow/dags/Optimización y Performance - Día 4.docx for tasks to queue
[2026-02-27T21:57:33.008+0000] {logging_mixin.py:188} INFO - [2026-02-27T21:57:33.008+0000] {dagbag.py:540} INFO - Filling up the DagBag from /opt/airflow/dags/Optimización y Performance - Día 4.docx
[2026-02-27T21:57:33.026+0000] {processor.py:842} WARNING - No viable dags retrieved from /opt/airflow/dags/Optimización y Performance - Día 4.docx
[2026-02-27T21:57:33.055+0000] {processor.py:183} INFO - Processing /opt/airflow/dags/Optimización y Performance - Día 4.docx took 0.059 seconds
[2026-02-27T21:58:03.381+0000] {processor.py:161} INFO - Started process (PID=452) to work on /opt/airflow/dags/Optimización y Performance - Día 4.docx
[2026-02-27T21:58:03.382+0000] {processor.py:830} INFO - Processing file /opt/airflow/dags/Optimización y Performance - Día 4.docx for tasks to queue
[2026-02-27T21:58:03.383+0000] {logging_mixin.py:188} INFO - [2026-02-27T21:58:03.383+0000] {dagbag.py:540} INFO - Filling up the DagBag from /opt/airflow/dags/Optimización y Performance - Día 4.docx
[2026-02-27T21:58:03.400+0000] {processor.py:842} WARNING - No viable dags retrieved from /opt/airflow/dags/Optimización y Performance - Día 4.docx
[2026-02-27T21:58:03.422+0000] {processor.py:183} INFO - Processing /opt/airflow/dags/Optimización y Performance - Día 4.docx took 0.050 seconds
[2026-02-27T21:58:33.704+0000] {processor.py:161} INFO - Started process (PID=460) to work on /opt/airflow/dags/Optimización y Performance - Día 4.docx
[2026-02-27T21:58:33.705+0000] {processor.py:830} INFO - Processing file /opt/airflow/dags/Optimización y Performance - Día 4.docx for tasks to queue
[2026-02-27T21:58:33.707+0000] {logging_mixin.py:188} INFO - [2026-02-27T21:58:33.706+0000] {dagbag.py:540} INFO - Filling up the DagBag from /opt/airflow/dags/Optimización y Performance - Día 4.docx
[2026-02-27T21:58:33.718+0000] {processor.py:842} WARNING - No viable dags retrieved from /opt/airflow/dags/Optimización y Performance - Día 4.docx
[2026-02-27T21:58:33.740+0000] {processor.py:183} INFO - Processing /opt/airflow/dags/Optimización y Performance - Día 4.docx took 0.045 seconds
[2026-02-27T21:59:04.247+0000] {processor.py:161} INFO - Started process (PID=468) to work on /opt/airflow/dags/Optimización y Performance - Día 4.docx
[2026-02-27T21:59:04.248+0000] {processor.py:830} INFO - Processing file /opt/airflow/dags/Optimización y Performance - Día 4.docx for tasks to queue
[2026-02-27T21:59:04.249+0000] {logging_mixin.py:188} INFO - [2026-02-27T21:59:04.249+0000] {dagbag.py:540} INFO - Filling up the DagBag from /opt/airflow/dags/Optimización y Performance - Día 4.docx
[2026-02-27T21:59:04.261+0000] {processor.py:842} WARNING - No viable dags retrieved from /opt/airflow/dags/Optimización y Performance - Día 4.docx
[2026-02-27T21:59:04.283+0000] {processor.py:183} INFO - Processing /opt/airflow/dags/Optimización y Performance - Día 4.docx took 0.044 seconds
[2026-02-27T21:59:34.755+0000] {processor.py:161} INFO - Started process (PID=476) to work on /opt/airflow/dags/Optimización y Performance - Día 4.docx
[2026-02-27T21:59:34.757+0000] {processor.py:830} INFO - Processing file /opt/airflow/dags/Optimización y Performance - Día 4.docx for tasks to queue
[2026-02-27T21:59:34.759+0000] {logging_mixin.py:188} INFO - [2026-02-27T21:59:34.758+0000] {dagbag.py:540} INFO - Filling up the DagBag from /opt/airflow/dags/Optimización y Performance - Día 4.docx
[2026-02-27T21:59:34.789+0000] {processor.py:842} WARNING - No viable dags retrieved from /opt/airflow/dags/Optimización y Performance - Día 4.docx
[2026-02-27T21:59:34.824+0000] {processor.py:183} INFO - Processing /opt/airflow/dags/Optimización y Performance - Día 4.docx took 0.076 seconds
[2026-02-27T22:00:05.362+0000] {processor.py:161} INFO - Started process (PID=484) to work on /opt/airflow/dags/Optimización y Performance - Día 4.docx
[2026-02-27T22:00:05.365+0000] {processor.py:830} INFO - Processing file /opt/airflow/dags/Optimización y Performance - Día 4.docx for tasks to queue
[2026-02-27T22:00:05.370+0000] {logging_mixin.py:188} INFO - [2026-02-27T22:00:05.368+0000] {dagbag.py:540} INFO - Filling up the DagBag from /opt/airflow/dags/Optimización y Performance - Día 4.docx
[2026-02-27T22:00:05.401+0000] {processor.py:842} WARNING - No viable dags retrieved from /opt/airflow/dags/Optimización y Performance - Día 4.docx
[2026-02-27T22:00:05.451+0000] {processor.py:183} INFO - Processing /opt/airflow/dags/Optimización y Performance - Día 4.docx took 0.109 seconds
[2026-02-27T22:00:35.867+0000] {processor.py:161} INFO - Started process (PID=492) to work on /opt/airflow/dags/Optimización y Performance - Día 4.docx
[2026-02-27T22:00:35.869+0000] {processor.py:830} INFO - Processing file /opt/airflow/dags/Optimización y Performance - Día 4.docx for tasks to queue
[2026-02-27T22:00:35.870+0000] {logging_mixin.py:188} INFO - [2026-02-27T22:00:35.870+0000] {dagbag.py:540} INFO - Filling up the DagBag from /opt/airflow/dags/Optimización y Performance - Día 4.docx
[2026-02-27T22:00:35.894+0000] {processor.py:842} WARNING - No viable dags retrieved from /opt/airflow/dags/Optimización y Performance - Día 4.docx
[2026-02-27T22:00:35.925+0000] {processor.py:183} INFO - Processing /opt/airflow/dags/Optimización y Performance - Día 4.docx took 0.068 seconds
[2026-02-27T22:01:06.215+0000] {processor.py:161} INFO - Started process (PID=500) to work on /opt/airflow/dags/Optimización y Performance - Día 4.docx
[2026-02-27T22:01:06.217+0000] {processor.py:830} INFO - Processing file /opt/airflow/dags/Optimización y Performance - Día 4.docx for tasks to queue
[2026-02-27T22:01:06.219+0000] {logging_mixin.py:188} INFO - [2026-02-27T22:01:06.218+0000] {dagbag.py:540} INFO - Filling up the DagBag from /opt/airflow/dags/Optimización y Performance - Día 4.docx
[2026-02-27T22:01:06.244+0000] {processor.py:842} WARNING - No viable dags retrieved from /opt/airflow/dags/Optimización y Performance - Día 4.docx
[2026-02-27T22:01:06.268+0000] {processor.py:183} INFO - Processing /opt/airflow/dags/Optimización y Performance - Día 4.docx took 0.062 seconds
[2026-02-27T22:01:36.656+0000] {processor.py:161} INFO - Started process (PID=508) to work on /opt/airflow/dags/Optimización y Performance - Día 4.docx
[2026-02-27T22:01:36.658+0000] {processor.py:830} INFO - Processing file /opt/airflow/dags/Optimización y Performance - Día 4.docx for tasks to queue
[2026-02-27T22:01:36.660+0000] {logging_mixin.py:188} INFO - [2026-02-27T22:01:36.660+0000] {dagbag.py:540} INFO - Filling up the DagBag from /opt/airflow/dags/Optimización y Performance - Día 4.docx
[2026-02-27T22:01:36.678+0000] {processor.py:842} WARNING - No viable dags retrieved from /opt/airflow/dags/Optimización y Performance - Día 4.docx
[2026-02-27T22:01:36.703+0000] {processor.py:183} INFO - Processing /opt/airflow/dags/Optimización y Performance - Día 4.docx took 0.059 seconds
[2026-02-27T22:02:07.265+0000] {processor.py:161} INFO - Started process (PID=516) to work on /opt/airflow/dags/Optimización y Performance - Día 4.docx
[2026-02-27T22:02:07.266+0000] {processor.py:830} INFO - Processing file /opt/airflow/dags/Optimización y Performance - Día 4.docx for tasks to queue
[2026-02-27T22:02:07.268+0000] {logging_mixin.py:188} INFO - [2026-02-27T22:02:07.268+0000] {dagbag.py:540} INFO - Filling up the DagBag from /opt/airflow/dags/Optimización y Performance - Día 4.docx
[2026-02-27T22:02:07.284+0000] {processor.py:842} WARNING - No viable dags retrieved from /opt/airflow/dags/Optimización y Performance - Día 4.docx
[2026-02-27T22:02:07.307+0000] {processor.py:183} INFO - Processing /opt/airflow/dags/Optimización y Performance - Día 4.docx took 0.051 seconds
[2026-02-27T22:02:37.673+0000] {processor.py:161} INFO - Started process (PID=524) to work on /opt/airflow/dags/Optimización y Performance - Día 4.docx
[2026-02-27T22:02:37.675+0000] {processor.py:830} INFO - Processing file /opt/airflow/dags/Optimización y Performance - Día 4.docx for tasks to queue
[2026-02-27T22:02:37.678+0000] {logging_mixin.py:188} INFO - [2026-02-27T22:02:37.677+0000] {dagbag.py:540} INFO - Filling up the DagBag from /opt/airflow/dags/Optimización y Performance - Día 4.docx
[2026-02-27T22:02:37.693+0000] {processor.py:842} WARNING - No viable dags retrieved from /opt/airflow/dags/Optimización y Performance - Día 4.docx
[2026-02-27T22:02:37.722+0000] {processor.py:183} INFO - Processing /opt/airflow/dags/Optimización y Performance - Día 4.docx took 0.059 seconds
[2026-02-27T22:03:08.020+0000] {processor.py:161} INFO - Started process (PID=532) to work on /opt/airflow/dags/Optimización y Performance - Día 4.docx
[2026-02-27T22:03:08.021+0000] {processor.py:830} INFO - Processing file /opt/airflow/dags/Optimización y Performance - Día 4.docx for tasks to queue
[2026-02-27T22:03:08.022+0000] {logging_mixin.py:188} INFO - [2026-02-27T22:03:08.022+0000] {dagbag.py:540} INFO - Filling up the DagBag from /opt/airflow/dags/Optimización y Performance - Día 4.docx
[2026-02-27T22:03:08.034+0000] {processor.py:842} WARNING - No viable dags retrieved from /opt/airflow/dags/Optimización y Performance - Día 4.docx
[2026-02-27T22:03:08.059+0000] {processor.py:183} INFO - Processing /opt/airflow/dags/Optimización y Performance - Día 4.docx took 0.047 seconds
[2026-02-27T22:03:38.515+0000] {processor.py:161} INFO - Started process (PID=540) to work on /opt/airflow/dags/Optimización y Performance - Día 4.docx
[2026-02-27T22:03:38.516+0000] {processor.py:830} INFO - Processing file /opt/airflow/dags/Optimización y Performance - Día 4.docx for tasks to queue
[2026-02-27T22:03:38.517+0000] {logging_mixin.py:188} INFO - [2026-02-27T22:03:38.517+0000] {dagbag.py:540} INFO - Filling up the DagBag from /opt/airflow/dags/Optimización y Performance - Día 4.docx
[2026-02-27T22:03:38.528+0000] {processor.py:842} WARNING - No viable dags retrieved from /opt/airflow/dags/Optimización y Performance - Día 4.docx
[2026-02-27T22:03:38.550+0000] {processor.py:183} INFO - Processing /opt/airflow/dags/Optimización y Performance - Día 4.docx took 0.043 seconds
[2026-02-27T22:04:08.797+0000] {processor.py:161} INFO - Started process (PID=548) to work on /opt/airflow/dags/Optimización y Performance - Día 4.docx
[2026-02-27T22:04:08.799+0000] {processor.py:830} INFO - Processing file /opt/airflow/dags/Optimización y Performance - Día 4.docx for tasks to queue
[2026-02-27T22:04:08.800+0000] {logging_mixin.py:188} INFO - [2026-02-27T22:04:08.800+0000] {dagbag.py:540} INFO - Filling up the DagBag from /opt/airflow/dags/Optimización y Performance - Día 4.docx
[2026-02-27T22:04:08.821+0000] {processor.py:842} WARNING - No viable dags retrieved from /opt/airflow/dags/Optimización y Performance - Día 4.docx
[2026-02-27T22:04:08.845+0000] {processor.py:183} INFO - Processing /opt/airflow/dags/Optimización y Performance - Día 4.docx took 0.056 seconds
[2026-02-27T22:04:39.190+0000] {processor.py:161} INFO - Started process (PID=556) to work on /opt/airflow/dags/Optimización y Performance - Día 4.docx
[2026-02-27T22:04:39.192+0000] {processor.py:830} INFO - Processing file /opt/airflow/dags/Optimización y Performance - Día 4.docx for tasks to queue
[2026-02-27T22:04:39.193+0000] {logging_mixin.py:188} INFO - [2026-02-27T22:04:39.193+0000] {dagbag.py:540} INFO - Filling up the DagBag from /opt/airflow/dags/Optimización y Performance - Día 4.docx
[2026-02-27T22:04:39.206+0000] {processor.py:842} WARNING - No viable dags retrieved from /opt/airflow/dags/Optimización y Performance - Día 4.docx
[2026-02-27T22:04:39.230+0000] {processor.py:183} INFO - Processing /opt/airflow/dags/Optimización y Performance - Día 4.docx took 0.048 seconds
[2026-02-27T22:05:09.818+0000] {processor.py:161} INFO - Started process (PID=564) to work on /opt/airflow/dags/Optimización y Performance - Día 4.docx
[2026-02-27T22:05:09.820+0000] {processor.py:830} INFO - Processing file /opt/airflow/dags/Optimización y Performance - Día 4.docx for tasks to queue
[2026-02-27T22:05:09.822+0000] {logging_mixin.py:188} INFO - [2026-02-27T22:05:09.822+0000] {dagbag.py:540} INFO - Filling up the DagBag from /opt/airflow/dags/Optimización y Performance - Día 4.docx
[2026-02-27T22:05:09.840+0000] {processor.py:842} WARNING - No viable dags retrieved from /opt/airflow/dags/Optimización y Performance - Día 4.docx
[2026-02-27T22:05:09.870+0000] {processor.py:183} INFO - Processing /opt/airflow/dags/Optimización y Performance - Día 4.docx took 0.061 seconds
[2026-02-27T22:05:40.172+0000] {processor.py:161} INFO - Started process (PID=572) to work on /opt/airflow/dags/Optimización y Performance - Día 4.docx
[2026-02-27T22:05:40.174+0000] {processor.py:830} INFO - Processing file /opt/airflow/dags/Optimización y Performance - Día 4.docx for tasks to queue
[2026-02-27T22:05:40.175+0000] {logging_mixin.py:188} INFO - [2026-02-27T22:05:40.175+0000] {dagbag.py:540} INFO - Filling up the DagBag from /opt/airflow/dags/Optimización y Performance - Día 4.docx
[2026-02-27T22:05:40.200+0000] {processor.py:842} WARNING - No viable dags retrieved from /opt/airflow/dags/Optimización y Performance - Día 4.docx
[2026-02-27T22:05:40.233+0000] {processor.py:183} INFO - Processing /opt/airflow/dags/Optimización y Performance - Día 4.docx took 0.069 seconds
[2026-02-27T22:06:10.621+0000] {processor.py:161} INFO - Started process (PID=580) to work on /opt/airflow/dags/Optimización y Performance - Día 4.docx
[2026-02-27T22:06:10.623+0000] {processor.py:830} INFO - Processing file /opt/airflow/dags/Optimización y Performance - Día 4.docx for tasks to queue
[2026-02-27T22:06:10.624+0000] {logging_mixin.py:188} INFO - [2026-02-27T22:06:10.624+0000] {dagbag.py:540} INFO - Filling up the DagBag from /opt/airflow/dags/Optimización y Performance - Día 4.docx
[2026-02-27T22:06:10.640+0000] {processor.py:842} WARNING - No viable dags retrieved from /opt/airflow/dags/Optimización y Performance - Día 4.docx
[2026-02-27T22:06:10.660+0000] {processor.py:183} INFO - Processing /opt/airflow/dags/Optimización y Performance - Día 4.docx took 0.047 seconds
[2026-02-27T22:06:41.315+0000] {processor.py:161} INFO - Started process (PID=588) to work on /opt/airflow/dags/Optimización y Performance - Día 4.docx
[2026-02-27T22:06:41.317+0000] {processor.py:830} INFO - Processing file /opt/airflow/dags/Optimización y Performance - Día 4.docx for tasks to queue
[2026-02-27T22:06:41.318+0000] {logging_mixin.py:188} INFO - [2026-02-27T22:06:41.318+0000] {dagbag.py:540} INFO - Filling up the DagBag from /opt/airflow/dags/Optimización y Performance - Día 4.docx
[2026-02-27T22:06:41.331+0000] {processor.py:842} WARNING - No viable dags retrieved from /opt/airflow/dags/Optimización y Performance - Día 4.docx
[2026-02-27T22:06:41.352+0000] {processor.py:183} INFO - Processing /opt/airflow/dags/Optimización y Performance - Día 4.docx took 0.045 seconds
[2026-02-27T22:07:11.598+0000] {processor.py:161} INFO - Started process (PID=596) to work on /opt/airflow/dags/Optimización y Performance - Día 4.docx
[2026-02-27T22:07:11.599+0000] {processor.py:830} INFO - Processing file /opt/airflow/dags/Optimización y Performance - Día 4.docx for tasks to queue
[2026-02-27T22:07:11.601+0000] {logging_mixin.py:188} INFO - [2026-02-27T22:07:11.600+0000] {dagbag.py:540} INFO - Filling up the DagBag from /opt/airflow/dags/Optimización y Performance - Día 4.docx
[2026-02-27T22:07:11.615+0000] {processor.py:842} WARNING - No viable dags retrieved from /opt/airflow/dags/Optimización y Performance - Día 4.docx
[2026-02-27T22:07:11.637+0000] {processor.py:183} INFO - Processing /opt/airflow/dags/Optimización y Performance - Día 4.docx took 0.048 seconds
[2026-02-27T22:07:41.980+0000] {processor.py:161} INFO - Started process (PID=604) to work on /opt/airflow/dags/Optimización y Performance - Día 4.docx
[2026-02-27T22:07:41.982+0000] {processor.py:830} INFO - Processing file /opt/airflow/dags/Optimización y Performance - Día 4.docx for tasks to queue
[2026-02-27T22:07:41.983+0000] {logging_mixin.py:188} INFO - [2026-02-27T22:07:41.983+0000] {dagbag.py:540} INFO - Filling up the DagBag from /opt/airflow/dags/Optimización y Performance - Día 4.docx
[2026-02-27T22:07:42.005+0000] {processor.py:842} WARNING - No viable dags retrieved from /opt/airflow/dags/Optimización y Performance - Día 4.docx
[2026-02-27T22:07:42.031+0000] {processor.py:183} INFO - Processing /opt/airflow/dags/Optimización y Performance - Día 4.docx took 0.059 seconds
[2026-02-27T22:08:12.509+0000] {processor.py:161} INFO - Started process (PID=612) to work on /opt/airflow/dags/Optimización y Performance - Día 4.docx
[2026-02-27T22:08:12.510+0000] {processor.py:830} INFO - Processing file /opt/airflow/dags/Optimización y Performance - Día 4.docx for tasks to queue
[2026-02-27T22:08:12.513+0000] {logging_mixin.py:188} INFO - [2026-02-27T22:08:12.512+0000] {dagbag.py:540} INFO - Filling up the DagBag from /opt/airflow/dags/Optimización y Performance - Día 4.docx
[2026-02-27T22:08:12.531+0000] {processor.py:842} WARNING - No viable dags retrieved from /opt/airflow/dags/Optimización y Performance - Día 4.docx
[2026-02-27T22:08:12.572+0000] {processor.py:183} INFO - Processing /opt/airflow/dags/Optimización y Performance - Día 4.docx took 0.073 seconds
[2026-02-27T22:08:43.013+0000] {processor.py:161} INFO - Started process (PID=620) to work on /opt/airflow/dags/Optimización y Performance - Día 4.docx
[2026-02-27T22:08:43.015+0000] {processor.py:830} INFO - Processing file /opt/airflow/dags/Optimización y Performance - Día 4.docx for tasks to queue
[2026-02-27T22:08:43.016+0000] {logging_mixin.py:188} INFO - [2026-02-27T22:08:43.016+0000] {dagbag.py:540} INFO - Filling up the DagBag from /opt/airflow/dags/Optimización y Performance - Día 4.docx
[2026-02-27T22:08:43.040+0000] {processor.py:842} WARNING - No viable dags retrieved from /opt/airflow/dags/Optimización y Performance - Día 4.docx
[2026-02-27T22:08:43.065+0000] {processor.py:183} INFO - Processing /opt/airflow/dags/Optimización y Performance - Día 4.docx took 0.060 seconds
[2026-02-27T22:09:13.407+0000] {processor.py:161} INFO - Started process (PID=628) to work on /opt/airflow/dags/Optimización y Performance - Día 4.docx
[2026-02-27T22:09:13.409+0000] {processor.py:830} INFO - Processing file /opt/airflow/dags/Optimización y Performance - Día 4.docx for tasks to queue
[2026-02-27T22:09:13.410+0000] {logging_mixin.py:188} INFO - [2026-02-27T22:09:13.410+0000] {dagbag.py:540} INFO - Filling up the DagBag from /opt/airflow/dags/Optimización y Performance - Día 4.docx
[2026-02-27T22:09:13.428+0000] {processor.py:842} WARNING - No viable dags retrieved from /opt/airflow/dags/Optimización y Performance - Día 4.docx
[2026-02-27T22:09:13.457+0000] {processor.py:183} INFO - Processing /opt/airflow/dags/Optimización y Performance - Día 4.docx took 0.061 seconds
[2026-02-27T22:09:43.811+0000] {processor.py:161} INFO - Started process (PID=636) to work on /opt/airflow/dags/Optimización y Performance - Día 4.docx
[2026-02-27T22:09:43.812+0000] {processor.py:830} INFO - Processing file /opt/airflow/dags/Optimización y Performance - Día 4.docx for tasks to queue
[2026-02-27T22:09:43.814+0000] {logging_mixin.py:188} INFO - [2026-02-27T22:09:43.814+0000] {dagbag.py:540} INFO - Filling up the DagBag from /opt/airflow/dags/Optimización y Performance - Día 4.docx
[2026-02-27T22:09:43.835+0000] {processor.py:842} WARNING - No viable dags retrieved from /opt/airflow/dags/Optimización y Performance - Día 4.docx
[2026-02-27T22:09:43.866+0000] {processor.py:183} INFO - Processing /opt/airflow/dags/Optimización y Performance - Día 4.docx took 0.064 seconds
[2026-02-27T22:10:14.325+0000] {processor.py:161} INFO - Started process (PID=644) to work on /opt/airflow/dags/Optimización y Performance - Día 4.docx
[2026-02-27T22:10:14.327+0000] {processor.py:830} INFO - Processing file /opt/airflow/dags/Optimización y Performance - Día 4.docx for tasks to queue
[2026-02-27T22:10:14.328+0000] {logging_mixin.py:188} INFO - [2026-02-27T22:10:14.328+0000] {dagbag.py:540} INFO - Filling up the DagBag from /opt/airflow/dags/Optimización y Performance - Día 4.docx
[2026-02-27T22:10:14.342+0000] {processor.py:842} WARNING - No viable dags retrieved from /opt/airflow/dags/Optimización y Performance - Día 4.docx
[2026-02-27T22:10:14.364+0000] {processor.py:183} INFO - Processing /opt/airflow/dags/Optimización y Performance - Día 4.docx took 0.047 seconds
[2026-02-27T22:10:44.711+0000] {processor.py:161} INFO - Started process (PID=652) to work on /opt/airflow/dags/Optimización y Performance - Día 4.docx
[2026-02-27T22:10:44.713+0000] {processor.py:830} INFO - Processing file /opt/airflow/dags/Optimización y Performance - Día 4.docx for tasks to queue
[2026-02-27T22:10:44.714+0000] {logging_mixin.py:188} INFO - [2026-02-27T22:10:44.714+0000] {dagbag.py:540} INFO - Filling up the DagBag from /opt/airflow/dags/Optimización y Performance - Día 4.docx
[2026-02-27T22:10:44.728+0000] {processor.py:842} WARNING - No viable dags retrieved from /opt/airflow/dags/Optimización y Performance - Día 4.docx
[2026-02-27T22:10:44.751+0000] {processor.py:183} INFO - Processing /opt/airflow/dags/Optimización y Performance - Día 4.docx took 0.048 seconds
[2026-02-27T22:11:15.096+0000] {processor.py:161} INFO - Started process (PID=660) to work on /opt/airflow/dags/Optimización y Performance - Día 4.docx
[2026-02-27T22:11:15.100+0000] {processor.py:830} INFO - Processing file /opt/airflow/dags/Optimización y Performance - Día 4.docx for tasks to queue
[2026-02-27T22:11:15.107+0000] {logging_mixin.py:188} INFO - [2026-02-27T22:11:15.105+0000] {dagbag.py:540} INFO - Filling up the DagBag from /opt/airflow/dags/Optimización y Performance - Día 4.docx
[2026-02-27T22:11:15.139+0000] {processor.py:842} WARNING - No viable dags retrieved from /opt/airflow/dags/Optimización y Performance - Día 4.docx
[2026-02-27T22:11:15.164+0000] {processor.py:183} INFO - Processing /opt/airflow/dags/Optimización y Performance - Día 4.docx took 0.109 seconds
[2026-02-27T22:11:45.738+0000] {processor.py:161} INFO - Started process (PID=668) to work on /opt/airflow/dags/Optimización y Performance - Día 4.docx
[2026-02-27T22:11:45.740+0000] {processor.py:830} INFO - Processing file /opt/airflow/dags/Optimización y Performance - Día 4.docx for tasks to queue
[2026-02-27T22:11:45.742+0000] {logging_mixin.py:188} INFO - [2026-02-27T22:11:45.741+0000] {dagbag.py:540} INFO - Filling up the DagBag from /opt/airflow/dags/Optimización y Performance - Día 4.docx
[2026-02-27T22:11:45.764+0000] {processor.py:842} WARNING - No viable dags retrieved from /opt/airflow/dags/Optimización y Performance - Día 4.docx
[2026-02-27T22:11:45.792+0000] {processor.py:183} INFO - Processing /opt/airflow/dags/Optimización y Performance - Día 4.docx took 0.062 seconds
[2026-02-27T22:12:16.247+0000] {processor.py:161} INFO - Started process (PID=676) to work on /opt/airflow/dags/Optimización y Performance - Día 4.docx
[2026-02-27T22:12:16.250+0000] {processor.py:830} INFO - Processing file /opt/airflow/dags/Optimización y Performance - Día 4.docx for tasks to queue
[2026-02-27T22:12:16.253+0000] {logging_mixin.py:188} INFO - [2026-02-27T22:12:16.252+0000] {dagbag.py:540} INFO - Filling up the DagBag from /opt/airflow/dags/Optimización y Performance - Día 4.docx
[2026-02-27T22:12:16.275+0000] {processor.py:842} WARNING - No viable dags retrieved from /opt/airflow/dags/Optimización y Performance - Día 4.docx
[2026-02-27T22:12:16.310+0000] {processor.py:183} INFO - Processing /opt/airflow/dags/Optimización y Performance - Día 4.docx took 0.075 seconds
[2026-02-27T22:12:46.675+0000] {processor.py:161} INFO - Started process (PID=684) to work on /opt/airflow/dags/Optimización y Performance - Día 4.docx
[2026-02-27T22:12:46.676+0000] {processor.py:830} INFO - Processing file /opt/airflow/dags/Optimización y Performance - Día 4.docx for tasks to queue
[2026-02-27T22:12:46.678+0000] {logging_mixin.py:188} INFO - [2026-02-27T22:12:46.678+0000] {dagbag.py:540} INFO - Filling up the DagBag from /opt/airflow/dags/Optimización y Performance - Día 4.docx
[2026-02-27T22:12:46.698+0000] {processor.py:842} WARNING - No viable dags retrieved from /opt/airflow/dags/Optimización y Performance - Día 4.docx
[2026-02-27T22:12:46.724+0000] {processor.py:183} INFO - Processing /opt/airflow/dags/Optimización y Performance - Día 4.docx took 0.059 seconds
[2026-02-27T22:13:17.045+0000] {processor.py:161} INFO - Started process (PID=692) to work on /opt/airflow/dags/Optimización y Performance - Día 4.docx
[2026-02-27T22:13:17.046+0000] {processor.py:830} INFO - Processing file /opt/airflow/dags/Optimización y Performance - Día 4.docx for tasks to queue
[2026-02-27T22:13:17.048+0000] {logging_mixin.py:188} INFO - [2026-02-27T22:13:17.047+0000] {dagbag.py:540} INFO - Filling up the DagBag from /opt/airflow/dags/Optimización y Performance - Día 4.docx
[2026-02-27T22:13:17.062+0000] {processor.py:842} WARNING - No viable dags retrieved from /opt/airflow/dags/Optimización y Performance - Día 4.docx
[2026-02-27T22:13:17.090+0000] {processor.py:183} INFO - Processing /opt/airflow/dags/Optimización y Performance - Día 4.docx took 0.054 seconds
[2026-02-27T22:13:47.674+0000] {processor.py:161} INFO - Started process (PID=700) to work on /opt/airflow/dags/Optimización y Performance - Día 4.docx
[2026-02-27T22:13:47.676+0000] {processor.py:830} INFO - Processing file /opt/airflow/dags/Optimización y Performance - Día 4.docx for tasks to queue
[2026-02-27T22:13:47.678+0000] {logging_mixin.py:188} INFO - [2026-02-27T22:13:47.677+0000] {dagbag.py:540} INFO - Filling up the DagBag from /opt/airflow/dags/Optimización y Performance - Día 4.docx
[2026-02-27T22:13:47.703+0000] {processor.py:842} WARNING - No viable dags retrieved from /opt/airflow/dags/Optimización y Performance - Día 4.docx
[2026-02-27T22:13:47.734+0000] {processor.py:183} INFO - Processing /opt/airflow/dags/Optimización y Performance - Día 4.docx took 0.075 seconds
[2026-02-27T22:14:18.184+0000] {processor.py:161} INFO - Started process (PID=708) to work on /opt/airflow/dags/Optimización y Performance - Día 4.docx
[2026-02-27T22:14:18.186+0000] {processor.py:830} INFO - Processing file /opt/airflow/dags/Optimización y Performance - Día 4.docx for tasks to queue
[2026-02-27T22:14:18.187+0000] {logging_mixin.py:188} INFO - [2026-02-27T22:14:18.187+0000] {dagbag.py:540} INFO - Filling up the DagBag from /opt/airflow/dags/Optimización y Performance - Día 4.docx
[2026-02-27T22:14:18.204+0000] {processor.py:842} WARNING - No viable dags retrieved from /opt/airflow/dags/Optimización y Performance - Día 4.docx
[2026-02-27T22:14:18.226+0000] {processor.py:183} INFO - Processing /opt/airflow/dags/Optimización y Performance - Día 4.docx took 0.050 seconds
[2026-02-27T22:14:48.562+0000] {processor.py:161} INFO - Started process (PID=716) to work on /opt/airflow/dags/Optimización y Performance - Día 4.docx
[2026-02-27T22:14:48.564+0000] {processor.py:830} INFO - Processing file /opt/airflow/dags/Optimización y Performance - Día 4.docx for tasks to queue
[2026-02-27T22:14:48.566+0000] {logging_mixin.py:188} INFO - [2026-02-27T22:14:48.566+0000] {dagbag.py:540} INFO - Filling up the DagBag from /opt/airflow/dags/Optimización y Performance - Día 4.docx
[2026-02-27T22:14:48.590+0000] {processor.py:842} WARNING - No viable dags retrieved from /opt/airflow/dags/Optimización y Performance - Día 4.docx
[2026-02-27T22:14:48.625+0000] {processor.py:183} INFO - Processing /opt/airflow/dags/Optimización y Performance - Día 4.docx took 0.075 seconds
[2026-02-27T22:15:18.861+0000] {processor.py:161} INFO - Started process (PID=724) to work on /opt/airflow/dags/Optimización y Performance - Día 4.docx
[2026-02-27T22:15:18.863+0000] {processor.py:830} INFO - Processing file /opt/airflow/dags/Optimización y Performance - Día 4.docx for tasks to queue
[2026-02-27T22:15:18.864+0000] {logging_mixin.py:188} INFO - [2026-02-27T22:15:18.864+0000] {dagbag.py:540} INFO - Filling up the DagBag from /opt/airflow/dags/Optimización y Performance - Día 4.docx
[2026-02-27T22:15:18.876+0000] {processor.py:842} WARNING - No viable dags retrieved from /opt/airflow/dags/Optimización y Performance - Día 4.docx
[2026-02-27T22:15:18.898+0000] {processor.py:183} INFO - Processing /opt/airflow/dags/Optimización y Performance - Día 4.docx took 0.045 seconds
[2026-02-27T22:15:49.284+0000] {processor.py:161} INFO - Started process (PID=732) to work on /opt/airflow/dags/Optimización y Performance - Día 4.docx
[2026-02-27T22:15:49.285+0000] {processor.py:830} INFO - Processing file /opt/airflow/dags/Optimización y Performance - Día 4.docx for tasks to queue
[2026-02-27T22:15:49.287+0000] {logging_mixin.py:188} INFO - [2026-02-27T22:15:49.287+0000] {dagbag.py:540} INFO - Filling up the DagBag from /opt/airflow/dags/Optimización y Performance - Día 4.docx
[2026-02-27T22:15:49.312+0000] {processor.py:842} WARNING - No viable dags retrieved from /opt/airflow/dags/Optimización y Performance - Día 4.docx
[2026-02-27T22:15:49.341+0000] {processor.py:183} INFO - Processing /opt/airflow/dags/Optimización y Performance - Día 4.docx took 0.066 seconds
[2026-02-27T22:16:19.783+0000] {processor.py:161} INFO - Started process (PID=740) to work on /opt/airflow/dags/Optimización y Performance - Día 4.docx
[2026-02-27T22:16:19.785+0000] {processor.py:830} INFO - Processing file /opt/airflow/dags/Optimización y Performance - Día 4.docx for tasks to queue
[2026-02-27T22:16:19.786+0000] {logging_mixin.py:188} INFO - [2026-02-27T22:16:19.786+0000] {dagbag.py:540} INFO - Filling up the DagBag from /opt/airflow/dags/Optimización y Performance - Día 4.docx
[2026-02-27T22:16:19.798+0000] {processor.py:842} WARNING - No viable dags retrieved from /opt/airflow/dags/Optimización y Performance - Día 4.docx
[2026-02-27T22:16:19.824+0000] {processor.py:183} INFO - Processing /opt/airflow/dags/Optimización y Performance - Día 4.docx took 0.050 seconds
[2026-02-27T22:16:50.336+0000] {processor.py:161} INFO - Started process (PID=748) to work on /opt/airflow/dags/Optimización y Performance - Día 4.docx
[2026-02-27T22:16:50.337+0000] {processor.py:830} INFO - Processing file /opt/airflow/dags/Optimización y Performance - Día 4.docx for tasks to queue
[2026-02-27T22:16:50.339+0000] {logging_mixin.py:188} INFO - [2026-02-27T22:16:50.339+0000] {dagbag.py:540} INFO - Filling up the DagBag from /opt/airflow/dags/Optimización y Performance - Día 4.docx
[2026-02-27T22:16:50.349+0000] {processor.py:842} WARNING - No viable dags retrieved from /opt/airflow/dags/Optimización y Performance - Día 4.docx
[2026-02-27T22:16:50.370+0000] {processor.py:183} INFO - Processing /opt/airflow/dags/Optimización y Performance - Día 4.docx took 0.042 seconds
[2026-02-27T22:17:20.721+0000] {processor.py:161} INFO - Started process (PID=756) to work on /opt/airflow/dags/Optimización y Performance - Día 4.docx
[2026-02-27T22:17:20.722+0000] {processor.py:830} INFO - Processing file /opt/airflow/dags/Optimización y Performance - Día 4.docx for tasks to queue
[2026-02-27T22:17:20.724+0000] {logging_mixin.py:188} INFO - [2026-02-27T22:17:20.723+0000] {dagbag.py:540} INFO - Filling up the DagBag from /opt/airflow/dags/Optimización y Performance - Día 4.docx
[2026-02-27T22:17:20.739+0000] {processor.py:842} WARNING - No viable dags retrieved from /opt/airflow/dags/Optimización y Performance - Día 4.docx
[2026-02-27T22:17:20.761+0000] {processor.py:183} INFO - Processing /opt/airflow/dags/Optimización y Performance - Día 4.docx took 0.049 seconds
[2026-02-27T22:17:51.063+0000] {processor.py:161} INFO - Started process (PID=764) to work on /opt/airflow/dags/Optimización y Performance - Día 4.docx
[2026-02-27T22:17:51.064+0000] {processor.py:830} INFO - Processing file /opt/airflow/dags/Optimización y Performance - Día 4.docx for tasks to queue
[2026-02-27T22:17:51.066+0000] {logging_mixin.py:188} INFO - [2026-02-27T22:17:51.066+0000] {dagbag.py:540} INFO - Filling up the DagBag from /opt/airflow/dags/Optimización y Performance - Día 4.docx
[2026-02-27T22:17:51.082+0000] {processor.py:842} WARNING - No viable dags retrieved from /opt/airflow/dags/Optimización y Performance - Día 4.docx
[2026-02-27T22:17:51.108+0000] {processor.py:183} INFO - Processing /opt/airflow/dags/Optimización y Performance - Día 4.docx took 0.053 seconds
[2026-02-27T22:18:21.337+0000] {processor.py:161} INFO - Started process (PID=772) to work on /opt/airflow/dags/Optimización y Performance - Día 4.docx
[2026-02-27T22:18:21.338+0000] {processor.py:830} INFO - Processing file /opt/airflow/dags/Optimización y Performance - Día 4.docx for tasks to queue
[2026-02-27T22:18:21.339+0000] {logging_mixin.py:188} INFO - [2026-02-27T22:18:21.339+0000] {dagbag.py:540} INFO - Filling up the DagBag from /opt/airflow/dags/Optimización y Performance - Día 4.docx
[2026-02-27T22:18:21.350+0000] {processor.py:842} WARNING - No viable dags retrieved from /opt/airflow/dags/Optimización y Performance - Día 4.docx
[2026-02-27T22:18:21.381+0000] {processor.py:183} INFO - Processing /opt/airflow/dags/Optimización y Performance - Día 4.docx took 0.053 seconds
[2026-02-27T22:18:51.794+0000] {processor.py:161} INFO - Started process (PID=780) to work on /opt/airflow/dags/Optimización y Performance - Día 4.docx
[2026-02-27T22:18:51.796+0000] {processor.py:830} INFO - Processing file /opt/airflow/dags/Optimización y Performance - Día 4.docx for tasks to queue
[2026-02-27T22:18:51.797+0000] {logging_mixin.py:188} INFO - [2026-02-27T22:18:51.797+0000] {dagbag.py:540} INFO - Filling up the DagBag from /opt/airflow/dags/Optimización y Performance - Día 4.docx
[2026-02-27T22:18:51.816+0000] {processor.py:842} WARNING - No viable dags retrieved from /opt/airflow/dags/Optimización y Performance - Día 4.docx
[2026-02-27T22:18:51.839+0000] {processor.py:183} INFO - Processing /opt/airflow/dags/Optimización y Performance - Día 4.docx took 0.053 seconds
[2026-02-27T22:19:22.253+0000] {processor.py:161} INFO - Started process (PID=788) to work on /opt/airflow/dags/Optimización y Performance - Día 4.docx
[2026-02-27T22:19:22.255+0000] {processor.py:830} INFO - Processing file /opt/airflow/dags/Optimización y Performance - Día 4.docx for tasks to queue
[2026-02-27T22:19:22.257+0000] {logging_mixin.py:188} INFO - [2026-02-27T22:19:22.257+0000] {dagbag.py:540} INFO - Filling up the DagBag from /opt/airflow/dags/Optimización y Performance - Día 4.docx
[2026-02-27T22:19:22.283+0000] {processor.py:842} WARNING - No viable dags retrieved from /opt/airflow/dags/Optimización y Performance - Día 4.docx
[2026-02-27T22:19:22.310+0000] {processor.py:183} INFO - Processing /opt/airflow/dags/Optimización y Performance - Día 4.docx took 0.065 seconds
[2026-02-27T22:19:52.677+0000] {processor.py:161} INFO - Started process (PID=796) to work on /opt/airflow/dags/Optimización y Performance - Día 4.docx
[2026-02-27T22:19:52.679+0000] {processor.py:830} INFO - Processing file /opt/airflow/dags/Optimización y Performance - Día 4.docx for tasks to queue
[2026-02-27T22:19:52.681+0000] {logging_mixin.py:188} INFO - [2026-02-27T22:19:52.680+0000] {dagbag.py:540} INFO - Filling up the DagBag from /opt/airflow/dags/Optimización y Performance - Día 4.docx
[2026-02-27T22:19:52.700+0000] {processor.py:842} WARNING - No viable dags retrieved from /opt/airflow/dags/Optimización y Performance - Día 4.docx
[2026-02-27T22:19:52.720+0000] {processor.py:183} INFO - Processing /opt/airflow/dags/Optimización y Performance - Día 4.docx took 0.055 seconds
[2026-02-27T22:20:23.292+0000] {processor.py:161} INFO - Started process (PID=804) to work on /opt/airflow/dags/Optimización y Performance - Día 4.docx
[2026-02-27T22:20:23.294+0000] {processor.py:830} INFO - Processing file /opt/airflow/dags/Optimización y Performance - Día 4.docx for tasks to queue
[2026-02-27T22:20:23.296+0000] {logging_mixin.py:188} INFO - [2026-02-27T22:20:23.295+0000] {dagbag.py:540} INFO - Filling up the DagBag from /opt/airflow/dags/Optimización y Performance - Día 4.docx
[2026-02-27T22:20:23.318+0000] {processor.py:842} WARNING - No viable dags retrieved from /opt/airflow/dags/Optimización y Performance - Día 4.docx
[2026-02-27T22:20:23.348+0000] {processor.py:183} INFO - Processing /opt/airflow/dags/Optimización y Performance - Día 4.docx took 0.067 seconds
[2026-02-27T22:20:53.916+0000] {processor.py:161} INFO - Started process (PID=812) to work on /opt/airflow/dags/Optimización y Performance - Día 4.docx
[2026-02-27T22:20:53.918+0000] {processor.py:830} INFO - Processing file /opt/airflow/dags/Optimización y Performance - Día 4.docx for tasks to queue
[2026-02-27T22:20:53.921+0000] {logging_mixin.py:188} INFO - [2026-02-27T22:20:53.920+0000] {dagbag.py:540} INFO - Filling up the DagBag from /opt/airflow/dags/Optimización y Performance - Día 4.docx
[2026-02-27T22:20:53.949+0000] {processor.py:842} WARNING - No viable dags retrieved from /opt/airflow/dags/Optimización y Performance - Día 4.docx
[2026-02-27T22:20:53.977+0000] {processor.py:183} INFO - Processing /opt/airflow/dags/Optimización y Performance - Día 4.docx took 0.073 seconds
[2026-02-27T22:21:24.466+0000] {processor.py:161} INFO - Started process (PID=820) to work on /opt/airflow/dags/Optimización y Performance - Día 4.docx
[2026-02-27T22:21:24.467+0000] {processor.py:830} INFO - Processing file /opt/airflow/dags/Optimización y Performance - Día 4.docx for tasks to queue
[2026-02-27T22:21:24.469+0000] {logging_mixin.py:188} INFO - [2026-02-27T22:21:24.469+0000] {dagbag.py:540} INFO - Filling up the DagBag from /opt/airflow/dags/Optimización y Performance - Día 4.docx
[2026-02-27T22:21:24.482+0000] {processor.py:842} WARNING - No viable dags retrieved from /opt/airflow/dags/Optimización y Performance - Día 4.docx
[2026-02-27T22:21:24.505+0000] {processor.py:183} INFO - Processing /opt/airflow/dags/Optimización y Performance - Día 4.docx took 0.047 seconds
[2026-02-27T22:21:55.161+0000] {processor.py:161} INFO - Started process (PID=828) to work on /opt/airflow/dags/Optimización y Performance - Día 4.docx
[2026-02-27T22:21:55.164+0000] {processor.py:830} INFO - Processing file /opt/airflow/dags/Optimización y Performance - Día 4.docx for tasks to queue
[2026-02-27T22:21:55.166+0000] {logging_mixin.py:188} INFO - [2026-02-27T22:21:55.165+0000] {dagbag.py:540} INFO - Filling up the DagBag from /opt/airflow/dags/Optimización y Performance - Día 4.docx
[2026-02-27T22:21:55.200+0000] {processor.py:842} WARNING - No viable dags retrieved from /opt/airflow/dags/Optimización y Performance - Día 4.docx
[2026-02-27T22:21:55.231+0000] {processor.py:183} INFO - Processing /opt/airflow/dags/Optimización y Performance - Día 4.docx took 0.083 seconds
[2026-02-27T22:22:25.859+0000] {processor.py:161} INFO - Started process (PID=836) to work on /opt/airflow/dags/Optimización y Performance - Día 4.docx
[2026-02-27T22:22:25.861+0000] {processor.py:830} INFO - Processing file /opt/airflow/dags/Optimización y Performance - Día 4.docx for tasks to queue
[2026-02-27T22:22:25.863+0000] {logging_mixin.py:188} INFO - [2026-02-27T22:22:25.863+0000] {dagbag.py:540} INFO - Filling up the DagBag from /opt/airflow/dags/Optimización y Performance - Día 4.docx
[2026-02-27T22:22:25.885+0000] {processor.py:842} WARNING - No viable dags retrieved from /opt/airflow/dags/Optimización y Performance - Día 4.docx
[2026-02-27T22:22:25.912+0000] {processor.py:183} INFO - Processing /opt/airflow/dags/Optimización y Performance - Día 4.docx took 0.061 seconds
[2026-02-27T22:22:56.475+0000] {processor.py:161} INFO - Started process (PID=844) to work on /opt/airflow/dags/Optimización y Performance - Día 4.docx
[2026-02-27T22:22:56.477+0000] {processor.py:830} INFO - Processing file /opt/airflow/dags/Optimización y Performance - Día 4.docx for tasks to queue
[2026-02-27T22:22:56.478+0000] {logging_mixin.py:188} INFO - [2026-02-27T22:22:56.478+0000] {dagbag.py:540} INFO - Filling up the DagBag from /opt/airflow/dags/Optimización y Performance - Día 4.docx
[2026-02-27T22:22:56.499+0000] {processor.py:842} WARNING - No viable dags retrieved from /opt/airflow/dags/Optimización y Performance - Día 4.docx
[2026-02-27T22:22:56.523+0000] {processor.py:183} INFO - Processing /opt/airflow/dags/Optimización y Performance - Día 4.docx took 0.056 seconds
[2026-02-27T22:23:26.961+0000] {processor.py:161} INFO - Started process (PID=852) to work on /opt/airflow/dags/Optimización y Performance - Día 4.docx
[2026-02-27T22:23:26.963+0000] {processor.py:830} INFO - Processing file /opt/airflow/dags/Optimización y Performance - Día 4.docx for tasks to queue
[2026-02-27T22:23:26.964+0000] {logging_mixin.py:188} INFO - [2026-02-27T22:23:26.964+0000] {dagbag.py:540} INFO - Filling up the DagBag from /opt/airflow/dags/Optimización y Performance - Día 4.docx
[2026-02-27T22:23:26.986+0000] {processor.py:842} WARNING - No viable dags retrieved from /opt/airflow/dags/Optimización y Performance - Día 4.docx
[2026-02-27T22:23:27.012+0000] {processor.py:183} INFO - Processing /opt/airflow/dags/Optimización y Performance - Día 4.docx took 0.060 seconds
[2026-02-27T22:23:57.374+0000] {processor.py:161} INFO - Started process (PID=860) to work on /opt/airflow/dags/Optimización y Performance - Día 4.docx
[2026-02-27T22:23:57.375+0000] {processor.py:830} INFO - Processing file /opt/airflow/dags/Optimización y Performance - Día 4.docx for tasks to queue
[2026-02-27T22:23:57.377+0000] {logging_mixin.py:188} INFO - [2026-02-27T22:23:57.376+0000] {dagbag.py:540} INFO - Filling up the DagBag from /opt/airflow/dags/Optimización y Performance - Día 4.docx
[2026-02-27T22:23:57.393+0000] {processor.py:842} WARNING - No viable dags retrieved from /opt/airflow/dags/Optimización y Performance - Día 4.docx
[2026-02-27T22:23:57.417+0000] {processor.py:183} INFO - Processing /opt/airflow/dags/Optimización y Performance - Día 4.docx took 0.051 seconds
[2026-02-27T22:24:27.929+0000] {processor.py:161} INFO - Started process (PID=868) to work on /opt/airflow/dags/Optimización y Performance - Día 4.docx
[2026-02-27T22:24:27.931+0000] {processor.py:830} INFO - Processing file /opt/airflow/dags/Optimización y Performance - Día 4.docx for tasks to queue
[2026-02-27T22:24:27.933+0000] {logging_mixin.py:188} INFO - [2026-02-27T22:24:27.932+0000] {dagbag.py:540} INFO - Filling up the DagBag from /opt/airflow/dags/Optimización y Performance - Día 4.docx
[2026-02-27T22:24:27.949+0000] {processor.py:842} WARNING - No viable dags retrieved from /opt/airflow/dags/Optimización y Performance - Día 4.docx
[2026-02-27T22:24:27.982+0000] {processor.py:183} INFO - Processing /opt/airflow/dags/Optimización y Performance - Día 4.docx took 0.065 seconds
[2026-02-27T22:24:58.507+0000] {processor.py:161} INFO - Started process (PID=876) to work on /opt/airflow/dags/Optimización y Performance - Día 4.docx
[2026-02-27T22:24:58.508+0000] {processor.py:830} INFO - Processing file /opt/airflow/dags/Optimización y Performance - Día 4.docx for tasks to queue
[2026-02-27T22:24:58.510+0000] {logging_mixin.py:188} INFO - [2026-02-27T22:24:58.509+0000] {dagbag.py:540} INFO - Filling up the DagBag from /opt/airflow/dags/Optimización y Performance - Día 4.docx
[2026-02-27T22:24:58.521+0000] {processor.py:842} WARNING - No viable dags retrieved from /opt/airflow/dags/Optimización y Performance - Día 4.docx
[2026-02-27T22:24:58.542+0000] {processor.py:183} INFO - Processing /opt/airflow/dags/Optimización y Performance - Día 4.docx took 0.043 seconds
[2026-02-27T22:25:28.900+0000] {processor.py:161} INFO - Started process (PID=884) to work on /opt/airflow/dags/Optimización y Performance - Día 4.docx
[2026-02-27T22:25:28.902+0000] {processor.py:830} INFO - Processing file /opt/airflow/dags/Optimización y Performance - Día 4.docx for tasks to queue
[2026-02-27T22:25:28.903+0000] {logging_mixin.py:188} INFO - [2026-02-27T22:25:28.902+0000] {dagbag.py:540} INFO - Filling up the DagBag from /opt/airflow/dags/Optimización y Performance - Día 4.docx
[2026-02-27T22:25:28.916+0000] {processor.py:842} WARNING - No viable dags retrieved from /opt/airflow/dags/Optimización y Performance - Día 4.docx
[2026-02-27T22:25:28.940+0000] {processor.py:183} INFO - Processing /opt/airflow/dags/Optimización y Performance - Día 4.docx took 0.048 seconds
[2026-02-27T22:25:59.348+0000] {processor.py:161} INFO - Started process (PID=892) to work on /opt/airflow/dags/Optimización y Performance - Día 4.docx
[2026-02-27T22:25:59.350+0000] {processor.py:830} INFO - Processing file /opt/airflow/dags/Optimización y Performance - Día 4.docx for tasks to queue
[2026-02-27T22:25:59.352+0000] {logging_mixin.py:188} INFO - [2026-02-27T22:25:59.352+0000] {dagbag.py:540} INFO - Filling up the DagBag from /opt/airflow/dags/Optimización y Performance - Día 4.docx
[2026-02-27T22:25:59.369+0000] {processor.py:842} WARNING - No viable dags retrieved from /opt/airflow/dags/Optimización y Performance - Día 4.docx
[2026-02-27T22:25:59.393+0000] {processor.py:183} INFO - Processing /opt/airflow/dags/Optimización y Performance - Día 4.docx took 0.054 seconds
[2026-02-27T22:26:29.774+0000] {processor.py:161} INFO - Started process (PID=900) to work on /opt/airflow/dags/Optimización y Performance - Día 4.docx
[2026-02-27T22:26:29.776+0000] {processor.py:830} INFO - Processing file /opt/airflow/dags/Optimización y Performance - Día 4.docx for tasks to queue
[2026-02-27T22:26:29.778+0000] {logging_mixin.py:188} INFO - [2026-02-27T22:26:29.777+0000] {dagbag.py:540} INFO - Filling up the DagBag from /opt/airflow/dags/Optimización y Performance - Día 4.docx
[2026-02-27T22:26:29.795+0000] {processor.py:842} WARNING - No viable dags retrieved from /opt/airflow/dags/Optimización y Performance - Día 4.docx
[2026-02-27T22:26:29.822+0000] {processor.py:183} INFO - Processing /opt/airflow/dags/Optimización y Performance - Día 4.docx took 0.057 seconds
[2026-02-27T22:27:00.338+0000] {processor.py:161} INFO - Started process (PID=908) to work on /opt/airflow/dags/Optimización y Performance - Día 4.docx
[2026-02-27T22:27:00.339+0000] {processor.py:830} INFO - Processing file /opt/airflow/dags/Optimización y Performance - Día 4.docx for tasks to queue
[2026-02-27T22:27:00.341+0000] {logging_mixin.py:188} INFO - [2026-02-27T22:27:00.341+0000] {dagbag.py:540} INFO - Filling up the DagBag from /opt/airflow/dags/Optimización y Performance - Día 4.docx
[2026-02-27T22:27:00.354+0000] {processor.py:842} WARNING - No viable dags retrieved from /opt/airflow/dags/Optimización y Performance - Día 4.docx
[2026-02-27T22:27:00.378+0000] {processor.py:183} INFO - Processing /opt/airflow/dags/Optimización y Performance - Día 4.docx took 0.051 seconds
[2026-02-27T22:27:30.738+0000] {processor.py:161} INFO - Started process (PID=916) to work on /opt/airflow/dags/Optimización y Performance - Día 4.docx
[2026-02-27T22:27:30.741+0000] {processor.py:830} INFO - Processing file /opt/airflow/dags/Optimización y Performance - Día 4.docx for tasks to queue
[2026-02-27T22:27:30.744+0000] {logging_mixin.py:188} INFO - [2026-02-27T22:27:30.743+0000] {dagbag.py:540} INFO - Filling up the DagBag from /opt/airflow/dags/Optimización y Performance - Día 4.docx
[2026-02-27T22:27:30.765+0000] {processor.py:842} WARNING - No viable dags retrieved from /opt/airflow/dags/Optimización y Performance - Día 4.docx
[2026-02-27T22:27:30.796+0000] {processor.py:183} INFO - Processing /opt/airflow/dags/Optimización y Performance - Día 4.docx took 0.071 seconds
[2026-02-27T22:28:01.133+0000] {processor.py:161} INFO - Started process (PID=924) to work on /opt/airflow/dags/Optimización y Performance - Día 4.docx
[2026-02-27T22:28:01.135+0000] {processor.py:830} INFO - Processing file /opt/airflow/dags/Optimización y Performance - Día 4.docx for tasks to queue
[2026-02-27T22:28:01.136+0000] {logging_mixin.py:188} INFO - [2026-02-27T22:28:01.136+0000] {dagbag.py:540} INFO - Filling up the DagBag from /opt/airflow/dags/Optimización y Performance - Día 4.docx
[2026-02-27T22:28:01.155+0000] {processor.py:842} WARNING - No viable dags retrieved from /opt/airflow/dags/Optimización y Performance - Día 4.docx
[2026-02-27T22:28:01.178+0000] {processor.py:183} INFO - Processing /opt/airflow/dags/Optimización y Performance - Día 4.docx took 0.052 seconds
[2026-02-27T22:28:31.564+0000] {processor.py:161} INFO - Started process (PID=932) to work on /opt/airflow/dags/Optimización y Performance - Día 4.docx
[2026-02-27T22:28:31.566+0000] {processor.py:830} INFO - Processing file /opt/airflow/dags/Optimización y Performance - Día 4.docx for tasks to queue
[2026-02-27T22:28:31.567+0000] {logging_mixin.py:188} INFO - [2026-02-27T22:28:31.567+0000] {dagbag.py:540} INFO - Filling up the DagBag from /opt/airflow/dags/Optimización y Performance - Día 4.docx
[2026-02-27T22:28:31.581+0000] {processor.py:842} WARNING - No viable dags retrieved from /opt/airflow/dags/Optimización y Performance - Día 4.docx
[2026-02-27T22:28:31.605+0000] {processor.py:183} INFO - Processing /opt/airflow/dags/Optimización y Performance - Día 4.docx took 0.049 seconds
[2026-02-27T22:29:02.012+0000] {processor.py:161} INFO - Started process (PID=940) to work on /opt/airflow/dags/Optimización y Performance - Día 4.docx
[2026-02-27T22:29:02.013+0000] {processor.py:830} INFO - Processing file /opt/airflow/dags/Optimización y Performance - Día 4.docx for tasks to queue
[2026-02-27T22:29:02.015+0000] {logging_mixin.py:188} INFO - [2026-02-27T22:29:02.015+0000] {dagbag.py:540} INFO - Filling up the DagBag from /opt/airflow/dags/Optimización y Performance - Día 4.docx
[2026-02-27T22:29:02.027+0000] {processor.py:842} WARNING - No viable dags retrieved from /opt/airflow/dags/Optimización y Performance - Día 4.docx
[2026-02-27T22:29:02.050+0000] {processor.py:183} INFO - Processing /opt/airflow/dags/Optimización y Performance - Día 4.docx took 0.047 seconds
[2026-02-27T22:29:32.386+0000] {processor.py:161} INFO - Started process (PID=948) to work on /opt/airflow/dags/Optimización y Performance - Día 4.docx
[2026-02-27T22:29:32.387+0000] {processor.py:830} INFO - Processing file /opt/airflow/dags/Optimización y Performance - Día 4.docx for tasks to queue
[2026-02-27T22:29:32.389+0000] {logging_mixin.py:188} INFO - [2026-02-27T22:29:32.388+0000] {dagbag.py:540} INFO - Filling up the DagBag from /opt/airflow/dags/Optimización y Performance - Día 4.docx
[2026-02-27T22:29:32.409+0000] {processor.py:842} WARNING - No viable dags retrieved from /opt/airflow/dags/Optimización y Performance - Día 4.docx
[2026-02-27T22:29:32.433+0000] {processor.py:183} INFO - Processing /opt/airflow/dags/Optimización y Performance - Día 4.docx took 0.055 seconds
[2026-02-27T22:30:02.880+0000] {processor.py:161} INFO - Started process (PID=956) to work on /opt/airflow/dags/Optimización y Performance - Día 4.docx
[2026-02-27T22:30:02.882+0000] {processor.py:830} INFO - Processing file /opt/airflow/dags/Optimización y Performance - Día 4.docx for tasks to queue
[2026-02-27T22:30:02.883+0000] {logging_mixin.py:188} INFO - [2026-02-27T22:30:02.883+0000] {dagbag.py:540} INFO - Filling up the DagBag from /opt/airflow/dags/Optimización y Performance - Día 4.docx
[2026-02-27T22:30:02.896+0000] {processor.py:842} WARNING - No viable dags retrieved from /opt/airflow/dags/Optimización y Performance - Día 4.docx
[2026-02-27T22:30:02.919+0000] {processor.py:183} INFO - Processing /opt/airflow/dags/Optimización y Performance - Día 4.docx took 0.046 seconds
[2026-02-27T22:30:33.298+0000] {processor.py:161} INFO - Started process (PID=964) to work on /opt/airflow/dags/Optimización y Performance - Día 4.docx
[2026-02-27T22:30:33.300+0000] {processor.py:830} INFO - Processing file /opt/airflow/dags/Optimización y Performance - Día 4.docx for tasks to queue
[2026-02-27T22:30:33.301+0000] {logging_mixin.py:188} INFO - [2026-02-27T22:30:33.301+0000] {dagbag.py:540} INFO - Filling up the DagBag from /opt/airflow/dags/Optimización y Performance - Día 4.docx
[2026-02-27T22:30:33.317+0000] {processor.py:842} WARNING - No viable dags retrieved from /opt/airflow/dags/Optimización y Performance - Día 4.docx
[2026-02-27T22:30:33.346+0000] {processor.py:183} INFO - Processing /opt/airflow/dags/Optimización y Performance - Día 4.docx took 0.057 seconds
[2026-02-27T22:31:03.684+0000] {processor.py:161} INFO - Started process (PID=972) to work on /opt/airflow/dags/Optimización y Performance - Día 4.docx
[2026-02-27T22:31:03.686+0000] {processor.py:830} INFO - Processing file /opt/airflow/dags/Optimización y Performance - Día 4.docx for tasks to queue
[2026-02-27T22:31:03.688+0000] {logging_mixin.py:188} INFO - [2026-02-27T22:31:03.687+0000] {dagbag.py:540} INFO - Filling up the DagBag from /opt/airflow/dags/Optimización y Performance - Día 4.docx
[2026-02-27T22:31:03.706+0000] {processor.py:842} WARNING - No viable dags retrieved from /opt/airflow/dags/Optimización y Performance - Día 4.docx
[2026-02-27T22:31:03.743+0000] {processor.py:183} INFO - Processing /opt/airflow/dags/Optimización y Performance - Día 4.docx took 0.068 seconds
[2026-02-27T22:31:34.163+0000] {processor.py:161} INFO - Started process (PID=980) to work on /opt/airflow/dags/Optimización y Performance - Día 4.docx
[2026-02-27T22:31:34.165+0000] {processor.py:830} INFO - Processing file /opt/airflow/dags/Optimización y Performance - Día 4.docx for tasks to queue
[2026-02-27T22:31:34.167+0000] {logging_mixin.py:188} INFO - [2026-02-27T22:31:34.166+0000] {dagbag.py:540} INFO - Filling up the DagBag from /opt/airflow/dags/Optimización y Performance - Día 4.docx
[2026-02-27T22:31:34.181+0000] {processor.py:842} WARNING - No viable dags retrieved from /opt/airflow/dags/Optimización y Performance - Día 4.docx
[2026-02-27T22:31:34.212+0000] {processor.py:183} INFO - Processing /opt/airflow/dags/Optimización y Performance - Día 4.docx took 0.058 seconds
[2026-02-27T22:32:04.753+0000] {processor.py:161} INFO - Started process (PID=988) to work on /opt/airflow/dags/Optimización y Performance - Día 4.docx
[2026-02-27T22:32:04.754+0000] {processor.py:830} INFO - Processing file /opt/airflow/dags/Optimización y Performance - Día 4.docx for tasks to queue
[2026-02-27T22:32:04.756+0000] {logging_mixin.py:188} INFO - [2026-02-27T22:32:04.755+0000] {dagbag.py:540} INFO - Filling up the DagBag from /opt/airflow/dags/Optimización y Performance - Día 4.docx
[2026-02-27T22:32:04.765+0000] {processor.py:842} WARNING - No viable dags retrieved from /opt/airflow/dags/Optimización y Performance - Día 4.docx
[2026-02-27T22:32:04.786+0000] {processor.py:183} INFO - Processing /opt/airflow/dags/Optimización y Performance - Día 4.docx took 0.041 seconds
[2026-02-27T22:32:35.071+0000] {processor.py:161} INFO - Started process (PID=996) to work on /opt/airflow/dags/Optimización y Performance - Día 4.docx
[2026-02-27T22:32:35.073+0000] {processor.py:830} INFO - Processing file /opt/airflow/dags/Optimización y Performance - Día 4.docx for tasks to queue
[2026-02-27T22:32:35.075+0000] {logging_mixin.py:188} INFO - [2026-02-27T22:32:35.075+0000] {dagbag.py:540} INFO - Filling up the DagBag from /opt/airflow/dags/Optimización y Performance - Día 4.docx
[2026-02-27T22:32:35.094+0000] {processor.py:842} WARNING - No viable dags retrieved from /opt/airflow/dags/Optimización y Performance - Día 4.docx
[2026-02-27T22:32:35.119+0000] {processor.py:183} INFO - Processing /opt/airflow/dags/Optimización y Performance - Día 4.docx took 0.058 seconds
[2026-02-27T22:33:05.620+0000] {processor.py:161} INFO - Started process (PID=1004) to work on /opt/airflow/dags/Optimización y Performance - Día 4.docx
[2026-02-27T22:33:05.622+0000] {processor.py:830} INFO - Processing file /opt/airflow/dags/Optimización y Performance - Día 4.docx for tasks to queue
[2026-02-27T22:33:05.624+0000] {logging_mixin.py:188} INFO - [2026-02-27T22:33:05.623+0000] {dagbag.py:540} INFO - Filling up the DagBag from /opt/airflow/dags/Optimización y Performance - Día 4.docx
[2026-02-27T22:33:05.643+0000] {processor.py:842} WARNING - No viable dags retrieved from /opt/airflow/dags/Optimización y Performance - Día 4.docx
[2026-02-27T22:33:05.675+0000] {processor.py:183} INFO - Processing /opt/airflow/dags/Optimización y Performance - Día 4.docx took 0.066 seconds
[2026-02-27T22:33:36.056+0000] {processor.py:161} INFO - Started process (PID=1012) to work on /opt/airflow/dags/Optimización y Performance - Día 4.docx
[2026-02-27T22:33:36.058+0000] {processor.py:830} INFO - Processing file /opt/airflow/dags/Optimización y Performance - Día 4.docx for tasks to queue
[2026-02-27T22:33:36.060+0000] {logging_mixin.py:188} INFO - [2026-02-27T22:33:36.059+0000] {dagbag.py:540} INFO - Filling up the DagBag from /opt/airflow/dags/Optimización y Performance - Día 4.docx
[2026-02-27T22:33:36.079+0000] {processor.py:842} WARNING - No viable dags retrieved from /opt/airflow/dags/Optimización y Performance - Día 4.docx
[2026-02-27T22:33:36.103+0000] {processor.py:183} INFO - Processing /opt/airflow/dags/Optimización y Performance - Día 4.docx took 0.055 seconds
[2026-02-27T22:34:06.663+0000] {processor.py:161} INFO - Started process (PID=1020) to work on /opt/airflow/dags/Optimización y Performance - Día 4.docx
[2026-02-27T22:34:06.665+0000] {processor.py:830} INFO - Processing file /opt/airflow/dags/Optimización y Performance - Día 4.docx for tasks to queue
[2026-02-27T22:34:06.667+0000] {logging_mixin.py:188} INFO - [2026-02-27T22:34:06.666+0000] {dagbag.py:540} INFO - Filling up the DagBag from /opt/airflow/dags/Optimización y Performance - Día 4.docx
[2026-02-27T22:34:06.684+0000] {processor.py:842} WARNING - No viable dags retrieved from /opt/airflow/dags/Optimización y Performance - Día 4.docx
[2026-02-27T22:34:06.715+0000] {processor.py:183} INFO - Processing /opt/airflow/dags/Optimización y Performance - Día 4.docx took 0.063 seconds
[2026-02-27T22:34:37.176+0000] {processor.py:161} INFO - Started process (PID=1028) to work on /opt/airflow/dags/Optimización y Performance - Día 4.docx
[2026-02-27T22:34:37.178+0000] {processor.py:830} INFO - Processing file /opt/airflow/dags/Optimización y Performance - Día 4.docx for tasks to queue
[2026-02-27T22:34:37.182+0000] {logging_mixin.py:188} INFO - [2026-02-27T22:34:37.181+0000] {dagbag.py:540} INFO - Filling up the DagBag from /opt/airflow/dags/Optimización y Performance - Día 4.docx
[2026-02-27T22:34:37.200+0000] {processor.py:842} WARNING - No viable dags retrieved from /opt/airflow/dags/Optimización y Performance - Día 4.docx
[2026-02-27T22:34:37.226+0000] {processor.py:183} INFO - Processing /opt/airflow/dags/Optimización y Performance - Día 4.docx took 0.061 seconds
[2026-02-27T22:35:07.591+0000] {processor.py:161} INFO - Started process (PID=1036) to work on /opt/airflow/dags/Optimización y Performance - Día 4.docx
[2026-02-27T22:35:07.593+0000] {processor.py:830} INFO - Processing file /opt/airflow/dags/Optimización y Performance - Día 4.docx for tasks to queue
[2026-02-27T22:35:07.594+0000] {logging_mixin.py:188} INFO - [2026-02-27T22:35:07.594+0000] {dagbag.py:540} INFO - Filling up the DagBag from /opt/airflow/dags/Optimización y Performance - Día 4.docx
[2026-02-27T22:35:07.606+0000] {processor.py:842} WARNING - No viable dags retrieved from /opt/airflow/dags/Optimización y Performance - Día 4.docx
[2026-02-27T22:35:07.628+0000] {processor.py:183} INFO - Processing /opt/airflow/dags/Optimización y Performance - Día 4.docx took 0.045 seconds
[2026-02-27T22:35:38.051+0000] {processor.py:161} INFO - Started process (PID=1044) to work on /opt/airflow/dags/Optimización y Performance - Día 4.docx
[2026-02-27T22:35:38.053+0000] {processor.py:830} INFO - Processing file /opt/airflow/dags/Optimización y Performance - Día 4.docx for tasks to queue
[2026-02-27T22:35:38.055+0000] {logging_mixin.py:188} INFO - [2026-02-27T22:35:38.055+0000] {dagbag.py:540} INFO - Filling up the DagBag from /opt/airflow/dags/Optimización y Performance - Día 4.docx
[2026-02-27T22:35:38.073+0000] {processor.py:842} WARNING - No viable dags retrieved from /opt/airflow/dags/Optimización y Performance - Día 4.docx
[2026-02-27T22:35:38.099+0000] {processor.py:183} INFO - Processing /opt/airflow/dags/Optimización y Performance - Día 4.docx took 0.060 seconds
[2026-02-27T22:36:08.467+0000] {processor.py:161} INFO - Started process (PID=1052) to work on /opt/airflow/dags/Optimización y Performance - Día 4.docx
[2026-02-27T22:36:08.468+0000] {processor.py:830} INFO - Processing file /opt/airflow/dags/Optimización y Performance - Día 4.docx for tasks to queue
[2026-02-27T22:36:08.470+0000] {logging_mixin.py:188} INFO - [2026-02-27T22:36:08.469+0000] {dagbag.py:540} INFO - Filling up the DagBag from /opt/airflow/dags/Optimización y Performance - Día 4.docx
[2026-02-27T22:36:08.483+0000] {processor.py:842} WARNING - No viable dags retrieved from /opt/airflow/dags/Optimización y Performance - Día 4.docx
[2026-02-27T22:36:08.508+0000] {processor.py:183} INFO - Processing /opt/airflow/dags/Optimización y Performance - Día 4.docx took 0.048 seconds
[2026-02-27T22:36:38.912+0000] {processor.py:161} INFO - Started process (PID=1060) to work on /opt/airflow/dags/Optimización y Performance - Día 4.docx
[2026-02-27T22:36:38.914+0000] {processor.py:830} INFO - Processing file /opt/airflow/dags/Optimización y Performance - Día 4.docx for tasks to queue
[2026-02-27T22:36:38.915+0000] {logging_mixin.py:188} INFO - [2026-02-27T22:36:38.915+0000] {dagbag.py:540} INFO - Filling up the DagBag from /opt/airflow/dags/Optimización y Performance - Día 4.docx
[2026-02-27T22:36:38.933+0000] {processor.py:842} WARNING - No viable dags retrieved from /opt/airflow/dags/Optimización y Performance - Día 4.docx
[2026-02-27T22:36:38.953+0000] {processor.py:183} INFO - Processing /opt/airflow/dags/Optimización y Performance - Día 4.docx took 0.050 seconds
[2026-02-27T22:37:09.456+0000] {processor.py:161} INFO - Started process (PID=1068) to work on /opt/airflow/dags/Optimización y Performance - Día 4.docx
[2026-02-27T22:37:09.457+0000] {processor.py:830} INFO - Processing file /opt/airflow/dags/Optimización y Performance - Día 4.docx for tasks to queue
[2026-02-27T22:37:09.459+0000] {logging_mixin.py:188} INFO - [2026-02-27T22:37:09.458+0000] {dagbag.py:540} INFO - Filling up the DagBag from /opt/airflow/dags/Optimización y Performance - Día 4.docx
[2026-02-27T22:37:09.470+0000] {processor.py:842} WARNING - No viable dags retrieved from /opt/airflow/dags/Optimización y Performance - Día 4.docx
[2026-02-27T22:37:09.490+0000] {processor.py:183} INFO - Processing /opt/airflow/dags/Optimización y Performance - Día 4.docx took 0.042 seconds
[2026-02-27T22:37:39.865+0000] {processor.py:161} INFO - Started process (PID=1076) to work on /opt/airflow/dags/Optimización y Performance - Día 4.docx
[2026-02-27T22:37:39.867+0000] {processor.py:830} INFO - Processing file /opt/airflow/dags/Optimización y Performance - Día 4.docx for tasks to queue
[2026-02-27T22:37:39.869+0000] {logging_mixin.py:188} INFO - [2026-02-27T22:37:39.868+0000] {dagbag.py:540} INFO - Filling up the DagBag from /opt/airflow/dags/Optimización y Performance - Día 4.docx
[2026-02-27T22:37:39.884+0000] {processor.py:842} WARNING - No viable dags retrieved from /opt/airflow/dags/Optimización y Performance - Día 4.docx
[2026-02-27T22:37:39.906+0000] {processor.py:183} INFO - Processing /opt/airflow/dags/Optimización y Performance - Día 4.docx took 0.050 seconds
[2026-02-27T22:38:10.357+0000] {processor.py:161} INFO - Started process (PID=1084) to work on /opt/airflow/dags/Optimización y Performance - Día 4.docx
[2026-02-27T22:38:10.359+0000] {processor.py:830} INFO - Processing file /opt/airflow/dags/Optimización y Performance - Día 4.docx for tasks to queue
[2026-02-27T22:38:10.361+0000] {logging_mixin.py:188} INFO - [2026-02-27T22:38:10.360+0000] {dagbag.py:540} INFO - Filling up the DagBag from /opt/airflow/dags/Optimización y Performance - Día 4.docx
[2026-02-27T22:38:10.381+0000] {processor.py:842} WARNING - No viable dags retrieved from /opt/airflow/dags/Optimización y Performance - Día 4.docx
[2026-02-27T22:38:10.408+0000] {processor.py:183} INFO - Processing /opt/airflow/dags/Optimización y Performance - Día 4.docx took 0.060 seconds
[2026-02-27T22:38:40.900+0000] {processor.py:161} INFO - Started process (PID=1092) to work on /opt/airflow/dags/Optimización y Performance - Día 4.docx
[2026-02-27T22:38:40.903+0000] {processor.py:830} INFO - Processing file /opt/airflow/dags/Optimización y Performance - Día 4.docx for tasks to queue
[2026-02-27T22:38:40.905+0000] {logging_mixin.py:188} INFO - [2026-02-27T22:38:40.905+0000] {dagbag.py:540} INFO - Filling up the DagBag from /opt/airflow/dags/Optimización y Performance - Día 4.docx
[2026-02-27T22:38:40.923+0000] {processor.py:842} WARNING - No viable dags retrieved from /opt/airflow/dags/Optimización y Performance - Día 4.docx
[2026-02-27T22:38:40.949+0000] {processor.py:183} INFO - Processing /opt/airflow/dags/Optimización y Performance - Día 4.docx took 0.058 seconds
[2026-02-27T22:39:11.247+0000] {processor.py:161} INFO - Started process (PID=1100) to work on /opt/airflow/dags/Optimización y Performance - Día 4.docx
[2026-02-27T22:39:11.249+0000] {processor.py:830} INFO - Processing file /opt/airflow/dags/Optimización y Performance - Día 4.docx for tasks to queue
[2026-02-27T22:39:11.252+0000] {logging_mixin.py:188} INFO - [2026-02-27T22:39:11.251+0000] {dagbag.py:540} INFO - Filling up the DagBag from /opt/airflow/dags/Optimización y Performance - Día 4.docx
[2026-02-27T22:39:11.279+0000] {processor.py:842} WARNING - No viable dags retrieved from /opt/airflow/dags/Optimización y Performance - Día 4.docx
[2026-02-27T22:39:11.305+0000] {processor.py:183} INFO - Processing /opt/airflow/dags/Optimización y Performance - Día 4.docx took 0.067 seconds
[2026-02-27T22:39:41.841+0000] {processor.py:161} INFO - Started process (PID=1108) to work on /opt/airflow/dags/Optimización y Performance - Día 4.docx
[2026-02-27T22:39:41.843+0000] {processor.py:830} INFO - Processing file /opt/airflow/dags/Optimización y Performance - Día 4.docx for tasks to queue
[2026-02-27T22:39:41.845+0000] {logging_mixin.py:188} INFO - [2026-02-27T22:39:41.845+0000] {dagbag.py:540} INFO - Filling up the DagBag from /opt/airflow/dags/Optimización y Performance - Día 4.docx
[2026-02-27T22:39:41.865+0000] {processor.py:842} WARNING - No viable dags retrieved from /opt/airflow/dags/Optimización y Performance - Día 4.docx
[2026-02-27T22:39:41.890+0000] {processor.py:183} INFO - Processing /opt/airflow/dags/Optimización y Performance - Día 4.docx took 0.058 seconds
[2026-02-27T22:40:12.452+0000] {processor.py:161} INFO - Started process (PID=1116) to work on /opt/airflow/dags/Optimización y Performance - Día 4.docx
[2026-02-27T22:40:12.454+0000] {processor.py:830} INFO - Processing file /opt/airflow/dags/Optimización y Performance - Día 4.docx for tasks to queue
[2026-02-27T22:40:12.456+0000] {logging_mixin.py:188} INFO - [2026-02-27T22:40:12.455+0000] {dagbag.py:540} INFO - Filling up the DagBag from /opt/airflow/dags/Optimización y Performance - Día 4.docx
[2026-02-27T22:40:12.471+0000] {processor.py:842} WARNING - No viable dags retrieved from /opt/airflow/dags/Optimización y Performance - Día 4.docx
[2026-02-27T22:40:12.497+0000] {processor.py:183} INFO - Processing /opt/airflow/dags/Optimización y Performance - Día 4.docx took 0.056 seconds
[2026-02-27T22:40:42.964+0000] {processor.py:161} INFO - Started process (PID=1124) to work on /opt/airflow/dags/Optimización y Performance - Día 4.docx
[2026-02-27T22:40:42.965+0000] {processor.py:830} INFO - Processing file /opt/airflow/dags/Optimización y Performance - Día 4.docx for tasks to queue
[2026-02-27T22:40:42.967+0000] {logging_mixin.py:188} INFO - [2026-02-27T22:40:42.966+0000] {dagbag.py:540} INFO - Filling up the DagBag from /opt/airflow/dags/Optimización y Performance - Día 4.docx
[2026-02-27T22:40:42.978+0000] {processor.py:842} WARNING - No viable dags retrieved from /opt/airflow/dags/Optimización y Performance - Día 4.docx
[2026-02-27T22:40:43.009+0000] {processor.py:183} INFO - Processing /opt/airflow/dags/Optimización y Performance - Día 4.docx took 0.052 seconds
[2026-02-27T22:41:13.614+0000] {processor.py:161} INFO - Started process (PID=1132) to work on /opt/airflow/dags/Optimización y Performance - Día 4.docx
[2026-02-27T22:41:13.616+0000] {processor.py:830} INFO - Processing file /opt/airflow/dags/Optimización y Performance - Día 4.docx for tasks to queue
[2026-02-27T22:41:13.618+0000] {logging_mixin.py:188} INFO - [2026-02-27T22:41:13.618+0000] {dagbag.py:540} INFO - Filling up the DagBag from /opt/airflow/dags/Optimización y Performance - Día 4.docx
[2026-02-27T22:41:13.635+0000] {processor.py:842} WARNING - No viable dags retrieved from /opt/airflow/dags/Optimización y Performance - Día 4.docx
[2026-02-27T22:41:13.656+0000] {processor.py:183} INFO - Processing /opt/airflow/dags/Optimización y Performance - Día 4.docx took 0.050 seconds
[2026-02-27T22:41:44.950+0000] {processor.py:161} INFO - Started process (PID=1141) to work on /opt/airflow/dags/Optimización y Performance - Día 4.docx
[2026-02-27T22:41:44.952+0000] {processor.py:830} INFO - Processing file /opt/airflow/dags/Optimización y Performance - Día 4.docx for tasks to queue
[2026-02-27T22:41:44.954+0000] {logging_mixin.py:188} INFO - [2026-02-27T22:41:44.953+0000] {dagbag.py:540} INFO - Filling up the DagBag from /opt/airflow/dags/Optimización y Performance - Día 4.docx
[2026-02-27T22:41:44.981+0000] {processor.py:842} WARNING - No viable dags retrieved from /opt/airflow/dags/Optimización y Performance - Día 4.docx
[2026-02-27T22:41:45.008+0000] {processor.py:183} INFO - Processing /opt/airflow/dags/Optimización y Performance - Día 4.docx took 0.067 seconds
[2026-02-27T22:42:15.915+0000] {processor.py:161} INFO - Started process (PID=1150) to work on /opt/airflow/dags/Optimización y Performance - Día 4.docx
[2026-02-27T22:42:15.917+0000] {processor.py:830} INFO - Processing file /opt/airflow/dags/Optimización y Performance - Día 4.docx for tasks to queue
[2026-02-27T22:42:15.921+0000] {logging_mixin.py:188} INFO - [2026-02-27T22:42:15.920+0000] {dagbag.py:540} INFO - Filling up the DagBag from /opt/airflow/dags/Optimización y Performance - Día 4.docx
[2026-02-27T22:42:15.941+0000] {processor.py:842} WARNING - No viable dags retrieved from /opt/airflow/dags/Optimización y Performance - Día 4.docx
[2026-02-27T22:42:15.972+0000] {processor.py:183} INFO - Processing /opt/airflow/dags/Optimización y Performance - Día 4.docx took 0.070 seconds
[2026-02-27T22:42:46.653+0000] {processor.py:161} INFO - Started process (PID=1159) to work on /opt/airflow/dags/Optimización y Performance - Día 4.docx
[2026-02-27T22:42:46.655+0000] {processor.py:830} INFO - Processing file /opt/airflow/dags/Optimización y Performance - Día 4.docx for tasks to queue
[2026-02-27T22:42:46.659+0000] {logging_mixin.py:188} INFO - [2026-02-27T22:42:46.657+0000] {dagbag.py:540} INFO - Filling up the DagBag from /opt/airflow/dags/Optimización y Performance - Día 4.docx
[2026-02-27T22:42:46.681+0000] {processor.py:842} WARNING - No viable dags retrieved from /opt/airflow/dags/Optimización y Performance - Día 4.docx
[2026-02-27T22:42:46.709+0000] {processor.py:183} INFO - Processing /opt/airflow/dags/Optimización y Performance - Día 4.docx took 0.065 seconds
[2026-02-27T22:43:17.510+0000] {processor.py:161} INFO - Started process (PID=1168) to work on /opt/airflow/dags/Optimización y Performance - Día 4.docx
[2026-02-27T22:43:17.512+0000] {processor.py:830} INFO - Processing file /opt/airflow/dags/Optimización y Performance - Día 4.docx for tasks to queue
[2026-02-27T22:43:17.514+0000] {logging_mixin.py:188} INFO - [2026-02-27T22:43:17.513+0000] {dagbag.py:540} INFO - Filling up the DagBag from /opt/airflow/dags/Optimización y Performance - Día 4.docx
[2026-02-27T22:43:17.534+0000] {processor.py:842} WARNING - No viable dags retrieved from /opt/airflow/dags/Optimización y Performance - Día 4.docx
[2026-02-27T22:43:17.562+0000] {processor.py:183} INFO - Processing /opt/airflow/dags/Optimización y Performance - Día 4.docx took 0.062 seconds
[2026-02-27T22:43:48.261+0000] {processor.py:161} INFO - Started process (PID=1177) to work on /opt/airflow/dags/Optimización y Performance - Día 4.docx
[2026-02-27T22:43:48.264+0000] {processor.py:830} INFO - Processing file /opt/airflow/dags/Optimización y Performance - Día 4.docx for tasks to queue
[2026-02-27T22:43:48.267+0000] {logging_mixin.py:188} INFO - [2026-02-27T22:43:48.266+0000] {dagbag.py:540} INFO - Filling up the DagBag from /opt/airflow/dags/Optimización y Performance - Día 4.docx
[2026-02-27T22:43:48.286+0000] {processor.py:842} WARNING - No viable dags retrieved from /opt/airflow/dags/Optimización y Performance - Día 4.docx
[2026-02-27T22:43:48.321+0000] {processor.py:183} INFO - Processing /opt/airflow/dags/Optimización y Performance - Día 4.docx took 0.073 seconds
[2026-02-27T22:44:19.114+0000] {processor.py:161} INFO - Started process (PID=1186) to work on /opt/airflow/dags/Optimización y Performance - Día 4.docx
[2026-02-27T22:44:19.117+0000] {processor.py:830} INFO - Processing file /opt/airflow/dags/Optimización y Performance - Día 4.docx for tasks to queue
[2026-02-27T22:44:19.119+0000] {logging_mixin.py:188} INFO - [2026-02-27T22:44:19.119+0000] {dagbag.py:540} INFO - Filling up the DagBag from /opt/airflow/dags/Optimización y Performance - Día 4.docx
[2026-02-27T22:44:19.147+0000] {processor.py:842} WARNING - No viable dags retrieved from /opt/airflow/dags/Optimización y Performance - Día 4.docx
[2026-02-27T22:44:19.189+0000] {processor.py:183} INFO - Processing /opt/airflow/dags/Optimización y Performance - Día 4.docx took 0.090 seconds
[2026-02-27T22:44:49.840+0000] {processor.py:161} INFO - Started process (PID=1195) to work on /opt/airflow/dags/Optimización y Performance - Día 4.docx
[2026-02-27T22:44:49.842+0000] {processor.py:830} INFO - Processing file /opt/airflow/dags/Optimización y Performance - Día 4.docx for tasks to queue
[2026-02-27T22:44:49.844+0000] {logging_mixin.py:188} INFO - [2026-02-27T22:44:49.843+0000] {dagbag.py:540} INFO - Filling up the DagBag from /opt/airflow/dags/Optimización y Performance - Día 4.docx
[2026-02-27T22:44:49.864+0000] {processor.py:842} WARNING - No viable dags retrieved from /opt/airflow/dags/Optimización y Performance - Día 4.docx
[2026-02-27T22:44:49.887+0000] {processor.py:183} INFO - Processing /opt/airflow/dags/Optimización y Performance - Día 4.docx took 0.055 seconds
[2026-02-27T22:45:20.574+0000] {processor.py:161} INFO - Started process (PID=1204) to work on /opt/airflow/dags/Optimización y Performance - Día 4.docx
[2026-02-27T22:45:20.576+0000] {processor.py:830} INFO - Processing file /opt/airflow/dags/Optimización y Performance - Día 4.docx for tasks to queue
[2026-02-27T22:45:20.578+0000] {logging_mixin.py:188} INFO - [2026-02-27T22:45:20.577+0000] {dagbag.py:540} INFO - Filling up the DagBag from /opt/airflow/dags/Optimización y Performance - Día 4.docx
[2026-02-27T22:45:20.592+0000] {processor.py:842} WARNING - No viable dags retrieved from /opt/airflow/dags/Optimización y Performance - Día 4.docx
[2026-02-27T22:45:20.616+0000] {processor.py:183} INFO - Processing /opt/airflow/dags/Optimización y Performance - Día 4.docx took 0.050 seconds
[2026-02-27T22:45:51.321+0000] {processor.py:161} INFO - Started process (PID=1213) to work on /opt/airflow/dags/Optimización y Performance - Día 4.docx
[2026-02-27T22:45:51.324+0000] {processor.py:830} INFO - Processing file /opt/airflow/dags/Optimización y Performance - Día 4.docx for tasks to queue
[2026-02-27T22:45:51.326+0000] {logging_mixin.py:188} INFO - [2026-02-27T22:45:51.325+0000] {dagbag.py:540} INFO - Filling up the DagBag from /opt/airflow/dags/Optimización y Performance - Día 4.docx
[2026-02-27T22:45:51.337+0000] {processor.py:842} WARNING - No viable dags retrieved from /opt/airflow/dags/Optimización y Performance - Día 4.docx
[2026-02-27T22:45:51.360+0000] {processor.py:183} INFO - Processing /opt/airflow/dags/Optimización y Performance - Día 4.docx took 0.049 seconds
[2026-02-27T22:46:22.150+0000] {processor.py:161} INFO - Started process (PID=1222) to work on /opt/airflow/dags/Optimización y Performance - Día 4.docx
[2026-02-27T22:46:22.152+0000] {processor.py:830} INFO - Processing file /opt/airflow/dags/Optimización y Performance - Día 4.docx for tasks to queue
[2026-02-27T22:46:22.153+0000] {logging_mixin.py:188} INFO - [2026-02-27T22:46:22.153+0000] {dagbag.py:540} INFO - Filling up the DagBag from /opt/airflow/dags/Optimización y Performance - Día 4.docx
[2026-02-27T22:46:22.178+0000] {processor.py:842} WARNING - No viable dags retrieved from /opt/airflow/dags/Optimización y Performance - Día 4.docx
[2026-02-27T22:46:22.206+0000] {processor.py:183} INFO - Processing /opt/airflow/dags/Optimización y Performance - Día 4.docx took 0.065 seconds
[2026-02-27T22:46:52.611+0000] {processor.py:161} INFO - Started process (PID=1231) to work on /opt/airflow/dags/Optimización y Performance - Día 4.docx
[2026-02-27T22:46:52.613+0000] {processor.py:830} INFO - Processing file /opt/airflow/dags/Optimización y Performance - Día 4.docx for tasks to queue
[2026-02-27T22:46:52.616+0000] {logging_mixin.py:188} INFO - [2026-02-27T22:46:52.615+0000] {dagbag.py:540} INFO - Filling up the DagBag from /opt/airflow/dags/Optimización y Performance - Día 4.docx
[2026-02-27T22:46:52.639+0000] {processor.py:842} WARNING - No viable dags retrieved from /opt/airflow/dags/Optimización y Performance - Día 4.docx
[2026-02-27T22:46:52.664+0000] {processor.py:183} INFO - Processing /opt/airflow/dags/Optimización y Performance - Día 4.docx took 0.062 seconds
[2026-02-27T22:47:23.596+0000] {processor.py:161} INFO - Started process (PID=1240) to work on /opt/airflow/dags/Optimización y Performance - Día 4.docx
[2026-02-27T22:47:23.598+0000] {processor.py:830} INFO - Processing file /opt/airflow/dags/Optimización y Performance - Día 4.docx for tasks to queue
[2026-02-27T22:47:23.600+0000] {logging_mixin.py:188} INFO - [2026-02-27T22:47:23.599+0000] {dagbag.py:540} INFO - Filling up the DagBag from /opt/airflow/dags/Optimización y Performance - Día 4.docx
[2026-02-27T22:47:23.617+0000] {processor.py:842} WARNING - No viable dags retrieved from /opt/airflow/dags/Optimización y Performance - Día 4.docx
[2026-02-27T22:47:23.640+0000] {processor.py:183} INFO - Processing /opt/airflow/dags/Optimización y Performance - Día 4.docx took 0.053 seconds
[2026-02-27T22:47:54.621+0000] {processor.py:161} INFO - Started process (PID=1249) to work on /opt/airflow/dags/Optimización y Performance - Día 4.docx
[2026-02-27T22:47:54.623+0000] {processor.py:830} INFO - Processing file /opt/airflow/dags/Optimización y Performance - Día 4.docx for tasks to queue
[2026-02-27T22:47:54.626+0000] {logging_mixin.py:188} INFO - [2026-02-27T22:47:54.625+0000] {dagbag.py:540} INFO - Filling up the DagBag from /opt/airflow/dags/Optimización y Performance - Día 4.docx
[2026-02-27T22:47:54.652+0000] {processor.py:842} WARNING - No viable dags retrieved from /opt/airflow/dags/Optimización y Performance - Día 4.docx
[2026-02-27T22:47:54.683+0000] {processor.py:183} INFO - Processing /opt/airflow/dags/Optimización y Performance - Día 4.docx took 0.074 seconds
[2026-02-27T22:48:25.578+0000] {processor.py:161} INFO - Started process (PID=1258) to work on /opt/airflow/dags/Optimización y Performance - Día 4.docx
[2026-02-27T22:48:25.579+0000] {processor.py:830} INFO - Processing file /opt/airflow/dags/Optimización y Performance - Día 4.docx for tasks to queue
[2026-02-27T22:48:25.581+0000] {logging_mixin.py:188} INFO - [2026-02-27T22:48:25.581+0000] {dagbag.py:540} INFO - Filling up the DagBag from /opt/airflow/dags/Optimización y Performance - Día 4.docx
[2026-02-27T22:48:25.599+0000] {processor.py:842} WARNING - No viable dags retrieved from /opt/airflow/dags/Optimización y Performance - Día 4.docx
[2026-02-27T22:48:25.627+0000] {processor.py:183} INFO - Processing /opt/airflow/dags/Optimización y Performance - Día 4.docx took 0.058 seconds
[2026-02-27T22:48:56.423+0000] {processor.py:161} INFO - Started process (PID=1267) to work on /opt/airflow/dags/Optimización y Performance - Día 4.docx
[2026-02-27T22:48:56.425+0000] {processor.py:830} INFO - Processing file /opt/airflow/dags/Optimización y Performance - Día 4.docx for tasks to queue
[2026-02-27T22:48:56.428+0000] {logging_mixin.py:188} INFO - [2026-02-27T22:48:56.427+0000] {dagbag.py:540} INFO - Filling up the DagBag from /opt/airflow/dags/Optimización y Performance - Día 4.docx
[2026-02-27T22:48:56.453+0000] {processor.py:842} WARNING - No viable dags retrieved from /opt/airflow/dags/Optimización y Performance - Día 4.docx
[2026-02-27T22:48:56.487+0000] {processor.py:183} INFO - Processing /opt/airflow/dags/Optimización y Performance - Día 4.docx took 0.075 seconds
[2026-02-27T22:49:27.450+0000] {processor.py:161} INFO - Started process (PID=1276) to work on /opt/airflow/dags/Optimización y Performance - Día 4.docx
[2026-02-27T22:49:27.452+0000] {processor.py:830} INFO - Processing file /opt/airflow/dags/Optimización y Performance - Día 4.docx for tasks to queue
[2026-02-27T22:49:27.455+0000] {logging_mixin.py:188} INFO - [2026-02-27T22:49:27.454+0000] {dagbag.py:540} INFO - Filling up the DagBag from /opt/airflow/dags/Optimización y Performance - Día 4.docx
[2026-02-27T22:49:27.474+0000] {processor.py:842} WARNING - No viable dags retrieved from /opt/airflow/dags/Optimización y Performance - Día 4.docx
[2026-02-27T22:49:27.507+0000] {processor.py:183} INFO - Processing /opt/airflow/dags/Optimización y Performance - Día 4.docx took 0.070 seconds
[2026-02-27T22:49:58.413+0000] {processor.py:161} INFO - Started process (PID=1285) to work on /opt/airflow/dags/Optimización y Performance - Día 4.docx
[2026-02-27T22:49:58.415+0000] {processor.py:830} INFO - Processing file /opt/airflow/dags/Optimización y Performance - Día 4.docx for tasks to queue
[2026-02-27T22:49:58.418+0000] {logging_mixin.py:188} INFO - [2026-02-27T22:49:58.417+0000] {dagbag.py:540} INFO - Filling up the DagBag from /opt/airflow/dags/Optimización y Performance - Día 4.docx
[2026-02-27T22:49:58.435+0000] {processor.py:842} WARNING - No viable dags retrieved from /opt/airflow/dags/Optimización y Performance - Día 4.docx
[2026-02-27T22:49:58.465+0000] {processor.py:183} INFO - Processing /opt/airflow/dags/Optimización y Performance - Día 4.docx took 0.061 seconds
[2026-02-27T22:50:29.324+0000] {processor.py:161} INFO - Started process (PID=1294) to work on /opt/airflow/dags/Optimización y Performance - Día 4.docx
[2026-02-27T22:50:29.326+0000] {processor.py:830} INFO - Processing file /opt/airflow/dags/Optimización y Performance - Día 4.docx for tasks to queue
[2026-02-27T22:50:29.327+0000] {logging_mixin.py:188} INFO - [2026-02-27T22:50:29.327+0000] {dagbag.py:540} INFO - Filling up the DagBag from /opt/airflow/dags/Optimización y Performance - Día 4.docx
[2026-02-27T22:50:29.349+0000] {processor.py:842} WARNING - No viable dags retrieved from /opt/airflow/dags/Optimización y Performance - Día 4.docx
[2026-02-27T22:50:29.385+0000] {processor.py:183} INFO - Processing /opt/airflow/dags/Optimización y Performance - Día 4.docx took 0.071 seconds
[2026-02-27T22:51:00.233+0000] {processor.py:161} INFO - Started process (PID=1303) to work on /opt/airflow/dags/Optimización y Performance - Día 4.docx
[2026-02-27T22:51:00.235+0000] {processor.py:830} INFO - Processing file /opt/airflow/dags/Optimización y Performance - Día 4.docx for tasks to queue
[2026-02-27T22:51:00.237+0000] {logging_mixin.py:188} INFO - [2026-02-27T22:51:00.236+0000] {dagbag.py:540} INFO - Filling up the DagBag from /opt/airflow/dags/Optimización y Performance - Día 4.docx
[2026-02-27T22:51:00.258+0000] {processor.py:842} WARNING - No viable dags retrieved from /opt/airflow/dags/Optimización y Performance - Día 4.docx
[2026-02-27T22:51:00.292+0000] {processor.py:183} INFO - Processing /opt/airflow/dags/Optimización y Performance - Día 4.docx took 0.069 seconds
[2026-02-27T22:51:30.704+0000] {processor.py:161} INFO - Started process (PID=1312) to work on /opt/airflow/dags/Optimización y Performance - Día 4.docx
[2026-02-27T22:51:30.707+0000] {processor.py:830} INFO - Processing file /opt/airflow/dags/Optimización y Performance - Día 4.docx for tasks to queue
[2026-02-27T22:51:30.710+0000] {logging_mixin.py:188} INFO - [2026-02-27T22:51:30.709+0000] {dagbag.py:540} INFO - Filling up the DagBag from /opt/airflow/dags/Optimización y Performance - Día 4.docx
[2026-02-27T22:51:30.729+0000] {processor.py:842} WARNING - No viable dags retrieved from /opt/airflow/dags/Optimización y Performance - Día 4.docx
[2026-02-27T22:51:30.753+0000] {processor.py:183} INFO - Processing /opt/airflow/dags/Optimización y Performance - Día 4.docx took 0.060 seconds
[2026-02-27T22:52:50.090+0000] {processor.py:161} INFO - Started process (PID=36) to work on /opt/airflow/dags/Optimización y Performance - Día 4.docx
[2026-02-27T22:52:50.092+0000] {processor.py:830} INFO - Processing file /opt/airflow/dags/Optimización y Performance - Día 4.docx for tasks to queue
[2026-02-27T22:52:50.095+0000] {logging_mixin.py:188} INFO - [2026-02-27T22:52:50.094+0000] {dagbag.py:540} INFO - Filling up the DagBag from /opt/airflow/dags/Optimización y Performance - Día 4.docx
[2026-02-27T22:52:50.116+0000] {processor.py:842} WARNING - No viable dags retrieved from /opt/airflow/dags/Optimización y Performance - Día 4.docx
[2026-02-27T22:52:50.153+0000] {processor.py:183} INFO - Processing /opt/airflow/dags/Optimización y Performance - Día 4.docx took 0.082 seconds
[2026-02-27T22:53:20.721+0000] {processor.py:161} INFO - Started process (PID=45) to work on /opt/airflow/dags/Optimización y Performance - Día 4.docx
[2026-02-27T22:53:20.723+0000] {processor.py:830} INFO - Processing file /opt/airflow/dags/Optimización y Performance - Día 4.docx for tasks to queue
[2026-02-27T22:53:20.725+0000] {logging_mixin.py:188} INFO - [2026-02-27T22:53:20.725+0000] {dagbag.py:540} INFO - Filling up the DagBag from /opt/airflow/dags/Optimización y Performance - Día 4.docx
[2026-02-27T22:53:20.749+0000] {processor.py:842} WARNING - No viable dags retrieved from /opt/airflow/dags/Optimización y Performance - Día 4.docx
[2026-02-27T22:53:20.782+0000] {processor.py:183} INFO - Processing /opt/airflow/dags/Optimización y Performance - Día 4.docx took 0.072 seconds
[2026-02-27T22:53:51.645+0000] {processor.py:161} INFO - Started process (PID=54) to work on /opt/airflow/dags/Optimización y Performance - Día 4.docx
[2026-02-27T22:53:51.647+0000] {processor.py:830} INFO - Processing file /opt/airflow/dags/Optimización y Performance - Día 4.docx for tasks to queue
[2026-02-27T22:53:51.649+0000] {logging_mixin.py:188} INFO - [2026-02-27T22:53:51.648+0000] {dagbag.py:540} INFO - Filling up the DagBag from /opt/airflow/dags/Optimización y Performance - Día 4.docx
[2026-02-27T22:53:51.669+0000] {processor.py:842} WARNING - No viable dags retrieved from /opt/airflow/dags/Optimización y Performance - Día 4.docx
[2026-02-27T22:53:51.697+0000] {processor.py:183} INFO - Processing /opt/airflow/dags/Optimización y Performance - Día 4.docx took 0.062 seconds
[2026-02-27T22:54:22.589+0000] {processor.py:161} INFO - Started process (PID=63) to work on /opt/airflow/dags/Optimización y Performance - Día 4.docx
[2026-02-27T22:54:22.591+0000] {processor.py:830} INFO - Processing file /opt/airflow/dags/Optimización y Performance - Día 4.docx for tasks to queue
[2026-02-27T22:54:22.592+0000] {logging_mixin.py:188} INFO - [2026-02-27T22:54:22.592+0000] {dagbag.py:540} INFO - Filling up the DagBag from /opt/airflow/dags/Optimización y Performance - Día 4.docx
[2026-02-27T22:54:22.618+0000] {processor.py:842} WARNING - No viable dags retrieved from /opt/airflow/dags/Optimización y Performance - Día 4.docx
[2026-02-27T22:54:22.649+0000] {processor.py:183} INFO - Processing /opt/airflow/dags/Optimización y Performance - Día 4.docx took 0.072 seconds
[2026-02-27T22:54:53.608+0000] {processor.py:161} INFO - Started process (PID=72) to work on /opt/airflow/dags/Optimización y Performance - Día 4.docx
[2026-02-27T22:54:53.610+0000] {processor.py:830} INFO - Processing file /opt/airflow/dags/Optimización y Performance - Día 4.docx for tasks to queue
[2026-02-27T22:54:53.612+0000] {logging_mixin.py:188} INFO - [2026-02-27T22:54:53.611+0000] {dagbag.py:540} INFO - Filling up the DagBag from /opt/airflow/dags/Optimización y Performance - Día 4.docx
[2026-02-27T22:54:53.632+0000] {processor.py:842} WARNING - No viable dags retrieved from /opt/airflow/dags/Optimización y Performance - Día 4.docx
[2026-02-27T22:54:53.662+0000] {processor.py:183} INFO - Processing /opt/airflow/dags/Optimización y Performance - Día 4.docx took 0.062 seconds
[2026-02-27T22:55:24.247+0000] {processor.py:161} INFO - Started process (PID=81) to work on /opt/airflow/dags/Optimización y Performance - Día 4.docx
[2026-02-27T22:55:24.250+0000] {processor.py:830} INFO - Processing file /opt/airflow/dags/Optimización y Performance - Día 4.docx for tasks to queue
[2026-02-27T22:55:24.251+0000] {logging_mixin.py:188} INFO - [2026-02-27T22:55:24.251+0000] {dagbag.py:540} INFO - Filling up the DagBag from /opt/airflow/dags/Optimización y Performance - Día 4.docx
[2026-02-27T22:55:24.268+0000] {processor.py:842} WARNING - No viable dags retrieved from /opt/airflow/dags/Optimización y Performance - Día 4.docx
[2026-02-27T22:55:24.296+0000] {processor.py:183} INFO - Processing /opt/airflow/dags/Optimización y Performance - Día 4.docx took 0.058 seconds
[2026-02-27T22:55:54.765+0000] {processor.py:161} INFO - Started process (PID=90) to work on /opt/airflow/dags/Optimización y Performance - Día 4.docx
[2026-02-27T22:55:54.768+0000] {processor.py:830} INFO - Processing file /opt/airflow/dags/Optimización y Performance - Día 4.docx for tasks to queue
[2026-02-27T22:55:54.770+0000] {logging_mixin.py:188} INFO - [2026-02-27T22:55:54.769+0000] {dagbag.py:540} INFO - Filling up the DagBag from /opt/airflow/dags/Optimización y Performance - Día 4.docx
[2026-02-27T22:55:54.792+0000] {processor.py:842} WARNING - No viable dags retrieved from /opt/airflow/dags/Optimización y Performance - Día 4.docx
[2026-02-27T22:55:54.835+0000] {processor.py:183} INFO - Processing /opt/airflow/dags/Optimización y Performance - Día 4.docx took 0.079 seconds
[2026-02-27T22:56:25.401+0000] {processor.py:161} INFO - Started process (PID=99) to work on /opt/airflow/dags/Optimización y Performance - Día 4.docx
[2026-02-27T22:56:25.402+0000] {processor.py:830} INFO - Processing file /opt/airflow/dags/Optimización y Performance - Día 4.docx for tasks to queue
[2026-02-27T22:56:25.404+0000] {logging_mixin.py:188} INFO - [2026-02-27T22:56:25.403+0000] {dagbag.py:540} INFO - Filling up the DagBag from /opt/airflow/dags/Optimización y Performance - Día 4.docx
[2026-02-27T22:56:25.421+0000] {processor.py:842} WARNING - No viable dags retrieved from /opt/airflow/dags/Optimización y Performance - Día 4.docx
[2026-02-27T22:56:25.445+0000] {processor.py:183} INFO - Processing /opt/airflow/dags/Optimización y Performance - Día 4.docx took 0.053 seconds
[2026-02-27T22:56:56.259+0000] {processor.py:161} INFO - Started process (PID=108) to work on /opt/airflow/dags/Optimización y Performance - Día 4.docx
[2026-02-27T22:56:56.261+0000] {processor.py:830} INFO - Processing file /opt/airflow/dags/Optimización y Performance - Día 4.docx for tasks to queue
[2026-02-27T22:56:56.262+0000] {logging_mixin.py:188} INFO - [2026-02-27T22:56:56.262+0000] {dagbag.py:540} INFO - Filling up the DagBag from /opt/airflow/dags/Optimización y Performance - Día 4.docx
[2026-02-27T22:56:56.274+0000] {processor.py:842} WARNING - No viable dags retrieved from /opt/airflow/dags/Optimización y Performance - Día 4.docx
[2026-02-27T22:56:56.295+0000] {processor.py:183} INFO - Processing /opt/airflow/dags/Optimización y Performance - Día 4.docx took 0.045 seconds
[2026-02-27T22:57:27.037+0000] {processor.py:161} INFO - Started process (PID=117) to work on /opt/airflow/dags/Optimización y Performance - Día 4.docx
[2026-02-27T22:57:27.039+0000] {processor.py:830} INFO - Processing file /opt/airflow/dags/Optimización y Performance - Día 4.docx for tasks to queue
[2026-02-27T22:57:27.041+0000] {logging_mixin.py:188} INFO - [2026-02-27T22:57:27.040+0000] {dagbag.py:540} INFO - Filling up the DagBag from /opt/airflow/dags/Optimización y Performance - Día 4.docx
[2026-02-27T22:57:27.056+0000] {processor.py:842} WARNING - No viable dags retrieved from /opt/airflow/dags/Optimización y Performance - Día 4.docx
[2026-02-27T22:57:27.085+0000] {processor.py:183} INFO - Processing /opt/airflow/dags/Optimización y Performance - Día 4.docx took 0.060 seconds
[2026-02-27T22:57:57.366+0000] {processor.py:161} INFO - Started process (PID=126) to work on /opt/airflow/dags/Optimización y Performance - Día 4.docx
[2026-02-27T22:57:57.369+0000] {processor.py:830} INFO - Processing file /opt/airflow/dags/Optimización y Performance - Día 4.docx for tasks to queue
[2026-02-27T22:57:57.372+0000] {logging_mixin.py:188} INFO - [2026-02-27T22:57:57.371+0000] {dagbag.py:540} INFO - Filling up the DagBag from /opt/airflow/dags/Optimización y Performance - Día 4.docx
[2026-02-27T22:57:57.425+0000] {processor.py:842} WARNING - No viable dags retrieved from /opt/airflow/dags/Optimización y Performance - Día 4.docx
[2026-02-27T22:57:57.506+0000] {processor.py:183} INFO - Processing /opt/airflow/dags/Optimización y Performance - Día 4.docx took 0.151 seconds
[2026-02-27T22:58:27.842+0000] {processor.py:161} INFO - Started process (PID=135) to work on /opt/airflow/dags/Optimización y Performance - Día 4.docx
[2026-02-27T22:58:27.845+0000] {processor.py:830} INFO - Processing file /opt/airflow/dags/Optimización y Performance - Día 4.docx for tasks to queue
[2026-02-27T22:58:27.848+0000] {logging_mixin.py:188} INFO - [2026-02-27T22:58:27.847+0000] {dagbag.py:540} INFO - Filling up the DagBag from /opt/airflow/dags/Optimización y Performance - Día 4.docx
[2026-02-27T22:58:27.868+0000] {processor.py:842} WARNING - No viable dags retrieved from /opt/airflow/dags/Optimización y Performance - Día 4.docx
[2026-02-27T22:58:27.891+0000] {processor.py:183} INFO - Processing /opt/airflow/dags/Optimización y Performance - Día 4.docx took 0.062 seconds
[2026-02-27T22:58:58.335+0000] {processor.py:161} INFO - Started process (PID=144) to work on /opt/airflow/dags/Optimización y Performance - Día 4.docx
[2026-02-27T22:58:58.337+0000] {processor.py:830} INFO - Processing file /opt/airflow/dags/Optimización y Performance - Día 4.docx for tasks to queue
[2026-02-27T22:58:58.338+0000] {logging_mixin.py:188} INFO - [2026-02-27T22:58:58.338+0000] {dagbag.py:540} INFO - Filling up the DagBag from /opt/airflow/dags/Optimización y Performance - Día 4.docx
[2026-02-27T22:58:58.351+0000] {processor.py:842} WARNING - No viable dags retrieved from /opt/airflow/dags/Optimización y Performance - Día 4.docx
[2026-02-27T22:58:58.395+0000] {processor.py:183} INFO - Processing /opt/airflow/dags/Optimización y Performance - Día 4.docx took 0.080 seconds
[2026-02-27T22:59:29.215+0000] {processor.py:161} INFO - Started process (PID=153) to work on /opt/airflow/dags/Optimización y Performance - Día 4.docx
[2026-02-27T22:59:29.217+0000] {processor.py:830} INFO - Processing file /opt/airflow/dags/Optimización y Performance - Día 4.docx for tasks to queue
[2026-02-27T22:59:29.219+0000] {logging_mixin.py:188} INFO - [2026-02-27T22:59:29.219+0000] {dagbag.py:540} INFO - Filling up the DagBag from /opt/airflow/dags/Optimización y Performance - Día 4.docx
[2026-02-27T22:59:29.248+0000] {processor.py:842} WARNING - No viable dags retrieved from /opt/airflow/dags/Optimización y Performance - Día 4.docx
[2026-02-27T22:59:29.277+0000] {processor.py:183} INFO - Processing /opt/airflow/dags/Optimización y Performance - Día 4.docx took 0.070 seconds
[2026-02-27T22:59:59.806+0000] {processor.py:161} INFO - Started process (PID=162) to work on /opt/airflow/dags/Optimización y Performance - Día 4.docx
[2026-02-27T22:59:59.807+0000] {processor.py:830} INFO - Processing file /opt/airflow/dags/Optimización y Performance - Día 4.docx for tasks to queue
[2026-02-27T22:59:59.809+0000] {logging_mixin.py:188} INFO - [2026-02-27T22:59:59.808+0000] {dagbag.py:540} INFO - Filling up the DagBag from /opt/airflow/dags/Optimización y Performance - Día 4.docx
[2026-02-27T22:59:59.827+0000] {processor.py:842} WARNING - No viable dags retrieved from /opt/airflow/dags/Optimización y Performance - Día 4.docx
[2026-02-27T22:59:59.851+0000] {processor.py:183} INFO - Processing /opt/airflow/dags/Optimización y Performance - Día 4.docx took 0.054 seconds
[2026-02-27T23:00:30.286+0000] {processor.py:161} INFO - Started process (PID=171) to work on /opt/airflow/dags/Optimización y Performance - Día 4.docx
[2026-02-27T23:00:30.288+0000] {processor.py:830} INFO - Processing file /opt/airflow/dags/Optimización y Performance - Día 4.docx for tasks to queue
[2026-02-27T23:00:30.290+0000] {logging_mixin.py:188} INFO - [2026-02-27T23:00:30.289+0000] {dagbag.py:540} INFO - Filling up the DagBag from /opt/airflow/dags/Optimización y Performance - Día 4.docx
[2026-02-27T23:00:30.311+0000] {processor.py:842} WARNING - No viable dags retrieved from /opt/airflow/dags/Optimización y Performance - Día 4.docx
[2026-02-27T23:00:30.348+0000] {processor.py:183} INFO - Processing /opt/airflow/dags/Optimización y Performance - Día 4.docx took 0.072 seconds
[2026-02-27T23:01:00.782+0000] {processor.py:161} INFO - Started process (PID=180) to work on /opt/airflow/dags/Optimización y Performance - Día 4.docx
[2026-02-27T23:01:00.784+0000] {processor.py:830} INFO - Processing file /opt/airflow/dags/Optimización y Performance - Día 4.docx for tasks to queue
[2026-02-27T23:01:00.786+0000] {logging_mixin.py:188} INFO - [2026-02-27T23:01:00.785+0000] {dagbag.py:540} INFO - Filling up the DagBag from /opt/airflow/dags/Optimización y Performance - Día 4.docx
[2026-02-27T23:01:00.809+0000] {processor.py:842} WARNING - No viable dags retrieved from /opt/airflow/dags/Optimización y Performance - Día 4.docx
[2026-02-27T23:01:00.837+0000] {processor.py:183} INFO - Processing /opt/airflow/dags/Optimización y Performance - Día 4.docx took 0.062 seconds
[2026-02-27T23:01:31.525+0000] {processor.py:161} INFO - Started process (PID=189) to work on /opt/airflow/dags/Optimización y Performance - Día 4.docx
[2026-02-27T23:01:31.527+0000] {processor.py:830} INFO - Processing file /opt/airflow/dags/Optimización y Performance - Día 4.docx for tasks to queue
[2026-02-27T23:01:31.529+0000] {logging_mixin.py:188} INFO - [2026-02-27T23:01:31.528+0000] {dagbag.py:540} INFO - Filling up the DagBag from /opt/airflow/dags/Optimización y Performance - Día 4.docx
[2026-02-27T23:01:31.547+0000] {processor.py:842} WARNING - No viable dags retrieved from /opt/airflow/dags/Optimización y Performance - Día 4.docx
[2026-02-27T23:01:31.576+0000] {processor.py:183} INFO - Processing /opt/airflow/dags/Optimización y Performance - Día 4.docx took 0.064 seconds
[2026-02-27T23:02:01.932+0000] {processor.py:161} INFO - Started process (PID=198) to work on /opt/airflow/dags/Optimización y Performance - Día 4.docx
[2026-02-27T23:02:01.934+0000] {processor.py:830} INFO - Processing file /opt/airflow/dags/Optimización y Performance - Día 4.docx for tasks to queue
[2026-02-27T23:02:01.935+0000] {logging_mixin.py:188} INFO - [2026-02-27T23:02:01.935+0000] {dagbag.py:540} INFO - Filling up the DagBag from /opt/airflow/dags/Optimización y Performance - Día 4.docx
[2026-02-27T23:02:01.951+0000] {processor.py:842} WARNING - No viable dags retrieved from /opt/airflow/dags/Optimización y Performance - Día 4.docx
[2026-02-27T23:02:01.973+0000] {processor.py:183} INFO - Processing /opt/airflow/dags/Optimización y Performance - Día 4.docx took 0.049 seconds
[2026-02-27T23:02:32.460+0000] {processor.py:161} INFO - Started process (PID=207) to work on /opt/airflow/dags/Optimización y Performance - Día 4.docx
[2026-02-27T23:02:32.462+0000] {processor.py:830} INFO - Processing file /opt/airflow/dags/Optimización y Performance - Día 4.docx for tasks to queue
[2026-02-27T23:02:32.464+0000] {logging_mixin.py:188} INFO - [2026-02-27T23:02:32.464+0000] {dagbag.py:540} INFO - Filling up the DagBag from /opt/airflow/dags/Optimización y Performance - Día 4.docx
[2026-02-27T23:02:32.478+0000] {processor.py:842} WARNING - No viable dags retrieved from /opt/airflow/dags/Optimización y Performance - Día 4.docx
[2026-02-27T23:02:32.506+0000] {processor.py:183} INFO - Processing /opt/airflow/dags/Optimización y Performance - Día 4.docx took 0.054 seconds
[2026-02-27T23:03:03.029+0000] {processor.py:161} INFO - Started process (PID=216) to work on /opt/airflow/dags/Optimización y Performance - Día 4.docx
[2026-02-27T23:03:03.031+0000] {processor.py:830} INFO - Processing file /opt/airflow/dags/Optimización y Performance - Día 4.docx for tasks to queue
[2026-02-27T23:03:03.033+0000] {logging_mixin.py:188} INFO - [2026-02-27T23:03:03.033+0000] {dagbag.py:540} INFO - Filling up the DagBag from /opt/airflow/dags/Optimización y Performance - Día 4.docx
[2026-02-27T23:03:03.052+0000] {processor.py:842} WARNING - No viable dags retrieved from /opt/airflow/dags/Optimización y Performance - Día 4.docx
[2026-02-27T23:03:03.089+0000] {processor.py:183} INFO - Processing /opt/airflow/dags/Optimización y Performance - Día 4.docx took 0.070 seconds
[2026-02-27T23:03:33.519+0000] {processor.py:161} INFO - Started process (PID=225) to work on /opt/airflow/dags/Optimización y Performance - Día 4.docx
[2026-02-27T23:03:33.521+0000] {processor.py:830} INFO - Processing file /opt/airflow/dags/Optimización y Performance - Día 4.docx for tasks to queue
[2026-02-27T23:03:33.522+0000] {logging_mixin.py:188} INFO - [2026-02-27T23:03:33.522+0000] {dagbag.py:540} INFO - Filling up the DagBag from /opt/airflow/dags/Optimización y Performance - Día 4.docx
[2026-02-27T23:03:33.533+0000] {processor.py:842} WARNING - No viable dags retrieved from /opt/airflow/dags/Optimización y Performance - Día 4.docx
[2026-02-27T23:03:33.554+0000] {processor.py:183} INFO - Processing /opt/airflow/dags/Optimización y Performance - Día 4.docx took 0.043 seconds
[2026-02-27T23:04:03.950+0000] {processor.py:161} INFO - Started process (PID=234) to work on /opt/airflow/dags/Optimización y Performance - Día 4.docx
[2026-02-27T23:04:03.951+0000] {processor.py:830} INFO - Processing file /opt/airflow/dags/Optimización y Performance - Día 4.docx for tasks to queue
[2026-02-27T23:04:03.954+0000] {logging_mixin.py:188} INFO - [2026-02-27T23:04:03.953+0000] {dagbag.py:540} INFO - Filling up the DagBag from /opt/airflow/dags/Optimización y Performance - Día 4.docx
[2026-02-27T23:04:03.970+0000] {processor.py:842} WARNING - No viable dags retrieved from /opt/airflow/dags/Optimización y Performance - Día 4.docx
[2026-02-27T23:04:04.002+0000] {processor.py:183} INFO - Processing /opt/airflow/dags/Optimización y Performance - Día 4.docx took 0.063 seconds
[2026-02-27T23:04:34.464+0000] {processor.py:161} INFO - Started process (PID=243) to work on /opt/airflow/dags/Optimización y Performance - Día 4.docx
[2026-02-27T23:04:34.466+0000] {processor.py:830} INFO - Processing file /opt/airflow/dags/Optimización y Performance - Día 4.docx for tasks to queue
[2026-02-27T23:04:34.467+0000] {logging_mixin.py:188} INFO - [2026-02-27T23:04:34.466+0000] {dagbag.py:540} INFO - Filling up the DagBag from /opt/airflow/dags/Optimización y Performance - Día 4.docx
[2026-02-27T23:04:34.483+0000] {processor.py:842} WARNING - No viable dags retrieved from /opt/airflow/dags/Optimización y Performance - Día 4.docx
[2026-02-27T23:04:34.505+0000] {processor.py:183} INFO - Processing /opt/airflow/dags/Optimización y Performance - Día 4.docx took 0.051 seconds
[2026-02-27T23:05:04.859+0000] {processor.py:161} INFO - Started process (PID=252) to work on /opt/airflow/dags/Optimización y Performance - Día 4.docx
[2026-02-27T23:05:04.861+0000] {processor.py:830} INFO - Processing file /opt/airflow/dags/Optimización y Performance - Día 4.docx for tasks to queue
[2026-02-27T23:05:04.862+0000] {logging_mixin.py:188} INFO - [2026-02-27T23:05:04.862+0000] {dagbag.py:540} INFO - Filling up the DagBag from /opt/airflow/dags/Optimización y Performance - Día 4.docx
[2026-02-27T23:05:04.875+0000] {processor.py:842} WARNING - No viable dags retrieved from /opt/airflow/dags/Optimización y Performance - Día 4.docx
[2026-02-27T23:05:04.900+0000] {processor.py:183} INFO - Processing /opt/airflow/dags/Optimización y Performance - Día 4.docx took 0.049 seconds
[2026-02-27T23:05:35.463+0000] {processor.py:161} INFO - Started process (PID=261) to work on /opt/airflow/dags/Optimización y Performance - Día 4.docx
[2026-02-27T23:05:35.466+0000] {processor.py:830} INFO - Processing file /opt/airflow/dags/Optimización y Performance - Día 4.docx for tasks to queue
[2026-02-27T23:05:35.468+0000] {logging_mixin.py:188} INFO - [2026-02-27T23:05:35.467+0000] {dagbag.py:540} INFO - Filling up the DagBag from /opt/airflow/dags/Optimización y Performance - Día 4.docx
[2026-02-27T23:05:35.498+0000] {processor.py:842} WARNING - No viable dags retrieved from /opt/airflow/dags/Optimización y Performance - Día 4.docx
[2026-02-27T23:05:35.527+0000] {processor.py:183} INFO - Processing /opt/airflow/dags/Optimización y Performance - Día 4.docx took 0.079 seconds
[2026-02-27T23:06:06.408+0000] {processor.py:161} INFO - Started process (PID=270) to work on /opt/airflow/dags/Optimización y Performance - Día 4.docx
[2026-02-27T23:06:06.413+0000] {processor.py:830} INFO - Processing file /opt/airflow/dags/Optimización y Performance - Día 4.docx for tasks to queue
[2026-02-27T23:06:06.418+0000] {logging_mixin.py:188} INFO - [2026-02-27T23:06:06.416+0000] {dagbag.py:540} INFO - Filling up the DagBag from /opt/airflow/dags/Optimización y Performance - Día 4.docx
[2026-02-27T23:06:06.449+0000] {processor.py:842} WARNING - No viable dags retrieved from /opt/airflow/dags/Optimización y Performance - Día 4.docx
[2026-02-27T23:06:06.505+0000] {processor.py:183} INFO - Processing /opt/airflow/dags/Optimización y Performance - Día 4.docx took 0.115 seconds
[2026-02-27T23:11:34.915+0000] {processor.py:161} INFO - Started process (PID=37) to work on /opt/airflow/dags/Optimización y Performance - Día 4.docx
[2026-02-27T23:11:34.919+0000] {processor.py:830} INFO - Processing file /opt/airflow/dags/Optimización y Performance - Día 4.docx for tasks to queue
[2026-02-27T23:11:34.924+0000] {logging_mixin.py:188} INFO - [2026-02-27T23:11:34.922+0000] {dagbag.py:540} INFO - Filling up the DagBag from /opt/airflow/dags/Optimización y Performance - Día 4.docx
[2026-02-27T23:11:34.984+0000] {processor.py:842} WARNING - No viable dags retrieved from /opt/airflow/dags/Optimización y Performance - Día 4.docx
[2026-02-27T23:11:35.079+0000] {processor.py:183} INFO - Processing /opt/airflow/dags/Optimización y Performance - Día 4.docx took 0.189 seconds
[2026-02-27T23:12:05.647+0000] {processor.py:161} INFO - Started process (PID=46) to work on /opt/airflow/dags/Optimización y Performance - Día 4.docx
[2026-02-27T23:12:05.649+0000] {processor.py:830} INFO - Processing file /opt/airflow/dags/Optimización y Performance - Día 4.docx for tasks to queue
[2026-02-27T23:12:05.651+0000] {logging_mixin.py:188} INFO - [2026-02-27T23:12:05.650+0000] {dagbag.py:540} INFO - Filling up the DagBag from /opt/airflow/dags/Optimización y Performance - Día 4.docx
[2026-02-27T23:12:05.670+0000] {processor.py:842} WARNING - No viable dags retrieved from /opt/airflow/dags/Optimización y Performance - Día 4.docx
[2026-02-27T23:12:05.692+0000] {processor.py:183} INFO - Processing /opt/airflow/dags/Optimización y Performance - Día 4.docx took 0.063 seconds
[2026-02-27T23:12:36.887+0000] {processor.py:161} INFO - Started process (PID=55) to work on /opt/airflow/dags/Optimización y Performance - Día 4.docx
[2026-02-27T23:12:36.889+0000] {processor.py:830} INFO - Processing file /opt/airflow/dags/Optimización y Performance - Día 4.docx for tasks to queue
[2026-02-27T23:12:36.891+0000] {logging_mixin.py:188} INFO - [2026-02-27T23:12:36.891+0000] {dagbag.py:540} INFO - Filling up the DagBag from /opt/airflow/dags/Optimización y Performance - Día 4.docx
[2026-02-27T23:12:36.916+0000] {processor.py:842} WARNING - No viable dags retrieved from /opt/airflow/dags/Optimización y Performance - Día 4.docx
[2026-02-27T23:12:36.947+0000] {processor.py:183} INFO - Processing /opt/airflow/dags/Optimización y Performance - Día 4.docx took 0.077 seconds
[2026-02-27T23:13:07.784+0000] {processor.py:161} INFO - Started process (PID=64) to work on /opt/airflow/dags/Optimización y Performance - Día 4.docx
[2026-02-27T23:13:07.786+0000] {processor.py:830} INFO - Processing file /opt/airflow/dags/Optimización y Performance - Día 4.docx for tasks to queue
[2026-02-27T23:13:07.788+0000] {logging_mixin.py:188} INFO - [2026-02-27T23:13:07.787+0000] {dagbag.py:540} INFO - Filling up the DagBag from /opt/airflow/dags/Optimización y Performance - Día 4.docx
[2026-02-27T23:13:07.804+0000] {processor.py:842} WARNING - No viable dags retrieved from /opt/airflow/dags/Optimización y Performance - Día 4.docx
[2026-02-27T23:13:07.830+0000] {processor.py:183} INFO - Processing /opt/airflow/dags/Optimización y Performance - Día 4.docx took 0.058 seconds
[2026-02-27T23:13:38.749+0000] {processor.py:161} INFO - Started process (PID=73) to work on /opt/airflow/dags/Optimización y Performance - Día 4.docx
[2026-02-27T23:13:38.752+0000] {processor.py:830} INFO - Processing file /opt/airflow/dags/Optimización y Performance - Día 4.docx for tasks to queue
[2026-02-27T23:13:38.753+0000] {logging_mixin.py:188} INFO - [2026-02-27T23:13:38.753+0000] {dagbag.py:540} INFO - Filling up the DagBag from /opt/airflow/dags/Optimización y Performance - Día 4.docx
[2026-02-27T23:13:38.773+0000] {processor.py:842} WARNING - No viable dags retrieved from /opt/airflow/dags/Optimización y Performance - Día 4.docx
[2026-02-27T23:13:38.802+0000] {processor.py:183} INFO - Processing /opt/airflow/dags/Optimización y Performance - Día 4.docx took 0.064 seconds
[2026-02-27T23:14:09.778+0000] {processor.py:161} INFO - Started process (PID=82) to work on /opt/airflow/dags/Optimización y Performance - Día 4.docx
[2026-02-27T23:14:09.780+0000] {processor.py:830} INFO - Processing file /opt/airflow/dags/Optimización y Performance - Día 4.docx for tasks to queue
[2026-02-27T23:14:09.781+0000] {logging_mixin.py:188} INFO - [2026-02-27T23:14:09.781+0000] {dagbag.py:540} INFO - Filling up the DagBag from /opt/airflow/dags/Optimización y Performance - Día 4.docx
[2026-02-27T23:14:09.801+0000] {processor.py:842} WARNING - No viable dags retrieved from /opt/airflow/dags/Optimización y Performance - Día 4.docx
[2026-02-27T23:14:09.828+0000] {processor.py:183} INFO - Processing /opt/airflow/dags/Optimización y Performance - Día 4.docx took 0.060 seconds
[2026-02-27T23:14:40.791+0000] {processor.py:161} INFO - Started process (PID=91) to work on /opt/airflow/dags/Optimización y Performance - Día 4.docx
[2026-02-27T23:14:40.793+0000] {processor.py:830} INFO - Processing file /opt/airflow/dags/Optimización y Performance - Día 4.docx for tasks to queue
[2026-02-27T23:14:40.796+0000] {logging_mixin.py:188} INFO - [2026-02-27T23:14:40.795+0000] {dagbag.py:540} INFO - Filling up the DagBag from /opt/airflow/dags/Optimización y Performance - Día 4.docx
[2026-02-27T23:14:40.814+0000] {processor.py:842} WARNING - No viable dags retrieved from /opt/airflow/dags/Optimización y Performance - Día 4.docx
[2026-02-27T23:14:40.847+0000] {processor.py:183} INFO - Processing /opt/airflow/dags/Optimización y Performance - Día 4.docx took 0.068 seconds
[2026-02-27T23:15:11.514+0000] {processor.py:161} INFO - Started process (PID=100) to work on /opt/airflow/dags/Optimización y Performance - Día 4.docx
[2026-02-27T23:15:11.516+0000] {processor.py:830} INFO - Processing file /opt/airflow/dags/Optimización y Performance - Día 4.docx for tasks to queue
[2026-02-27T23:15:11.518+0000] {logging_mixin.py:188} INFO - [2026-02-27T23:15:11.517+0000] {dagbag.py:540} INFO - Filling up the DagBag from /opt/airflow/dags/Optimización y Performance - Día 4.docx
[2026-02-27T23:15:11.530+0000] {processor.py:842} WARNING - No viable dags retrieved from /opt/airflow/dags/Optimización y Performance - Día 4.docx
[2026-02-27T23:15:11.554+0000] {processor.py:183} INFO - Processing /opt/airflow/dags/Optimización y Performance - Día 4.docx took 0.050 seconds
[2026-02-27T23:15:42.509+0000] {processor.py:161} INFO - Started process (PID=113) to work on /opt/airflow/dags/Optimización y Performance - Día 4.docx
[2026-02-27T23:15:42.511+0000] {processor.py:830} INFO - Processing file /opt/airflow/dags/Optimización y Performance - Día 4.docx for tasks to queue
[2026-02-27T23:15:42.513+0000] {logging_mixin.py:188} INFO - [2026-02-27T23:15:42.512+0000] {dagbag.py:540} INFO - Filling up the DagBag from /opt/airflow/dags/Optimización y Performance - Día 4.docx
[2026-02-27T23:15:42.537+0000] {processor.py:842} WARNING - No viable dags retrieved from /opt/airflow/dags/Optimización y Performance - Día 4.docx
[2026-02-27T23:15:42.578+0000] {processor.py:183} INFO - Processing /opt/airflow/dags/Optimización y Performance - Día 4.docx took 0.084 seconds
[2026-02-27T23:16:12.811+0000] {processor.py:161} INFO - Started process (PID=126) to work on /opt/airflow/dags/Optimización y Performance - Día 4.docx
[2026-02-27T23:16:12.813+0000] {processor.py:830} INFO - Processing file /opt/airflow/dags/Optimización y Performance - Día 4.docx for tasks to queue
[2026-02-27T23:16:12.815+0000] {logging_mixin.py:188} INFO - [2026-02-27T23:16:12.814+0000] {dagbag.py:540} INFO - Filling up the DagBag from /opt/airflow/dags/Optimización y Performance - Día 4.docx
[2026-02-27T23:16:12.829+0000] {processor.py:842} WARNING - No viable dags retrieved from /opt/airflow/dags/Optimización y Performance - Día 4.docx
[2026-02-27T23:16:12.855+0000] {processor.py:183} INFO - Processing /opt/airflow/dags/Optimización y Performance - Día 4.docx took 0.057 seconds
[2026-02-27T23:16:44.132+0000] {processor.py:161} INFO - Started process (PID=135) to work on /opt/airflow/dags/Optimización y Performance - Día 4.docx
[2026-02-27T23:16:44.135+0000] {processor.py:830} INFO - Processing file /opt/airflow/dags/Optimización y Performance - Día 4.docx for tasks to queue
[2026-02-27T23:16:44.138+0000] {logging_mixin.py:188} INFO - [2026-02-27T23:16:44.137+0000] {dagbag.py:540} INFO - Filling up the DagBag from /opt/airflow/dags/Optimización y Performance - Día 4.docx
[2026-02-27T23:16:44.157+0000] {processor.py:842} WARNING - No viable dags retrieved from /opt/airflow/dags/Optimización y Performance - Día 4.docx
[2026-02-27T23:16:44.192+0000] {processor.py:183} INFO - Processing /opt/airflow/dags/Optimización y Performance - Día 4.docx took 0.076 seconds
[2026-02-27T23:17:14.945+0000] {processor.py:161} INFO - Started process (PID=144) to work on /opt/airflow/dags/Optimización y Performance - Día 4.docx
[2026-02-27T23:17:14.948+0000] {processor.py:830} INFO - Processing file /opt/airflow/dags/Optimización y Performance - Día 4.docx for tasks to queue
[2026-02-27T23:17:14.952+0000] {logging_mixin.py:188} INFO - [2026-02-27T23:17:14.950+0000] {dagbag.py:540} INFO - Filling up the DagBag from /opt/airflow/dags/Optimización y Performance - Día 4.docx
[2026-02-27T23:17:14.982+0000] {processor.py:842} WARNING - No viable dags retrieved from /opt/airflow/dags/Optimización y Performance - Día 4.docx
[2026-02-27T23:17:15.033+0000] {processor.py:183} INFO - Processing /opt/airflow/dags/Optimización y Performance - Día 4.docx took 0.107 seconds
[2026-02-27T23:17:45.891+0000] {processor.py:161} INFO - Started process (PID=153) to work on /opt/airflow/dags/Optimización y Performance - Día 4.docx
[2026-02-27T23:17:45.892+0000] {processor.py:830} INFO - Processing file /opt/airflow/dags/Optimización y Performance - Día 4.docx for tasks to queue
[2026-02-27T23:17:45.894+0000] {logging_mixin.py:188} INFO - [2026-02-27T23:17:45.894+0000] {dagbag.py:540} INFO - Filling up the DagBag from /opt/airflow/dags/Optimización y Performance - Día 4.docx
[2026-02-27T23:17:45.915+0000] {processor.py:842} WARNING - No viable dags retrieved from /opt/airflow/dags/Optimización y Performance - Día 4.docx
[2026-02-27T23:17:45.937+0000] {processor.py:183} INFO - Processing /opt/airflow/dags/Optimización y Performance - Día 4.docx took 0.057 seconds
[2026-02-27T23:18:16.600+0000] {processor.py:161} INFO - Started process (PID=162) to work on /opt/airflow/dags/Optimización y Performance - Día 4.docx
[2026-02-27T23:18:16.603+0000] {processor.py:830} INFO - Processing file /opt/airflow/dags/Optimización y Performance - Día 4.docx for tasks to queue
[2026-02-27T23:18:16.605+0000] {logging_mixin.py:188} INFO - [2026-02-27T23:18:16.604+0000] {dagbag.py:540} INFO - Filling up the DagBag from /opt/airflow/dags/Optimización y Performance - Día 4.docx
[2026-02-27T23:18:16.621+0000] {processor.py:842} WARNING - No viable dags retrieved from /opt/airflow/dags/Optimización y Performance - Día 4.docx
[2026-02-27T23:18:16.647+0000] {processor.py:183} INFO - Processing /opt/airflow/dags/Optimización y Performance - Día 4.docx took 0.061 seconds
[2026-02-27T23:18:47.724+0000] {processor.py:161} INFO - Started process (PID=171) to work on /opt/airflow/dags/Optimización y Performance - Día 4.docx
[2026-02-27T23:18:47.728+0000] {processor.py:830} INFO - Processing file /opt/airflow/dags/Optimización y Performance - Día 4.docx for tasks to queue
[2026-02-27T23:18:47.729+0000] {logging_mixin.py:188} INFO - [2026-02-27T23:18:47.729+0000] {dagbag.py:540} INFO - Filling up the DagBag from /opt/airflow/dags/Optimización y Performance - Día 4.docx
[2026-02-27T23:18:47.752+0000] {processor.py:842} WARNING - No viable dags retrieved from /opt/airflow/dags/Optimización y Performance - Día 4.docx
[2026-02-27T23:18:47.797+0000] {processor.py:183} INFO - Processing /opt/airflow/dags/Optimización y Performance - Día 4.docx took 0.084 seconds
[2026-02-27T23:19:18.642+0000] {processor.py:161} INFO - Started process (PID=180) to work on /opt/airflow/dags/Optimización y Performance - Día 4.docx
[2026-02-27T23:19:18.644+0000] {processor.py:830} INFO - Processing file /opt/airflow/dags/Optimización y Performance - Día 4.docx for tasks to queue
[2026-02-27T23:19:18.645+0000] {logging_mixin.py:188} INFO - [2026-02-27T23:19:18.645+0000] {dagbag.py:540} INFO - Filling up the DagBag from /opt/airflow/dags/Optimización y Performance - Día 4.docx
[2026-02-27T23:19:18.661+0000] {processor.py:842} WARNING - No viable dags retrieved from /opt/airflow/dags/Optimización y Performance - Día 4.docx
[2026-02-27T23:19:18.686+0000] {processor.py:183} INFO - Processing /opt/airflow/dags/Optimización y Performance - Día 4.docx took 0.053 seconds
[2026-02-27T23:19:49.411+0000] {processor.py:161} INFO - Started process (PID=189) to work on /opt/airflow/dags/Optimización y Performance - Día 4.docx
[2026-02-27T23:19:49.413+0000] {processor.py:830} INFO - Processing file /opt/airflow/dags/Optimización y Performance - Día 4.docx for tasks to queue
[2026-02-27T23:19:49.415+0000] {logging_mixin.py:188} INFO - [2026-02-27T23:19:49.414+0000] {dagbag.py:540} INFO - Filling up the DagBag from /opt/airflow/dags/Optimización y Performance - Día 4.docx
[2026-02-27T23:19:49.429+0000] {processor.py:842} WARNING - No viable dags retrieved from /opt/airflow/dags/Optimización y Performance - Día 4.docx
[2026-02-27T23:19:49.457+0000] {processor.py:183} INFO - Processing /opt/airflow/dags/Optimización y Performance - Día 4.docx took 0.057 seconds
[2026-02-27T23:20:20.264+0000] {processor.py:161} INFO - Started process (PID=198) to work on /opt/airflow/dags/Optimización y Performance - Día 4.docx
[2026-02-27T23:20:20.267+0000] {processor.py:830} INFO - Processing file /opt/airflow/dags/Optimización y Performance - Día 4.docx for tasks to queue
[2026-02-27T23:20:20.268+0000] {logging_mixin.py:188} INFO - [2026-02-27T23:20:20.268+0000] {dagbag.py:540} INFO - Filling up the DagBag from /opt/airflow/dags/Optimización y Performance - Día 4.docx
[2026-02-27T23:20:20.286+0000] {processor.py:842} WARNING - No viable dags retrieved from /opt/airflow/dags/Optimización y Performance - Día 4.docx
[2026-02-27T23:20:20.311+0000] {processor.py:183} INFO - Processing /opt/airflow/dags/Optimización y Performance - Día 4.docx took 0.056 seconds
[2026-02-27T23:20:50.911+0000] {processor.py:161} INFO - Started process (PID=207) to work on /opt/airflow/dags/Optimización y Performance - Día 4.docx
[2026-02-27T23:20:50.913+0000] {processor.py:830} INFO - Processing file /opt/airflow/dags/Optimización y Performance - Día 4.docx for tasks to queue
[2026-02-27T23:20:50.914+0000] {logging_mixin.py:188} INFO - [2026-02-27T23:20:50.914+0000] {dagbag.py:540} INFO - Filling up the DagBag from /opt/airflow/dags/Optimización y Performance - Día 4.docx
[2026-02-27T23:20:50.927+0000] {processor.py:842} WARNING - No viable dags retrieved from /opt/airflow/dags/Optimización y Performance - Día 4.docx
[2026-02-27T23:20:50.952+0000] {processor.py:183} INFO - Processing /opt/airflow/dags/Optimización y Performance - Día 4.docx took 0.052 seconds
[2026-02-27T23:21:21.947+0000] {processor.py:161} INFO - Started process (PID=216) to work on /opt/airflow/dags/Optimización y Performance - Día 4.docx
[2026-02-27T23:21:21.949+0000] {processor.py:830} INFO - Processing file /opt/airflow/dags/Optimización y Performance - Día 4.docx for tasks to queue
[2026-02-27T23:21:21.951+0000] {logging_mixin.py:188} INFO - [2026-02-27T23:21:21.951+0000] {dagbag.py:540} INFO - Filling up the DagBag from /opt/airflow/dags/Optimización y Performance - Día 4.docx
[2026-02-27T23:21:21.977+0000] {processor.py:842} WARNING - No viable dags retrieved from /opt/airflow/dags/Optimización y Performance - Día 4.docx
[2026-02-27T23:21:22.011+0000] {processor.py:183} INFO - Processing /opt/airflow/dags/Optimización y Performance - Día 4.docx took 0.077 seconds
[2026-02-27T23:21:52.366+0000] {processor.py:161} INFO - Started process (PID=225) to work on /opt/airflow/dags/Optimización y Performance - Día 4.docx
[2026-02-27T23:21:52.368+0000] {processor.py:830} INFO - Processing file /opt/airflow/dags/Optimización y Performance - Día 4.docx for tasks to queue
[2026-02-27T23:21:52.370+0000] {logging_mixin.py:188} INFO - [2026-02-27T23:21:52.369+0000] {dagbag.py:540} INFO - Filling up the DagBag from /opt/airflow/dags/Optimización y Performance - Día 4.docx
[2026-02-27T23:21:52.388+0000] {processor.py:842} WARNING - No viable dags retrieved from /opt/airflow/dags/Optimización y Performance - Día 4.docx
[2026-02-27T23:21:52.416+0000] {processor.py:183} INFO - Processing /opt/airflow/dags/Optimización y Performance - Día 4.docx took 0.062 seconds
[2026-02-27T23:22:23.364+0000] {processor.py:161} INFO - Started process (PID=234) to work on /opt/airflow/dags/Optimización y Performance - Día 4.docx
[2026-02-27T23:22:23.366+0000] {processor.py:830} INFO - Processing file /opt/airflow/dags/Optimización y Performance - Día 4.docx for tasks to queue
[2026-02-27T23:22:23.367+0000] {logging_mixin.py:188} INFO - [2026-02-27T23:22:23.367+0000] {dagbag.py:540} INFO - Filling up the DagBag from /opt/airflow/dags/Optimización y Performance - Día 4.docx
[2026-02-27T23:22:23.384+0000] {processor.py:842} WARNING - No viable dags retrieved from /opt/airflow/dags/Optimización y Performance - Día 4.docx
[2026-02-27T23:22:23.408+0000] {processor.py:183} INFO - Processing /opt/airflow/dags/Optimización y Performance - Día 4.docx took 0.053 seconds
[2026-02-27T23:22:54.073+0000] {processor.py:161} INFO - Started process (PID=243) to work on /opt/airflow/dags/Optimización y Performance - Día 4.docx
[2026-02-27T23:22:54.074+0000] {processor.py:830} INFO - Processing file /opt/airflow/dags/Optimización y Performance - Día 4.docx for tasks to queue
[2026-02-27T23:22:54.077+0000] {logging_mixin.py:188} INFO - [2026-02-27T23:22:54.076+0000] {dagbag.py:540} INFO - Filling up the DagBag from /opt/airflow/dags/Optimización y Performance - Día 4.docx
[2026-02-27T23:22:54.092+0000] {processor.py:842} WARNING - No viable dags retrieved from /opt/airflow/dags/Optimización y Performance - Día 4.docx
[2026-02-27T23:22:54.116+0000] {processor.py:183} INFO - Processing /opt/airflow/dags/Optimización y Performance - Día 4.docx took 0.052 seconds
[2026-02-27T23:23:24.738+0000] {processor.py:161} INFO - Started process (PID=252) to work on /opt/airflow/dags/Optimización y Performance - Día 4.docx
[2026-02-27T23:23:24.740+0000] {processor.py:830} INFO - Processing file /opt/airflow/dags/Optimización y Performance - Día 4.docx for tasks to queue
[2026-02-27T23:23:24.742+0000] {logging_mixin.py:188} INFO - [2026-02-27T23:23:24.741+0000] {dagbag.py:540} INFO - Filling up the DagBag from /opt/airflow/dags/Optimización y Performance - Día 4.docx
[2026-02-27T23:23:24.761+0000] {processor.py:842} WARNING - No viable dags retrieved from /opt/airflow/dags/Optimización y Performance - Día 4.docx
[2026-02-27T23:23:24.785+0000] {processor.py:183} INFO - Processing /opt/airflow/dags/Optimización y Performance - Día 4.docx took 0.057 seconds
[2026-02-27T23:23:55.582+0000] {processor.py:161} INFO - Started process (PID=261) to work on /opt/airflow/dags/Optimización y Performance - Día 4.docx
[2026-02-27T23:23:55.585+0000] {processor.py:830} INFO - Processing file /opt/airflow/dags/Optimización y Performance - Día 4.docx for tasks to queue
[2026-02-27T23:23:55.587+0000] {logging_mixin.py:188} INFO - [2026-02-27T23:23:55.587+0000] {dagbag.py:540} INFO - Filling up the DagBag from /opt/airflow/dags/Optimización y Performance - Día 4.docx
[2026-02-27T23:23:55.620+0000] {processor.py:842} WARNING - No viable dags retrieved from /opt/airflow/dags/Optimización y Performance - Día 4.docx
[2026-02-27T23:23:55.647+0000] {processor.py:183} INFO - Processing /opt/airflow/dags/Optimización y Performance - Día 4.docx took 0.088 seconds
[2026-02-27T23:24:26.247+0000] {processor.py:161} INFO - Started process (PID=270) to work on /opt/airflow/dags/Optimización y Performance - Día 4.docx
[2026-02-27T23:24:26.249+0000] {processor.py:830} INFO - Processing file /opt/airflow/dags/Optimización y Performance - Día 4.docx for tasks to queue
[2026-02-27T23:24:26.250+0000] {logging_mixin.py:188} INFO - [2026-02-27T23:24:26.250+0000] {dagbag.py:540} INFO - Filling up the DagBag from /opt/airflow/dags/Optimización y Performance - Día 4.docx
[2026-02-27T23:24:26.269+0000] {processor.py:842} WARNING - No viable dags retrieved from /opt/airflow/dags/Optimización y Performance - Día 4.docx
[2026-02-27T23:24:26.293+0000] {processor.py:183} INFO - Processing /opt/airflow/dags/Optimización y Performance - Día 4.docx took 0.056 seconds
[2026-02-27T23:24:57.326+0000] {processor.py:161} INFO - Started process (PID=279) to work on /opt/airflow/dags/Optimización y Performance - Día 4.docx
[2026-02-27T23:24:57.328+0000] {processor.py:830} INFO - Processing file /opt/airflow/dags/Optimización y Performance - Día 4.docx for tasks to queue
[2026-02-27T23:24:57.329+0000] {logging_mixin.py:188} INFO - [2026-02-27T23:24:57.329+0000] {dagbag.py:540} INFO - Filling up the DagBag from /opt/airflow/dags/Optimización y Performance - Día 4.docx
[2026-02-27T23:24:57.349+0000] {processor.py:842} WARNING - No viable dags retrieved from /opt/airflow/dags/Optimización y Performance - Día 4.docx
[2026-02-27T23:24:57.374+0000] {processor.py:183} INFO - Processing /opt/airflow/dags/Optimización y Performance - Día 4.docx took 0.059 seconds
[2026-02-27T23:25:28.401+0000] {processor.py:161} INFO - Started process (PID=288) to work on /opt/airflow/dags/Optimización y Performance - Día 4.docx
[2026-02-27T23:25:28.402+0000] {processor.py:830} INFO - Processing file /opt/airflow/dags/Optimización y Performance - Día 4.docx for tasks to queue
[2026-02-27T23:25:28.404+0000] {logging_mixin.py:188} INFO - [2026-02-27T23:25:28.403+0000] {dagbag.py:540} INFO - Filling up the DagBag from /opt/airflow/dags/Optimización y Performance - Día 4.docx
[2026-02-27T23:25:28.421+0000] {processor.py:842} WARNING - No viable dags retrieved from /opt/airflow/dags/Optimización y Performance - Día 4.docx
[2026-02-27T23:25:28.443+0000] {processor.py:183} INFO - Processing /opt/airflow/dags/Optimización y Performance - Día 4.docx took 0.052 seconds
[2026-02-27T23:25:58.930+0000] {processor.py:161} INFO - Started process (PID=297) to work on /opt/airflow/dags/Optimización y Performance - Día 4.docx
[2026-02-27T23:25:58.932+0000] {processor.py:830} INFO - Processing file /opt/airflow/dags/Optimización y Performance - Día 4.docx for tasks to queue
[2026-02-27T23:25:58.933+0000] {logging_mixin.py:188} INFO - [2026-02-27T23:25:58.933+0000] {dagbag.py:540} INFO - Filling up the DagBag from /opt/airflow/dags/Optimización y Performance - Día 4.docx
[2026-02-27T23:25:58.948+0000] {processor.py:842} WARNING - No viable dags retrieved from /opt/airflow/dags/Optimización y Performance - Día 4.docx
[2026-02-27T23:25:58.970+0000] {processor.py:183} INFO - Processing /opt/airflow/dags/Optimización y Performance - Día 4.docx took 0.050 seconds
[2026-02-27T23:26:30.085+0000] {processor.py:161} INFO - Started process (PID=306) to work on /opt/airflow/dags/Optimización y Performance - Día 4.docx
[2026-02-27T23:26:30.088+0000] {processor.py:830} INFO - Processing file /opt/airflow/dags/Optimización y Performance - Día 4.docx for tasks to queue
[2026-02-27T23:26:30.091+0000] {logging_mixin.py:188} INFO - [2026-02-27T23:26:30.090+0000] {dagbag.py:540} INFO - Filling up the DagBag from /opt/airflow/dags/Optimización y Performance - Día 4.docx
[2026-02-27T23:26:30.121+0000] {processor.py:842} WARNING - No viable dags retrieved from /opt/airflow/dags/Optimización y Performance - Día 4.docx
[2026-02-27T23:26:30.158+0000] {processor.py:183} INFO - Processing /opt/airflow/dags/Optimización y Performance - Día 4.docx took 0.092 seconds
[2026-02-27T23:27:00.687+0000] {processor.py:161} INFO - Started process (PID=316) to work on /opt/airflow/dags/Optimización y Performance - Día 4.docx
[2026-02-27T23:27:00.689+0000] {processor.py:830} INFO - Processing file /opt/airflow/dags/Optimización y Performance - Día 4.docx for tasks to queue
[2026-02-27T23:27:00.691+0000] {logging_mixin.py:188} INFO - [2026-02-27T23:27:00.690+0000] {dagbag.py:540} INFO - Filling up the DagBag from /opt/airflow/dags/Optimización y Performance - Día 4.docx
[2026-02-27T23:27:00.714+0000] {processor.py:842} WARNING - No viable dags retrieved from /opt/airflow/dags/Optimización y Performance - Día 4.docx
[2026-02-27T23:27:00.747+0000] {processor.py:183} INFO - Processing /opt/airflow/dags/Optimización y Performance - Día 4.docx took 0.072 seconds
[2026-02-27T23:27:31.770+0000] {processor.py:161} INFO - Started process (PID=325) to work on /opt/airflow/dags/Optimización y Performance - Día 4.docx
[2026-02-27T23:27:31.773+0000] {processor.py:830} INFO - Processing file /opt/airflow/dags/Optimización y Performance - Día 4.docx for tasks to queue
[2026-02-27T23:27:31.776+0000] {logging_mixin.py:188} INFO - [2026-02-27T23:27:31.775+0000] {dagbag.py:540} INFO - Filling up the DagBag from /opt/airflow/dags/Optimización y Performance - Día 4.docx
[2026-02-27T23:27:31.802+0000] {processor.py:842} WARNING - No viable dags retrieved from /opt/airflow/dags/Optimización y Performance - Día 4.docx
[2026-02-27T23:27:31.835+0000] {processor.py:183} INFO - Processing /opt/airflow/dags/Optimización y Performance - Día 4.docx took 0.079 seconds
[2026-02-27T23:28:02.772+0000] {processor.py:161} INFO - Started process (PID=334) to work on /opt/airflow/dags/Optimización y Performance - Día 4.docx
[2026-02-27T23:28:02.774+0000] {processor.py:830} INFO - Processing file /opt/airflow/dags/Optimización y Performance - Día 4.docx for tasks to queue
[2026-02-27T23:28:02.777+0000] {logging_mixin.py:188} INFO - [2026-02-27T23:28:02.776+0000] {dagbag.py:540} INFO - Filling up the DagBag from /opt/airflow/dags/Optimización y Performance - Día 4.docx
[2026-02-27T23:28:02.795+0000] {processor.py:842} WARNING - No viable dags retrieved from /opt/airflow/dags/Optimización y Performance - Día 4.docx
[2026-02-27T23:28:02.821+0000] {processor.py:183} INFO - Processing /opt/airflow/dags/Optimización y Performance - Día 4.docx took 0.060 seconds
[2026-02-27T23:28:33.626+0000] {processor.py:161} INFO - Started process (PID=343) to work on /opt/airflow/dags/Optimización y Performance - Día 4.docx
[2026-02-27T23:28:33.627+0000] {processor.py:830} INFO - Processing file /opt/airflow/dags/Optimización y Performance - Día 4.docx for tasks to queue
[2026-02-27T23:28:33.629+0000] {logging_mixin.py:188} INFO - [2026-02-27T23:28:33.628+0000] {dagbag.py:540} INFO - Filling up the DagBag from /opt/airflow/dags/Optimización y Performance - Día 4.docx
[2026-02-27T23:28:33.648+0000] {processor.py:842} WARNING - No viable dags retrieved from /opt/airflow/dags/Optimización y Performance - Día 4.docx
[2026-02-27T23:28:33.672+0000] {processor.py:183} INFO - Processing /opt/airflow/dags/Optimización y Performance - Día 4.docx took 0.056 seconds
[2026-02-27T23:29:04.370+0000] {processor.py:161} INFO - Started process (PID=352) to work on /opt/airflow/dags/Optimización y Performance - Día 4.docx
[2026-02-27T23:29:04.373+0000] {processor.py:830} INFO - Processing file /opt/airflow/dags/Optimización y Performance - Día 4.docx for tasks to queue
[2026-02-27T23:29:04.375+0000] {logging_mixin.py:188} INFO - [2026-02-27T23:29:04.374+0000] {dagbag.py:540} INFO - Filling up the DagBag from /opt/airflow/dags/Optimización y Performance - Día 4.docx
[2026-02-27T23:29:04.397+0000] {processor.py:842} WARNING - No viable dags retrieved from /opt/airflow/dags/Optimización y Performance - Día 4.docx
[2026-02-27T23:29:04.431+0000] {processor.py:183} INFO - Processing /opt/airflow/dags/Optimización y Performance - Día 4.docx took 0.071 seconds
[2026-02-27T23:29:35.080+0000] {processor.py:161} INFO - Started process (PID=361) to work on /opt/airflow/dags/Optimización y Performance - Día 4.docx
[2026-02-27T23:29:35.083+0000] {processor.py:830} INFO - Processing file /opt/airflow/dags/Optimización y Performance - Día 4.docx for tasks to queue
[2026-02-27T23:29:35.085+0000] {logging_mixin.py:188} INFO - [2026-02-27T23:29:35.084+0000] {dagbag.py:540} INFO - Filling up the DagBag from /opt/airflow/dags/Optimización y Performance - Día 4.docx
[2026-02-27T23:29:35.104+0000] {processor.py:842} WARNING - No viable dags retrieved from /opt/airflow/dags/Optimización y Performance - Día 4.docx
[2026-02-27T23:29:35.134+0000] {processor.py:183} INFO - Processing /opt/airflow/dags/Optimización y Performance - Día 4.docx took 0.068 seconds
[2026-02-27T23:30:06.120+0000] {processor.py:161} INFO - Started process (PID=370) to work on /opt/airflow/dags/Optimización y Performance - Día 4.docx
[2026-02-27T23:30:06.122+0000] {processor.py:830} INFO - Processing file /opt/airflow/dags/Optimización y Performance - Día 4.docx for tasks to queue
[2026-02-27T23:30:06.124+0000] {logging_mixin.py:188} INFO - [2026-02-27T23:30:06.123+0000] {dagbag.py:540} INFO - Filling up the DagBag from /opt/airflow/dags/Optimización y Performance - Día 4.docx
[2026-02-27T23:30:06.146+0000] {processor.py:842} WARNING - No viable dags retrieved from /opt/airflow/dags/Optimización y Performance - Día 4.docx
[2026-02-27T23:30:06.172+0000] {processor.py:183} INFO - Processing /opt/airflow/dags/Optimización y Performance - Día 4.docx took 0.061 seconds
[2026-02-27T23:30:36.864+0000] {processor.py:161} INFO - Started process (PID=379) to work on /opt/airflow/dags/Optimización y Performance - Día 4.docx
[2026-02-27T23:30:36.865+0000] {processor.py:830} INFO - Processing file /opt/airflow/dags/Optimización y Performance - Día 4.docx for tasks to queue
[2026-02-27T23:30:36.867+0000] {logging_mixin.py:188} INFO - [2026-02-27T23:30:36.866+0000] {dagbag.py:540} INFO - Filling up the DagBag from /opt/airflow/dags/Optimización y Performance - Día 4.docx
[2026-02-27T23:30:36.882+0000] {processor.py:842} WARNING - No viable dags retrieved from /opt/airflow/dags/Optimización y Performance - Día 4.docx
[2026-02-27T23:30:36.904+0000] {processor.py:183} INFO - Processing /opt/airflow/dags/Optimización y Performance - Día 4.docx took 0.054 seconds
[2026-02-27T23:31:07.508+0000] {processor.py:161} INFO - Started process (PID=388) to work on /opt/airflow/dags/Optimización y Performance - Día 4.docx
[2026-02-27T23:31:07.510+0000] {processor.py:830} INFO - Processing file /opt/airflow/dags/Optimización y Performance - Día 4.docx for tasks to queue
[2026-02-27T23:31:07.513+0000] {logging_mixin.py:188} INFO - [2026-02-27T23:31:07.512+0000] {dagbag.py:540} INFO - Filling up the DagBag from /opt/airflow/dags/Optimización y Performance - Día 4.docx
[2026-02-27T23:31:07.534+0000] {processor.py:842} WARNING - No viable dags retrieved from /opt/airflow/dags/Optimización y Performance - Día 4.docx
[2026-02-27T23:31:07.563+0000] {processor.py:183} INFO - Processing /opt/airflow/dags/Optimización y Performance - Día 4.docx took 0.066 seconds
[2026-02-27T23:31:38.601+0000] {processor.py:161} INFO - Started process (PID=397) to work on /opt/airflow/dags/Optimización y Performance - Día 4.docx
[2026-02-27T23:31:38.603+0000] {processor.py:830} INFO - Processing file /opt/airflow/dags/Optimización y Performance - Día 4.docx for tasks to queue
[2026-02-27T23:31:38.605+0000] {logging_mixin.py:188} INFO - [2026-02-27T23:31:38.605+0000] {dagbag.py:540} INFO - Filling up the DagBag from /opt/airflow/dags/Optimización y Performance - Día 4.docx
[2026-02-27T23:31:38.622+0000] {processor.py:842} WARNING - No viable dags retrieved from /opt/airflow/dags/Optimización y Performance - Día 4.docx
[2026-02-27T23:31:38.650+0000] {processor.py:183} INFO - Processing /opt/airflow/dags/Optimización y Performance - Día 4.docx took 0.058 seconds
[2026-02-27T23:32:10.699+0000] {processor.py:161} INFO - Started process (PID=406) to work on /opt/airflow/dags/Optimización y Performance - Día 4.docx
[2026-02-27T23:32:10.703+0000] {processor.py:830} INFO - Processing file /opt/airflow/dags/Optimización y Performance - Día 4.docx for tasks to queue
[2026-02-27T23:32:10.708+0000] {logging_mixin.py:188} INFO - [2026-02-27T23:32:10.707+0000] {dagbag.py:540} INFO - Filling up the DagBag from /opt/airflow/dags/Optimización y Performance - Día 4.docx
[2026-02-27T23:32:10.767+0000] {processor.py:842} WARNING - No viable dags retrieved from /opt/airflow/dags/Optimización y Performance - Día 4.docx
[2026-02-27T23:32:10.798+0000] {processor.py:183} INFO - Processing /opt/airflow/dags/Optimización y Performance - Día 4.docx took 0.114 seconds
[2026-02-27T23:32:41.393+0000] {processor.py:161} INFO - Started process (PID=415) to work on /opt/airflow/dags/Optimización y Performance - Día 4.docx
[2026-02-27T23:32:41.395+0000] {processor.py:830} INFO - Processing file /opt/airflow/dags/Optimización y Performance - Día 4.docx for tasks to queue
[2026-02-27T23:32:41.397+0000] {logging_mixin.py:188} INFO - [2026-02-27T23:32:41.396+0000] {dagbag.py:540} INFO - Filling up the DagBag from /opt/airflow/dags/Optimización y Performance - Día 4.docx
[2026-02-27T23:32:41.414+0000] {processor.py:842} WARNING - No viable dags retrieved from /opt/airflow/dags/Optimización y Performance - Día 4.docx
[2026-02-27T23:32:41.434+0000] {processor.py:183} INFO - Processing /opt/airflow/dags/Optimización y Performance - Día 4.docx took 0.053 seconds
[2026-02-27T23:33:11.906+0000] {processor.py:161} INFO - Started process (PID=424) to work on /opt/airflow/dags/Optimización y Performance - Día 4.docx
[2026-02-27T23:33:11.908+0000] {processor.py:830} INFO - Processing file /opt/airflow/dags/Optimización y Performance - Día 4.docx for tasks to queue
[2026-02-27T23:33:11.910+0000] {logging_mixin.py:188} INFO - [2026-02-27T23:33:11.910+0000] {dagbag.py:540} INFO - Filling up the DagBag from /opt/airflow/dags/Optimización y Performance - Día 4.docx
[2026-02-27T23:33:11.929+0000] {processor.py:842} WARNING - No viable dags retrieved from /opt/airflow/dags/Optimización y Performance - Día 4.docx
[2026-02-27T23:33:11.956+0000] {processor.py:183} INFO - Processing /opt/airflow/dags/Optimización y Performance - Día 4.docx took 0.064 seconds
[2026-02-27T23:33:42.557+0000] {processor.py:161} INFO - Started process (PID=433) to work on /opt/airflow/dags/Optimización y Performance - Día 4.docx
[2026-02-27T23:33:42.560+0000] {processor.py:830} INFO - Processing file /opt/airflow/dags/Optimización y Performance - Día 4.docx for tasks to queue
[2026-02-27T23:33:42.562+0000] {logging_mixin.py:188} INFO - [2026-02-27T23:33:42.561+0000] {dagbag.py:540} INFO - Filling up the DagBag from /opt/airflow/dags/Optimización y Performance - Día 4.docx
[2026-02-27T23:33:42.579+0000] {processor.py:842} WARNING - No viable dags retrieved from /opt/airflow/dags/Optimización y Performance - Día 4.docx
[2026-02-27T23:33:42.601+0000] {processor.py:183} INFO - Processing /opt/airflow/dags/Optimización y Performance - Día 4.docx took 0.052 seconds
[2026-02-27T23:34:13.194+0000] {processor.py:161} INFO - Started process (PID=442) to work on /opt/airflow/dags/Optimización y Performance - Día 4.docx
[2026-02-27T23:34:13.196+0000] {processor.py:830} INFO - Processing file /opt/airflow/dags/Optimización y Performance - Día 4.docx for tasks to queue
[2026-02-27T23:34:13.199+0000] {logging_mixin.py:188} INFO - [2026-02-27T23:34:13.199+0000] {dagbag.py:540} INFO - Filling up the DagBag from /opt/airflow/dags/Optimización y Performance - Día 4.docx
[2026-02-27T23:34:13.222+0000] {processor.py:842} WARNING - No viable dags retrieved from /opt/airflow/dags/Optimización y Performance - Día 4.docx
[2026-02-27T23:34:13.255+0000] {processor.py:183} INFO - Processing /opt/airflow/dags/Optimización y Performance - Día 4.docx took 0.072 seconds
[2026-02-27T23:34:43.765+0000] {processor.py:161} INFO - Started process (PID=451) to work on /opt/airflow/dags/Optimización y Performance - Día 4.docx
[2026-02-27T23:34:43.767+0000] {processor.py:830} INFO - Processing file /opt/airflow/dags/Optimización y Performance - Día 4.docx for tasks to queue
[2026-02-27T23:34:43.768+0000] {logging_mixin.py:188} INFO - [2026-02-27T23:34:43.768+0000] {dagbag.py:540} INFO - Filling up the DagBag from /opt/airflow/dags/Optimización y Performance - Día 4.docx
[2026-02-27T23:34:43.787+0000] {processor.py:842} WARNING - No viable dags retrieved from /opt/airflow/dags/Optimización y Performance - Día 4.docx
[2026-02-27T23:34:43.819+0000] {processor.py:183} INFO - Processing /opt/airflow/dags/Optimización y Performance - Día 4.docx took 0.065 seconds
[2026-02-27T23:35:14.588+0000] {processor.py:161} INFO - Started process (PID=460) to work on /opt/airflow/dags/Optimización y Performance - Día 4.docx
[2026-02-27T23:35:14.590+0000] {processor.py:830} INFO - Processing file /opt/airflow/dags/Optimización y Performance - Día 4.docx for tasks to queue
[2026-02-27T23:35:14.592+0000] {logging_mixin.py:188} INFO - [2026-02-27T23:35:14.592+0000] {dagbag.py:540} INFO - Filling up the DagBag from /opt/airflow/dags/Optimización y Performance - Día 4.docx
[2026-02-27T23:35:14.615+0000] {processor.py:842} WARNING - No viable dags retrieved from /opt/airflow/dags/Optimización y Performance - Día 4.docx
[2026-02-27T23:35:14.655+0000] {processor.py:183} INFO - Processing /opt/airflow/dags/Optimización y Performance - Día 4.docx took 0.083 seconds
[2026-02-27T23:35:45.256+0000] {processor.py:161} INFO - Started process (PID=469) to work on /opt/airflow/dags/Optimización y Performance - Día 4.docx
[2026-02-27T23:35:45.258+0000] {processor.py:830} INFO - Processing file /opt/airflow/dags/Optimización y Performance - Día 4.docx for tasks to queue
[2026-02-27T23:35:45.260+0000] {logging_mixin.py:188} INFO - [2026-02-27T23:35:45.259+0000] {dagbag.py:540} INFO - Filling up the DagBag from /opt/airflow/dags/Optimización y Performance - Día 4.docx
[2026-02-27T23:35:45.277+0000] {processor.py:842} WARNING - No viable dags retrieved from /opt/airflow/dags/Optimización y Performance - Día 4.docx
[2026-02-27T23:35:45.298+0000] {processor.py:183} INFO - Processing /opt/airflow/dags/Optimización y Performance - Día 4.docx took 0.051 seconds
[2026-02-27T23:36:15.900+0000] {processor.py:161} INFO - Started process (PID=478) to work on /opt/airflow/dags/Optimización y Performance - Día 4.docx
[2026-02-27T23:36:15.904+0000] {processor.py:830} INFO - Processing file /opt/airflow/dags/Optimización y Performance - Día 4.docx for tasks to queue
[2026-02-27T23:36:15.907+0000] {logging_mixin.py:188} INFO - [2026-02-27T23:36:15.906+0000] {dagbag.py:540} INFO - Filling up the DagBag from /opt/airflow/dags/Optimización y Performance - Día 4.docx
[2026-02-27T23:36:15.928+0000] {processor.py:842} WARNING - No viable dags retrieved from /opt/airflow/dags/Optimización y Performance - Día 4.docx
[2026-02-27T23:36:15.978+0000] {processor.py:183} INFO - Processing /opt/airflow/dags/Optimización y Performance - Día 4.docx took 0.103 seconds
[2026-02-27T23:36:46.976+0000] {processor.py:161} INFO - Started process (PID=487) to work on /opt/airflow/dags/Optimización y Performance - Día 4.docx
[2026-02-27T23:36:46.978+0000] {processor.py:830} INFO - Processing file /opt/airflow/dags/Optimización y Performance - Día 4.docx for tasks to queue
[2026-02-27T23:36:46.980+0000] {logging_mixin.py:188} INFO - [2026-02-27T23:36:46.980+0000] {dagbag.py:540} INFO - Filling up the DagBag from /opt/airflow/dags/Optimización y Performance - Día 4.docx
[2026-02-27T23:36:46.999+0000] {processor.py:842} WARNING - No viable dags retrieved from /opt/airflow/dags/Optimización y Performance - Día 4.docx
[2026-02-27T23:36:47.023+0000] {processor.py:183} INFO - Processing /opt/airflow/dags/Optimización y Performance - Día 4.docx took 0.058 seconds
[2026-02-27T23:37:17.452+0000] {processor.py:161} INFO - Started process (PID=496) to work on /opt/airflow/dags/Optimización y Performance - Día 4.docx
[2026-02-27T23:37:17.453+0000] {processor.py:830} INFO - Processing file /opt/airflow/dags/Optimización y Performance - Día 4.docx for tasks to queue
[2026-02-27T23:37:17.455+0000] {logging_mixin.py:188} INFO - [2026-02-27T23:37:17.454+0000] {dagbag.py:540} INFO - Filling up the DagBag from /opt/airflow/dags/Optimización y Performance - Día 4.docx
[2026-02-27T23:37:17.468+0000] {processor.py:842} WARNING - No viable dags retrieved from /opt/airflow/dags/Optimización y Performance - Día 4.docx
[2026-02-27T23:37:17.491+0000] {processor.py:183} INFO - Processing /opt/airflow/dags/Optimización y Performance - Día 4.docx took 0.046 seconds
[2026-02-27T23:37:48.075+0000] {processor.py:161} INFO - Started process (PID=505) to work on /opt/airflow/dags/Optimización y Performance - Día 4.docx
[2026-02-27T23:37:48.077+0000] {processor.py:830} INFO - Processing file /opt/airflow/dags/Optimización y Performance - Día 4.docx for tasks to queue
[2026-02-27T23:37:48.080+0000] {logging_mixin.py:188} INFO - [2026-02-27T23:37:48.079+0000] {dagbag.py:540} INFO - Filling up the DagBag from /opt/airflow/dags/Optimización y Performance - Día 4.docx
[2026-02-27T23:37:48.098+0000] {processor.py:842} WARNING - No viable dags retrieved from /opt/airflow/dags/Optimización y Performance - Día 4.docx
[2026-02-27T23:37:48.119+0000] {processor.py:183} INFO - Processing /opt/airflow/dags/Optimización y Performance - Día 4.docx took 0.052 seconds
[2026-02-27T23:38:18.649+0000] {processor.py:161} INFO - Started process (PID=514) to work on /opt/airflow/dags/Optimización y Performance - Día 4.docx
[2026-02-27T23:38:18.651+0000] {processor.py:830} INFO - Processing file /opt/airflow/dags/Optimización y Performance - Día 4.docx for tasks to queue
[2026-02-27T23:38:18.653+0000] {logging_mixin.py:188} INFO - [2026-02-27T23:38:18.652+0000] {dagbag.py:540} INFO - Filling up the DagBag from /opt/airflow/dags/Optimización y Performance - Día 4.docx
[2026-02-27T23:38:18.668+0000] {processor.py:842} WARNING - No viable dags retrieved from /opt/airflow/dags/Optimización y Performance - Día 4.docx
[2026-02-27T23:38:18.688+0000] {processor.py:183} INFO - Processing /opt/airflow/dags/Optimización y Performance - Día 4.docx took 0.048 seconds
[2026-02-27T23:38:49.098+0000] {processor.py:161} INFO - Started process (PID=523) to work on /opt/airflow/dags/Optimización y Performance - Día 4.docx
[2026-02-27T23:38:49.099+0000] {processor.py:830} INFO - Processing file /opt/airflow/dags/Optimización y Performance - Día 4.docx for tasks to queue
[2026-02-27T23:38:49.100+0000] {logging_mixin.py:188} INFO - [2026-02-27T23:38:49.100+0000] {dagbag.py:540} INFO - Filling up the DagBag from /opt/airflow/dags/Optimización y Performance - Día 4.docx
[2026-02-27T23:38:49.117+0000] {processor.py:842} WARNING - No viable dags retrieved from /opt/airflow/dags/Optimización y Performance - Día 4.docx
[2026-02-27T23:38:49.136+0000] {processor.py:183} INFO - Processing /opt/airflow/dags/Optimización y Performance - Día 4.docx took 0.047 seconds
[2026-02-27T23:39:19.485+0000] {processor.py:161} INFO - Started process (PID=531) to work on /opt/airflow/dags/Optimización y Performance - Día 4.docx
[2026-02-27T23:39:19.486+0000] {processor.py:830} INFO - Processing file /opt/airflow/dags/Optimización y Performance - Día 4.docx for tasks to queue
[2026-02-27T23:39:19.487+0000] {logging_mixin.py:188} INFO - [2026-02-27T23:39:19.487+0000] {dagbag.py:540} INFO - Filling up the DagBag from /opt/airflow/dags/Optimización y Performance - Día 4.docx
[2026-02-27T23:39:19.502+0000] {processor.py:842} WARNING - No viable dags retrieved from /opt/airflow/dags/Optimización y Performance - Día 4.docx
[2026-02-27T23:39:19.522+0000] {processor.py:183} INFO - Processing /opt/airflow/dags/Optimización y Performance - Día 4.docx took 0.045 seconds
[2026-02-27T23:39:50.251+0000] {processor.py:161} INFO - Started process (PID=541) to work on /opt/airflow/dags/Optimización y Performance - Día 4.docx
[2026-02-27T23:39:50.252+0000] {processor.py:830} INFO - Processing file /opt/airflow/dags/Optimización y Performance - Día 4.docx for tasks to queue
[2026-02-27T23:39:50.254+0000] {logging_mixin.py:188} INFO - [2026-02-27T23:39:50.254+0000] {dagbag.py:540} INFO - Filling up the DagBag from /opt/airflow/dags/Optimización y Performance - Día 4.docx
[2026-02-27T23:39:50.269+0000] {processor.py:842} WARNING - No viable dags retrieved from /opt/airflow/dags/Optimización y Performance - Día 4.docx
[2026-02-27T23:39:50.289+0000] {processor.py:183} INFO - Processing /opt/airflow/dags/Optimización y Performance - Día 4.docx took 0.049 seconds
[2026-02-27T23:40:20.665+0000] {processor.py:161} INFO - Started process (PID=550) to work on /opt/airflow/dags/Optimización y Performance - Día 4.docx
[2026-02-27T23:40:20.667+0000] {processor.py:830} INFO - Processing file /opt/airflow/dags/Optimización y Performance - Día 4.docx for tasks to queue
[2026-02-27T23:40:20.669+0000] {logging_mixin.py:188} INFO - [2026-02-27T23:40:20.668+0000] {dagbag.py:540} INFO - Filling up the DagBag from /opt/airflow/dags/Optimización y Performance - Día 4.docx
[2026-02-27T23:40:20.695+0000] {processor.py:842} WARNING - No viable dags retrieved from /opt/airflow/dags/Optimización y Performance - Día 4.docx
[2026-02-27T23:40:20.725+0000] {processor.py:183} INFO - Processing /opt/airflow/dags/Optimización y Performance - Día 4.docx took 0.070 seconds
[2026-02-27T23:40:51.340+0000] {processor.py:161} INFO - Started process (PID=559) to work on /opt/airflow/dags/Optimización y Performance - Día 4.docx
[2026-02-27T23:40:51.341+0000] {processor.py:830} INFO - Processing file /opt/airflow/dags/Optimización y Performance - Día 4.docx for tasks to queue
[2026-02-27T23:40:51.343+0000] {logging_mixin.py:188} INFO - [2026-02-27T23:40:51.342+0000] {dagbag.py:540} INFO - Filling up the DagBag from /opt/airflow/dags/Optimización y Performance - Día 4.docx
[2026-02-27T23:40:51.364+0000] {processor.py:842} WARNING - No viable dags retrieved from /opt/airflow/dags/Optimización y Performance - Día 4.docx
[2026-02-27T23:40:51.390+0000] {processor.py:183} INFO - Processing /opt/airflow/dags/Optimización y Performance - Día 4.docx took 0.058 seconds
[2026-02-27T23:41:21.870+0000] {processor.py:161} INFO - Started process (PID=568) to work on /opt/airflow/dags/Optimización y Performance - Día 4.docx
[2026-02-27T23:41:21.872+0000] {processor.py:830} INFO - Processing file /opt/airflow/dags/Optimización y Performance - Día 4.docx for tasks to queue
[2026-02-27T23:41:21.873+0000] {logging_mixin.py:188} INFO - [2026-02-27T23:41:21.872+0000] {dagbag.py:540} INFO - Filling up the DagBag from /opt/airflow/dags/Optimización y Performance - Día 4.docx
[2026-02-27T23:41:21.888+0000] {processor.py:842} WARNING - No viable dags retrieved from /opt/airflow/dags/Optimización y Performance - Día 4.docx
[2026-02-27T23:41:21.909+0000] {processor.py:183} INFO - Processing /opt/airflow/dags/Optimización y Performance - Día 4.docx took 0.049 seconds
[2026-02-27T23:41:52.684+0000] {processor.py:161} INFO - Started process (PID=577) to work on /opt/airflow/dags/Optimización y Performance - Día 4.docx
[2026-02-27T23:41:52.685+0000] {processor.py:830} INFO - Processing file /opt/airflow/dags/Optimización y Performance - Día 4.docx for tasks to queue
[2026-02-27T23:41:52.686+0000] {logging_mixin.py:188} INFO - [2026-02-27T23:41:52.686+0000] {dagbag.py:540} INFO - Filling up the DagBag from /opt/airflow/dags/Optimización y Performance - Día 4.docx
[2026-02-27T23:41:52.700+0000] {processor.py:842} WARNING - No viable dags retrieved from /opt/airflow/dags/Optimización y Performance - Día 4.docx
[2026-02-27T23:41:52.717+0000] {processor.py:183} INFO - Processing /opt/airflow/dags/Optimización y Performance - Día 4.docx took 0.040 seconds
[2026-02-27T23:42:23.170+0000] {processor.py:161} INFO - Started process (PID=586) to work on /opt/airflow/dags/Optimización y Performance - Día 4.docx
[2026-02-27T23:42:23.172+0000] {processor.py:830} INFO - Processing file /opt/airflow/dags/Optimización y Performance - Día 4.docx for tasks to queue
[2026-02-27T23:42:23.174+0000] {logging_mixin.py:188} INFO - [2026-02-27T23:42:23.173+0000] {dagbag.py:540} INFO - Filling up the DagBag from /opt/airflow/dags/Optimización y Performance - Día 4.docx
[2026-02-27T23:42:23.196+0000] {processor.py:842} WARNING - No viable dags retrieved from /opt/airflow/dags/Optimización y Performance - Día 4.docx
[2026-02-27T23:42:23.218+0000] {processor.py:183} INFO - Processing /opt/airflow/dags/Optimización y Performance - Día 4.docx took 0.058 seconds
[2026-02-27T23:42:53.528+0000] {processor.py:161} INFO - Started process (PID=595) to work on /opt/airflow/dags/Optimización y Performance - Día 4.docx
[2026-02-27T23:42:53.529+0000] {processor.py:830} INFO - Processing file /opt/airflow/dags/Optimización y Performance - Día 4.docx for tasks to queue
[2026-02-27T23:42:53.531+0000] {logging_mixin.py:188} INFO - [2026-02-27T23:42:53.530+0000] {dagbag.py:540} INFO - Filling up the DagBag from /opt/airflow/dags/Optimización y Performance - Día 4.docx
[2026-02-27T23:42:53.548+0000] {processor.py:842} WARNING - No viable dags retrieved from /opt/airflow/dags/Optimización y Performance - Día 4.docx
[2026-02-27T23:42:53.566+0000] {processor.py:183} INFO - Processing /opt/airflow/dags/Optimización y Performance - Día 4.docx took 0.049 seconds
[2026-02-27T23:43:24.067+0000] {processor.py:161} INFO - Started process (PID=603) to work on /opt/airflow/dags/Optimización y Performance - Día 4.docx
[2026-02-27T23:43:24.068+0000] {processor.py:830} INFO - Processing file /opt/airflow/dags/Optimización y Performance - Día 4.docx for tasks to queue
[2026-02-27T23:43:24.070+0000] {logging_mixin.py:188} INFO - [2026-02-27T23:43:24.069+0000] {dagbag.py:540} INFO - Filling up the DagBag from /opt/airflow/dags/Optimización y Performance - Día 4.docx
[2026-02-27T23:43:24.085+0000] {processor.py:842} WARNING - No viable dags retrieved from /opt/airflow/dags/Optimización y Performance - Día 4.docx
[2026-02-27T23:43:24.118+0000] {processor.py:183} INFO - Processing /opt/airflow/dags/Optimización y Performance - Día 4.docx took 0.060 seconds
[2026-02-27T23:43:54.597+0000] {processor.py:161} INFO - Started process (PID=612) to work on /opt/airflow/dags/Optimización y Performance - Día 4.docx
[2026-02-27T23:43:54.598+0000] {processor.py:830} INFO - Processing file /opt/airflow/dags/Optimización y Performance - Día 4.docx for tasks to queue
[2026-02-27T23:43:54.600+0000] {logging_mixin.py:188} INFO - [2026-02-27T23:43:54.599+0000] {dagbag.py:540} INFO - Filling up the DagBag from /opt/airflow/dags/Optimización y Performance - Día 4.docx
[2026-02-27T23:43:54.611+0000] {processor.py:842} WARNING - No viable dags retrieved from /opt/airflow/dags/Optimización y Performance - Día 4.docx
[2026-02-27T23:43:54.629+0000] {processor.py:183} INFO - Processing /opt/airflow/dags/Optimización y Performance - Día 4.docx took 0.040 seconds
[2026-02-27T23:44:25.208+0000] {processor.py:161} INFO - Started process (PID=622) to work on /opt/airflow/dags/Optimización y Performance - Día 4.docx
[2026-02-27T23:44:25.210+0000] {processor.py:830} INFO - Processing file /opt/airflow/dags/Optimización y Performance - Día 4.docx for tasks to queue
[2026-02-27T23:44:25.212+0000] {logging_mixin.py:188} INFO - [2026-02-27T23:44:25.211+0000] {dagbag.py:540} INFO - Filling up the DagBag from /opt/airflow/dags/Optimización y Performance - Día 4.docx
[2026-02-27T23:44:25.224+0000] {processor.py:842} WARNING - No viable dags retrieved from /opt/airflow/dags/Optimización y Performance - Día 4.docx
[2026-02-27T23:44:25.242+0000] {processor.py:183} INFO - Processing /opt/airflow/dags/Optimización y Performance - Día 4.docx took 0.042 seconds
[2026-02-27T23:45:35.045+0000] {processor.py:161} INFO - Started process (PID=39) to work on /opt/airflow/dags/Optimización y Performance - Día 4.docx
[2026-02-27T23:45:35.047+0000] {processor.py:830} INFO - Processing file /opt/airflow/dags/Optimización y Performance - Día 4.docx for tasks to queue
[2026-02-27T23:45:35.050+0000] {logging_mixin.py:188} INFO - [2026-02-27T23:45:35.049+0000] {dagbag.py:540} INFO - Filling up the DagBag from /opt/airflow/dags/Optimización y Performance - Día 4.docx
[2026-02-27T23:45:35.067+0000] {processor.py:842} WARNING - No viable dags retrieved from /opt/airflow/dags/Optimización y Performance - Día 4.docx
[2026-02-27T23:45:35.097+0000] {processor.py:183} INFO - Processing /opt/airflow/dags/Optimización y Performance - Día 4.docx took 0.066 seconds
[2026-02-27T23:46:05.653+0000] {processor.py:161} INFO - Started process (PID=48) to work on /opt/airflow/dags/Optimización y Performance - Día 4.docx
[2026-02-27T23:46:05.654+0000] {processor.py:830} INFO - Processing file /opt/airflow/dags/Optimización y Performance - Día 4.docx for tasks to queue
[2026-02-27T23:46:05.655+0000] {logging_mixin.py:188} INFO - [2026-02-27T23:46:05.654+0000] {dagbag.py:540} INFO - Filling up the DagBag from /opt/airflow/dags/Optimización y Performance - Día 4.docx
[2026-02-27T23:46:05.667+0000] {processor.py:842} WARNING - No viable dags retrieved from /opt/airflow/dags/Optimización y Performance - Día 4.docx
[2026-02-27T23:46:05.684+0000] {processor.py:183} INFO - Processing /opt/airflow/dags/Optimización y Performance - Día 4.docx took 0.038 seconds
[2026-02-27T23:46:36.246+0000] {processor.py:161} INFO - Started process (PID=57) to work on /opt/airflow/dags/Optimización y Performance - Día 4.docx
[2026-02-27T23:46:36.247+0000] {processor.py:830} INFO - Processing file /opt/airflow/dags/Optimización y Performance - Día 4.docx for tasks to queue
[2026-02-27T23:46:36.249+0000] {logging_mixin.py:188} INFO - [2026-02-27T23:46:36.249+0000] {dagbag.py:540} INFO - Filling up the DagBag from /opt/airflow/dags/Optimización y Performance - Día 4.docx
[2026-02-27T23:46:36.265+0000] {processor.py:842} WARNING - No viable dags retrieved from /opt/airflow/dags/Optimización y Performance - Día 4.docx
[2026-02-27T23:46:36.283+0000] {processor.py:183} INFO - Processing /opt/airflow/dags/Optimización y Performance - Día 4.docx took 0.044 seconds
[2026-02-27T23:47:06.882+0000] {processor.py:161} INFO - Started process (PID=66) to work on /opt/airflow/dags/Optimización y Performance - Día 4.docx
[2026-02-27T23:47:06.883+0000] {processor.py:830} INFO - Processing file /opt/airflow/dags/Optimización y Performance - Día 4.docx for tasks to queue
[2026-02-27T23:47:06.884+0000] {logging_mixin.py:188} INFO - [2026-02-27T23:47:06.884+0000] {dagbag.py:540} INFO - Filling up the DagBag from /opt/airflow/dags/Optimización y Performance - Día 4.docx
[2026-02-27T23:47:06.896+0000] {processor.py:842} WARNING - No viable dags retrieved from /opt/airflow/dags/Optimización y Performance - Día 4.docx
[2026-02-27T23:47:06.913+0000] {processor.py:183} INFO - Processing /opt/airflow/dags/Optimización y Performance - Día 4.docx took 0.038 seconds
[2026-02-27T23:47:37.462+0000] {processor.py:161} INFO - Started process (PID=75) to work on /opt/airflow/dags/Optimización y Performance - Día 4.docx
[2026-02-27T23:47:37.464+0000] {processor.py:830} INFO - Processing file /opt/airflow/dags/Optimización y Performance - Día 4.docx for tasks to queue
[2026-02-27T23:47:37.466+0000] {logging_mixin.py:188} INFO - [2026-02-27T23:47:37.466+0000] {dagbag.py:540} INFO - Filling up the DagBag from /opt/airflow/dags/Optimización y Performance - Día 4.docx
[2026-02-27T23:47:37.482+0000] {processor.py:842} WARNING - No viable dags retrieved from /opt/airflow/dags/Optimización y Performance - Día 4.docx
[2026-02-27T23:47:37.499+0000] {processor.py:183} INFO - Processing /opt/airflow/dags/Optimización y Performance - Día 4.docx took 0.052 seconds
[2026-02-27T23:48:08.072+0000] {processor.py:161} INFO - Started process (PID=84) to work on /opt/airflow/dags/Optimización y Performance - Día 4.docx
[2026-02-27T23:48:08.073+0000] {processor.py:830} INFO - Processing file /opt/airflow/dags/Optimización y Performance - Día 4.docx for tasks to queue
[2026-02-27T23:48:08.077+0000] {logging_mixin.py:188} INFO - [2026-02-27T23:48:08.077+0000] {dagbag.py:540} INFO - Filling up the DagBag from /opt/airflow/dags/Optimización y Performance - Día 4.docx
[2026-02-27T23:48:08.091+0000] {processor.py:842} WARNING - No viable dags retrieved from /opt/airflow/dags/Optimización y Performance - Día 4.docx
[2026-02-27T23:48:08.113+0000] {processor.py:183} INFO - Processing /opt/airflow/dags/Optimización y Performance - Día 4.docx took 0.050 seconds
[2026-02-27T23:48:38.632+0000] {processor.py:161} INFO - Started process (PID=93) to work on /opt/airflow/dags/Optimización y Performance - Día 4.docx
[2026-02-27T23:48:38.633+0000] {processor.py:830} INFO - Processing file /opt/airflow/dags/Optimización y Performance - Día 4.docx for tasks to queue
[2026-02-27T23:48:38.635+0000] {logging_mixin.py:188} INFO - [2026-02-27T23:48:38.635+0000] {dagbag.py:540} INFO - Filling up the DagBag from /opt/airflow/dags/Optimización y Performance - Día 4.docx
[2026-02-27T23:48:38.647+0000] {processor.py:842} WARNING - No viable dags retrieved from /opt/airflow/dags/Optimización y Performance - Día 4.docx
[2026-02-27T23:48:38.662+0000] {processor.py:183} INFO - Processing /opt/airflow/dags/Optimización y Performance - Día 4.docx took 0.036 seconds
[2026-02-27T23:49:09.216+0000] {processor.py:161} INFO - Started process (PID=102) to work on /opt/airflow/dags/Optimización y Performance - Día 4.docx
[2026-02-27T23:49:09.217+0000] {processor.py:830} INFO - Processing file /opt/airflow/dags/Optimización y Performance - Día 4.docx for tasks to queue
[2026-02-27T23:49:09.218+0000] {logging_mixin.py:188} INFO - [2026-02-27T23:49:09.218+0000] {dagbag.py:540} INFO - Filling up the DagBag from /opt/airflow/dags/Optimización y Performance - Día 4.docx
[2026-02-27T23:49:09.238+0000] {processor.py:842} WARNING - No viable dags retrieved from /opt/airflow/dags/Optimización y Performance - Día 4.docx
[2026-02-27T23:49:09.263+0000] {processor.py:183} INFO - Processing /opt/airflow/dags/Optimización y Performance - Día 4.docx took 0.055 seconds
[2026-02-27T23:49:39.894+0000] {processor.py:161} INFO - Started process (PID=111) to work on /opt/airflow/dags/Optimización y Performance - Día 4.docx
[2026-02-27T23:49:39.895+0000] {processor.py:830} INFO - Processing file /opt/airflow/dags/Optimización y Performance - Día 4.docx for tasks to queue
[2026-02-27T23:49:39.896+0000] {logging_mixin.py:188} INFO - [2026-02-27T23:49:39.896+0000] {dagbag.py:540} INFO - Filling up the DagBag from /opt/airflow/dags/Optimización y Performance - Día 4.docx
[2026-02-27T23:49:39.915+0000] {processor.py:842} WARNING - No viable dags retrieved from /opt/airflow/dags/Optimización y Performance - Día 4.docx
[2026-02-27T23:49:39.933+0000] {processor.py:183} INFO - Processing /opt/airflow/dags/Optimización y Performance - Día 4.docx took 0.047 seconds
[2026-02-27T23:50:10.467+0000] {processor.py:161} INFO - Started process (PID=120) to work on /opt/airflow/dags/Optimización y Performance - Día 4.docx
[2026-02-27T23:50:10.468+0000] {processor.py:830} INFO - Processing file /opt/airflow/dags/Optimización y Performance - Día 4.docx for tasks to queue
[2026-02-27T23:50:10.469+0000] {logging_mixin.py:188} INFO - [2026-02-27T23:50:10.469+0000] {dagbag.py:540} INFO - Filling up the DagBag from /opt/airflow/dags/Optimización y Performance - Día 4.docx
[2026-02-27T23:50:10.485+0000] {processor.py:842} WARNING - No viable dags retrieved from /opt/airflow/dags/Optimización y Performance - Día 4.docx
[2026-02-27T23:50:10.510+0000] {processor.py:183} INFO - Processing /opt/airflow/dags/Optimización y Performance - Día 4.docx took 0.050 seconds
[2026-02-27T23:50:41.354+0000] {processor.py:161} INFO - Started process (PID=129) to work on /opt/airflow/dags/Optimización y Performance - Día 4.docx
[2026-02-27T23:50:41.356+0000] {processor.py:830} INFO - Processing file /opt/airflow/dags/Optimización y Performance - Día 4.docx for tasks to queue
[2026-02-27T23:50:41.358+0000] {logging_mixin.py:188} INFO - [2026-02-27T23:50:41.358+0000] {dagbag.py:540} INFO - Filling up the DagBag from /opt/airflow/dags/Optimización y Performance - Día 4.docx
[2026-02-27T23:50:41.376+0000] {processor.py:842} WARNING - No viable dags retrieved from /opt/airflow/dags/Optimización y Performance - Día 4.docx
[2026-02-27T23:50:41.397+0000] {processor.py:183} INFO - Processing /opt/airflow/dags/Optimización y Performance - Día 4.docx took 0.054 seconds
[2026-02-27T23:51:12.025+0000] {processor.py:161} INFO - Started process (PID=138) to work on /opt/airflow/dags/Optimización y Performance - Día 4.docx
[2026-02-27T23:51:12.026+0000] {processor.py:830} INFO - Processing file /opt/airflow/dags/Optimización y Performance - Día 4.docx for tasks to queue
[2026-02-27T23:51:12.028+0000] {logging_mixin.py:188} INFO - [2026-02-27T23:51:12.028+0000] {dagbag.py:540} INFO - Filling up the DagBag from /opt/airflow/dags/Optimización y Performance - Día 4.docx
[2026-02-27T23:51:12.041+0000] {processor.py:842} WARNING - No viable dags retrieved from /opt/airflow/dags/Optimización y Performance - Día 4.docx
[2026-02-27T23:51:12.060+0000] {processor.py:183} INFO - Processing /opt/airflow/dags/Optimización y Performance - Día 4.docx took 0.043 seconds
[2026-02-27T23:51:42.650+0000] {processor.py:161} INFO - Started process (PID=147) to work on /opt/airflow/dags/Optimización y Performance - Día 4.docx
[2026-02-27T23:51:42.651+0000] {processor.py:830} INFO - Processing file /opt/airflow/dags/Optimización y Performance - Día 4.docx for tasks to queue
[2026-02-27T23:51:42.653+0000] {logging_mixin.py:188} INFO - [2026-02-27T23:51:42.652+0000] {dagbag.py:540} INFO - Filling up the DagBag from /opt/airflow/dags/Optimización y Performance - Día 4.docx
[2026-02-27T23:51:42.668+0000] {processor.py:842} WARNING - No viable dags retrieved from /opt/airflow/dags/Optimización y Performance - Día 4.docx
[2026-02-27T23:51:42.688+0000] {processor.py:183} INFO - Processing /opt/airflow/dags/Optimización y Performance - Día 4.docx took 0.045 seconds
[2026-02-27T23:52:13.197+0000] {processor.py:161} INFO - Started process (PID=156) to work on /opt/airflow/dags/Optimización y Performance - Día 4.docx
[2026-02-27T23:52:13.199+0000] {processor.py:830} INFO - Processing file /opt/airflow/dags/Optimización y Performance - Día 4.docx for tasks to queue
[2026-02-27T23:52:13.200+0000] {logging_mixin.py:188} INFO - [2026-02-27T23:52:13.200+0000] {dagbag.py:540} INFO - Filling up the DagBag from /opt/airflow/dags/Optimización y Performance - Día 4.docx
[2026-02-27T23:52:13.216+0000] {processor.py:842} WARNING - No viable dags retrieved from /opt/airflow/dags/Optimización y Performance - Día 4.docx
[2026-02-27T23:52:13.235+0000] {processor.py:183} INFO - Processing /opt/airflow/dags/Optimización y Performance - Día 4.docx took 0.052 seconds
