[2026-02-27T21:13:35.462+0000] {processor.py:161} INFO - Started process (PID=85) to work on /opt/airflow/dags/pipeline_procesamiento.py
[2026-02-27T21:13:35.468+0000] {processor.py:830} INFO - Processing file /opt/airflow/dags/pipeline_procesamiento.py for tasks to queue
[2026-02-27T21:13:35.472+0000] {logging_mixin.py:188} INFO - [2026-02-27T21:13:35.470+0000] {dagbag.py:540} INFO - Filling up the DagBag from /opt/airflow/dags/pipeline_procesamiento.py
[2026-02-27T21:13:35.562+0000] {logging_mixin.py:188} INFO - [2026-02-27T21:13:35.549+0000] {dagbag.py:350} ERROR - Failed to import: /opt/airflow/dags/pipeline_procesamiento.py
Traceback (most recent call last):
  File "/home/airflow/.local/lib/python3.12/site-packages/airflow/models/dagbag.py", line 346, in parse
    loader.exec_module(new_module)
  File "<frozen importlib._bootstrap_external>", line 995, in exec_module
  File "<frozen importlib._bootstrap>", line 488, in _call_with_frames_removed
  File "/opt/airflow/dags/pipeline_procesamiento.py", line 9, in <module>
    from src.validacion.ventas_validator import validar_datos_ventas
ModuleNotFoundError: No module named 'src'
[2026-02-27T21:13:35.567+0000] {processor.py:842} WARNING - No viable dags retrieved from /opt/airflow/dags/pipeline_procesamiento.py
[2026-02-27T21:13:35.730+0000] {processor.py:183} INFO - Processing /opt/airflow/dags/pipeline_procesamiento.py took 0.346 seconds
[2026-02-27T21:14:06.576+0000] {processor.py:161} INFO - Started process (PID=93) to work on /opt/airflow/dags/pipeline_procesamiento.py
[2026-02-27T21:14:06.578+0000] {processor.py:830} INFO - Processing file /opt/airflow/dags/pipeline_procesamiento.py for tasks to queue
[2026-02-27T21:14:06.581+0000] {logging_mixin.py:188} INFO - [2026-02-27T21:14:06.580+0000] {dagbag.py:540} INFO - Filling up the DagBag from /opt/airflow/dags/pipeline_procesamiento.py
[2026-02-27T21:14:06.618+0000] {logging_mixin.py:188} INFO - [2026-02-27T21:14:06.611+0000] {dagbag.py:350} ERROR - Failed to import: /opt/airflow/dags/pipeline_procesamiento.py
Traceback (most recent call last):
  File "/home/airflow/.local/lib/python3.12/site-packages/airflow/models/dagbag.py", line 346, in parse
    loader.exec_module(new_module)
  File "<frozen importlib._bootstrap_external>", line 995, in exec_module
  File "<frozen importlib._bootstrap>", line 488, in _call_with_frames_removed
  File "/opt/airflow/dags/pipeline_procesamiento.py", line 9, in <module>
    from src.validacion.ventas_validator import validar_datos_ventas
ModuleNotFoundError: No module named 'src'
[2026-02-27T21:14:06.622+0000] {processor.py:842} WARNING - No viable dags retrieved from /opt/airflow/dags/pipeline_procesamiento.py
[2026-02-27T21:14:06.667+0000] {processor.py:183} INFO - Processing /opt/airflow/dags/pipeline_procesamiento.py took 0.107 seconds
[2026-02-27T21:14:36.945+0000] {processor.py:161} INFO - Started process (PID=101) to work on /opt/airflow/dags/pipeline_procesamiento.py
[2026-02-27T21:14:36.947+0000] {processor.py:830} INFO - Processing file /opt/airflow/dags/pipeline_procesamiento.py for tasks to queue
[2026-02-27T21:14:36.950+0000] {logging_mixin.py:188} INFO - [2026-02-27T21:14:36.949+0000] {dagbag.py:540} INFO - Filling up the DagBag from /opt/airflow/dags/pipeline_procesamiento.py
[2026-02-27T21:14:36.979+0000] {logging_mixin.py:188} INFO - [2026-02-27T21:14:36.973+0000] {dagbag.py:350} ERROR - Failed to import: /opt/airflow/dags/pipeline_procesamiento.py
Traceback (most recent call last):
  File "/home/airflow/.local/lib/python3.12/site-packages/airflow/models/dagbag.py", line 346, in parse
    loader.exec_module(new_module)
  File "<frozen importlib._bootstrap_external>", line 995, in exec_module
  File "<frozen importlib._bootstrap>", line 488, in _call_with_frames_removed
  File "/opt/airflow/dags/pipeline_procesamiento.py", line 9, in <module>
    from src.validacion.ventas_validator import validar_datos_ventas
ModuleNotFoundError: No module named 'src'
[2026-02-27T21:14:36.981+0000] {processor.py:842} WARNING - No viable dags retrieved from /opt/airflow/dags/pipeline_procesamiento.py
[2026-02-27T21:14:37.016+0000] {processor.py:183} INFO - Processing /opt/airflow/dags/pipeline_procesamiento.py took 0.080 seconds
[2026-02-27T21:15:07.232+0000] {processor.py:161} INFO - Started process (PID=109) to work on /opt/airflow/dags/pipeline_procesamiento.py
[2026-02-27T21:15:07.234+0000] {processor.py:830} INFO - Processing file /opt/airflow/dags/pipeline_procesamiento.py for tasks to queue
[2026-02-27T21:15:07.236+0000] {logging_mixin.py:188} INFO - [2026-02-27T21:15:07.235+0000] {dagbag.py:540} INFO - Filling up the DagBag from /opt/airflow/dags/pipeline_procesamiento.py
[2026-02-27T21:15:07.261+0000] {logging_mixin.py:188} INFO - [2026-02-27T21:15:07.255+0000] {dagbag.py:350} ERROR - Failed to import: /opt/airflow/dags/pipeline_procesamiento.py
Traceback (most recent call last):
  File "/home/airflow/.local/lib/python3.12/site-packages/airflow/models/dagbag.py", line 346, in parse
    loader.exec_module(new_module)
  File "<frozen importlib._bootstrap_external>", line 995, in exec_module
  File "<frozen importlib._bootstrap>", line 488, in _call_with_frames_removed
  File "/opt/airflow/dags/pipeline_procesamiento.py", line 9, in <module>
    from src.validacion.ventas_validator import validar_datos_ventas
ModuleNotFoundError: No module named 'src'
[2026-02-27T21:15:07.263+0000] {processor.py:842} WARNING - No viable dags retrieved from /opt/airflow/dags/pipeline_procesamiento.py
[2026-02-27T21:15:07.298+0000] {processor.py:183} INFO - Processing /opt/airflow/dags/pipeline_procesamiento.py took 0.075 seconds
[2026-02-27T21:15:37.521+0000] {processor.py:161} INFO - Started process (PID=117) to work on /opt/airflow/dags/pipeline_procesamiento.py
[2026-02-27T21:15:37.523+0000] {processor.py:830} INFO - Processing file /opt/airflow/dags/pipeline_procesamiento.py for tasks to queue
[2026-02-27T21:15:37.525+0000] {logging_mixin.py:188} INFO - [2026-02-27T21:15:37.524+0000] {dagbag.py:540} INFO - Filling up the DagBag from /opt/airflow/dags/pipeline_procesamiento.py
[2026-02-27T21:15:37.571+0000] {logging_mixin.py:188} INFO - [2026-02-27T21:15:37.562+0000] {dagbag.py:350} ERROR - Failed to import: /opt/airflow/dags/pipeline_procesamiento.py
Traceback (most recent call last):
  File "/home/airflow/.local/lib/python3.12/site-packages/airflow/models/dagbag.py", line 346, in parse
    loader.exec_module(new_module)
  File "<frozen importlib._bootstrap_external>", line 995, in exec_module
  File "<frozen importlib._bootstrap>", line 488, in _call_with_frames_removed
  File "/opt/airflow/dags/pipeline_procesamiento.py", line 9, in <module>
    from src.validacion.ventas_validator import validar_datos_ventas
ModuleNotFoundError: No module named 'src'
[2026-02-27T21:15:37.574+0000] {processor.py:842} WARNING - No viable dags retrieved from /opt/airflow/dags/pipeline_procesamiento.py
[2026-02-27T21:15:37.618+0000] {processor.py:183} INFO - Processing /opt/airflow/dags/pipeline_procesamiento.py took 0.110 seconds
[2026-02-27T21:16:07.839+0000] {processor.py:161} INFO - Started process (PID=125) to work on /opt/airflow/dags/pipeline_procesamiento.py
[2026-02-27T21:16:07.841+0000] {processor.py:830} INFO - Processing file /opt/airflow/dags/pipeline_procesamiento.py for tasks to queue
[2026-02-27T21:16:07.844+0000] {logging_mixin.py:188} INFO - [2026-02-27T21:16:07.843+0000] {dagbag.py:540} INFO - Filling up the DagBag from /opt/airflow/dags/pipeline_procesamiento.py
[2026-02-27T21:16:07.881+0000] {logging_mixin.py:188} INFO - [2026-02-27T21:16:07.872+0000] {dagbag.py:350} ERROR - Failed to import: /opt/airflow/dags/pipeline_procesamiento.py
Traceback (most recent call last):
  File "/home/airflow/.local/lib/python3.12/site-packages/airflow/models/dagbag.py", line 346, in parse
    loader.exec_module(new_module)
  File "<frozen importlib._bootstrap_external>", line 995, in exec_module
  File "<frozen importlib._bootstrap>", line 488, in _call_with_frames_removed
  File "/opt/airflow/dags/pipeline_procesamiento.py", line 9, in <module>
    from src.validacion.ventas_validator import validar_datos_ventas
ModuleNotFoundError: No module named 'src'
[2026-02-27T21:16:07.886+0000] {processor.py:842} WARNING - No viable dags retrieved from /opt/airflow/dags/pipeline_procesamiento.py
[2026-02-27T21:16:07.933+0000] {processor.py:183} INFO - Processing /opt/airflow/dags/pipeline_procesamiento.py took 0.103 seconds
[2026-02-27T21:16:38.066+0000] {processor.py:161} INFO - Started process (PID=133) to work on /opt/airflow/dags/pipeline_procesamiento.py
[2026-02-27T21:16:38.069+0000] {processor.py:830} INFO - Processing file /opt/airflow/dags/pipeline_procesamiento.py for tasks to queue
[2026-02-27T21:16:38.071+0000] {logging_mixin.py:188} INFO - [2026-02-27T21:16:38.070+0000] {dagbag.py:540} INFO - Filling up the DagBag from /opt/airflow/dags/pipeline_procesamiento.py
[2026-02-27T21:16:38.106+0000] {logging_mixin.py:188} INFO - [2026-02-27T21:16:38.098+0000] {dagbag.py:350} ERROR - Failed to import: /opt/airflow/dags/pipeline_procesamiento.py
Traceback (most recent call last):
  File "/home/airflow/.local/lib/python3.12/site-packages/airflow/models/dagbag.py", line 346, in parse
    loader.exec_module(new_module)
  File "<frozen importlib._bootstrap_external>", line 995, in exec_module
  File "<frozen importlib._bootstrap>", line 488, in _call_with_frames_removed
  File "/opt/airflow/dags/pipeline_procesamiento.py", line 9, in <module>
    from src.validacion.ventas_validator import validar_datos_ventas
ModuleNotFoundError: No module named 'src'
[2026-02-27T21:16:38.108+0000] {processor.py:842} WARNING - No viable dags retrieved from /opt/airflow/dags/pipeline_procesamiento.py
[2026-02-27T21:16:38.140+0000] {processor.py:183} INFO - Processing /opt/airflow/dags/pipeline_procesamiento.py took 0.086 seconds
[2026-02-27T21:17:08.468+0000] {processor.py:161} INFO - Started process (PID=141) to work on /opt/airflow/dags/pipeline_procesamiento.py
[2026-02-27T21:17:08.471+0000] {processor.py:830} INFO - Processing file /opt/airflow/dags/pipeline_procesamiento.py for tasks to queue
[2026-02-27T21:17:08.473+0000] {logging_mixin.py:188} INFO - [2026-02-27T21:17:08.473+0000] {dagbag.py:540} INFO - Filling up the DagBag from /opt/airflow/dags/pipeline_procesamiento.py
[2026-02-27T21:17:08.510+0000] {logging_mixin.py:188} INFO - [2026-02-27T21:17:08.502+0000] {dagbag.py:350} ERROR - Failed to import: /opt/airflow/dags/pipeline_procesamiento.py
Traceback (most recent call last):
  File "/home/airflow/.local/lib/python3.12/site-packages/airflow/models/dagbag.py", line 346, in parse
    loader.exec_module(new_module)
  File "<frozen importlib._bootstrap_external>", line 995, in exec_module
  File "<frozen importlib._bootstrap>", line 488, in _call_with_frames_removed
  File "/opt/airflow/dags/pipeline_procesamiento.py", line 9, in <module>
    from src.validacion.ventas_validator import validar_datos_ventas
ModuleNotFoundError: No module named 'src'
[2026-02-27T21:17:08.514+0000] {processor.py:842} WARNING - No viable dags retrieved from /opt/airflow/dags/pipeline_procesamiento.py
[2026-02-27T21:17:08.551+0000] {processor.py:183} INFO - Processing /opt/airflow/dags/pipeline_procesamiento.py took 0.094 seconds
[2026-02-27T21:17:38.754+0000] {processor.py:161} INFO - Started process (PID=149) to work on /opt/airflow/dags/pipeline_procesamiento.py
[2026-02-27T21:17:38.755+0000] {processor.py:830} INFO - Processing file /opt/airflow/dags/pipeline_procesamiento.py for tasks to queue
[2026-02-27T21:17:38.757+0000] {logging_mixin.py:188} INFO - [2026-02-27T21:17:38.756+0000] {dagbag.py:540} INFO - Filling up the DagBag from /opt/airflow/dags/pipeline_procesamiento.py
[2026-02-27T21:17:38.781+0000] {logging_mixin.py:188} INFO - [2026-02-27T21:17:38.775+0000] {dagbag.py:350} ERROR - Failed to import: /opt/airflow/dags/pipeline_procesamiento.py
Traceback (most recent call last):
  File "/home/airflow/.local/lib/python3.12/site-packages/airflow/models/dagbag.py", line 346, in parse
    loader.exec_module(new_module)
  File "<frozen importlib._bootstrap_external>", line 995, in exec_module
  File "<frozen importlib._bootstrap>", line 488, in _call_with_frames_removed
  File "/opt/airflow/dags/pipeline_procesamiento.py", line 9, in <module>
    from src.validacion.ventas_validator import validar_datos_ventas
ModuleNotFoundError: No module named 'src'
[2026-02-27T21:17:38.783+0000] {processor.py:842} WARNING - No viable dags retrieved from /opt/airflow/dags/pipeline_procesamiento.py
[2026-02-27T21:17:38.825+0000] {processor.py:183} INFO - Processing /opt/airflow/dags/pipeline_procesamiento.py took 0.081 seconds
[2026-02-27T21:18:09.049+0000] {processor.py:161} INFO - Started process (PID=157) to work on /opt/airflow/dags/pipeline_procesamiento.py
[2026-02-27T21:18:09.051+0000] {processor.py:830} INFO - Processing file /opt/airflow/dags/pipeline_procesamiento.py for tasks to queue
[2026-02-27T21:18:09.052+0000] {logging_mixin.py:188} INFO - [2026-02-27T21:18:09.052+0000] {dagbag.py:540} INFO - Filling up the DagBag from /opt/airflow/dags/pipeline_procesamiento.py
[2026-02-27T21:18:09.080+0000] {logging_mixin.py:188} INFO - [2026-02-27T21:18:09.074+0000] {dagbag.py:350} ERROR - Failed to import: /opt/airflow/dags/pipeline_procesamiento.py
Traceback (most recent call last):
  File "/home/airflow/.local/lib/python3.12/site-packages/airflow/models/dagbag.py", line 346, in parse
    loader.exec_module(new_module)
  File "<frozen importlib._bootstrap_external>", line 995, in exec_module
  File "<frozen importlib._bootstrap>", line 488, in _call_with_frames_removed
  File "/opt/airflow/dags/pipeline_procesamiento.py", line 9, in <module>
    from src.validacion.ventas_validator import validar_datos_ventas
ModuleNotFoundError: No module named 'src'
[2026-02-27T21:18:09.082+0000] {processor.py:842} WARNING - No viable dags retrieved from /opt/airflow/dags/pipeline_procesamiento.py
[2026-02-27T21:18:09.116+0000] {processor.py:183} INFO - Processing /opt/airflow/dags/pipeline_procesamiento.py took 0.075 seconds
[2026-02-27T21:18:39.787+0000] {processor.py:161} INFO - Started process (PID=165) to work on /opt/airflow/dags/pipeline_procesamiento.py
[2026-02-27T21:18:39.788+0000] {processor.py:830} INFO - Processing file /opt/airflow/dags/pipeline_procesamiento.py for tasks to queue
[2026-02-27T21:18:39.790+0000] {logging_mixin.py:188} INFO - [2026-02-27T21:18:39.789+0000] {dagbag.py:540} INFO - Filling up the DagBag from /opt/airflow/dags/pipeline_procesamiento.py
[2026-02-27T21:18:39.820+0000] {logging_mixin.py:188} INFO - [2026-02-27T21:18:39.813+0000] {dagbag.py:350} ERROR - Failed to import: /opt/airflow/dags/pipeline_procesamiento.py
Traceback (most recent call last):
  File "/home/airflow/.local/lib/python3.12/site-packages/airflow/models/dagbag.py", line 346, in parse
    loader.exec_module(new_module)
  File "<frozen importlib._bootstrap_external>", line 995, in exec_module
  File "<frozen importlib._bootstrap>", line 488, in _call_with_frames_removed
  File "/opt/airflow/dags/pipeline_procesamiento.py", line 9, in <module>
    from src.validacion.ventas_validator import validar_datos_ventas
ModuleNotFoundError: No module named 'src'
[2026-02-27T21:18:39.823+0000] {processor.py:842} WARNING - No viable dags retrieved from /opt/airflow/dags/pipeline_procesamiento.py
[2026-02-27T21:18:39.861+0000] {processor.py:183} INFO - Processing /opt/airflow/dags/pipeline_procesamiento.py took 0.083 seconds
[2026-02-27T21:19:10.172+0000] {processor.py:161} INFO - Started process (PID=174) to work on /opt/airflow/dags/pipeline_procesamiento.py
[2026-02-27T21:19:10.173+0000] {processor.py:830} INFO - Processing file /opt/airflow/dags/pipeline_procesamiento.py for tasks to queue
[2026-02-27T21:19:10.175+0000] {logging_mixin.py:188} INFO - [2026-02-27T21:19:10.174+0000] {dagbag.py:540} INFO - Filling up the DagBag from /opt/airflow/dags/pipeline_procesamiento.py
[2026-02-27T21:19:10.206+0000] {logging_mixin.py:188} INFO - [2026-02-27T21:19:10.199+0000] {dagbag.py:350} ERROR - Failed to import: /opt/airflow/dags/pipeline_procesamiento.py
Traceback (most recent call last):
  File "/home/airflow/.local/lib/python3.12/site-packages/airflow/models/dagbag.py", line 346, in parse
    loader.exec_module(new_module)
  File "<frozen importlib._bootstrap_external>", line 995, in exec_module
  File "<frozen importlib._bootstrap>", line 488, in _call_with_frames_removed
  File "/opt/airflow/dags/pipeline_procesamiento.py", line 9, in <module>
    from src.validacion.ventas_validator import validar_datos_ventas
ModuleNotFoundError: No module named 'src'
[2026-02-27T21:19:10.209+0000] {processor.py:842} WARNING - No viable dags retrieved from /opt/airflow/dags/pipeline_procesamiento.py
[2026-02-27T21:19:10.254+0000] {processor.py:183} INFO - Processing /opt/airflow/dags/pipeline_procesamiento.py took 0.091 seconds
[2026-02-27T21:19:40.626+0000] {processor.py:161} INFO - Started process (PID=182) to work on /opt/airflow/dags/pipeline_procesamiento.py
[2026-02-27T21:19:40.628+0000] {processor.py:830} INFO - Processing file /opt/airflow/dags/pipeline_procesamiento.py for tasks to queue
[2026-02-27T21:19:40.629+0000] {logging_mixin.py:188} INFO - [2026-02-27T21:19:40.629+0000] {dagbag.py:540} INFO - Filling up the DagBag from /opt/airflow/dags/pipeline_procesamiento.py
[2026-02-27T21:19:40.653+0000] {logging_mixin.py:188} INFO - [2026-02-27T21:19:40.648+0000] {dagbag.py:350} ERROR - Failed to import: /opt/airflow/dags/pipeline_procesamiento.py
Traceback (most recent call last):
  File "/home/airflow/.local/lib/python3.12/site-packages/airflow/models/dagbag.py", line 346, in parse
    loader.exec_module(new_module)
  File "<frozen importlib._bootstrap_external>", line 995, in exec_module
  File "<frozen importlib._bootstrap>", line 488, in _call_with_frames_removed
  File "/opt/airflow/dags/pipeline_procesamiento.py", line 9, in <module>
    from src.validacion.ventas_validator import validar_datos_ventas
ModuleNotFoundError: No module named 'src'
[2026-02-27T21:19:40.655+0000] {processor.py:842} WARNING - No viable dags retrieved from /opt/airflow/dags/pipeline_procesamiento.py
[2026-02-27T21:19:40.702+0000] {processor.py:183} INFO - Processing /opt/airflow/dags/pipeline_procesamiento.py took 0.087 seconds
[2026-02-27T21:20:10.995+0000] {processor.py:161} INFO - Started process (PID=189) to work on /opt/airflow/dags/pipeline_procesamiento.py
[2026-02-27T21:20:10.999+0000] {processor.py:830} INFO - Processing file /opt/airflow/dags/pipeline_procesamiento.py for tasks to queue
[2026-02-27T21:20:11.001+0000] {logging_mixin.py:188} INFO - [2026-02-27T21:20:11.001+0000] {dagbag.py:540} INFO - Filling up the DagBag from /opt/airflow/dags/pipeline_procesamiento.py
[2026-02-27T21:20:11.044+0000] {logging_mixin.py:188} INFO - [2026-02-27T21:20:11.034+0000] {dagbag.py:350} ERROR - Failed to import: /opt/airflow/dags/pipeline_procesamiento.py
Traceback (most recent call last):
  File "/home/airflow/.local/lib/python3.12/site-packages/airflow/models/dagbag.py", line 346, in parse
    loader.exec_module(new_module)
  File "<frozen importlib._bootstrap_external>", line 995, in exec_module
  File "<frozen importlib._bootstrap>", line 488, in _call_with_frames_removed
  File "/opt/airflow/dags/pipeline_procesamiento.py", line 9, in <module>
    from src.validacion.ventas_validator import validar_datos_ventas
ModuleNotFoundError: No module named 'src'
[2026-02-27T21:20:11.047+0000] {processor.py:842} WARNING - No viable dags retrieved from /opt/airflow/dags/pipeline_procesamiento.py
[2026-02-27T21:20:11.090+0000] {processor.py:183} INFO - Processing /opt/airflow/dags/pipeline_procesamiento.py took 0.106 seconds
[2026-02-27T21:20:41.362+0000] {processor.py:161} INFO - Started process (PID=197) to work on /opt/airflow/dags/pipeline_procesamiento.py
[2026-02-27T21:20:41.364+0000] {processor.py:830} INFO - Processing file /opt/airflow/dags/pipeline_procesamiento.py for tasks to queue
[2026-02-27T21:20:41.366+0000] {logging_mixin.py:188} INFO - [2026-02-27T21:20:41.366+0000] {dagbag.py:540} INFO - Filling up the DagBag from /opt/airflow/dags/pipeline_procesamiento.py
[2026-02-27T21:20:41.410+0000] {logging_mixin.py:188} INFO - [2026-02-27T21:20:41.401+0000] {dagbag.py:350} ERROR - Failed to import: /opt/airflow/dags/pipeline_procesamiento.py
Traceback (most recent call last):
  File "/home/airflow/.local/lib/python3.12/site-packages/airflow/models/dagbag.py", line 346, in parse
    loader.exec_module(new_module)
  File "<frozen importlib._bootstrap_external>", line 995, in exec_module
  File "<frozen importlib._bootstrap>", line 488, in _call_with_frames_removed
  File "/opt/airflow/dags/pipeline_procesamiento.py", line 9, in <module>
    from src.validacion.ventas_validator import validar_datos_ventas
ModuleNotFoundError: No module named 'src'
[2026-02-27T21:20:41.415+0000] {processor.py:842} WARNING - No viable dags retrieved from /opt/airflow/dags/pipeline_procesamiento.py
[2026-02-27T21:20:41.460+0000] {processor.py:183} INFO - Processing /opt/airflow/dags/pipeline_procesamiento.py took 0.109 seconds
[2026-02-27T21:21:11.740+0000] {processor.py:161} INFO - Started process (PID=205) to work on /opt/airflow/dags/pipeline_procesamiento.py
[2026-02-27T21:21:11.742+0000] {processor.py:830} INFO - Processing file /opt/airflow/dags/pipeline_procesamiento.py for tasks to queue
[2026-02-27T21:21:11.744+0000] {logging_mixin.py:188} INFO - [2026-02-27T21:21:11.743+0000] {dagbag.py:540} INFO - Filling up the DagBag from /opt/airflow/dags/pipeline_procesamiento.py
[2026-02-27T21:21:11.791+0000] {logging_mixin.py:188} INFO - [2026-02-27T21:21:11.781+0000] {dagbag.py:350} ERROR - Failed to import: /opt/airflow/dags/pipeline_procesamiento.py
Traceback (most recent call last):
  File "/home/airflow/.local/lib/python3.12/site-packages/airflow/models/dagbag.py", line 346, in parse
    loader.exec_module(new_module)
  File "<frozen importlib._bootstrap_external>", line 995, in exec_module
  File "<frozen importlib._bootstrap>", line 488, in _call_with_frames_removed
  File "/opt/airflow/dags/pipeline_procesamiento.py", line 9, in <module>
    from src.validacion.ventas_validator import validar_datos_ventas
ModuleNotFoundError: No module named 'src'
[2026-02-27T21:21:11.795+0000] {processor.py:842} WARNING - No viable dags retrieved from /opt/airflow/dags/pipeline_procesamiento.py
[2026-02-27T21:21:11.836+0000] {processor.py:183} INFO - Processing /opt/airflow/dags/pipeline_procesamiento.py took 0.105 seconds
[2026-02-27T21:21:42.103+0000] {processor.py:161} INFO - Started process (PID=213) to work on /opt/airflow/dags/pipeline_procesamiento.py
[2026-02-27T21:21:42.104+0000] {processor.py:830} INFO - Processing file /opt/airflow/dags/pipeline_procesamiento.py for tasks to queue
[2026-02-27T21:21:42.106+0000] {logging_mixin.py:188} INFO - [2026-02-27T21:21:42.105+0000] {dagbag.py:540} INFO - Filling up the DagBag from /opt/airflow/dags/pipeline_procesamiento.py
[2026-02-27T21:21:42.123+0000] {logging_mixin.py:188} INFO - [2026-02-27T21:21:42.119+0000] {dagbag.py:350} ERROR - Failed to import: /opt/airflow/dags/pipeline_procesamiento.py
Traceback (most recent call last):
  File "/home/airflow/.local/lib/python3.12/site-packages/airflow/models/dagbag.py", line 346, in parse
    loader.exec_module(new_module)
  File "<frozen importlib._bootstrap_external>", line 995, in exec_module
  File "<frozen importlib._bootstrap>", line 488, in _call_with_frames_removed
  File "/opt/airflow/dags/pipeline_procesamiento.py", line 9, in <module>
    from src.validacion.ventas_validator import validar_datos_ventas
ModuleNotFoundError: No module named 'src'
[2026-02-27T21:21:42.124+0000] {processor.py:842} WARNING - No viable dags retrieved from /opt/airflow/dags/pipeline_procesamiento.py
[2026-02-27T21:21:42.157+0000] {processor.py:183} INFO - Processing /opt/airflow/dags/pipeline_procesamiento.py took 0.063 seconds
[2026-02-27T21:22:12.411+0000] {processor.py:161} INFO - Started process (PID=221) to work on /opt/airflow/dags/pipeline_procesamiento.py
[2026-02-27T21:22:12.413+0000] {processor.py:830} INFO - Processing file /opt/airflow/dags/pipeline_procesamiento.py for tasks to queue
[2026-02-27T21:22:12.415+0000] {logging_mixin.py:188} INFO - [2026-02-27T21:22:12.414+0000] {dagbag.py:540} INFO - Filling up the DagBag from /opt/airflow/dags/pipeline_procesamiento.py
[2026-02-27T21:22:12.447+0000] {logging_mixin.py:188} INFO - [2026-02-27T21:22:12.439+0000] {dagbag.py:350} ERROR - Failed to import: /opt/airflow/dags/pipeline_procesamiento.py
Traceback (most recent call last):
  File "/home/airflow/.local/lib/python3.12/site-packages/airflow/models/dagbag.py", line 346, in parse
    loader.exec_module(new_module)
  File "<frozen importlib._bootstrap_external>", line 995, in exec_module
  File "<frozen importlib._bootstrap>", line 488, in _call_with_frames_removed
  File "/opt/airflow/dags/pipeline_procesamiento.py", line 9, in <module>
    from src.validacion.ventas_validator import validar_datos_ventas
ModuleNotFoundError: No module named 'src'
[2026-02-27T21:22:12.449+0000] {processor.py:842} WARNING - No viable dags retrieved from /opt/airflow/dags/pipeline_procesamiento.py
[2026-02-27T21:22:12.480+0000] {processor.py:183} INFO - Processing /opt/airflow/dags/pipeline_procesamiento.py took 0.079 seconds
[2026-02-27T21:22:42.922+0000] {processor.py:161} INFO - Started process (PID=229) to work on /opt/airflow/dags/pipeline_procesamiento.py
[2026-02-27T21:22:42.924+0000] {processor.py:830} INFO - Processing file /opt/airflow/dags/pipeline_procesamiento.py for tasks to queue
[2026-02-27T21:22:42.927+0000] {logging_mixin.py:188} INFO - [2026-02-27T21:22:42.926+0000] {dagbag.py:540} INFO - Filling up the DagBag from /opt/airflow/dags/pipeline_procesamiento.py
[2026-02-27T21:22:42.974+0000] {logging_mixin.py:188} INFO - [2026-02-27T21:22:42.964+0000] {dagbag.py:350} ERROR - Failed to import: /opt/airflow/dags/pipeline_procesamiento.py
Traceback (most recent call last):
  File "/home/airflow/.local/lib/python3.12/site-packages/airflow/models/dagbag.py", line 346, in parse
    loader.exec_module(new_module)
  File "<frozen importlib._bootstrap_external>", line 995, in exec_module
  File "<frozen importlib._bootstrap>", line 488, in _call_with_frames_removed
  File "/opt/airflow/dags/pipeline_procesamiento.py", line 9, in <module>
    from src.validacion.ventas_validator import validar_datos_ventas
ModuleNotFoundError: No module named 'src'
[2026-02-27T21:22:42.978+0000] {processor.py:842} WARNING - No viable dags retrieved from /opt/airflow/dags/pipeline_procesamiento.py
[2026-02-27T21:22:43.020+0000] {processor.py:183} INFO - Processing /opt/airflow/dags/pipeline_procesamiento.py took 0.108 seconds
[2026-02-27T21:23:13.454+0000] {processor.py:161} INFO - Started process (PID=237) to work on /opt/airflow/dags/pipeline_procesamiento.py
[2026-02-27T21:23:13.457+0000] {processor.py:830} INFO - Processing file /opt/airflow/dags/pipeline_procesamiento.py for tasks to queue
[2026-02-27T21:23:13.459+0000] {logging_mixin.py:188} INFO - [2026-02-27T21:23:13.458+0000] {dagbag.py:540} INFO - Filling up the DagBag from /opt/airflow/dags/pipeline_procesamiento.py
[2026-02-27T21:23:13.507+0000] {logging_mixin.py:188} INFO - [2026-02-27T21:23:13.498+0000] {dagbag.py:350} ERROR - Failed to import: /opt/airflow/dags/pipeline_procesamiento.py
Traceback (most recent call last):
  File "/home/airflow/.local/lib/python3.12/site-packages/airflow/models/dagbag.py", line 346, in parse
    loader.exec_module(new_module)
  File "<frozen importlib._bootstrap_external>", line 995, in exec_module
  File "<frozen importlib._bootstrap>", line 488, in _call_with_frames_removed
  File "/opt/airflow/dags/pipeline_procesamiento.py", line 9, in <module>
    from src.validacion.ventas_validator import validar_datos_ventas
ModuleNotFoundError: No module named 'src'
[2026-02-27T21:23:13.511+0000] {processor.py:842} WARNING - No viable dags retrieved from /opt/airflow/dags/pipeline_procesamiento.py
[2026-02-27T21:23:13.557+0000] {processor.py:183} INFO - Processing /opt/airflow/dags/pipeline_procesamiento.py took 0.117 seconds
[2026-02-27T21:23:44.159+0000] {processor.py:161} INFO - Started process (PID=245) to work on /opt/airflow/dags/pipeline_procesamiento.py
[2026-02-27T21:23:44.161+0000] {processor.py:830} INFO - Processing file /opt/airflow/dags/pipeline_procesamiento.py for tasks to queue
[2026-02-27T21:23:44.162+0000] {logging_mixin.py:188} INFO - [2026-02-27T21:23:44.162+0000] {dagbag.py:540} INFO - Filling up the DagBag from /opt/airflow/dags/pipeline_procesamiento.py
[2026-02-27T21:23:44.200+0000] {logging_mixin.py:188} INFO - [2026-02-27T21:23:44.193+0000] {dagbag.py:350} ERROR - Failed to import: /opt/airflow/dags/pipeline_procesamiento.py
Traceback (most recent call last):
  File "/home/airflow/.local/lib/python3.12/site-packages/airflow/models/dagbag.py", line 346, in parse
    loader.exec_module(new_module)
  File "<frozen importlib._bootstrap_external>", line 995, in exec_module
  File "<frozen importlib._bootstrap>", line 488, in _call_with_frames_removed
  File "/opt/airflow/dags/pipeline_procesamiento.py", line 9, in <module>
    from src.validacion.ventas_validator import validar_datos_ventas
ModuleNotFoundError: No module named 'src'
[2026-02-27T21:23:44.204+0000] {processor.py:842} WARNING - No viable dags retrieved from /opt/airflow/dags/pipeline_procesamiento.py
[2026-02-27T21:23:44.242+0000] {processor.py:183} INFO - Processing /opt/airflow/dags/pipeline_procesamiento.py took 0.091 seconds
[2026-02-27T21:24:14.426+0000] {processor.py:161} INFO - Started process (PID=253) to work on /opt/airflow/dags/pipeline_procesamiento.py
[2026-02-27T21:24:14.428+0000] {processor.py:830} INFO - Processing file /opt/airflow/dags/pipeline_procesamiento.py for tasks to queue
[2026-02-27T21:24:14.430+0000] {logging_mixin.py:188} INFO - [2026-02-27T21:24:14.429+0000] {dagbag.py:540} INFO - Filling up the DagBag from /opt/airflow/dags/pipeline_procesamiento.py
[2026-02-27T21:24:14.459+0000] {logging_mixin.py:188} INFO - [2026-02-27T21:24:14.454+0000] {dagbag.py:350} ERROR - Failed to import: /opt/airflow/dags/pipeline_procesamiento.py
Traceback (most recent call last):
  File "/home/airflow/.local/lib/python3.12/site-packages/airflow/models/dagbag.py", line 346, in parse
    loader.exec_module(new_module)
  File "<frozen importlib._bootstrap_external>", line 995, in exec_module
  File "<frozen importlib._bootstrap>", line 488, in _call_with_frames_removed
  File "/opt/airflow/dags/pipeline_procesamiento.py", line 9, in <module>
    from src.validacion.ventas_validator import validar_datos_ventas
ModuleNotFoundError: No module named 'src'
[2026-02-27T21:24:14.462+0000] {processor.py:842} WARNING - No viable dags retrieved from /opt/airflow/dags/pipeline_procesamiento.py
[2026-02-27T21:24:14.499+0000] {processor.py:183} INFO - Processing /opt/airflow/dags/pipeline_procesamiento.py took 0.081 seconds
[2026-02-27T21:24:44.737+0000] {processor.py:161} INFO - Started process (PID=261) to work on /opt/airflow/dags/pipeline_procesamiento.py
[2026-02-27T21:24:44.738+0000] {processor.py:830} INFO - Processing file /opt/airflow/dags/pipeline_procesamiento.py for tasks to queue
[2026-02-27T21:24:44.741+0000] {logging_mixin.py:188} INFO - [2026-02-27T21:24:44.740+0000] {dagbag.py:540} INFO - Filling up the DagBag from /opt/airflow/dags/pipeline_procesamiento.py
[2026-02-27T21:24:44.777+0000] {logging_mixin.py:188} INFO - [2026-02-27T21:24:44.771+0000] {dagbag.py:350} ERROR - Failed to import: /opt/airflow/dags/pipeline_procesamiento.py
Traceback (most recent call last):
  File "/home/airflow/.local/lib/python3.12/site-packages/airflow/models/dagbag.py", line 346, in parse
    loader.exec_module(new_module)
  File "<frozen importlib._bootstrap_external>", line 995, in exec_module
  File "<frozen importlib._bootstrap>", line 488, in _call_with_frames_removed
  File "/opt/airflow/dags/pipeline_procesamiento.py", line 9, in <module>
    from src.validacion.ventas_validator import validar_datos_ventas
ModuleNotFoundError: No module named 'src'
[2026-02-27T21:24:44.779+0000] {processor.py:842} WARNING - No viable dags retrieved from /opt/airflow/dags/pipeline_procesamiento.py
[2026-02-27T21:24:44.813+0000] {processor.py:183} INFO - Processing /opt/airflow/dags/pipeline_procesamiento.py took 0.087 seconds
[2026-02-27T21:25:15.092+0000] {processor.py:161} INFO - Started process (PID=269) to work on /opt/airflow/dags/pipeline_procesamiento.py
[2026-02-27T21:25:15.096+0000] {processor.py:830} INFO - Processing file /opt/airflow/dags/pipeline_procesamiento.py for tasks to queue
[2026-02-27T21:25:15.098+0000] {logging_mixin.py:188} INFO - [2026-02-27T21:25:15.098+0000] {dagbag.py:540} INFO - Filling up the DagBag from /opt/airflow/dags/pipeline_procesamiento.py
[2026-02-27T21:25:15.134+0000] {logging_mixin.py:188} INFO - [2026-02-27T21:25:15.128+0000] {dagbag.py:350} ERROR - Failed to import: /opt/airflow/dags/pipeline_procesamiento.py
Traceback (most recent call last):
  File "/home/airflow/.local/lib/python3.12/site-packages/airflow/models/dagbag.py", line 346, in parse
    loader.exec_module(new_module)
  File "<frozen importlib._bootstrap_external>", line 995, in exec_module
  File "<frozen importlib._bootstrap>", line 488, in _call_with_frames_removed
  File "/opt/airflow/dags/pipeline_procesamiento.py", line 9, in <module>
    from src.validacion.ventas_validator import validar_datos_ventas
ModuleNotFoundError: No module named 'src'
[2026-02-27T21:25:15.137+0000] {processor.py:842} WARNING - No viable dags retrieved from /opt/airflow/dags/pipeline_procesamiento.py
[2026-02-27T21:25:15.171+0000] {processor.py:183} INFO - Processing /opt/airflow/dags/pipeline_procesamiento.py took 0.092 seconds
[2026-02-27T21:25:45.486+0000] {processor.py:161} INFO - Started process (PID=277) to work on /opt/airflow/dags/pipeline_procesamiento.py
[2026-02-27T21:25:45.488+0000] {processor.py:830} INFO - Processing file /opt/airflow/dags/pipeline_procesamiento.py for tasks to queue
[2026-02-27T21:25:45.490+0000] {logging_mixin.py:188} INFO - [2026-02-27T21:25:45.489+0000] {dagbag.py:540} INFO - Filling up the DagBag from /opt/airflow/dags/pipeline_procesamiento.py
[2026-02-27T21:25:45.520+0000] {logging_mixin.py:188} INFO - [2026-02-27T21:25:45.515+0000] {dagbag.py:350} ERROR - Failed to import: /opt/airflow/dags/pipeline_procesamiento.py
Traceback (most recent call last):
  File "/home/airflow/.local/lib/python3.12/site-packages/airflow/models/dagbag.py", line 346, in parse
    loader.exec_module(new_module)
  File "<frozen importlib._bootstrap_external>", line 995, in exec_module
  File "<frozen importlib._bootstrap>", line 488, in _call_with_frames_removed
  File "/opt/airflow/dags/pipeline_procesamiento.py", line 9, in <module>
    from src.validacion.ventas_validator import validar_datos_ventas
ModuleNotFoundError: No module named 'src'
[2026-02-27T21:25:45.523+0000] {processor.py:842} WARNING - No viable dags retrieved from /opt/airflow/dags/pipeline_procesamiento.py
[2026-02-27T21:25:45.564+0000] {processor.py:183} INFO - Processing /opt/airflow/dags/pipeline_procesamiento.py took 0.087 seconds
[2026-02-27T21:26:16.026+0000] {processor.py:161} INFO - Started process (PID=285) to work on /opt/airflow/dags/pipeline_procesamiento.py
[2026-02-27T21:26:16.028+0000] {processor.py:830} INFO - Processing file /opt/airflow/dags/pipeline_procesamiento.py for tasks to queue
[2026-02-27T21:26:16.030+0000] {logging_mixin.py:188} INFO - [2026-02-27T21:26:16.030+0000] {dagbag.py:540} INFO - Filling up the DagBag from /opt/airflow/dags/pipeline_procesamiento.py
[2026-02-27T21:26:16.068+0000] {logging_mixin.py:188} INFO - [2026-02-27T21:26:16.060+0000] {dagbag.py:350} ERROR - Failed to import: /opt/airflow/dags/pipeline_procesamiento.py
Traceback (most recent call last):
  File "/home/airflow/.local/lib/python3.12/site-packages/airflow/models/dagbag.py", line 346, in parse
    loader.exec_module(new_module)
  File "<frozen importlib._bootstrap_external>", line 995, in exec_module
  File "<frozen importlib._bootstrap>", line 488, in _call_with_frames_removed
  File "/opt/airflow/dags/pipeline_procesamiento.py", line 9, in <module>
    from src.validacion.ventas_validator import validar_datos_ventas
ModuleNotFoundError: No module named 'src'
[2026-02-27T21:26:16.071+0000] {processor.py:842} WARNING - No viable dags retrieved from /opt/airflow/dags/pipeline_procesamiento.py
[2026-02-27T21:26:16.111+0000] {processor.py:183} INFO - Processing /opt/airflow/dags/pipeline_procesamiento.py took 0.096 seconds
[2026-02-27T21:26:46.415+0000] {processor.py:161} INFO - Started process (PID=293) to work on /opt/airflow/dags/pipeline_procesamiento.py
[2026-02-27T21:26:46.416+0000] {processor.py:830} INFO - Processing file /opt/airflow/dags/pipeline_procesamiento.py for tasks to queue
[2026-02-27T21:26:46.418+0000] {logging_mixin.py:188} INFO - [2026-02-27T21:26:46.417+0000] {dagbag.py:540} INFO - Filling up the DagBag from /opt/airflow/dags/pipeline_procesamiento.py
[2026-02-27T21:26:46.447+0000] {logging_mixin.py:188} INFO - [2026-02-27T21:26:46.440+0000] {dagbag.py:350} ERROR - Failed to import: /opt/airflow/dags/pipeline_procesamiento.py
Traceback (most recent call last):
  File "/home/airflow/.local/lib/python3.12/site-packages/airflow/models/dagbag.py", line 346, in parse
    loader.exec_module(new_module)
  File "<frozen importlib._bootstrap_external>", line 995, in exec_module
  File "<frozen importlib._bootstrap>", line 488, in _call_with_frames_removed
  File "/opt/airflow/dags/pipeline_procesamiento.py", line 9, in <module>
    from src.validacion.ventas_validator import validar_datos_ventas
ModuleNotFoundError: No module named 'src'
[2026-02-27T21:26:46.450+0000] {processor.py:842} WARNING - No viable dags retrieved from /opt/airflow/dags/pipeline_procesamiento.py
[2026-02-27T21:26:46.498+0000] {processor.py:183} INFO - Processing /opt/airflow/dags/pipeline_procesamiento.py took 0.092 seconds
[2026-02-27T21:27:16.677+0000] {processor.py:161} INFO - Started process (PID=301) to work on /opt/airflow/dags/pipeline_procesamiento.py
[2026-02-27T21:27:16.679+0000] {processor.py:830} INFO - Processing file /opt/airflow/dags/pipeline_procesamiento.py for tasks to queue
[2026-02-27T21:27:16.681+0000] {logging_mixin.py:188} INFO - [2026-02-27T21:27:16.680+0000] {dagbag.py:540} INFO - Filling up the DagBag from /opt/airflow/dags/pipeline_procesamiento.py
[2026-02-27T21:27:16.715+0000] {logging_mixin.py:188} INFO - [2026-02-27T21:27:16.710+0000] {dagbag.py:350} ERROR - Failed to import: /opt/airflow/dags/pipeline_procesamiento.py
Traceback (most recent call last):
  File "/home/airflow/.local/lib/python3.12/site-packages/airflow/models/dagbag.py", line 346, in parse
    loader.exec_module(new_module)
  File "<frozen importlib._bootstrap_external>", line 995, in exec_module
  File "<frozen importlib._bootstrap>", line 488, in _call_with_frames_removed
  File "/opt/airflow/dags/pipeline_procesamiento.py", line 9, in <module>
    from src.validacion.ventas_validator import validar_datos_ventas
ModuleNotFoundError: No module named 'src'
[2026-02-27T21:27:16.717+0000] {processor.py:842} WARNING - No viable dags retrieved from /opt/airflow/dags/pipeline_procesamiento.py
[2026-02-27T21:27:16.751+0000] {processor.py:183} INFO - Processing /opt/airflow/dags/pipeline_procesamiento.py took 0.085 seconds
[2026-02-27T21:27:47.154+0000] {processor.py:161} INFO - Started process (PID=309) to work on /opt/airflow/dags/pipeline_procesamiento.py
[2026-02-27T21:27:47.155+0000] {processor.py:830} INFO - Processing file /opt/airflow/dags/pipeline_procesamiento.py for tasks to queue
[2026-02-27T21:27:47.158+0000] {logging_mixin.py:188} INFO - [2026-02-27T21:27:47.157+0000] {dagbag.py:540} INFO - Filling up the DagBag from /opt/airflow/dags/pipeline_procesamiento.py
[2026-02-27T21:27:47.192+0000] {logging_mixin.py:188} INFO - [2026-02-27T21:27:47.185+0000] {dagbag.py:350} ERROR - Failed to import: /opt/airflow/dags/pipeline_procesamiento.py
Traceback (most recent call last):
  File "/home/airflow/.local/lib/python3.12/site-packages/airflow/models/dagbag.py", line 346, in parse
    loader.exec_module(new_module)
  File "<frozen importlib._bootstrap_external>", line 995, in exec_module
  File "<frozen importlib._bootstrap>", line 488, in _call_with_frames_removed
  File "/opt/airflow/dags/pipeline_procesamiento.py", line 9, in <module>
    from src.validacion.ventas_validator import validar_datos_ventas
ModuleNotFoundError: No module named 'src'
[2026-02-27T21:27:47.195+0000] {processor.py:842} WARNING - No viable dags retrieved from /opt/airflow/dags/pipeline_procesamiento.py
[2026-02-27T21:27:47.226+0000] {processor.py:183} INFO - Processing /opt/airflow/dags/pipeline_procesamiento.py took 0.081 seconds
[2026-02-27T21:28:17.450+0000] {processor.py:161} INFO - Started process (PID=317) to work on /opt/airflow/dags/pipeline_procesamiento.py
[2026-02-27T21:28:17.452+0000] {processor.py:830} INFO - Processing file /opt/airflow/dags/pipeline_procesamiento.py for tasks to queue
[2026-02-27T21:28:17.453+0000] {logging_mixin.py:188} INFO - [2026-02-27T21:28:17.453+0000] {dagbag.py:540} INFO - Filling up the DagBag from /opt/airflow/dags/pipeline_procesamiento.py
[2026-02-27T21:28:17.482+0000] {logging_mixin.py:188} INFO - [2026-02-27T21:28:17.476+0000] {dagbag.py:350} ERROR - Failed to import: /opt/airflow/dags/pipeline_procesamiento.py
Traceback (most recent call last):
  File "/home/airflow/.local/lib/python3.12/site-packages/airflow/models/dagbag.py", line 346, in parse
    loader.exec_module(new_module)
  File "<frozen importlib._bootstrap_external>", line 995, in exec_module
  File "<frozen importlib._bootstrap>", line 488, in _call_with_frames_removed
  File "/opt/airflow/dags/pipeline_procesamiento.py", line 9, in <module>
    from src.validacion.ventas_validator import validar_datos_ventas
ModuleNotFoundError: No module named 'src'
[2026-02-27T21:28:17.485+0000] {processor.py:842} WARNING - No viable dags retrieved from /opt/airflow/dags/pipeline_procesamiento.py
[2026-02-27T21:28:17.516+0000] {processor.py:183} INFO - Processing /opt/airflow/dags/pipeline_procesamiento.py took 0.076 seconds
[2026-02-27T21:28:47.785+0000] {processor.py:161} INFO - Started process (PID=325) to work on /opt/airflow/dags/pipeline_procesamiento.py
[2026-02-27T21:28:47.786+0000] {processor.py:830} INFO - Processing file /opt/airflow/dags/pipeline_procesamiento.py for tasks to queue
[2026-02-27T21:28:47.788+0000] {logging_mixin.py:188} INFO - [2026-02-27T21:28:47.787+0000] {dagbag.py:540} INFO - Filling up the DagBag from /opt/airflow/dags/pipeline_procesamiento.py
[2026-02-27T21:28:47.815+0000] {logging_mixin.py:188} INFO - [2026-02-27T21:28:47.809+0000] {dagbag.py:350} ERROR - Failed to import: /opt/airflow/dags/pipeline_procesamiento.py
Traceback (most recent call last):
  File "/home/airflow/.local/lib/python3.12/site-packages/airflow/models/dagbag.py", line 346, in parse
    loader.exec_module(new_module)
  File "<frozen importlib._bootstrap_external>", line 995, in exec_module
  File "<frozen importlib._bootstrap>", line 488, in _call_with_frames_removed
  File "/opt/airflow/dags/pipeline_procesamiento.py", line 9, in <module>
    from src.validacion.ventas_validator import validar_datos_ventas
ModuleNotFoundError: No module named 'src'
[2026-02-27T21:28:47.818+0000] {processor.py:842} WARNING - No viable dags retrieved from /opt/airflow/dags/pipeline_procesamiento.py
[2026-02-27T21:28:47.858+0000] {processor.py:183} INFO - Processing /opt/airflow/dags/pipeline_procesamiento.py took 0.083 seconds
[2026-02-27T21:29:18.147+0000] {processor.py:161} INFO - Started process (PID=333) to work on /opt/airflow/dags/pipeline_procesamiento.py
[2026-02-27T21:29:18.149+0000] {processor.py:830} INFO - Processing file /opt/airflow/dags/pipeline_procesamiento.py for tasks to queue
[2026-02-27T21:29:18.150+0000] {logging_mixin.py:188} INFO - [2026-02-27T21:29:18.150+0000] {dagbag.py:540} INFO - Filling up the DagBag from /opt/airflow/dags/pipeline_procesamiento.py
[2026-02-27T21:29:18.185+0000] {logging_mixin.py:188} INFO - [2026-02-27T21:29:18.177+0000] {dagbag.py:350} ERROR - Failed to import: /opt/airflow/dags/pipeline_procesamiento.py
Traceback (most recent call last):
  File "/home/airflow/.local/lib/python3.12/site-packages/airflow/models/dagbag.py", line 346, in parse
    loader.exec_module(new_module)
  File "<frozen importlib._bootstrap_external>", line 995, in exec_module
  File "<frozen importlib._bootstrap>", line 488, in _call_with_frames_removed
  File "/opt/airflow/dags/pipeline_procesamiento.py", line 9, in <module>
    from src.validacion.ventas_validator import validar_datos_ventas
ModuleNotFoundError: No module named 'src'
[2026-02-27T21:29:18.188+0000] {processor.py:842} WARNING - No viable dags retrieved from /opt/airflow/dags/pipeline_procesamiento.py
[2026-02-27T21:29:18.230+0000] {processor.py:183} INFO - Processing /opt/airflow/dags/pipeline_procesamiento.py took 0.095 seconds
[2026-02-27T21:29:48.667+0000] {processor.py:161} INFO - Started process (PID=341) to work on /opt/airflow/dags/pipeline_procesamiento.py
[2026-02-27T21:29:48.669+0000] {processor.py:830} INFO - Processing file /opt/airflow/dags/pipeline_procesamiento.py for tasks to queue
[2026-02-27T21:29:48.671+0000] {logging_mixin.py:188} INFO - [2026-02-27T21:29:48.670+0000] {dagbag.py:540} INFO - Filling up the DagBag from /opt/airflow/dags/pipeline_procesamiento.py
[2026-02-27T21:29:48.700+0000] {logging_mixin.py:188} INFO - [2026-02-27T21:29:48.694+0000] {dagbag.py:350} ERROR - Failed to import: /opt/airflow/dags/pipeline_procesamiento.py
Traceback (most recent call last):
  File "/home/airflow/.local/lib/python3.12/site-packages/airflow/models/dagbag.py", line 346, in parse
    loader.exec_module(new_module)
  File "<frozen importlib._bootstrap_external>", line 995, in exec_module
  File "<frozen importlib._bootstrap>", line 488, in _call_with_frames_removed
  File "/opt/airflow/dags/pipeline_procesamiento.py", line 9, in <module>
    from src.validacion.ventas_validator import validar_datos_ventas
ModuleNotFoundError: No module named 'src'
[2026-02-27T21:29:48.703+0000] {processor.py:842} WARNING - No viable dags retrieved from /opt/airflow/dags/pipeline_procesamiento.py
[2026-02-27T21:29:48.741+0000] {processor.py:183} INFO - Processing /opt/airflow/dags/pipeline_procesamiento.py took 0.083 seconds
[2026-02-27T21:30:18.895+0000] {processor.py:161} INFO - Started process (PID=349) to work on /opt/airflow/dags/pipeline_procesamiento.py
[2026-02-27T21:30:18.897+0000] {processor.py:830} INFO - Processing file /opt/airflow/dags/pipeline_procesamiento.py for tasks to queue
[2026-02-27T21:30:18.900+0000] {logging_mixin.py:188} INFO - [2026-02-27T21:30:18.899+0000] {dagbag.py:540} INFO - Filling up the DagBag from /opt/airflow/dags/pipeline_procesamiento.py
[2026-02-27T21:30:18.954+0000] {logging_mixin.py:188} INFO - [2026-02-27T21:30:18.943+0000] {dagbag.py:350} ERROR - Failed to import: /opt/airflow/dags/pipeline_procesamiento.py
Traceback (most recent call last):
  File "/home/airflow/.local/lib/python3.12/site-packages/airflow/models/dagbag.py", line 346, in parse
    loader.exec_module(new_module)
  File "<frozen importlib._bootstrap_external>", line 995, in exec_module
  File "<frozen importlib._bootstrap>", line 488, in _call_with_frames_removed
  File "/opt/airflow/dags/pipeline_procesamiento.py", line 9, in <module>
    from src.validacion.ventas_validator import validar_datos_ventas
ModuleNotFoundError: No module named 'src'
[2026-02-27T21:30:18.959+0000] {processor.py:842} WARNING - No viable dags retrieved from /opt/airflow/dags/pipeline_procesamiento.py
[2026-02-27T21:30:19.005+0000] {processor.py:183} INFO - Processing /opt/airflow/dags/pipeline_procesamiento.py took 0.118 seconds
[2026-02-27T21:30:49.619+0000] {processor.py:161} INFO - Started process (PID=357) to work on /opt/airflow/dags/pipeline_procesamiento.py
[2026-02-27T21:30:49.623+0000] {processor.py:830} INFO - Processing file /opt/airflow/dags/pipeline_procesamiento.py for tasks to queue
[2026-02-27T21:30:49.627+0000] {logging_mixin.py:188} INFO - [2026-02-27T21:30:49.626+0000] {dagbag.py:540} INFO - Filling up the DagBag from /opt/airflow/dags/pipeline_procesamiento.py
[2026-02-27T21:30:49.676+0000] {logging_mixin.py:188} INFO - [2026-02-27T21:30:49.663+0000] {dagbag.py:350} ERROR - Failed to import: /opt/airflow/dags/pipeline_procesamiento.py
Traceback (most recent call last):
  File "/home/airflow/.local/lib/python3.12/site-packages/airflow/models/dagbag.py", line 346, in parse
    loader.exec_module(new_module)
  File "<frozen importlib._bootstrap_external>", line 995, in exec_module
  File "<frozen importlib._bootstrap>", line 488, in _call_with_frames_removed
  File "/opt/airflow/dags/pipeline_procesamiento.py", line 9, in <module>
    from src.validacion.ventas_validator import validar_datos_ventas
ModuleNotFoundError: No module named 'src'
[2026-02-27T21:30:49.681+0000] {processor.py:842} WARNING - No viable dags retrieved from /opt/airflow/dags/pipeline_procesamiento.py
[2026-02-27T21:30:49.726+0000] {processor.py:183} INFO - Processing /opt/airflow/dags/pipeline_procesamiento.py took 0.124 seconds
[2026-02-27T21:31:38.294+0000] {processor.py:161} INFO - Started process (PID=37) to work on /opt/airflow/dags/pipeline_procesamiento.py
[2026-02-27T21:31:38.297+0000] {processor.py:830} INFO - Processing file /opt/airflow/dags/pipeline_procesamiento.py for tasks to queue
[2026-02-27T21:31:38.298+0000] {logging_mixin.py:188} INFO - [2026-02-27T21:31:38.298+0000] {dagbag.py:540} INFO - Filling up the DagBag from /opt/airflow/dags/pipeline_procesamiento.py
[2026-02-27T21:31:38.336+0000] {logging_mixin.py:188} INFO - [2026-02-27T21:31:38.329+0000] {dagbag.py:350} ERROR - Failed to import: /opt/airflow/dags/pipeline_procesamiento.py
Traceback (most recent call last):
  File "/home/airflow/.local/lib/python3.12/site-packages/airflow/models/dagbag.py", line 346, in parse
    loader.exec_module(new_module)
  File "<frozen importlib._bootstrap_external>", line 995, in exec_module
  File "<frozen importlib._bootstrap>", line 488, in _call_with_frames_removed
  File "/opt/airflow/dags/pipeline_procesamiento.py", line 9, in <module>
    from src.validacion.ventas_validator import validar_datos_ventas
ModuleNotFoundError: No module named 'src'
[2026-02-27T21:31:38.339+0000] {processor.py:842} WARNING - No viable dags retrieved from /opt/airflow/dags/pipeline_procesamiento.py
[2026-02-27T21:31:38.393+0000] {processor.py:183} INFO - Processing /opt/airflow/dags/pipeline_procesamiento.py took 0.109 seconds
[2026-02-27T21:32:08.655+0000] {processor.py:161} INFO - Started process (PID=45) to work on /opt/airflow/dags/pipeline_procesamiento.py
[2026-02-27T21:32:08.657+0000] {processor.py:830} INFO - Processing file /opt/airflow/dags/pipeline_procesamiento.py for tasks to queue
[2026-02-27T21:32:08.658+0000] {logging_mixin.py:188} INFO - [2026-02-27T21:32:08.658+0000] {dagbag.py:540} INFO - Filling up the DagBag from /opt/airflow/dags/pipeline_procesamiento.py
[2026-02-27T21:32:08.683+0000] {logging_mixin.py:188} INFO - [2026-02-27T21:32:08.676+0000] {dagbag.py:350} ERROR - Failed to import: /opt/airflow/dags/pipeline_procesamiento.py
Traceback (most recent call last):
  File "/home/airflow/.local/lib/python3.12/site-packages/airflow/models/dagbag.py", line 346, in parse
    loader.exec_module(new_module)
  File "<frozen importlib._bootstrap_external>", line 995, in exec_module
  File "<frozen importlib._bootstrap>", line 488, in _call_with_frames_removed
  File "/opt/airflow/dags/pipeline_procesamiento.py", line 9, in <module>
    from src.validacion.ventas_validator import validar_datos_ventas
ModuleNotFoundError: No module named 'src'
[2026-02-27T21:32:08.686+0000] {processor.py:842} WARNING - No viable dags retrieved from /opt/airflow/dags/pipeline_procesamiento.py
[2026-02-27T21:32:08.722+0000] {processor.py:183} INFO - Processing /opt/airflow/dags/pipeline_procesamiento.py took 0.075 seconds
[2026-02-27T21:32:39.084+0000] {processor.py:161} INFO - Started process (PID=53) to work on /opt/airflow/dags/pipeline_procesamiento.py
[2026-02-27T21:32:39.087+0000] {processor.py:830} INFO - Processing file /opt/airflow/dags/pipeline_procesamiento.py for tasks to queue
[2026-02-27T21:32:39.088+0000] {logging_mixin.py:188} INFO - [2026-02-27T21:32:39.088+0000] {dagbag.py:540} INFO - Filling up the DagBag from /opt/airflow/dags/pipeline_procesamiento.py
[2026-02-27T21:32:39.124+0000] {logging_mixin.py:188} INFO - [2026-02-27T21:32:39.117+0000] {dagbag.py:350} ERROR - Failed to import: /opt/airflow/dags/pipeline_procesamiento.py
Traceback (most recent call last):
  File "/home/airflow/.local/lib/python3.12/site-packages/airflow/models/dagbag.py", line 346, in parse
    loader.exec_module(new_module)
  File "<frozen importlib._bootstrap_external>", line 995, in exec_module
  File "<frozen importlib._bootstrap>", line 488, in _call_with_frames_removed
  File "/opt/airflow/dags/pipeline_procesamiento.py", line 9, in <module>
    from src.validacion.ventas_validator import validar_datos_ventas
ModuleNotFoundError: No module named 'src'
[2026-02-27T21:32:39.128+0000] {processor.py:842} WARNING - No viable dags retrieved from /opt/airflow/dags/pipeline_procesamiento.py
[2026-02-27T21:32:39.166+0000] {processor.py:183} INFO - Processing /opt/airflow/dags/pipeline_procesamiento.py took 0.092 seconds
[2026-02-27T21:33:09.450+0000] {processor.py:161} INFO - Started process (PID=61) to work on /opt/airflow/dags/pipeline_procesamiento.py
[2026-02-27T21:33:09.453+0000] {processor.py:830} INFO - Processing file /opt/airflow/dags/pipeline_procesamiento.py for tasks to queue
[2026-02-27T21:33:09.456+0000] {logging_mixin.py:188} INFO - [2026-02-27T21:33:09.455+0000] {dagbag.py:540} INFO - Filling up the DagBag from /opt/airflow/dags/pipeline_procesamiento.py
[2026-02-27T21:33:09.487+0000] {logging_mixin.py:188} INFO - [2026-02-27T21:33:09.480+0000] {dagbag.py:350} ERROR - Failed to import: /opt/airflow/dags/pipeline_procesamiento.py
Traceback (most recent call last):
  File "/home/airflow/.local/lib/python3.12/site-packages/airflow/models/dagbag.py", line 346, in parse
    loader.exec_module(new_module)
  File "<frozen importlib._bootstrap_external>", line 995, in exec_module
  File "<frozen importlib._bootstrap>", line 488, in _call_with_frames_removed
  File "/opt/airflow/dags/pipeline_procesamiento.py", line 9, in <module>
    from src.validacion.ventas_validator import validar_datos_ventas
ModuleNotFoundError: No module named 'src'
[2026-02-27T21:33:09.491+0000] {processor.py:842} WARNING - No viable dags retrieved from /opt/airflow/dags/pipeline_procesamiento.py
[2026-02-27T21:33:09.544+0000] {processor.py:183} INFO - Processing /opt/airflow/dags/pipeline_procesamiento.py took 0.106 seconds
[2026-02-27T21:33:39.812+0000] {processor.py:161} INFO - Started process (PID=69) to work on /opt/airflow/dags/pipeline_procesamiento.py
[2026-02-27T21:33:39.814+0000] {processor.py:830} INFO - Processing file /opt/airflow/dags/pipeline_procesamiento.py for tasks to queue
[2026-02-27T21:33:39.815+0000] {logging_mixin.py:188} INFO - [2026-02-27T21:33:39.815+0000] {dagbag.py:540} INFO - Filling up the DagBag from /opt/airflow/dags/pipeline_procesamiento.py
[2026-02-27T21:33:39.849+0000] {logging_mixin.py:188} INFO - [2026-02-27T21:33:39.843+0000] {dagbag.py:350} ERROR - Failed to import: /opt/airflow/dags/pipeline_procesamiento.py
Traceback (most recent call last):
  File "/home/airflow/.local/lib/python3.12/site-packages/airflow/models/dagbag.py", line 346, in parse
    loader.exec_module(new_module)
  File "<frozen importlib._bootstrap_external>", line 995, in exec_module
  File "<frozen importlib._bootstrap>", line 488, in _call_with_frames_removed
  File "/opt/airflow/dags/pipeline_procesamiento.py", line 9, in <module>
    from src.validacion.ventas_validator import validar_datos_ventas
ModuleNotFoundError: No module named 'src'
[2026-02-27T21:33:39.852+0000] {processor.py:842} WARNING - No viable dags retrieved from /opt/airflow/dags/pipeline_procesamiento.py
[2026-02-27T21:33:39.890+0000] {processor.py:183} INFO - Processing /opt/airflow/dags/pipeline_procesamiento.py took 0.086 seconds
[2026-02-27T21:34:10.325+0000] {processor.py:161} INFO - Started process (PID=77) to work on /opt/airflow/dags/pipeline_procesamiento.py
[2026-02-27T21:34:10.328+0000] {processor.py:830} INFO - Processing file /opt/airflow/dags/pipeline_procesamiento.py for tasks to queue
[2026-02-27T21:34:10.330+0000] {logging_mixin.py:188} INFO - [2026-02-27T21:34:10.329+0000] {dagbag.py:540} INFO - Filling up the DagBag from /opt/airflow/dags/pipeline_procesamiento.py
[2026-02-27T21:34:10.366+0000] {logging_mixin.py:188} INFO - [2026-02-27T21:34:10.359+0000] {dagbag.py:350} ERROR - Failed to import: /opt/airflow/dags/pipeline_procesamiento.py
Traceback (most recent call last):
  File "/home/airflow/.local/lib/python3.12/site-packages/airflow/models/dagbag.py", line 346, in parse
    loader.exec_module(new_module)
  File "<frozen importlib._bootstrap_external>", line 995, in exec_module
  File "<frozen importlib._bootstrap>", line 488, in _call_with_frames_removed
  File "/opt/airflow/dags/pipeline_procesamiento.py", line 9, in <module>
    from src.validacion.ventas_validator import validar_datos_ventas
ModuleNotFoundError: No module named 'src'
[2026-02-27T21:34:10.369+0000] {processor.py:842} WARNING - No viable dags retrieved from /opt/airflow/dags/pipeline_procesamiento.py
[2026-02-27T21:34:10.414+0000] {processor.py:183} INFO - Processing /opt/airflow/dags/pipeline_procesamiento.py took 0.099 seconds
[2026-02-27T21:34:40.715+0000] {processor.py:161} INFO - Started process (PID=85) to work on /opt/airflow/dags/pipeline_procesamiento.py
[2026-02-27T21:34:40.717+0000] {processor.py:830} INFO - Processing file /opt/airflow/dags/pipeline_procesamiento.py for tasks to queue
[2026-02-27T21:34:40.718+0000] {logging_mixin.py:188} INFO - [2026-02-27T21:34:40.718+0000] {dagbag.py:540} INFO - Filling up the DagBag from /opt/airflow/dags/pipeline_procesamiento.py
[2026-02-27T21:34:40.744+0000] {logging_mixin.py:188} INFO - [2026-02-27T21:34:40.738+0000] {dagbag.py:350} ERROR - Failed to import: /opt/airflow/dags/pipeline_procesamiento.py
Traceback (most recent call last):
  File "/home/airflow/.local/lib/python3.12/site-packages/airflow/models/dagbag.py", line 346, in parse
    loader.exec_module(new_module)
  File "<frozen importlib._bootstrap_external>", line 995, in exec_module
  File "<frozen importlib._bootstrap>", line 488, in _call_with_frames_removed
  File "/opt/airflow/dags/pipeline_procesamiento.py", line 9, in <module>
    from src.validacion.ventas_validator import validar_datos_ventas
ModuleNotFoundError: No module named 'src'
[2026-02-27T21:34:40.746+0000] {processor.py:842} WARNING - No viable dags retrieved from /opt/airflow/dags/pipeline_procesamiento.py
[2026-02-27T21:34:40.785+0000] {processor.py:183} INFO - Processing /opt/airflow/dags/pipeline_procesamiento.py took 0.079 seconds
[2026-02-27T21:35:11.007+0000] {processor.py:161} INFO - Started process (PID=93) to work on /opt/airflow/dags/pipeline_procesamiento.py
[2026-02-27T21:35:11.009+0000] {processor.py:830} INFO - Processing file /opt/airflow/dags/pipeline_procesamiento.py for tasks to queue
[2026-02-27T21:35:11.010+0000] {logging_mixin.py:188} INFO - [2026-02-27T21:35:11.010+0000] {dagbag.py:540} INFO - Filling up the DagBag from /opt/airflow/dags/pipeline_procesamiento.py
[2026-02-27T21:35:11.049+0000] {logging_mixin.py:188} INFO - [2026-02-27T21:35:11.041+0000] {dagbag.py:350} ERROR - Failed to import: /opt/airflow/dags/pipeline_procesamiento.py
Traceback (most recent call last):
  File "/home/airflow/.local/lib/python3.12/site-packages/airflow/models/dagbag.py", line 346, in parse
    loader.exec_module(new_module)
  File "<frozen importlib._bootstrap_external>", line 995, in exec_module
  File "<frozen importlib._bootstrap>", line 488, in _call_with_frames_removed
  File "/opt/airflow/dags/pipeline_procesamiento.py", line 9, in <module>
    from src.validacion.ventas_validator import validar_datos_ventas
ModuleNotFoundError: No module named 'src'
[2026-02-27T21:35:11.052+0000] {processor.py:842} WARNING - No viable dags retrieved from /opt/airflow/dags/pipeline_procesamiento.py
[2026-02-27T21:35:11.103+0000] {processor.py:183} INFO - Processing /opt/airflow/dags/pipeline_procesamiento.py took 0.104 seconds
[2026-02-27T21:35:41.760+0000] {processor.py:161} INFO - Started process (PID=101) to work on /opt/airflow/dags/pipeline_procesamiento.py
[2026-02-27T21:35:41.762+0000] {processor.py:830} INFO - Processing file /opt/airflow/dags/pipeline_procesamiento.py for tasks to queue
[2026-02-27T21:35:41.763+0000] {logging_mixin.py:188} INFO - [2026-02-27T21:35:41.763+0000] {dagbag.py:540} INFO - Filling up the DagBag from /opt/airflow/dags/pipeline_procesamiento.py
[2026-02-27T21:35:41.799+0000] {logging_mixin.py:188} INFO - [2026-02-27T21:35:41.791+0000] {dagbag.py:350} ERROR - Failed to import: /opt/airflow/dags/pipeline_procesamiento.py
Traceback (most recent call last):
  File "/home/airflow/.local/lib/python3.12/site-packages/airflow/models/dagbag.py", line 346, in parse
    loader.exec_module(new_module)
  File "<frozen importlib._bootstrap_external>", line 995, in exec_module
  File "<frozen importlib._bootstrap>", line 488, in _call_with_frames_removed
  File "/opt/airflow/dags/pipeline_procesamiento.py", line 9, in <module>
    from src.validacion.ventas_validator import validar_datos_ventas
ModuleNotFoundError: No module named 'src'
[2026-02-27T21:35:41.802+0000] {processor.py:842} WARNING - No viable dags retrieved from /opt/airflow/dags/pipeline_procesamiento.py
[2026-02-27T21:35:41.836+0000] {processor.py:183} INFO - Processing /opt/airflow/dags/pipeline_procesamiento.py took 0.085 seconds
[2026-02-27T21:36:12.223+0000] {processor.py:161} INFO - Started process (PID=109) to work on /opt/airflow/dags/pipeline_procesamiento.py
[2026-02-27T21:36:12.225+0000] {processor.py:830} INFO - Processing file /opt/airflow/dags/pipeline_procesamiento.py for tasks to queue
[2026-02-27T21:36:12.228+0000] {logging_mixin.py:188} INFO - [2026-02-27T21:36:12.227+0000] {dagbag.py:540} INFO - Filling up the DagBag from /opt/airflow/dags/pipeline_procesamiento.py
[2026-02-27T21:36:12.264+0000] {logging_mixin.py:188} INFO - [2026-02-27T21:36:12.256+0000] {dagbag.py:350} ERROR - Failed to import: /opt/airflow/dags/pipeline_procesamiento.py
Traceback (most recent call last):
  File "/home/airflow/.local/lib/python3.12/site-packages/airflow/models/dagbag.py", line 346, in parse
    loader.exec_module(new_module)
  File "<frozen importlib._bootstrap_external>", line 995, in exec_module
  File "<frozen importlib._bootstrap>", line 488, in _call_with_frames_removed
  File "/opt/airflow/dags/pipeline_procesamiento.py", line 9, in <module>
    from src.validacion.ventas_validator import validar_datos_ventas
ModuleNotFoundError: No module named 'src'
[2026-02-27T21:36:12.268+0000] {processor.py:842} WARNING - No viable dags retrieved from /opt/airflow/dags/pipeline_procesamiento.py
[2026-02-27T21:36:12.311+0000] {processor.py:183} INFO - Processing /opt/airflow/dags/pipeline_procesamiento.py took 0.098 seconds
[2026-02-27T21:36:42.799+0000] {processor.py:161} INFO - Started process (PID=117) to work on /opt/airflow/dags/pipeline_procesamiento.py
[2026-02-27T21:36:42.801+0000] {processor.py:830} INFO - Processing file /opt/airflow/dags/pipeline_procesamiento.py for tasks to queue
[2026-02-27T21:36:42.803+0000] {logging_mixin.py:188} INFO - [2026-02-27T21:36:42.802+0000] {dagbag.py:540} INFO - Filling up the DagBag from /opt/airflow/dags/pipeline_procesamiento.py
[2026-02-27T21:36:42.848+0000] {logging_mixin.py:188} INFO - [2026-02-27T21:36:42.837+0000] {dagbag.py:350} ERROR - Failed to import: /opt/airflow/dags/pipeline_procesamiento.py
Traceback (most recent call last):
  File "/home/airflow/.local/lib/python3.12/site-packages/airflow/models/dagbag.py", line 346, in parse
    loader.exec_module(new_module)
  File "<frozen importlib._bootstrap_external>", line 995, in exec_module
  File "<frozen importlib._bootstrap>", line 488, in _call_with_frames_removed
  File "/opt/airflow/dags/pipeline_procesamiento.py", line 9, in <module>
    from src.validacion.ventas_validator import validar_datos_ventas
ModuleNotFoundError: No module named 'src'
[2026-02-27T21:36:42.852+0000] {processor.py:842} WARNING - No viable dags retrieved from /opt/airflow/dags/pipeline_procesamiento.py
[2026-02-27T21:36:42.900+0000] {processor.py:183} INFO - Processing /opt/airflow/dags/pipeline_procesamiento.py took 0.111 seconds
[2026-02-27T21:37:13.222+0000] {processor.py:161} INFO - Started process (PID=125) to work on /opt/airflow/dags/pipeline_procesamiento.py
[2026-02-27T21:37:13.224+0000] {processor.py:830} INFO - Processing file /opt/airflow/dags/pipeline_procesamiento.py for tasks to queue
[2026-02-27T21:37:13.226+0000] {logging_mixin.py:188} INFO - [2026-02-27T21:37:13.225+0000] {dagbag.py:540} INFO - Filling up the DagBag from /opt/airflow/dags/pipeline_procesamiento.py
[2026-02-27T21:37:13.253+0000] {logging_mixin.py:188} INFO - [2026-02-27T21:37:13.247+0000] {dagbag.py:350} ERROR - Failed to import: /opt/airflow/dags/pipeline_procesamiento.py
Traceback (most recent call last):
  File "/home/airflow/.local/lib/python3.12/site-packages/airflow/models/dagbag.py", line 346, in parse
    loader.exec_module(new_module)
  File "<frozen importlib._bootstrap_external>", line 995, in exec_module
  File "<frozen importlib._bootstrap>", line 488, in _call_with_frames_removed
  File "/opt/airflow/dags/pipeline_procesamiento.py", line 9, in <module>
    from src.validacion.ventas_validator import validar_datos_ventas
ModuleNotFoundError: No module named 'src'
[2026-02-27T21:37:13.255+0000] {processor.py:842} WARNING - No viable dags retrieved from /opt/airflow/dags/pipeline_procesamiento.py
[2026-02-27T21:37:13.293+0000] {processor.py:183} INFO - Processing /opt/airflow/dags/pipeline_procesamiento.py took 0.080 seconds
[2026-02-27T21:37:43.560+0000] {processor.py:161} INFO - Started process (PID=133) to work on /opt/airflow/dags/pipeline_procesamiento.py
[2026-02-27T21:37:43.563+0000] {processor.py:830} INFO - Processing file /opt/airflow/dags/pipeline_procesamiento.py for tasks to queue
[2026-02-27T21:37:43.565+0000] {logging_mixin.py:188} INFO - [2026-02-27T21:37:43.564+0000] {dagbag.py:540} INFO - Filling up the DagBag from /opt/airflow/dags/pipeline_procesamiento.py
[2026-02-27T21:37:43.615+0000] {logging_mixin.py:188} INFO - [2026-02-27T21:37:43.606+0000] {dagbag.py:350} ERROR - Failed to import: /opt/airflow/dags/pipeline_procesamiento.py
Traceback (most recent call last):
  File "/home/airflow/.local/lib/python3.12/site-packages/airflow/models/dagbag.py", line 346, in parse
    loader.exec_module(new_module)
  File "<frozen importlib._bootstrap_external>", line 995, in exec_module
  File "<frozen importlib._bootstrap>", line 488, in _call_with_frames_removed
  File "/opt/airflow/dags/pipeline_procesamiento.py", line 9, in <module>
    from src.validacion.ventas_validator import validar_datos_ventas
ModuleNotFoundError: No module named 'src'
[2026-02-27T21:37:43.619+0000] {processor.py:842} WARNING - No viable dags retrieved from /opt/airflow/dags/pipeline_procesamiento.py
[2026-02-27T21:37:43.664+0000] {processor.py:183} INFO - Processing /opt/airflow/dags/pipeline_procesamiento.py took 0.114 seconds
[2026-02-27T21:38:13.935+0000] {processor.py:161} INFO - Started process (PID=141) to work on /opt/airflow/dags/pipeline_procesamiento.py
[2026-02-27T21:38:13.938+0000] {processor.py:830} INFO - Processing file /opt/airflow/dags/pipeline_procesamiento.py for tasks to queue
[2026-02-27T21:38:13.940+0000] {logging_mixin.py:188} INFO - [2026-02-27T21:38:13.939+0000] {dagbag.py:540} INFO - Filling up the DagBag from /opt/airflow/dags/pipeline_procesamiento.py
[2026-02-27T21:38:13.980+0000] {logging_mixin.py:188} INFO - [2026-02-27T21:38:13.973+0000] {dagbag.py:350} ERROR - Failed to import: /opt/airflow/dags/pipeline_procesamiento.py
Traceback (most recent call last):
  File "/home/airflow/.local/lib/python3.12/site-packages/airflow/models/dagbag.py", line 346, in parse
    loader.exec_module(new_module)
  File "<frozen importlib._bootstrap_external>", line 995, in exec_module
  File "<frozen importlib._bootstrap>", line 488, in _call_with_frames_removed
  File "/opt/airflow/dags/pipeline_procesamiento.py", line 9, in <module>
    from src.validacion.ventas_validator import validar_datos_ventas
ModuleNotFoundError: No module named 'src'
[2026-02-27T21:38:13.985+0000] {processor.py:842} WARNING - No viable dags retrieved from /opt/airflow/dags/pipeline_procesamiento.py
[2026-02-27T21:38:14.035+0000] {processor.py:183} INFO - Processing /opt/airflow/dags/pipeline_procesamiento.py took 0.112 seconds
[2026-02-27T21:38:44.442+0000] {processor.py:161} INFO - Started process (PID=149) to work on /opt/airflow/dags/pipeline_procesamiento.py
[2026-02-27T21:38:44.449+0000] {processor.py:830} INFO - Processing file /opt/airflow/dags/pipeline_procesamiento.py for tasks to queue
[2026-02-27T21:38:44.452+0000] {logging_mixin.py:188} INFO - [2026-02-27T21:38:44.451+0000] {dagbag.py:540} INFO - Filling up the DagBag from /opt/airflow/dags/pipeline_procesamiento.py
[2026-02-27T21:38:44.525+0000] {logging_mixin.py:188} INFO - [2026-02-27T21:38:44.508+0000] {dagbag.py:350} ERROR - Failed to import: /opt/airflow/dags/pipeline_procesamiento.py
Traceback (most recent call last):
  File "/home/airflow/.local/lib/python3.12/site-packages/airflow/models/dagbag.py", line 346, in parse
    loader.exec_module(new_module)
  File "<frozen importlib._bootstrap_external>", line 995, in exec_module
  File "<frozen importlib._bootstrap>", line 488, in _call_with_frames_removed
  File "/opt/airflow/dags/pipeline_procesamiento.py", line 9, in <module>
    from src.validacion.ventas_validator import validar_datos_ventas
ModuleNotFoundError: No module named 'src'
[2026-02-27T21:38:44.531+0000] {processor.py:842} WARNING - No viable dags retrieved from /opt/airflow/dags/pipeline_procesamiento.py
[2026-02-27T21:38:44.627+0000] {processor.py:183} INFO - Processing /opt/airflow/dags/pipeline_procesamiento.py took 0.207 seconds
[2026-02-27T21:39:14.927+0000] {processor.py:161} INFO - Started process (PID=157) to work on /opt/airflow/dags/pipeline_procesamiento.py
[2026-02-27T21:39:14.930+0000] {processor.py:830} INFO - Processing file /opt/airflow/dags/pipeline_procesamiento.py for tasks to queue
[2026-02-27T21:39:14.933+0000] {logging_mixin.py:188} INFO - [2026-02-27T21:39:14.932+0000] {dagbag.py:540} INFO - Filling up the DagBag from /opt/airflow/dags/pipeline_procesamiento.py
[2026-02-27T21:39:14.968+0000] {logging_mixin.py:188} INFO - [2026-02-27T21:39:14.961+0000] {dagbag.py:350} ERROR - Failed to import: /opt/airflow/dags/pipeline_procesamiento.py
Traceback (most recent call last):
  File "/home/airflow/.local/lib/python3.12/site-packages/airflow/models/dagbag.py", line 346, in parse
    loader.exec_module(new_module)
  File "<frozen importlib._bootstrap_external>", line 995, in exec_module
  File "<frozen importlib._bootstrap>", line 488, in _call_with_frames_removed
  File "/opt/airflow/dags/pipeline_procesamiento.py", line 9, in <module>
    from src.validacion.ventas_validator import validar_datos_ventas
ModuleNotFoundError: No module named 'src'
[2026-02-27T21:39:14.972+0000] {processor.py:842} WARNING - No viable dags retrieved from /opt/airflow/dags/pipeline_procesamiento.py
[2026-02-27T21:39:15.020+0000] {processor.py:183} INFO - Processing /opt/airflow/dags/pipeline_procesamiento.py took 0.109 seconds
[2026-02-27T21:39:45.391+0000] {processor.py:161} INFO - Started process (PID=165) to work on /opt/airflow/dags/pipeline_procesamiento.py
[2026-02-27T21:39:45.393+0000] {processor.py:830} INFO - Processing file /opt/airflow/dags/pipeline_procesamiento.py for tasks to queue
[2026-02-27T21:39:45.394+0000] {logging_mixin.py:188} INFO - [2026-02-27T21:39:45.393+0000] {dagbag.py:540} INFO - Filling up the DagBag from /opt/airflow/dags/pipeline_procesamiento.py
[2026-02-27T21:39:45.419+0000] {logging_mixin.py:188} INFO - [2026-02-27T21:39:45.414+0000] {dagbag.py:350} ERROR - Failed to import: /opt/airflow/dags/pipeline_procesamiento.py
Traceback (most recent call last):
  File "/home/airflow/.local/lib/python3.12/site-packages/airflow/models/dagbag.py", line 346, in parse
    loader.exec_module(new_module)
  File "<frozen importlib._bootstrap_external>", line 995, in exec_module
  File "<frozen importlib._bootstrap>", line 488, in _call_with_frames_removed
  File "/opt/airflow/dags/pipeline_procesamiento.py", line 9, in <module>
    from src.validacion.ventas_validator import validar_datos_ventas
ModuleNotFoundError: No module named 'src'
[2026-02-27T21:39:45.421+0000] {processor.py:842} WARNING - No viable dags retrieved from /opt/airflow/dags/pipeline_procesamiento.py
[2026-02-27T21:39:45.463+0000] {processor.py:183} INFO - Processing /opt/airflow/dags/pipeline_procesamiento.py took 0.082 seconds
[2026-02-27T21:40:15.777+0000] {processor.py:161} INFO - Started process (PID=173) to work on /opt/airflow/dags/pipeline_procesamiento.py
[2026-02-27T21:40:15.779+0000] {processor.py:830} INFO - Processing file /opt/airflow/dags/pipeline_procesamiento.py for tasks to queue
[2026-02-27T21:40:15.781+0000] {logging_mixin.py:188} INFO - [2026-02-27T21:40:15.780+0000] {dagbag.py:540} INFO - Filling up the DagBag from /opt/airflow/dags/pipeline_procesamiento.py
[2026-02-27T21:40:15.832+0000] {logging_mixin.py:188} INFO - [2026-02-27T21:40:15.821+0000] {dagbag.py:350} ERROR - Failed to import: /opt/airflow/dags/pipeline_procesamiento.py
Traceback (most recent call last):
  File "/home/airflow/.local/lib/python3.12/site-packages/airflow/models/dagbag.py", line 346, in parse
    loader.exec_module(new_module)
  File "<frozen importlib._bootstrap_external>", line 995, in exec_module
  File "<frozen importlib._bootstrap>", line 488, in _call_with_frames_removed
  File "/opt/airflow/dags/pipeline_procesamiento.py", line 9, in <module>
    from src.validacion.ventas_validator import validar_datos_ventas
ModuleNotFoundError: No module named 'src'
[2026-02-27T21:40:15.837+0000] {processor.py:842} WARNING - No viable dags retrieved from /opt/airflow/dags/pipeline_procesamiento.py
[2026-02-27T21:40:15.883+0000] {processor.py:183} INFO - Processing /opt/airflow/dags/pipeline_procesamiento.py took 0.116 seconds
[2026-02-27T21:40:46.380+0000] {processor.py:161} INFO - Started process (PID=181) to work on /opt/airflow/dags/pipeline_procesamiento.py
[2026-02-27T21:40:46.382+0000] {processor.py:830} INFO - Processing file /opt/airflow/dags/pipeline_procesamiento.py for tasks to queue
[2026-02-27T21:40:46.383+0000] {logging_mixin.py:188} INFO - [2026-02-27T21:40:46.383+0000] {dagbag.py:540} INFO - Filling up the DagBag from /opt/airflow/dags/pipeline_procesamiento.py
[2026-02-27T21:40:46.426+0000] {logging_mixin.py:188} INFO - [2026-02-27T21:40:46.419+0000] {dagbag.py:350} ERROR - Failed to import: /opt/airflow/dags/pipeline_procesamiento.py
Traceback (most recent call last):
  File "/home/airflow/.local/lib/python3.12/site-packages/airflow/models/dagbag.py", line 346, in parse
    loader.exec_module(new_module)
  File "<frozen importlib._bootstrap_external>", line 995, in exec_module
  File "<frozen importlib._bootstrap>", line 488, in _call_with_frames_removed
  File "/opt/airflow/dags/pipeline_procesamiento.py", line 9, in <module>
    from src.validacion.ventas_validator import validar_datos_ventas
ModuleNotFoundError: No module named 'src'
[2026-02-27T21:40:46.430+0000] {processor.py:842} WARNING - No viable dags retrieved from /opt/airflow/dags/pipeline_procesamiento.py
[2026-02-27T21:40:46.479+0000] {processor.py:183} INFO - Processing /opt/airflow/dags/pipeline_procesamiento.py took 0.107 seconds
[2026-02-27T21:41:16.854+0000] {processor.py:161} INFO - Started process (PID=189) to work on /opt/airflow/dags/pipeline_procesamiento.py
[2026-02-27T21:41:16.856+0000] {processor.py:830} INFO - Processing file /opt/airflow/dags/pipeline_procesamiento.py for tasks to queue
[2026-02-27T21:41:16.858+0000] {logging_mixin.py:188} INFO - [2026-02-27T21:41:16.857+0000] {dagbag.py:540} INFO - Filling up the DagBag from /opt/airflow/dags/pipeline_procesamiento.py
[2026-02-27T21:41:16.892+0000] {logging_mixin.py:188} INFO - [2026-02-27T21:41:16.883+0000] {dagbag.py:350} ERROR - Failed to import: /opt/airflow/dags/pipeline_procesamiento.py
Traceback (most recent call last):
  File "/home/airflow/.local/lib/python3.12/site-packages/airflow/models/dagbag.py", line 346, in parse
    loader.exec_module(new_module)
  File "<frozen importlib._bootstrap_external>", line 995, in exec_module
  File "<frozen importlib._bootstrap>", line 488, in _call_with_frames_removed
  File "/opt/airflow/dags/pipeline_procesamiento.py", line 9, in <module>
    from src.validacion.ventas_validator import validar_datos_ventas
ModuleNotFoundError: No module named 'src'
[2026-02-27T21:41:16.895+0000] {processor.py:842} WARNING - No viable dags retrieved from /opt/airflow/dags/pipeline_procesamiento.py
[2026-02-27T21:41:16.937+0000] {processor.py:183} INFO - Processing /opt/airflow/dags/pipeline_procesamiento.py took 0.091 seconds
[2026-02-27T21:41:47.402+0000] {processor.py:161} INFO - Started process (PID=197) to work on /opt/airflow/dags/pipeline_procesamiento.py
[2026-02-27T21:41:47.404+0000] {processor.py:830} INFO - Processing file /opt/airflow/dags/pipeline_procesamiento.py for tasks to queue
[2026-02-27T21:41:47.406+0000] {logging_mixin.py:188} INFO - [2026-02-27T21:41:47.406+0000] {dagbag.py:540} INFO - Filling up the DagBag from /opt/airflow/dags/pipeline_procesamiento.py
[2026-02-27T21:41:47.453+0000] {logging_mixin.py:188} INFO - [2026-02-27T21:41:47.444+0000] {dagbag.py:350} ERROR - Failed to import: /opt/airflow/dags/pipeline_procesamiento.py
Traceback (most recent call last):
  File "/home/airflow/.local/lib/python3.12/site-packages/airflow/models/dagbag.py", line 346, in parse
    loader.exec_module(new_module)
  File "<frozen importlib._bootstrap_external>", line 995, in exec_module
  File "<frozen importlib._bootstrap>", line 488, in _call_with_frames_removed
  File "/opt/airflow/dags/pipeline_procesamiento.py", line 9, in <module>
    from src.validacion.ventas_validator import validar_datos_ventas
ModuleNotFoundError: No module named 'src'
[2026-02-27T21:41:47.457+0000] {processor.py:842} WARNING - No viable dags retrieved from /opt/airflow/dags/pipeline_procesamiento.py
[2026-02-27T21:41:47.495+0000] {processor.py:183} INFO - Processing /opt/airflow/dags/pipeline_procesamiento.py took 0.101 seconds
[2026-02-27T21:42:17.714+0000] {processor.py:161} INFO - Started process (PID=205) to work on /opt/airflow/dags/pipeline_procesamiento.py
[2026-02-27T21:42:17.716+0000] {processor.py:830} INFO - Processing file /opt/airflow/dags/pipeline_procesamiento.py for tasks to queue
[2026-02-27T21:42:17.718+0000] {logging_mixin.py:188} INFO - [2026-02-27T21:42:17.718+0000] {dagbag.py:540} INFO - Filling up the DagBag from /opt/airflow/dags/pipeline_procesamiento.py
[2026-02-27T21:42:17.751+0000] {logging_mixin.py:188} INFO - [2026-02-27T21:42:17.744+0000] {dagbag.py:350} ERROR - Failed to import: /opt/airflow/dags/pipeline_procesamiento.py
Traceback (most recent call last):
  File "/home/airflow/.local/lib/python3.12/site-packages/airflow/models/dagbag.py", line 346, in parse
    loader.exec_module(new_module)
  File "<frozen importlib._bootstrap_external>", line 995, in exec_module
  File "<frozen importlib._bootstrap>", line 488, in _call_with_frames_removed
  File "/opt/airflow/dags/pipeline_procesamiento.py", line 9, in <module>
    from src.validacion.ventas_validator import validar_datos_ventas
ModuleNotFoundError: No module named 'src'
[2026-02-27T21:42:17.753+0000] {processor.py:842} WARNING - No viable dags retrieved from /opt/airflow/dags/pipeline_procesamiento.py
[2026-02-27T21:42:17.790+0000] {processor.py:183} INFO - Processing /opt/airflow/dags/pipeline_procesamiento.py took 0.089 seconds
[2026-02-27T21:42:48.149+0000] {processor.py:161} INFO - Started process (PID=213) to work on /opt/airflow/dags/pipeline_procesamiento.py
[2026-02-27T21:42:48.151+0000] {processor.py:830} INFO - Processing file /opt/airflow/dags/pipeline_procesamiento.py for tasks to queue
[2026-02-27T21:42:48.153+0000] {logging_mixin.py:188} INFO - [2026-02-27T21:42:48.152+0000] {dagbag.py:540} INFO - Filling up the DagBag from /opt/airflow/dags/pipeline_procesamiento.py
[2026-02-27T21:42:48.196+0000] {logging_mixin.py:188} INFO - [2026-02-27T21:42:48.186+0000] {dagbag.py:350} ERROR - Failed to import: /opt/airflow/dags/pipeline_procesamiento.py
Traceback (most recent call last):
  File "/home/airflow/.local/lib/python3.12/site-packages/airflow/models/dagbag.py", line 346, in parse
    loader.exec_module(new_module)
  File "<frozen importlib._bootstrap_external>", line 995, in exec_module
  File "<frozen importlib._bootstrap>", line 488, in _call_with_frames_removed
  File "/opt/airflow/dags/pipeline_procesamiento.py", line 9, in <module>
    from src.validacion.ventas_validator import validar_datos_ventas
ModuleNotFoundError: No module named 'src'
[2026-02-27T21:42:48.198+0000] {processor.py:842} WARNING - No viable dags retrieved from /opt/airflow/dags/pipeline_procesamiento.py
[2026-02-27T21:42:48.232+0000] {processor.py:183} INFO - Processing /opt/airflow/dags/pipeline_procesamiento.py took 0.091 seconds
[2026-02-27T21:43:18.542+0000] {processor.py:161} INFO - Started process (PID=221) to work on /opt/airflow/dags/pipeline_procesamiento.py
[2026-02-27T21:43:18.544+0000] {processor.py:830} INFO - Processing file /opt/airflow/dags/pipeline_procesamiento.py for tasks to queue
[2026-02-27T21:43:18.546+0000] {logging_mixin.py:188} INFO - [2026-02-27T21:43:18.545+0000] {dagbag.py:540} INFO - Filling up the DagBag from /opt/airflow/dags/pipeline_procesamiento.py
[2026-02-27T21:43:18.572+0000] {logging_mixin.py:188} INFO - [2026-02-27T21:43:18.563+0000] {dagbag.py:350} ERROR - Failed to import: /opt/airflow/dags/pipeline_procesamiento.py
Traceback (most recent call last):
  File "/home/airflow/.local/lib/python3.12/site-packages/airflow/models/dagbag.py", line 346, in parse
    loader.exec_module(new_module)
  File "<frozen importlib._bootstrap_external>", line 995, in exec_module
  File "<frozen importlib._bootstrap>", line 488, in _call_with_frames_removed
  File "/opt/airflow/dags/pipeline_procesamiento.py", line 9, in <module>
    from src.validacion.ventas_validator import validar_datos_ventas
ModuleNotFoundError: No module named 'src'
[2026-02-27T21:43:18.575+0000] {processor.py:842} WARNING - No viable dags retrieved from /opt/airflow/dags/pipeline_procesamiento.py
[2026-02-27T21:43:18.612+0000] {processor.py:183} INFO - Processing /opt/airflow/dags/pipeline_procesamiento.py took 0.078 seconds
[2026-02-27T21:43:49.024+0000] {processor.py:161} INFO - Started process (PID=229) to work on /opt/airflow/dags/pipeline_procesamiento.py
[2026-02-27T21:43:49.026+0000] {processor.py:830} INFO - Processing file /opt/airflow/dags/pipeline_procesamiento.py for tasks to queue
[2026-02-27T21:43:49.028+0000] {logging_mixin.py:188} INFO - [2026-02-27T21:43:49.027+0000] {dagbag.py:540} INFO - Filling up the DagBag from /opt/airflow/dags/pipeline_procesamiento.py
[2026-02-27T21:43:49.071+0000] {logging_mixin.py:188} INFO - [2026-02-27T21:43:49.062+0000] {dagbag.py:350} ERROR - Failed to import: /opt/airflow/dags/pipeline_procesamiento.py
Traceback (most recent call last):
  File "/home/airflow/.local/lib/python3.12/site-packages/airflow/models/dagbag.py", line 346, in parse
    loader.exec_module(new_module)
  File "<frozen importlib._bootstrap_external>", line 995, in exec_module
  File "<frozen importlib._bootstrap>", line 488, in _call_with_frames_removed
  File "/opt/airflow/dags/pipeline_procesamiento.py", line 9, in <module>
    from src.validacion.ventas_validator import validar_datos_ventas
ModuleNotFoundError: No module named 'src'
[2026-02-27T21:43:49.073+0000] {processor.py:842} WARNING - No viable dags retrieved from /opt/airflow/dags/pipeline_procesamiento.py
[2026-02-27T21:43:49.110+0000] {processor.py:183} INFO - Processing /opt/airflow/dags/pipeline_procesamiento.py took 0.094 seconds
[2026-02-27T21:44:19.367+0000] {processor.py:161} INFO - Started process (PID=237) to work on /opt/airflow/dags/pipeline_procesamiento.py
[2026-02-27T21:44:19.369+0000] {processor.py:830} INFO - Processing file /opt/airflow/dags/pipeline_procesamiento.py for tasks to queue
[2026-02-27T21:44:19.371+0000] {logging_mixin.py:188} INFO - [2026-02-27T21:44:19.370+0000] {dagbag.py:540} INFO - Filling up the DagBag from /opt/airflow/dags/pipeline_procesamiento.py
[2026-02-27T21:44:19.401+0000] {logging_mixin.py:188} INFO - [2026-02-27T21:44:19.394+0000] {dagbag.py:350} ERROR - Failed to import: /opt/airflow/dags/pipeline_procesamiento.py
Traceback (most recent call last):
  File "/home/airflow/.local/lib/python3.12/site-packages/airflow/models/dagbag.py", line 346, in parse
    loader.exec_module(new_module)
  File "<frozen importlib._bootstrap_external>", line 995, in exec_module
  File "<frozen importlib._bootstrap>", line 488, in _call_with_frames_removed
  File "/opt/airflow/dags/pipeline_procesamiento.py", line 9, in <module>
    from src.validacion.ventas_validator import validar_datos_ventas
ModuleNotFoundError: No module named 'src'
[2026-02-27T21:44:19.403+0000] {processor.py:842} WARNING - No viable dags retrieved from /opt/airflow/dags/pipeline_procesamiento.py
[2026-02-27T21:44:19.445+0000] {processor.py:183} INFO - Processing /opt/airflow/dags/pipeline_procesamiento.py took 0.085 seconds
[2026-02-27T21:44:49.762+0000] {processor.py:161} INFO - Started process (PID=245) to work on /opt/airflow/dags/pipeline_procesamiento.py
[2026-02-27T21:44:49.765+0000] {processor.py:830} INFO - Processing file /opt/airflow/dags/pipeline_procesamiento.py for tasks to queue
[2026-02-27T21:44:49.766+0000] {logging_mixin.py:188} INFO - [2026-02-27T21:44:49.766+0000] {dagbag.py:540} INFO - Filling up the DagBag from /opt/airflow/dags/pipeline_procesamiento.py
[2026-02-27T21:44:49.794+0000] {logging_mixin.py:188} INFO - [2026-02-27T21:44:49.788+0000] {dagbag.py:350} ERROR - Failed to import: /opt/airflow/dags/pipeline_procesamiento.py
Traceback (most recent call last):
  File "/home/airflow/.local/lib/python3.12/site-packages/airflow/models/dagbag.py", line 346, in parse
    loader.exec_module(new_module)
  File "<frozen importlib._bootstrap_external>", line 995, in exec_module
  File "<frozen importlib._bootstrap>", line 488, in _call_with_frames_removed
  File "/opt/airflow/dags/pipeline_procesamiento.py", line 9, in <module>
    from src.validacion.ventas_validator import validar_datos_ventas
ModuleNotFoundError: No module named 'src'
[2026-02-27T21:44:49.799+0000] {processor.py:842} WARNING - No viable dags retrieved from /opt/airflow/dags/pipeline_procesamiento.py
[2026-02-27T21:44:49.846+0000] {processor.py:183} INFO - Processing /opt/airflow/dags/pipeline_procesamiento.py took 0.091 seconds
[2026-02-27T21:45:20.071+0000] {processor.py:161} INFO - Started process (PID=253) to work on /opt/airflow/dags/pipeline_procesamiento.py
[2026-02-27T21:45:20.073+0000] {processor.py:830} INFO - Processing file /opt/airflow/dags/pipeline_procesamiento.py for tasks to queue
[2026-02-27T21:45:20.075+0000] {logging_mixin.py:188} INFO - [2026-02-27T21:45:20.074+0000] {dagbag.py:540} INFO - Filling up the DagBag from /opt/airflow/dags/pipeline_procesamiento.py
[2026-02-27T21:45:20.104+0000] {logging_mixin.py:188} INFO - [2026-02-27T21:45:20.098+0000] {dagbag.py:350} ERROR - Failed to import: /opt/airflow/dags/pipeline_procesamiento.py
Traceback (most recent call last):
  File "/home/airflow/.local/lib/python3.12/site-packages/airflow/models/dagbag.py", line 346, in parse
    loader.exec_module(new_module)
  File "<frozen importlib._bootstrap_external>", line 995, in exec_module
  File "<frozen importlib._bootstrap>", line 488, in _call_with_frames_removed
  File "/opt/airflow/dags/pipeline_procesamiento.py", line 9, in <module>
    from src.validacion.ventas_validator import validar_datos_ventas
ModuleNotFoundError: No module named 'src'
[2026-02-27T21:45:20.107+0000] {processor.py:842} WARNING - No viable dags retrieved from /opt/airflow/dags/pipeline_procesamiento.py
[2026-02-27T21:45:20.146+0000] {processor.py:183} INFO - Processing /opt/airflow/dags/pipeline_procesamiento.py took 0.084 seconds
[2026-02-27T21:45:50.528+0000] {processor.py:161} INFO - Started process (PID=261) to work on /opt/airflow/dags/pipeline_procesamiento.py
[2026-02-27T21:45:50.530+0000] {processor.py:830} INFO - Processing file /opt/airflow/dags/pipeline_procesamiento.py for tasks to queue
[2026-02-27T21:45:50.533+0000] {logging_mixin.py:188} INFO - [2026-02-27T21:45:50.532+0000] {dagbag.py:540} INFO - Filling up the DagBag from /opt/airflow/dags/pipeline_procesamiento.py
[2026-02-27T21:45:50.590+0000] {logging_mixin.py:188} INFO - [2026-02-27T21:45:50.577+0000] {dagbag.py:350} ERROR - Failed to import: /opt/airflow/dags/pipeline_procesamiento.py
Traceback (most recent call last):
  File "/home/airflow/.local/lib/python3.12/site-packages/airflow/models/dagbag.py", line 346, in parse
    loader.exec_module(new_module)
  File "<frozen importlib._bootstrap_external>", line 995, in exec_module
  File "<frozen importlib._bootstrap>", line 488, in _call_with_frames_removed
  File "/opt/airflow/dags/pipeline_procesamiento.py", line 9, in <module>
    from src.validacion.ventas_validator import validar_datos_ventas
ModuleNotFoundError: No module named 'src'
[2026-02-27T21:45:50.595+0000] {processor.py:842} WARNING - No viable dags retrieved from /opt/airflow/dags/pipeline_procesamiento.py
[2026-02-27T21:45:50.633+0000] {processor.py:183} INFO - Processing /opt/airflow/dags/pipeline_procesamiento.py took 0.118 seconds
[2026-02-27T21:46:21.001+0000] {processor.py:161} INFO - Started process (PID=269) to work on /opt/airflow/dags/pipeline_procesamiento.py
[2026-02-27T21:46:21.002+0000] {processor.py:830} INFO - Processing file /opt/airflow/dags/pipeline_procesamiento.py for tasks to queue
[2026-02-27T21:46:21.004+0000] {logging_mixin.py:188} INFO - [2026-02-27T21:46:21.003+0000] {dagbag.py:540} INFO - Filling up the DagBag from /opt/airflow/dags/pipeline_procesamiento.py
[2026-02-27T21:46:21.039+0000] {logging_mixin.py:188} INFO - [2026-02-27T21:46:21.032+0000] {dagbag.py:350} ERROR - Failed to import: /opt/airflow/dags/pipeline_procesamiento.py
Traceback (most recent call last):
  File "/home/airflow/.local/lib/python3.12/site-packages/airflow/models/dagbag.py", line 346, in parse
    loader.exec_module(new_module)
  File "<frozen importlib._bootstrap_external>", line 995, in exec_module
  File "<frozen importlib._bootstrap>", line 488, in _call_with_frames_removed
  File "/opt/airflow/dags/pipeline_procesamiento.py", line 9, in <module>
    from src.validacion.ventas_validator import validar_datos_ventas
ModuleNotFoundError: No module named 'src'
[2026-02-27T21:46:21.042+0000] {processor.py:842} WARNING - No viable dags retrieved from /opt/airflow/dags/pipeline_procesamiento.py
[2026-02-27T21:46:21.089+0000] {processor.py:183} INFO - Processing /opt/airflow/dags/pipeline_procesamiento.py took 0.097 seconds
[2026-02-27T21:46:51.521+0000] {processor.py:161} INFO - Started process (PID=277) to work on /opt/airflow/dags/pipeline_procesamiento.py
[2026-02-27T21:46:51.523+0000] {processor.py:830} INFO - Processing file /opt/airflow/dags/pipeline_procesamiento.py for tasks to queue
[2026-02-27T21:46:51.524+0000] {logging_mixin.py:188} INFO - [2026-02-27T21:46:51.524+0000] {dagbag.py:540} INFO - Filling up the DagBag from /opt/airflow/dags/pipeline_procesamiento.py
[2026-02-27T21:46:51.557+0000] {logging_mixin.py:188} INFO - [2026-02-27T21:46:51.549+0000] {dagbag.py:350} ERROR - Failed to import: /opt/airflow/dags/pipeline_procesamiento.py
Traceback (most recent call last):
  File "/home/airflow/.local/lib/python3.12/site-packages/airflow/models/dagbag.py", line 346, in parse
    loader.exec_module(new_module)
  File "<frozen importlib._bootstrap_external>", line 995, in exec_module
  File "<frozen importlib._bootstrap>", line 488, in _call_with_frames_removed
  File "/opt/airflow/dags/pipeline_procesamiento.py", line 9, in <module>
    from src.validacion.ventas_validator import validar_datos_ventas
ModuleNotFoundError: No module named 'src'
[2026-02-27T21:46:51.560+0000] {processor.py:842} WARNING - No viable dags retrieved from /opt/airflow/dags/pipeline_procesamiento.py
[2026-02-27T21:46:51.600+0000] {processor.py:183} INFO - Processing /opt/airflow/dags/pipeline_procesamiento.py took 0.087 seconds
[2026-02-27T21:47:22.237+0000] {processor.py:161} INFO - Started process (PID=285) to work on /opt/airflow/dags/pipeline_procesamiento.py
[2026-02-27T21:47:22.239+0000] {processor.py:830} INFO - Processing file /opt/airflow/dags/pipeline_procesamiento.py for tasks to queue
[2026-02-27T21:47:22.242+0000] {logging_mixin.py:188} INFO - [2026-02-27T21:47:22.241+0000] {dagbag.py:540} INFO - Filling up the DagBag from /opt/airflow/dags/pipeline_procesamiento.py
[2026-02-27T21:47:22.282+0000] {logging_mixin.py:188} INFO - [2026-02-27T21:47:22.274+0000] {dagbag.py:350} ERROR - Failed to import: /opt/airflow/dags/pipeline_procesamiento.py
Traceback (most recent call last):
  File "/home/airflow/.local/lib/python3.12/site-packages/airflow/models/dagbag.py", line 346, in parse
    loader.exec_module(new_module)
  File "<frozen importlib._bootstrap_external>", line 995, in exec_module
  File "<frozen importlib._bootstrap>", line 488, in _call_with_frames_removed
  File "/opt/airflow/dags/pipeline_procesamiento.py", line 9, in <module>
    from src.validacion.ventas_validator import validar_datos_ventas
ModuleNotFoundError: No module named 'src'
[2026-02-27T21:47:22.286+0000] {processor.py:842} WARNING - No viable dags retrieved from /opt/airflow/dags/pipeline_procesamiento.py
[2026-02-27T21:47:22.335+0000] {processor.py:183} INFO - Processing /opt/airflow/dags/pipeline_procesamiento.py took 0.111 seconds
[2026-02-27T21:47:52.595+0000] {processor.py:161} INFO - Started process (PID=293) to work on /opt/airflow/dags/pipeline_procesamiento.py
[2026-02-27T21:47:52.598+0000] {processor.py:830} INFO - Processing file /opt/airflow/dags/pipeline_procesamiento.py for tasks to queue
[2026-02-27T21:47:52.600+0000] {logging_mixin.py:188} INFO - [2026-02-27T21:47:52.599+0000] {dagbag.py:540} INFO - Filling up the DagBag from /opt/airflow/dags/pipeline_procesamiento.py
[2026-02-27T21:47:52.631+0000] {logging_mixin.py:188} INFO - [2026-02-27T21:47:52.624+0000] {dagbag.py:350} ERROR - Failed to import: /opt/airflow/dags/pipeline_procesamiento.py
Traceback (most recent call last):
  File "/home/airflow/.local/lib/python3.12/site-packages/airflow/models/dagbag.py", line 346, in parse
    loader.exec_module(new_module)
  File "<frozen importlib._bootstrap_external>", line 995, in exec_module
  File "<frozen importlib._bootstrap>", line 488, in _call_with_frames_removed
  File "/opt/airflow/dags/pipeline_procesamiento.py", line 9, in <module>
    from src.validacion.ventas_validator import validar_datos_ventas
ModuleNotFoundError: No module named 'src'
[2026-02-27T21:47:52.634+0000] {processor.py:842} WARNING - No viable dags retrieved from /opt/airflow/dags/pipeline_procesamiento.py
[2026-02-27T21:47:52.676+0000] {processor.py:183} INFO - Processing /opt/airflow/dags/pipeline_procesamiento.py took 0.093 seconds
[2026-02-27T21:48:23.040+0000] {processor.py:161} INFO - Started process (PID=301) to work on /opt/airflow/dags/pipeline_procesamiento.py
[2026-02-27T21:48:23.042+0000] {processor.py:830} INFO - Processing file /opt/airflow/dags/pipeline_procesamiento.py for tasks to queue
[2026-02-27T21:48:23.043+0000] {logging_mixin.py:188} INFO - [2026-02-27T21:48:23.043+0000] {dagbag.py:540} INFO - Filling up the DagBag from /opt/airflow/dags/pipeline_procesamiento.py
[2026-02-27T21:48:23.080+0000] {logging_mixin.py:188} INFO - [2026-02-27T21:48:23.073+0000] {dagbag.py:350} ERROR - Failed to import: /opt/airflow/dags/pipeline_procesamiento.py
Traceback (most recent call last):
  File "/home/airflow/.local/lib/python3.12/site-packages/airflow/models/dagbag.py", line 346, in parse
    loader.exec_module(new_module)
  File "<frozen importlib._bootstrap_external>", line 995, in exec_module
  File "<frozen importlib._bootstrap>", line 488, in _call_with_frames_removed
  File "/opt/airflow/dags/pipeline_procesamiento.py", line 9, in <module>
    from src.validacion.ventas_validator import validar_datos_ventas
ModuleNotFoundError: No module named 'src'
[2026-02-27T21:48:23.082+0000] {processor.py:842} WARNING - No viable dags retrieved from /opt/airflow/dags/pipeline_procesamiento.py
[2026-02-27T21:48:23.122+0000] {processor.py:183} INFO - Processing /opt/airflow/dags/pipeline_procesamiento.py took 0.092 seconds
[2026-02-27T21:48:53.370+0000] {processor.py:161} INFO - Started process (PID=309) to work on /opt/airflow/dags/pipeline_procesamiento.py
[2026-02-27T21:48:53.372+0000] {processor.py:830} INFO - Processing file /opt/airflow/dags/pipeline_procesamiento.py for tasks to queue
[2026-02-27T21:48:53.374+0000] {logging_mixin.py:188} INFO - [2026-02-27T21:48:53.373+0000] {dagbag.py:540} INFO - Filling up the DagBag from /opt/airflow/dags/pipeline_procesamiento.py
[2026-02-27T21:48:53.412+0000] {logging_mixin.py:188} INFO - [2026-02-27T21:48:53.405+0000] {dagbag.py:350} ERROR - Failed to import: /opt/airflow/dags/pipeline_procesamiento.py
Traceback (most recent call last):
  File "/home/airflow/.local/lib/python3.12/site-packages/airflow/models/dagbag.py", line 346, in parse
    loader.exec_module(new_module)
  File "<frozen importlib._bootstrap_external>", line 995, in exec_module
  File "<frozen importlib._bootstrap>", line 488, in _call_with_frames_removed
  File "/opt/airflow/dags/pipeline_procesamiento.py", line 9, in <module>
    from src.validacion.ventas_validator import validar_datos_ventas
ModuleNotFoundError: No module named 'src'
[2026-02-27T21:48:53.416+0000] {processor.py:842} WARNING - No viable dags retrieved from /opt/airflow/dags/pipeline_procesamiento.py
[2026-02-27T21:48:53.457+0000] {processor.py:183} INFO - Processing /opt/airflow/dags/pipeline_procesamiento.py took 0.095 seconds
[2026-02-27T21:49:23.854+0000] {processor.py:161} INFO - Started process (PID=317) to work on /opt/airflow/dags/pipeline_procesamiento.py
[2026-02-27T21:49:23.856+0000] {processor.py:830} INFO - Processing file /opt/airflow/dags/pipeline_procesamiento.py for tasks to queue
[2026-02-27T21:49:23.857+0000] {logging_mixin.py:188} INFO - [2026-02-27T21:49:23.857+0000] {dagbag.py:540} INFO - Filling up the DagBag from /opt/airflow/dags/pipeline_procesamiento.py
[2026-02-27T21:49:23.900+0000] {logging_mixin.py:188} INFO - [2026-02-27T21:49:23.891+0000] {dagbag.py:350} ERROR - Failed to import: /opt/airflow/dags/pipeline_procesamiento.py
Traceback (most recent call last):
  File "/home/airflow/.local/lib/python3.12/site-packages/airflow/models/dagbag.py", line 346, in parse
    loader.exec_module(new_module)
  File "<frozen importlib._bootstrap_external>", line 995, in exec_module
  File "<frozen importlib._bootstrap>", line 488, in _call_with_frames_removed
  File "/opt/airflow/dags/pipeline_procesamiento.py", line 9, in <module>
    from src.validacion.ventas_validator import validar_datos_ventas
ModuleNotFoundError: No module named 'src'
[2026-02-27T21:49:23.903+0000] {processor.py:842} WARNING - No viable dags retrieved from /opt/airflow/dags/pipeline_procesamiento.py
[2026-02-27T21:49:23.947+0000] {processor.py:183} INFO - Processing /opt/airflow/dags/pipeline_procesamiento.py took 0.102 seconds
[2026-02-27T21:49:54.220+0000] {processor.py:161} INFO - Started process (PID=325) to work on /opt/airflow/dags/pipeline_procesamiento.py
[2026-02-27T21:49:54.222+0000] {processor.py:830} INFO - Processing file /opt/airflow/dags/pipeline_procesamiento.py for tasks to queue
[2026-02-27T21:49:54.227+0000] {logging_mixin.py:188} INFO - [2026-02-27T21:49:54.227+0000] {dagbag.py:540} INFO - Filling up the DagBag from /opt/airflow/dags/pipeline_procesamiento.py
[2026-02-27T21:49:54.266+0000] {logging_mixin.py:188} INFO - [2026-02-27T21:49:54.258+0000] {dagbag.py:350} ERROR - Failed to import: /opt/airflow/dags/pipeline_procesamiento.py
Traceback (most recent call last):
  File "/home/airflow/.local/lib/python3.12/site-packages/airflow/models/dagbag.py", line 346, in parse
    loader.exec_module(new_module)
  File "<frozen importlib._bootstrap_external>", line 995, in exec_module
  File "<frozen importlib._bootstrap>", line 488, in _call_with_frames_removed
  File "/opt/airflow/dags/pipeline_procesamiento.py", line 9, in <module>
    from src.validacion.ventas_validator import validar_datos_ventas
ModuleNotFoundError: No module named 'src'
[2026-02-27T21:49:54.269+0000] {processor.py:842} WARNING - No viable dags retrieved from /opt/airflow/dags/pipeline_procesamiento.py
[2026-02-27T21:49:54.312+0000] {processor.py:183} INFO - Processing /opt/airflow/dags/pipeline_procesamiento.py took 0.102 seconds
[2026-02-27T21:50:24.791+0000] {processor.py:161} INFO - Started process (PID=333) to work on /opt/airflow/dags/pipeline_procesamiento.py
[2026-02-27T21:50:24.793+0000] {processor.py:830} INFO - Processing file /opt/airflow/dags/pipeline_procesamiento.py for tasks to queue
[2026-02-27T21:50:24.795+0000] {logging_mixin.py:188} INFO - [2026-02-27T21:50:24.795+0000] {dagbag.py:540} INFO - Filling up the DagBag from /opt/airflow/dags/pipeline_procesamiento.py
[2026-02-27T21:50:24.870+0000] {logging_mixin.py:188} INFO - [2026-02-27T21:50:24.857+0000] {dagbag.py:350} ERROR - Failed to import: /opt/airflow/dags/pipeline_procesamiento.py
Traceback (most recent call last):
  File "/home/airflow/.local/lib/python3.12/site-packages/airflow/models/dagbag.py", line 346, in parse
    loader.exec_module(new_module)
  File "<frozen importlib._bootstrap_external>", line 995, in exec_module
  File "<frozen importlib._bootstrap>", line 488, in _call_with_frames_removed
  File "/opt/airflow/dags/pipeline_procesamiento.py", line 9, in <module>
    from src.validacion.ventas_validator import validar_datos_ventas
ModuleNotFoundError: No module named 'src'
[2026-02-27T21:50:24.874+0000] {processor.py:842} WARNING - No viable dags retrieved from /opt/airflow/dags/pipeline_procesamiento.py
[2026-02-27T21:50:24.960+0000] {processor.py:183} INFO - Processing /opt/airflow/dags/pipeline_procesamiento.py took 0.179 seconds
[2026-02-27T21:50:55.352+0000] {processor.py:161} INFO - Started process (PID=341) to work on /opt/airflow/dags/pipeline_procesamiento.py
[2026-02-27T21:50:55.355+0000] {processor.py:830} INFO - Processing file /opt/airflow/dags/pipeline_procesamiento.py for tasks to queue
[2026-02-27T21:50:55.357+0000] {logging_mixin.py:188} INFO - [2026-02-27T21:50:55.356+0000] {dagbag.py:540} INFO - Filling up the DagBag from /opt/airflow/dags/pipeline_procesamiento.py
[2026-02-27T21:50:55.393+0000] {logging_mixin.py:188} INFO - [2026-02-27T21:50:55.386+0000] {dagbag.py:350} ERROR - Failed to import: /opt/airflow/dags/pipeline_procesamiento.py
Traceback (most recent call last):
  File "/home/airflow/.local/lib/python3.12/site-packages/airflow/models/dagbag.py", line 346, in parse
    loader.exec_module(new_module)
  File "<frozen importlib._bootstrap_external>", line 995, in exec_module
  File "<frozen importlib._bootstrap>", line 488, in _call_with_frames_removed
  File "/opt/airflow/dags/pipeline_procesamiento.py", line 9, in <module>
    from src.validacion.ventas_validator import validar_datos_ventas
ModuleNotFoundError: No module named 'src'
[2026-02-27T21:50:55.396+0000] {processor.py:842} WARNING - No viable dags retrieved from /opt/airflow/dags/pipeline_procesamiento.py
[2026-02-27T21:50:55.437+0000] {processor.py:183} INFO - Processing /opt/airflow/dags/pipeline_procesamiento.py took 0.094 seconds
[2026-02-27T21:51:25.821+0000] {processor.py:161} INFO - Started process (PID=349) to work on /opt/airflow/dags/pipeline_procesamiento.py
[2026-02-27T21:51:25.823+0000] {processor.py:830} INFO - Processing file /opt/airflow/dags/pipeline_procesamiento.py for tasks to queue
[2026-02-27T21:51:25.827+0000] {logging_mixin.py:188} INFO - [2026-02-27T21:51:25.825+0000] {dagbag.py:540} INFO - Filling up the DagBag from /opt/airflow/dags/pipeline_procesamiento.py
[2026-02-27T21:51:25.876+0000] {logging_mixin.py:188} INFO - [2026-02-27T21:51:25.863+0000] {dagbag.py:350} ERROR - Failed to import: /opt/airflow/dags/pipeline_procesamiento.py
Traceback (most recent call last):
  File "/home/airflow/.local/lib/python3.12/site-packages/airflow/models/dagbag.py", line 346, in parse
    loader.exec_module(new_module)
  File "<frozen importlib._bootstrap_external>", line 995, in exec_module
  File "<frozen importlib._bootstrap>", line 488, in _call_with_frames_removed
  File "/opt/airflow/dags/pipeline_procesamiento.py", line 9, in <module>
    from src.validacion.ventas_validator import validar_datos_ventas
ModuleNotFoundError: No module named 'src'
[2026-02-27T21:51:25.881+0000] {processor.py:842} WARNING - No viable dags retrieved from /opt/airflow/dags/pipeline_procesamiento.py
[2026-02-27T21:51:25.923+0000] {processor.py:183} INFO - Processing /opt/airflow/dags/pipeline_procesamiento.py took 0.114 seconds
[2026-02-27T21:51:56.824+0000] {processor.py:161} INFO - Started process (PID=357) to work on /opt/airflow/dags/pipeline_procesamiento.py
[2026-02-27T21:51:56.825+0000] {processor.py:830} INFO - Processing file /opt/airflow/dags/pipeline_procesamiento.py for tasks to queue
[2026-02-27T21:51:56.828+0000] {logging_mixin.py:188} INFO - [2026-02-27T21:51:56.827+0000] {dagbag.py:540} INFO - Filling up the DagBag from /opt/airflow/dags/pipeline_procesamiento.py
[2026-02-27T21:51:56.887+0000] {logging_mixin.py:188} INFO - [2026-02-27T21:51:56.872+0000] {dagbag.py:350} ERROR - Failed to import: /opt/airflow/dags/pipeline_procesamiento.py
Traceback (most recent call last):
  File "/home/airflow/.local/lib/python3.12/site-packages/airflow/models/dagbag.py", line 346, in parse
    loader.exec_module(new_module)
  File "<frozen importlib._bootstrap_external>", line 995, in exec_module
  File "<frozen importlib._bootstrap>", line 488, in _call_with_frames_removed
  File "/opt/airflow/dags/pipeline_procesamiento.py", line 9, in <module>
    from src.validacion.ventas_validator import validar_datos_ventas
ModuleNotFoundError: No module named 'src'
[2026-02-27T21:51:56.892+0000] {processor.py:842} WARNING - No viable dags retrieved from /opt/airflow/dags/pipeline_procesamiento.py
[2026-02-27T21:51:56.937+0000] {processor.py:183} INFO - Processing /opt/airflow/dags/pipeline_procesamiento.py took 0.121 seconds
[2026-02-27T21:52:27.579+0000] {processor.py:161} INFO - Started process (PID=365) to work on /opt/airflow/dags/pipeline_procesamiento.py
[2026-02-27T21:52:27.587+0000] {processor.py:830} INFO - Processing file /opt/airflow/dags/pipeline_procesamiento.py for tasks to queue
[2026-02-27T21:52:27.591+0000] {logging_mixin.py:188} INFO - [2026-02-27T21:52:27.590+0000] {dagbag.py:540} INFO - Filling up the DagBag from /opt/airflow/dags/pipeline_procesamiento.py
[2026-02-27T21:52:27.655+0000] {logging_mixin.py:188} INFO - [2026-02-27T21:52:27.645+0000] {dagbag.py:350} ERROR - Failed to import: /opt/airflow/dags/pipeline_procesamiento.py
Traceback (most recent call last):
  File "/home/airflow/.local/lib/python3.12/site-packages/airflow/models/dagbag.py", line 346, in parse
    loader.exec_module(new_module)
  File "<frozen importlib._bootstrap_external>", line 995, in exec_module
  File "<frozen importlib._bootstrap>", line 488, in _call_with_frames_removed
  File "/opt/airflow/dags/pipeline_procesamiento.py", line 9, in <module>
    from src.validacion.ventas_validator import validar_datos_ventas
ModuleNotFoundError: No module named 'src'
[2026-02-27T21:52:27.658+0000] {processor.py:842} WARNING - No viable dags retrieved from /opt/airflow/dags/pipeline_procesamiento.py
[2026-02-27T21:52:27.694+0000] {processor.py:183} INFO - Processing /opt/airflow/dags/pipeline_procesamiento.py took 0.137 seconds
[2026-02-27T21:52:58.143+0000] {processor.py:161} INFO - Started process (PID=373) to work on /opt/airflow/dags/pipeline_procesamiento.py
[2026-02-27T21:52:58.145+0000] {processor.py:830} INFO - Processing file /opt/airflow/dags/pipeline_procesamiento.py for tasks to queue
[2026-02-27T21:52:58.147+0000] {logging_mixin.py:188} INFO - [2026-02-27T21:52:58.146+0000] {dagbag.py:540} INFO - Filling up the DagBag from /opt/airflow/dags/pipeline_procesamiento.py
[2026-02-27T21:52:58.181+0000] {logging_mixin.py:188} INFO - [2026-02-27T21:52:58.174+0000] {dagbag.py:350} ERROR - Failed to import: /opt/airflow/dags/pipeline_procesamiento.py
Traceback (most recent call last):
  File "/home/airflow/.local/lib/python3.12/site-packages/airflow/models/dagbag.py", line 346, in parse
    loader.exec_module(new_module)
  File "<frozen importlib._bootstrap_external>", line 995, in exec_module
  File "<frozen importlib._bootstrap>", line 488, in _call_with_frames_removed
  File "/opt/airflow/dags/pipeline_procesamiento.py", line 9, in <module>
    from src.validacion.ventas_validator import validar_datos_ventas
ModuleNotFoundError: No module named 'src'
[2026-02-27T21:52:58.184+0000] {processor.py:842} WARNING - No viable dags retrieved from /opt/airflow/dags/pipeline_procesamiento.py
[2026-02-27T21:52:58.214+0000] {processor.py:183} INFO - Processing /opt/airflow/dags/pipeline_procesamiento.py took 0.079 seconds
[2026-02-27T21:53:28.765+0000] {processor.py:161} INFO - Started process (PID=381) to work on /opt/airflow/dags/pipeline_procesamiento.py
[2026-02-27T21:53:28.767+0000] {processor.py:830} INFO - Processing file /opt/airflow/dags/pipeline_procesamiento.py for tasks to queue
[2026-02-27T21:53:28.768+0000] {logging_mixin.py:188} INFO - [2026-02-27T21:53:28.768+0000] {dagbag.py:540} INFO - Filling up the DagBag from /opt/airflow/dags/pipeline_procesamiento.py
[2026-02-27T21:53:28.814+0000] {logging_mixin.py:188} INFO - [2026-02-27T21:53:28.804+0000] {dagbag.py:350} ERROR - Failed to import: /opt/airflow/dags/pipeline_procesamiento.py
Traceback (most recent call last):
  File "/home/airflow/.local/lib/python3.12/site-packages/airflow/models/dagbag.py", line 346, in parse
    loader.exec_module(new_module)
  File "<frozen importlib._bootstrap_external>", line 995, in exec_module
  File "<frozen importlib._bootstrap>", line 488, in _call_with_frames_removed
  File "/opt/airflow/dags/pipeline_procesamiento.py", line 9, in <module>
    from src.validacion.ventas_validator import validar_datos_ventas
ModuleNotFoundError: No module named 'src'
[2026-02-27T21:53:28.817+0000] {processor.py:842} WARNING - No viable dags retrieved from /opt/airflow/dags/pipeline_procesamiento.py
[2026-02-27T21:53:28.853+0000] {processor.py:183} INFO - Processing /opt/airflow/dags/pipeline_procesamiento.py took 0.096 seconds
[2026-02-27T21:53:59.327+0000] {processor.py:161} INFO - Started process (PID=389) to work on /opt/airflow/dags/pipeline_procesamiento.py
[2026-02-27T21:53:59.329+0000] {processor.py:830} INFO - Processing file /opt/airflow/dags/pipeline_procesamiento.py for tasks to queue
[2026-02-27T21:53:59.331+0000] {logging_mixin.py:188} INFO - [2026-02-27T21:53:59.331+0000] {dagbag.py:540} INFO - Filling up the DagBag from /opt/airflow/dags/pipeline_procesamiento.py
[2026-02-27T21:53:59.364+0000] {logging_mixin.py:188} INFO - [2026-02-27T21:53:59.357+0000] {dagbag.py:350} ERROR - Failed to import: /opt/airflow/dags/pipeline_procesamiento.py
Traceback (most recent call last):
  File "/home/airflow/.local/lib/python3.12/site-packages/airflow/models/dagbag.py", line 346, in parse
    loader.exec_module(new_module)
  File "<frozen importlib._bootstrap_external>", line 995, in exec_module
  File "<frozen importlib._bootstrap>", line 488, in _call_with_frames_removed
  File "/opt/airflow/dags/pipeline_procesamiento.py", line 9, in <module>
    from src.validacion.ventas_validator import validar_datos_ventas
ModuleNotFoundError: No module named 'src'
[2026-02-27T21:53:59.368+0000] {processor.py:842} WARNING - No viable dags retrieved from /opt/airflow/dags/pipeline_procesamiento.py
[2026-02-27T21:53:59.407+0000] {processor.py:183} INFO - Processing /opt/airflow/dags/pipeline_procesamiento.py took 0.089 seconds
[2026-02-27T21:54:29.737+0000] {processor.py:161} INFO - Started process (PID=397) to work on /opt/airflow/dags/pipeline_procesamiento.py
[2026-02-27T21:54:29.740+0000] {processor.py:830} INFO - Processing file /opt/airflow/dags/pipeline_procesamiento.py for tasks to queue
[2026-02-27T21:54:29.743+0000] {logging_mixin.py:188} INFO - [2026-02-27T21:54:29.742+0000] {dagbag.py:540} INFO - Filling up the DagBag from /opt/airflow/dags/pipeline_procesamiento.py
[2026-02-27T21:54:29.793+0000] {logging_mixin.py:188} INFO - [2026-02-27T21:54:29.782+0000] {dagbag.py:350} ERROR - Failed to import: /opt/airflow/dags/pipeline_procesamiento.py
Traceback (most recent call last):
  File "/home/airflow/.local/lib/python3.12/site-packages/airflow/models/dagbag.py", line 346, in parse
    loader.exec_module(new_module)
  File "<frozen importlib._bootstrap_external>", line 995, in exec_module
  File "<frozen importlib._bootstrap>", line 488, in _call_with_frames_removed
  File "/opt/airflow/dags/pipeline_procesamiento.py", line 9, in <module>
    from src.validacion.ventas_validator import validar_datos_ventas
ModuleNotFoundError: No module named 'src'
[2026-02-27T21:54:29.797+0000] {processor.py:842} WARNING - No viable dags retrieved from /opt/airflow/dags/pipeline_procesamiento.py
[2026-02-27T21:54:29.845+0000] {processor.py:183} INFO - Processing /opt/airflow/dags/pipeline_procesamiento.py took 0.120 seconds
[2026-02-27T21:55:00.195+0000] {processor.py:161} INFO - Started process (PID=405) to work on /opt/airflow/dags/pipeline_procesamiento.py
[2026-02-27T21:55:00.197+0000] {processor.py:830} INFO - Processing file /opt/airflow/dags/pipeline_procesamiento.py for tasks to queue
[2026-02-27T21:55:00.199+0000] {logging_mixin.py:188} INFO - [2026-02-27T21:55:00.198+0000] {dagbag.py:540} INFO - Filling up the DagBag from /opt/airflow/dags/pipeline_procesamiento.py
[2026-02-27T21:55:00.244+0000] {logging_mixin.py:188} INFO - [2026-02-27T21:55:00.234+0000] {dagbag.py:350} ERROR - Failed to import: /opt/airflow/dags/pipeline_procesamiento.py
Traceback (most recent call last):
  File "/home/airflow/.local/lib/python3.12/site-packages/airflow/models/dagbag.py", line 346, in parse
    loader.exec_module(new_module)
  File "<frozen importlib._bootstrap_external>", line 995, in exec_module
  File "<frozen importlib._bootstrap>", line 488, in _call_with_frames_removed
  File "/opt/airflow/dags/pipeline_procesamiento.py", line 9, in <module>
    from src.validacion.ventas_validator import validar_datos_ventas
ModuleNotFoundError: No module named 'src'
[2026-02-27T21:55:00.250+0000] {processor.py:842} WARNING - No viable dags retrieved from /opt/airflow/dags/pipeline_procesamiento.py
[2026-02-27T21:55:00.308+0000] {processor.py:183} INFO - Processing /opt/airflow/dags/pipeline_procesamiento.py took 0.124 seconds
[2026-02-27T21:55:30.774+0000] {processor.py:161} INFO - Started process (PID=413) to work on /opt/airflow/dags/pipeline_procesamiento.py
[2026-02-27T21:55:30.775+0000] {processor.py:830} INFO - Processing file /opt/airflow/dags/pipeline_procesamiento.py for tasks to queue
[2026-02-27T21:55:30.778+0000] {logging_mixin.py:188} INFO - [2026-02-27T21:55:30.777+0000] {dagbag.py:540} INFO - Filling up the DagBag from /opt/airflow/dags/pipeline_procesamiento.py
[2026-02-27T21:55:30.811+0000] {logging_mixin.py:188} INFO - [2026-02-27T21:55:30.804+0000] {dagbag.py:350} ERROR - Failed to import: /opt/airflow/dags/pipeline_procesamiento.py
Traceback (most recent call last):
  File "/home/airflow/.local/lib/python3.12/site-packages/airflow/models/dagbag.py", line 346, in parse
    loader.exec_module(new_module)
  File "<frozen importlib._bootstrap_external>", line 995, in exec_module
  File "<frozen importlib._bootstrap>", line 488, in _call_with_frames_removed
  File "/opt/airflow/dags/pipeline_procesamiento.py", line 9, in <module>
    from src.validacion.ventas_validator import validar_datos_ventas
ModuleNotFoundError: No module named 'src'
[2026-02-27T21:55:30.814+0000] {processor.py:842} WARNING - No viable dags retrieved from /opt/airflow/dags/pipeline_procesamiento.py
[2026-02-27T21:55:30.849+0000] {processor.py:183} INFO - Processing /opt/airflow/dags/pipeline_procesamiento.py took 0.085 seconds
[2026-02-27T21:56:01.362+0000] {processor.py:161} INFO - Started process (PID=421) to work on /opt/airflow/dags/pipeline_procesamiento.py
[2026-02-27T21:56:01.365+0000] {processor.py:830} INFO - Processing file /opt/airflow/dags/pipeline_procesamiento.py for tasks to queue
[2026-02-27T21:56:01.367+0000] {logging_mixin.py:188} INFO - [2026-02-27T21:56:01.366+0000] {dagbag.py:540} INFO - Filling up the DagBag from /opt/airflow/dags/pipeline_procesamiento.py
[2026-02-27T21:56:01.409+0000] {logging_mixin.py:188} INFO - [2026-02-27T21:56:01.400+0000] {dagbag.py:350} ERROR - Failed to import: /opt/airflow/dags/pipeline_procesamiento.py
Traceback (most recent call last):
  File "/home/airflow/.local/lib/python3.12/site-packages/airflow/models/dagbag.py", line 346, in parse
    loader.exec_module(new_module)
  File "<frozen importlib._bootstrap_external>", line 995, in exec_module
  File "<frozen importlib._bootstrap>", line 488, in _call_with_frames_removed
  File "/opt/airflow/dags/pipeline_procesamiento.py", line 9, in <module>
    from src.validacion.ventas_validator import validar_datos_ventas
ModuleNotFoundError: No module named 'src'
[2026-02-27T21:56:01.413+0000] {processor.py:842} WARNING - No viable dags retrieved from /opt/airflow/dags/pipeline_procesamiento.py
[2026-02-27T21:56:01.467+0000] {processor.py:183} INFO - Processing /opt/airflow/dags/pipeline_procesamiento.py took 0.113 seconds
[2026-02-27T21:56:31.853+0000] {processor.py:161} INFO - Started process (PID=429) to work on /opt/airflow/dags/pipeline_procesamiento.py
[2026-02-27T21:56:31.855+0000] {processor.py:830} INFO - Processing file /opt/airflow/dags/pipeline_procesamiento.py for tasks to queue
[2026-02-27T21:56:31.857+0000] {logging_mixin.py:188} INFO - [2026-02-27T21:56:31.856+0000] {dagbag.py:540} INFO - Filling up the DagBag from /opt/airflow/dags/pipeline_procesamiento.py
[2026-02-27T21:56:31.882+0000] {logging_mixin.py:188} INFO - [2026-02-27T21:56:31.878+0000] {dagbag.py:350} ERROR - Failed to import: /opt/airflow/dags/pipeline_procesamiento.py
Traceback (most recent call last):
  File "/home/airflow/.local/lib/python3.12/site-packages/airflow/models/dagbag.py", line 346, in parse
    loader.exec_module(new_module)
  File "<frozen importlib._bootstrap_external>", line 995, in exec_module
  File "<frozen importlib._bootstrap>", line 488, in _call_with_frames_removed
  File "/opt/airflow/dags/pipeline_procesamiento.py", line 9, in <module>
    from src.validacion.ventas_validator import validar_datos_ventas
ModuleNotFoundError: No module named 'src'
[2026-02-27T21:56:31.885+0000] {processor.py:842} WARNING - No viable dags retrieved from /opt/airflow/dags/pipeline_procesamiento.py
[2026-02-27T21:56:31.924+0000] {processor.py:183} INFO - Processing /opt/airflow/dags/pipeline_procesamiento.py took 0.081 seconds
[2026-02-27T21:57:02.674+0000] {processor.py:161} INFO - Started process (PID=437) to work on /opt/airflow/dags/pipeline_procesamiento.py
[2026-02-27T21:57:02.675+0000] {processor.py:830} INFO - Processing file /opt/airflow/dags/pipeline_procesamiento.py for tasks to queue
[2026-02-27T21:57:02.677+0000] {logging_mixin.py:188} INFO - [2026-02-27T21:57:02.676+0000] {dagbag.py:540} INFO - Filling up the DagBag from /opt/airflow/dags/pipeline_procesamiento.py
[2026-02-27T21:57:02.701+0000] {logging_mixin.py:188} INFO - [2026-02-27T21:57:02.696+0000] {dagbag.py:350} ERROR - Failed to import: /opt/airflow/dags/pipeline_procesamiento.py
Traceback (most recent call last):
  File "/home/airflow/.local/lib/python3.12/site-packages/airflow/models/dagbag.py", line 346, in parse
    loader.exec_module(new_module)
  File "<frozen importlib._bootstrap_external>", line 995, in exec_module
  File "<frozen importlib._bootstrap>", line 488, in _call_with_frames_removed
  File "/opt/airflow/dags/pipeline_procesamiento.py", line 9, in <module>
    from src.validacion.ventas_validator import validar_datos_ventas
ModuleNotFoundError: No module named 'src'
[2026-02-27T21:57:02.703+0000] {processor.py:842} WARNING - No viable dags retrieved from /opt/airflow/dags/pipeline_procesamiento.py
[2026-02-27T21:57:02.750+0000] {processor.py:183} INFO - Processing /opt/airflow/dags/pipeline_procesamiento.py took 0.086 seconds
[2026-02-27T21:57:33.125+0000] {processor.py:161} INFO - Started process (PID=445) to work on /opt/airflow/dags/pipeline_procesamiento.py
[2026-02-27T21:57:33.128+0000] {processor.py:830} INFO - Processing file /opt/airflow/dags/pipeline_procesamiento.py for tasks to queue
[2026-02-27T21:57:33.130+0000] {logging_mixin.py:188} INFO - [2026-02-27T21:57:33.130+0000] {dagbag.py:540} INFO - Filling up the DagBag from /opt/airflow/dags/pipeline_procesamiento.py
[2026-02-27T21:57:33.166+0000] {logging_mixin.py:188} INFO - [2026-02-27T21:57:33.159+0000] {dagbag.py:350} ERROR - Failed to import: /opt/airflow/dags/pipeline_procesamiento.py
Traceback (most recent call last):
  File "/home/airflow/.local/lib/python3.12/site-packages/airflow/models/dagbag.py", line 346, in parse
    loader.exec_module(new_module)
  File "<frozen importlib._bootstrap_external>", line 995, in exec_module
  File "<frozen importlib._bootstrap>", line 488, in _call_with_frames_removed
  File "/opt/airflow/dags/pipeline_procesamiento.py", line 9, in <module>
    from src.validacion.ventas_validator import validar_datos_ventas
ModuleNotFoundError: No module named 'src'
[2026-02-27T21:57:33.170+0000] {processor.py:842} WARNING - No viable dags retrieved from /opt/airflow/dags/pipeline_procesamiento.py
[2026-02-27T21:57:33.213+0000] {processor.py:183} INFO - Processing /opt/airflow/dags/pipeline_procesamiento.py took 0.100 seconds
[2026-02-27T21:58:03.504+0000] {processor.py:161} INFO - Started process (PID=453) to work on /opt/airflow/dags/pipeline_procesamiento.py
[2026-02-27T21:58:03.506+0000] {processor.py:830} INFO - Processing file /opt/airflow/dags/pipeline_procesamiento.py for tasks to queue
[2026-02-27T21:58:03.507+0000] {logging_mixin.py:188} INFO - [2026-02-27T21:58:03.507+0000] {dagbag.py:540} INFO - Filling up the DagBag from /opt/airflow/dags/pipeline_procesamiento.py
[2026-02-27T21:58:03.539+0000] {logging_mixin.py:188} INFO - [2026-02-27T21:58:03.532+0000] {dagbag.py:350} ERROR - Failed to import: /opt/airflow/dags/pipeline_procesamiento.py
Traceback (most recent call last):
  File "/home/airflow/.local/lib/python3.12/site-packages/airflow/models/dagbag.py", line 346, in parse
    loader.exec_module(new_module)
  File "<frozen importlib._bootstrap_external>", line 995, in exec_module
  File "<frozen importlib._bootstrap>", line 488, in _call_with_frames_removed
  File "/opt/airflow/dags/pipeline_procesamiento.py", line 9, in <module>
    from src.validacion.ventas_validator import validar_datos_ventas
ModuleNotFoundError: No module named 'src'
[2026-02-27T21:58:03.542+0000] {processor.py:842} WARNING - No viable dags retrieved from /opt/airflow/dags/pipeline_procesamiento.py
[2026-02-27T21:58:03.582+0000] {processor.py:183} INFO - Processing /opt/airflow/dags/pipeline_procesamiento.py took 0.086 seconds
[2026-02-27T21:58:33.792+0000] {processor.py:161} INFO - Started process (PID=461) to work on /opt/airflow/dags/pipeline_procesamiento.py
[2026-02-27T21:58:33.793+0000] {processor.py:830} INFO - Processing file /opt/airflow/dags/pipeline_procesamiento.py for tasks to queue
[2026-02-27T21:58:33.795+0000] {logging_mixin.py:188} INFO - [2026-02-27T21:58:33.794+0000] {dagbag.py:540} INFO - Filling up the DagBag from /opt/airflow/dags/pipeline_procesamiento.py
[2026-02-27T21:58:33.821+0000] {logging_mixin.py:188} INFO - [2026-02-27T21:58:33.815+0000] {dagbag.py:350} ERROR - Failed to import: /opt/airflow/dags/pipeline_procesamiento.py
Traceback (most recent call last):
  File "/home/airflow/.local/lib/python3.12/site-packages/airflow/models/dagbag.py", line 346, in parse
    loader.exec_module(new_module)
  File "<frozen importlib._bootstrap_external>", line 995, in exec_module
  File "<frozen importlib._bootstrap>", line 488, in _call_with_frames_removed
  File "/opt/airflow/dags/pipeline_procesamiento.py", line 9, in <module>
    from src.validacion.ventas_validator import validar_datos_ventas
ModuleNotFoundError: No module named 'src'
[2026-02-27T21:58:33.823+0000] {processor.py:842} WARNING - No viable dags retrieved from /opt/airflow/dags/pipeline_procesamiento.py
[2026-02-27T21:58:33.855+0000] {processor.py:183} INFO - Processing /opt/airflow/dags/pipeline_procesamiento.py took 0.071 seconds
[2026-02-27T21:59:04.344+0000] {processor.py:161} INFO - Started process (PID=469) to work on /opt/airflow/dags/pipeline_procesamiento.py
[2026-02-27T21:59:04.346+0000] {processor.py:830} INFO - Processing file /opt/airflow/dags/pipeline_procesamiento.py for tasks to queue
[2026-02-27T21:59:04.348+0000] {logging_mixin.py:188} INFO - [2026-02-27T21:59:04.347+0000] {dagbag.py:540} INFO - Filling up the DagBag from /opt/airflow/dags/pipeline_procesamiento.py
[2026-02-27T21:59:04.392+0000] {logging_mixin.py:188} INFO - [2026-02-27T21:59:04.384+0000] {dagbag.py:350} ERROR - Failed to import: /opt/airflow/dags/pipeline_procesamiento.py
Traceback (most recent call last):
  File "/home/airflow/.local/lib/python3.12/site-packages/airflow/models/dagbag.py", line 346, in parse
    loader.exec_module(new_module)
  File "<frozen importlib._bootstrap_external>", line 995, in exec_module
  File "<frozen importlib._bootstrap>", line 488, in _call_with_frames_removed
  File "/opt/airflow/dags/pipeline_procesamiento.py", line 9, in <module>
    from src.validacion.ventas_validator import validar_datos_ventas
ModuleNotFoundError: No module named 'src'
[2026-02-27T21:59:04.395+0000] {processor.py:842} WARNING - No viable dags retrieved from /opt/airflow/dags/pipeline_procesamiento.py
[2026-02-27T21:59:04.435+0000] {processor.py:183} INFO - Processing /opt/airflow/dags/pipeline_procesamiento.py took 0.100 seconds
[2026-02-27T21:59:34.954+0000] {processor.py:161} INFO - Started process (PID=477) to work on /opt/airflow/dags/pipeline_procesamiento.py
[2026-02-27T21:59:34.958+0000] {processor.py:830} INFO - Processing file /opt/airflow/dags/pipeline_procesamiento.py for tasks to queue
[2026-02-27T21:59:34.960+0000] {logging_mixin.py:188} INFO - [2026-02-27T21:59:34.960+0000] {dagbag.py:540} INFO - Filling up the DagBag from /opt/airflow/dags/pipeline_procesamiento.py
[2026-02-27T21:59:35.007+0000] {logging_mixin.py:188} INFO - [2026-02-27T21:59:34.998+0000] {dagbag.py:350} ERROR - Failed to import: /opt/airflow/dags/pipeline_procesamiento.py
Traceback (most recent call last):
  File "/home/airflow/.local/lib/python3.12/site-packages/airflow/models/dagbag.py", line 346, in parse
    loader.exec_module(new_module)
  File "<frozen importlib._bootstrap_external>", line 995, in exec_module
  File "<frozen importlib._bootstrap>", line 488, in _call_with_frames_removed
  File "/opt/airflow/dags/pipeline_procesamiento.py", line 9, in <module>
    from src.validacion.ventas_validator import validar_datos_ventas
ModuleNotFoundError: No module named 'src'
[2026-02-27T21:59:35.011+0000] {processor.py:842} WARNING - No viable dags retrieved from /opt/airflow/dags/pipeline_procesamiento.py
[2026-02-27T21:59:35.056+0000] {processor.py:183} INFO - Processing /opt/airflow/dags/pipeline_procesamiento.py took 0.123 seconds
[2026-02-27T22:00:05.549+0000] {processor.py:161} INFO - Started process (PID=485) to work on /opt/airflow/dags/pipeline_procesamiento.py
[2026-02-27T22:00:05.551+0000] {processor.py:830} INFO - Processing file /opt/airflow/dags/pipeline_procesamiento.py for tasks to queue
[2026-02-27T22:00:05.553+0000] {logging_mixin.py:188} INFO - [2026-02-27T22:00:05.552+0000] {dagbag.py:540} INFO - Filling up the DagBag from /opt/airflow/dags/pipeline_procesamiento.py
[2026-02-27T22:00:05.583+0000] {logging_mixin.py:188} INFO - [2026-02-27T22:00:05.577+0000] {dagbag.py:350} ERROR - Failed to import: /opt/airflow/dags/pipeline_procesamiento.py
Traceback (most recent call last):
  File "/home/airflow/.local/lib/python3.12/site-packages/airflow/models/dagbag.py", line 346, in parse
    loader.exec_module(new_module)
  File "<frozen importlib._bootstrap_external>", line 995, in exec_module
  File "<frozen importlib._bootstrap>", line 488, in _call_with_frames_removed
  File "/opt/airflow/dags/pipeline_procesamiento.py", line 9, in <module>
    from src.validacion.ventas_validator import validar_datos_ventas
ModuleNotFoundError: No module named 'src'
[2026-02-27T22:00:05.585+0000] {processor.py:842} WARNING - No viable dags retrieved from /opt/airflow/dags/pipeline_procesamiento.py
[2026-02-27T22:00:05.620+0000] {processor.py:183} INFO - Processing /opt/airflow/dags/pipeline_procesamiento.py took 0.082 seconds
[2026-02-27T22:00:36.001+0000] {processor.py:161} INFO - Started process (PID=493) to work on /opt/airflow/dags/pipeline_procesamiento.py
[2026-02-27T22:00:36.003+0000] {processor.py:830} INFO - Processing file /opt/airflow/dags/pipeline_procesamiento.py for tasks to queue
[2026-02-27T22:00:36.005+0000] {logging_mixin.py:188} INFO - [2026-02-27T22:00:36.005+0000] {dagbag.py:540} INFO - Filling up the DagBag from /opt/airflow/dags/pipeline_procesamiento.py
[2026-02-27T22:00:36.041+0000] {logging_mixin.py:188} INFO - [2026-02-27T22:00:36.034+0000] {dagbag.py:350} ERROR - Failed to import: /opt/airflow/dags/pipeline_procesamiento.py
Traceback (most recent call last):
  File "/home/airflow/.local/lib/python3.12/site-packages/airflow/models/dagbag.py", line 346, in parse
    loader.exec_module(new_module)
  File "<frozen importlib._bootstrap_external>", line 995, in exec_module
  File "<frozen importlib._bootstrap>", line 488, in _call_with_frames_removed
  File "/opt/airflow/dags/pipeline_procesamiento.py", line 9, in <module>
    from src.validacion.ventas_validator import validar_datos_ventas
ModuleNotFoundError: No module named 'src'
[2026-02-27T22:00:36.044+0000] {processor.py:842} WARNING - No viable dags retrieved from /opt/airflow/dags/pipeline_procesamiento.py
[2026-02-27T22:00:36.087+0000] {processor.py:183} INFO - Processing /opt/airflow/dags/pipeline_procesamiento.py took 0.098 seconds
[2026-02-27T22:01:06.325+0000] {processor.py:161} INFO - Started process (PID=501) to work on /opt/airflow/dags/pipeline_procesamiento.py
[2026-02-27T22:01:06.327+0000] {processor.py:830} INFO - Processing file /opt/airflow/dags/pipeline_procesamiento.py for tasks to queue
[2026-02-27T22:01:06.329+0000] {logging_mixin.py:188} INFO - [2026-02-27T22:01:06.328+0000] {dagbag.py:540} INFO - Filling up the DagBag from /opt/airflow/dags/pipeline_procesamiento.py
[2026-02-27T22:01:06.371+0000] {logging_mixin.py:188} INFO - [2026-02-27T22:01:06.362+0000] {dagbag.py:350} ERROR - Failed to import: /opt/airflow/dags/pipeline_procesamiento.py
Traceback (most recent call last):
  File "/home/airflow/.local/lib/python3.12/site-packages/airflow/models/dagbag.py", line 346, in parse
    loader.exec_module(new_module)
  File "<frozen importlib._bootstrap_external>", line 995, in exec_module
  File "<frozen importlib._bootstrap>", line 488, in _call_with_frames_removed
  File "/opt/airflow/dags/pipeline_procesamiento.py", line 9, in <module>
    from src.validacion.ventas_validator import validar_datos_ventas
ModuleNotFoundError: No module named 'src'
[2026-02-27T22:01:06.374+0000] {processor.py:842} WARNING - No viable dags retrieved from /opt/airflow/dags/pipeline_procesamiento.py
[2026-02-27T22:01:06.412+0000] {processor.py:183} INFO - Processing /opt/airflow/dags/pipeline_procesamiento.py took 0.098 seconds
[2026-02-27T22:01:36.762+0000] {processor.py:161} INFO - Started process (PID=509) to work on /opt/airflow/dags/pipeline_procesamiento.py
[2026-02-27T22:01:36.764+0000] {processor.py:830} INFO - Processing file /opt/airflow/dags/pipeline_procesamiento.py for tasks to queue
[2026-02-27T22:01:36.767+0000] {logging_mixin.py:188} INFO - [2026-02-27T22:01:36.766+0000] {dagbag.py:540} INFO - Filling up the DagBag from /opt/airflow/dags/pipeline_procesamiento.py
[2026-02-27T22:01:36.796+0000] {logging_mixin.py:188} INFO - [2026-02-27T22:01:36.790+0000] {dagbag.py:350} ERROR - Failed to import: /opt/airflow/dags/pipeline_procesamiento.py
Traceback (most recent call last):
  File "/home/airflow/.local/lib/python3.12/site-packages/airflow/models/dagbag.py", line 346, in parse
    loader.exec_module(new_module)
  File "<frozen importlib._bootstrap_external>", line 995, in exec_module
  File "<frozen importlib._bootstrap>", line 488, in _call_with_frames_removed
  File "/opt/airflow/dags/pipeline_procesamiento.py", line 9, in <module>
    from src.validacion.ventas_validator import validar_datos_ventas
ModuleNotFoundError: No module named 'src'
[2026-02-27T22:01:36.799+0000] {processor.py:842} WARNING - No viable dags retrieved from /opt/airflow/dags/pipeline_procesamiento.py
[2026-02-27T22:01:36.844+0000] {processor.py:183} INFO - Processing /opt/airflow/dags/pipeline_procesamiento.py took 0.091 seconds
[2026-02-27T22:02:07.368+0000] {processor.py:161} INFO - Started process (PID=517) to work on /opt/airflow/dags/pipeline_procesamiento.py
[2026-02-27T22:02:07.370+0000] {processor.py:830} INFO - Processing file /opt/airflow/dags/pipeline_procesamiento.py for tasks to queue
[2026-02-27T22:02:07.373+0000] {logging_mixin.py:188} INFO - [2026-02-27T22:02:07.372+0000] {dagbag.py:540} INFO - Filling up the DagBag from /opt/airflow/dags/pipeline_procesamiento.py
[2026-02-27T22:02:07.405+0000] {logging_mixin.py:188} INFO - [2026-02-27T22:02:07.398+0000] {dagbag.py:350} ERROR - Failed to import: /opt/airflow/dags/pipeline_procesamiento.py
Traceback (most recent call last):
  File "/home/airflow/.local/lib/python3.12/site-packages/airflow/models/dagbag.py", line 346, in parse
    loader.exec_module(new_module)
  File "<frozen importlib._bootstrap_external>", line 995, in exec_module
  File "<frozen importlib._bootstrap>", line 488, in _call_with_frames_removed
  File "/opt/airflow/dags/pipeline_procesamiento.py", line 9, in <module>
    from src.validacion.ventas_validator import validar_datos_ventas
ModuleNotFoundError: No module named 'src'
[2026-02-27T22:02:07.407+0000] {processor.py:842} WARNING - No viable dags retrieved from /opt/airflow/dags/pipeline_procesamiento.py
[2026-02-27T22:02:07.450+0000] {processor.py:183} INFO - Processing /opt/airflow/dags/pipeline_procesamiento.py took 0.091 seconds
[2026-02-27T22:02:37.790+0000] {processor.py:161} INFO - Started process (PID=525) to work on /opt/airflow/dags/pipeline_procesamiento.py
[2026-02-27T22:02:37.793+0000] {processor.py:830} INFO - Processing file /opt/airflow/dags/pipeline_procesamiento.py for tasks to queue
[2026-02-27T22:02:37.794+0000] {logging_mixin.py:188} INFO - [2026-02-27T22:02:37.794+0000] {dagbag.py:540} INFO - Filling up the DagBag from /opt/airflow/dags/pipeline_procesamiento.py
[2026-02-27T22:02:37.822+0000] {logging_mixin.py:188} INFO - [2026-02-27T22:02:37.815+0000] {dagbag.py:350} ERROR - Failed to import: /opt/airflow/dags/pipeline_procesamiento.py
Traceback (most recent call last):
  File "/home/airflow/.local/lib/python3.12/site-packages/airflow/models/dagbag.py", line 346, in parse
    loader.exec_module(new_module)
  File "<frozen importlib._bootstrap_external>", line 995, in exec_module
  File "<frozen importlib._bootstrap>", line 488, in _call_with_frames_removed
  File "/opt/airflow/dags/pipeline_procesamiento.py", line 9, in <module>
    from src.validacion.ventas_validator import validar_datos_ventas
ModuleNotFoundError: No module named 'src'
[2026-02-27T22:02:37.825+0000] {processor.py:842} WARNING - No viable dags retrieved from /opt/airflow/dags/pipeline_procesamiento.py
[2026-02-27T22:02:37.863+0000] {processor.py:183} INFO - Processing /opt/airflow/dags/pipeline_procesamiento.py took 0.086 seconds
[2026-02-27T22:03:08.121+0000] {processor.py:161} INFO - Started process (PID=533) to work on /opt/airflow/dags/pipeline_procesamiento.py
[2026-02-27T22:03:08.123+0000] {processor.py:830} INFO - Processing file /opt/airflow/dags/pipeline_procesamiento.py for tasks to queue
[2026-02-27T22:03:08.125+0000] {logging_mixin.py:188} INFO - [2026-02-27T22:03:08.125+0000] {dagbag.py:540} INFO - Filling up the DagBag from /opt/airflow/dags/pipeline_procesamiento.py
[2026-02-27T22:03:08.165+0000] {logging_mixin.py:188} INFO - [2026-02-27T22:03:08.158+0000] {dagbag.py:350} ERROR - Failed to import: /opt/airflow/dags/pipeline_procesamiento.py
Traceback (most recent call last):
  File "/home/airflow/.local/lib/python3.12/site-packages/airflow/models/dagbag.py", line 346, in parse
    loader.exec_module(new_module)
  File "<frozen importlib._bootstrap_external>", line 995, in exec_module
  File "<frozen importlib._bootstrap>", line 488, in _call_with_frames_removed
  File "/opt/airflow/dags/pipeline_procesamiento.py", line 9, in <module>
    from src.validacion.ventas_validator import validar_datos_ventas
ModuleNotFoundError: No module named 'src'
[2026-02-27T22:03:08.168+0000] {processor.py:842} WARNING - No viable dags retrieved from /opt/airflow/dags/pipeline_procesamiento.py
[2026-02-27T22:03:08.202+0000] {processor.py:183} INFO - Processing /opt/airflow/dags/pipeline_procesamiento.py took 0.090 seconds
[2026-02-27T22:03:38.607+0000] {processor.py:161} INFO - Started process (PID=541) to work on /opt/airflow/dags/pipeline_procesamiento.py
[2026-02-27T22:03:38.609+0000] {processor.py:830} INFO - Processing file /opt/airflow/dags/pipeline_procesamiento.py for tasks to queue
[2026-02-27T22:03:38.611+0000] {logging_mixin.py:188} INFO - [2026-02-27T22:03:38.610+0000] {dagbag.py:540} INFO - Filling up the DagBag from /opt/airflow/dags/pipeline_procesamiento.py
[2026-02-27T22:03:38.641+0000] {logging_mixin.py:188} INFO - [2026-02-27T22:03:38.635+0000] {dagbag.py:350} ERROR - Failed to import: /opt/airflow/dags/pipeline_procesamiento.py
Traceback (most recent call last):
  File "/home/airflow/.local/lib/python3.12/site-packages/airflow/models/dagbag.py", line 346, in parse
    loader.exec_module(new_module)
  File "<frozen importlib._bootstrap_external>", line 995, in exec_module
  File "<frozen importlib._bootstrap>", line 488, in _call_with_frames_removed
  File "/opt/airflow/dags/pipeline_procesamiento.py", line 9, in <module>
    from src.validacion.ventas_validator import validar_datos_ventas
ModuleNotFoundError: No module named 'src'
[2026-02-27T22:03:38.645+0000] {processor.py:842} WARNING - No viable dags retrieved from /opt/airflow/dags/pipeline_procesamiento.py
[2026-02-27T22:03:38.695+0000] {processor.py:183} INFO - Processing /opt/airflow/dags/pipeline_procesamiento.py took 0.098 seconds
[2026-02-27T22:04:08.916+0000] {processor.py:161} INFO - Started process (PID=549) to work on /opt/airflow/dags/pipeline_procesamiento.py
[2026-02-27T22:04:08.918+0000] {processor.py:830} INFO - Processing file /opt/airflow/dags/pipeline_procesamiento.py for tasks to queue
[2026-02-27T22:04:08.920+0000] {logging_mixin.py:188} INFO - [2026-02-27T22:04:08.919+0000] {dagbag.py:540} INFO - Filling up the DagBag from /opt/airflow/dags/pipeline_procesamiento.py
[2026-02-27T22:04:08.959+0000] {logging_mixin.py:188} INFO - [2026-02-27T22:04:08.952+0000] {dagbag.py:350} ERROR - Failed to import: /opt/airflow/dags/pipeline_procesamiento.py
Traceback (most recent call last):
  File "/home/airflow/.local/lib/python3.12/site-packages/airflow/models/dagbag.py", line 346, in parse
    loader.exec_module(new_module)
  File "<frozen importlib._bootstrap_external>", line 995, in exec_module
  File "<frozen importlib._bootstrap>", line 488, in _call_with_frames_removed
  File "/opt/airflow/dags/pipeline_procesamiento.py", line 9, in <module>
    from src.validacion.ventas_validator import validar_datos_ventas
ModuleNotFoundError: No module named 'src'
[2026-02-27T22:04:08.962+0000] {processor.py:842} WARNING - No viable dags retrieved from /opt/airflow/dags/pipeline_procesamiento.py
[2026-02-27T22:04:09.002+0000] {processor.py:183} INFO - Processing /opt/airflow/dags/pipeline_procesamiento.py took 0.094 seconds
[2026-02-27T22:04:39.299+0000] {processor.py:161} INFO - Started process (PID=557) to work on /opt/airflow/dags/pipeline_procesamiento.py
[2026-02-27T22:04:39.301+0000] {processor.py:830} INFO - Processing file /opt/airflow/dags/pipeline_procesamiento.py for tasks to queue
[2026-02-27T22:04:39.302+0000] {logging_mixin.py:188} INFO - [2026-02-27T22:04:39.302+0000] {dagbag.py:540} INFO - Filling up the DagBag from /opt/airflow/dags/pipeline_procesamiento.py
[2026-02-27T22:04:39.334+0000] {logging_mixin.py:188} INFO - [2026-02-27T22:04:39.327+0000] {dagbag.py:350} ERROR - Failed to import: /opt/airflow/dags/pipeline_procesamiento.py
Traceback (most recent call last):
  File "/home/airflow/.local/lib/python3.12/site-packages/airflow/models/dagbag.py", line 346, in parse
    loader.exec_module(new_module)
  File "<frozen importlib._bootstrap_external>", line 995, in exec_module
  File "<frozen importlib._bootstrap>", line 488, in _call_with_frames_removed
  File "/opt/airflow/dags/pipeline_procesamiento.py", line 9, in <module>
    from src.validacion.ventas_validator import validar_datos_ventas
ModuleNotFoundError: No module named 'src'
[2026-02-27T22:04:39.337+0000] {processor.py:842} WARNING - No viable dags retrieved from /opt/airflow/dags/pipeline_procesamiento.py
[2026-02-27T22:04:39.379+0000] {processor.py:183} INFO - Processing /opt/airflow/dags/pipeline_procesamiento.py took 0.091 seconds
[2026-02-27T22:05:09.909+0000] {processor.py:161} INFO - Started process (PID=565) to work on /opt/airflow/dags/pipeline_procesamiento.py
[2026-02-27T22:05:09.910+0000] {processor.py:830} INFO - Processing file /opt/airflow/dags/pipeline_procesamiento.py for tasks to queue
[2026-02-27T22:05:09.912+0000] {logging_mixin.py:188} INFO - [2026-02-27T22:05:09.911+0000] {dagbag.py:540} INFO - Filling up the DagBag from /opt/airflow/dags/pipeline_procesamiento.py
[2026-02-27T22:05:09.947+0000] {logging_mixin.py:188} INFO - [2026-02-27T22:05:09.939+0000] {dagbag.py:350} ERROR - Failed to import: /opt/airflow/dags/pipeline_procesamiento.py
Traceback (most recent call last):
  File "/home/airflow/.local/lib/python3.12/site-packages/airflow/models/dagbag.py", line 346, in parse
    loader.exec_module(new_module)
  File "<frozen importlib._bootstrap_external>", line 995, in exec_module
  File "<frozen importlib._bootstrap>", line 488, in _call_with_frames_removed
  File "/opt/airflow/dags/pipeline_procesamiento.py", line 9, in <module>
    from src.validacion.ventas_validator import validar_datos_ventas
ModuleNotFoundError: No module named 'src'
[2026-02-27T22:05:09.950+0000] {processor.py:842} WARNING - No viable dags retrieved from /opt/airflow/dags/pipeline_procesamiento.py
[2026-02-27T22:05:09.996+0000] {processor.py:183} INFO - Processing /opt/airflow/dags/pipeline_procesamiento.py took 0.095 seconds
[2026-02-27T22:05:40.321+0000] {processor.py:161} INFO - Started process (PID=573) to work on /opt/airflow/dags/pipeline_procesamiento.py
[2026-02-27T22:05:40.323+0000] {processor.py:830} INFO - Processing file /opt/airflow/dags/pipeline_procesamiento.py for tasks to queue
[2026-02-27T22:05:40.325+0000] {logging_mixin.py:188} INFO - [2026-02-27T22:05:40.324+0000] {dagbag.py:540} INFO - Filling up the DagBag from /opt/airflow/dags/pipeline_procesamiento.py
[2026-02-27T22:05:40.358+0000] {logging_mixin.py:188} INFO - [2026-02-27T22:05:40.351+0000] {dagbag.py:350} ERROR - Failed to import: /opt/airflow/dags/pipeline_procesamiento.py
Traceback (most recent call last):
  File "/home/airflow/.local/lib/python3.12/site-packages/airflow/models/dagbag.py", line 346, in parse
    loader.exec_module(new_module)
  File "<frozen importlib._bootstrap_external>", line 995, in exec_module
  File "<frozen importlib._bootstrap>", line 488, in _call_with_frames_removed
  File "/opt/airflow/dags/pipeline_procesamiento.py", line 9, in <module>
    from src.validacion.ventas_validator import validar_datos_ventas
ModuleNotFoundError: No module named 'src'
[2026-02-27T22:05:40.361+0000] {processor.py:842} WARNING - No viable dags retrieved from /opt/airflow/dags/pipeline_procesamiento.py
[2026-02-27T22:05:40.401+0000] {processor.py:183} INFO - Processing /opt/airflow/dags/pipeline_procesamiento.py took 0.089 seconds
[2026-02-27T22:06:10.732+0000] {processor.py:161} INFO - Started process (PID=581) to work on /opt/airflow/dags/pipeline_procesamiento.py
[2026-02-27T22:06:10.735+0000] {processor.py:830} INFO - Processing file /opt/airflow/dags/pipeline_procesamiento.py for tasks to queue
[2026-02-27T22:06:10.737+0000] {logging_mixin.py:188} INFO - [2026-02-27T22:06:10.736+0000] {dagbag.py:540} INFO - Filling up the DagBag from /opt/airflow/dags/pipeline_procesamiento.py
[2026-02-27T22:06:10.770+0000] {logging_mixin.py:188} INFO - [2026-02-27T22:06:10.762+0000] {dagbag.py:350} ERROR - Failed to import: /opt/airflow/dags/pipeline_procesamiento.py
Traceback (most recent call last):
  File "/home/airflow/.local/lib/python3.12/site-packages/airflow/models/dagbag.py", line 346, in parse
    loader.exec_module(new_module)
  File "<frozen importlib._bootstrap_external>", line 995, in exec_module
  File "<frozen importlib._bootstrap>", line 488, in _call_with_frames_removed
  File "/opt/airflow/dags/pipeline_procesamiento.py", line 9, in <module>
    from src.validacion.ventas_validator import validar_datos_ventas
ModuleNotFoundError: No module named 'src'
[2026-02-27T22:06:10.774+0000] {processor.py:842} WARNING - No viable dags retrieved from /opt/airflow/dags/pipeline_procesamiento.py
[2026-02-27T22:06:10.828+0000] {processor.py:183} INFO - Processing /opt/airflow/dags/pipeline_procesamiento.py took 0.106 seconds
[2026-02-27T22:06:41.408+0000] {processor.py:161} INFO - Started process (PID=589) to work on /opt/airflow/dags/pipeline_procesamiento.py
[2026-02-27T22:06:41.409+0000] {processor.py:830} INFO - Processing file /opt/airflow/dags/pipeline_procesamiento.py for tasks to queue
[2026-02-27T22:06:41.411+0000] {logging_mixin.py:188} INFO - [2026-02-27T22:06:41.411+0000] {dagbag.py:540} INFO - Filling up the DagBag from /opt/airflow/dags/pipeline_procesamiento.py
[2026-02-27T22:06:41.432+0000] {logging_mixin.py:188} INFO - [2026-02-27T22:06:41.427+0000] {dagbag.py:350} ERROR - Failed to import: /opt/airflow/dags/pipeline_procesamiento.py
Traceback (most recent call last):
  File "/home/airflow/.local/lib/python3.12/site-packages/airflow/models/dagbag.py", line 346, in parse
    loader.exec_module(new_module)
  File "<frozen importlib._bootstrap_external>", line 995, in exec_module
  File "<frozen importlib._bootstrap>", line 488, in _call_with_frames_removed
  File "/opt/airflow/dags/pipeline_procesamiento.py", line 9, in <module>
    from src.validacion.ventas_validator import validar_datos_ventas
ModuleNotFoundError: No module named 'src'
[2026-02-27T22:06:41.434+0000] {processor.py:842} WARNING - No viable dags retrieved from /opt/airflow/dags/pipeline_procesamiento.py
[2026-02-27T22:06:41.472+0000] {processor.py:183} INFO - Processing /opt/airflow/dags/pipeline_procesamiento.py took 0.074 seconds
[2026-02-27T22:07:11.710+0000] {processor.py:161} INFO - Started process (PID=597) to work on /opt/airflow/dags/pipeline_procesamiento.py
[2026-02-27T22:07:11.712+0000] {processor.py:830} INFO - Processing file /opt/airflow/dags/pipeline_procesamiento.py for tasks to queue
[2026-02-27T22:07:11.713+0000] {logging_mixin.py:188} INFO - [2026-02-27T22:07:11.713+0000] {dagbag.py:540} INFO - Filling up the DagBag from /opt/airflow/dags/pipeline_procesamiento.py
[2026-02-27T22:07:11.740+0000] {logging_mixin.py:188} INFO - [2026-02-27T22:07:11.734+0000] {dagbag.py:350} ERROR - Failed to import: /opt/airflow/dags/pipeline_procesamiento.py
Traceback (most recent call last):
  File "/home/airflow/.local/lib/python3.12/site-packages/airflow/models/dagbag.py", line 346, in parse
    loader.exec_module(new_module)
  File "<frozen importlib._bootstrap_external>", line 995, in exec_module
  File "<frozen importlib._bootstrap>", line 488, in _call_with_frames_removed
  File "/opt/airflow/dags/pipeline_procesamiento.py", line 9, in <module>
    from src.validacion.ventas_validator import validar_datos_ventas
ModuleNotFoundError: No module named 'src'
[2026-02-27T22:07:11.743+0000] {processor.py:842} WARNING - No viable dags retrieved from /opt/airflow/dags/pipeline_procesamiento.py
[2026-02-27T22:07:11.795+0000] {processor.py:183} INFO - Processing /opt/airflow/dags/pipeline_procesamiento.py took 0.095 seconds
[2026-02-27T22:07:42.100+0000] {processor.py:161} INFO - Started process (PID=605) to work on /opt/airflow/dags/pipeline_procesamiento.py
[2026-02-27T22:07:42.102+0000] {processor.py:830} INFO - Processing file /opt/airflow/dags/pipeline_procesamiento.py for tasks to queue
[2026-02-27T22:07:42.104+0000] {logging_mixin.py:188} INFO - [2026-02-27T22:07:42.104+0000] {dagbag.py:540} INFO - Filling up the DagBag from /opt/airflow/dags/pipeline_procesamiento.py
[2026-02-27T22:07:42.137+0000] {logging_mixin.py:188} INFO - [2026-02-27T22:07:42.130+0000] {dagbag.py:350} ERROR - Failed to import: /opt/airflow/dags/pipeline_procesamiento.py
Traceback (most recent call last):
  File "/home/airflow/.local/lib/python3.12/site-packages/airflow/models/dagbag.py", line 346, in parse
    loader.exec_module(new_module)
  File "<frozen importlib._bootstrap_external>", line 995, in exec_module
  File "<frozen importlib._bootstrap>", line 488, in _call_with_frames_removed
  File "/opt/airflow/dags/pipeline_procesamiento.py", line 9, in <module>
    from src.validacion.ventas_validator import validar_datos_ventas
ModuleNotFoundError: No module named 'src'
[2026-02-27T22:07:42.141+0000] {processor.py:842} WARNING - No viable dags retrieved from /opt/airflow/dags/pipeline_procesamiento.py
[2026-02-27T22:07:42.179+0000] {processor.py:183} INFO - Processing /opt/airflow/dags/pipeline_procesamiento.py took 0.089 seconds
[2026-02-27T22:08:12.674+0000] {processor.py:161} INFO - Started process (PID=613) to work on /opt/airflow/dags/pipeline_procesamiento.py
[2026-02-27T22:08:12.676+0000] {processor.py:830} INFO - Processing file /opt/airflow/dags/pipeline_procesamiento.py for tasks to queue
[2026-02-27T22:08:12.679+0000] {logging_mixin.py:188} INFO - [2026-02-27T22:08:12.678+0000] {dagbag.py:540} INFO - Filling up the DagBag from /opt/airflow/dags/pipeline_procesamiento.py
[2026-02-27T22:08:12.723+0000] {logging_mixin.py:188} INFO - [2026-02-27T22:08:12.714+0000] {dagbag.py:350} ERROR - Failed to import: /opt/airflow/dags/pipeline_procesamiento.py
Traceback (most recent call last):
  File "/home/airflow/.local/lib/python3.12/site-packages/airflow/models/dagbag.py", line 346, in parse
    loader.exec_module(new_module)
  File "<frozen importlib._bootstrap_external>", line 995, in exec_module
  File "<frozen importlib._bootstrap>", line 488, in _call_with_frames_removed
  File "/opt/airflow/dags/pipeline_procesamiento.py", line 9, in <module>
    from src.validacion.ventas_validator import validar_datos_ventas
ModuleNotFoundError: No module named 'src'
[2026-02-27T22:08:12.727+0000] {processor.py:842} WARNING - No viable dags retrieved from /opt/airflow/dags/pipeline_procesamiento.py
[2026-02-27T22:08:12.770+0000] {processor.py:183} INFO - Processing /opt/airflow/dags/pipeline_procesamiento.py took 0.112 seconds
[2026-02-27T22:08:43.159+0000] {processor.py:161} INFO - Started process (PID=621) to work on /opt/airflow/dags/pipeline_procesamiento.py
[2026-02-27T22:08:43.161+0000] {processor.py:830} INFO - Processing file /opt/airflow/dags/pipeline_procesamiento.py for tasks to queue
[2026-02-27T22:08:43.163+0000] {logging_mixin.py:188} INFO - [2026-02-27T22:08:43.162+0000] {dagbag.py:540} INFO - Filling up the DagBag from /opt/airflow/dags/pipeline_procesamiento.py
[2026-02-27T22:08:43.198+0000] {logging_mixin.py:188} INFO - [2026-02-27T22:08:43.190+0000] {dagbag.py:350} ERROR - Failed to import: /opt/airflow/dags/pipeline_procesamiento.py
Traceback (most recent call last):
  File "/home/airflow/.local/lib/python3.12/site-packages/airflow/models/dagbag.py", line 346, in parse
    loader.exec_module(new_module)
  File "<frozen importlib._bootstrap_external>", line 995, in exec_module
  File "<frozen importlib._bootstrap>", line 488, in _call_with_frames_removed
  File "/opt/airflow/dags/pipeline_procesamiento.py", line 9, in <module>
    from src.validacion.ventas_validator import validar_datos_ventas
ModuleNotFoundError: No module named 'src'
[2026-02-27T22:08:43.202+0000] {processor.py:842} WARNING - No viable dags retrieved from /opt/airflow/dags/pipeline_procesamiento.py
[2026-02-27T22:08:43.239+0000] {processor.py:183} INFO - Processing /opt/airflow/dags/pipeline_procesamiento.py took 0.092 seconds
[2026-02-27T22:09:13.521+0000] {processor.py:161} INFO - Started process (PID=629) to work on /opt/airflow/dags/pipeline_procesamiento.py
[2026-02-27T22:09:13.522+0000] {processor.py:830} INFO - Processing file /opt/airflow/dags/pipeline_procesamiento.py for tasks to queue
[2026-02-27T22:09:13.524+0000] {logging_mixin.py:188} INFO - [2026-02-27T22:09:13.523+0000] {dagbag.py:540} INFO - Filling up the DagBag from /opt/airflow/dags/pipeline_procesamiento.py
[2026-02-27T22:09:13.551+0000] {logging_mixin.py:188} INFO - [2026-02-27T22:09:13.545+0000] {dagbag.py:350} ERROR - Failed to import: /opt/airflow/dags/pipeline_procesamiento.py
Traceback (most recent call last):
  File "/home/airflow/.local/lib/python3.12/site-packages/airflow/models/dagbag.py", line 346, in parse
    loader.exec_module(new_module)
  File "<frozen importlib._bootstrap_external>", line 995, in exec_module
  File "<frozen importlib._bootstrap>", line 488, in _call_with_frames_removed
  File "/opt/airflow/dags/pipeline_procesamiento.py", line 9, in <module>
    from src.validacion.ventas_validator import validar_datos_ventas
ModuleNotFoundError: No module named 'src'
[2026-02-27T22:09:13.553+0000] {processor.py:842} WARNING - No viable dags retrieved from /opt/airflow/dags/pipeline_procesamiento.py
[2026-02-27T22:09:13.590+0000] {processor.py:183} INFO - Processing /opt/airflow/dags/pipeline_procesamiento.py took 0.078 seconds
[2026-02-27T22:09:43.929+0000] {processor.py:161} INFO - Started process (PID=637) to work on /opt/airflow/dags/pipeline_procesamiento.py
[2026-02-27T22:09:43.931+0000] {processor.py:830} INFO - Processing file /opt/airflow/dags/pipeline_procesamiento.py for tasks to queue
[2026-02-27T22:09:43.932+0000] {logging_mixin.py:188} INFO - [2026-02-27T22:09:43.932+0000] {dagbag.py:540} INFO - Filling up the DagBag from /opt/airflow/dags/pipeline_procesamiento.py
[2026-02-27T22:09:43.973+0000] {logging_mixin.py:188} INFO - [2026-02-27T22:09:43.965+0000] {dagbag.py:350} ERROR - Failed to import: /opt/airflow/dags/pipeline_procesamiento.py
Traceback (most recent call last):
  File "/home/airflow/.local/lib/python3.12/site-packages/airflow/models/dagbag.py", line 346, in parse
    loader.exec_module(new_module)
  File "<frozen importlib._bootstrap_external>", line 995, in exec_module
  File "<frozen importlib._bootstrap>", line 488, in _call_with_frames_removed
  File "/opt/airflow/dags/pipeline_procesamiento.py", line 9, in <module>
    from src.validacion.ventas_validator import validar_datos_ventas
ModuleNotFoundError: No module named 'src'
[2026-02-27T22:09:43.976+0000] {processor.py:842} WARNING - No viable dags retrieved from /opt/airflow/dags/pipeline_procesamiento.py
[2026-02-27T22:09:44.028+0000] {processor.py:183} INFO - Processing /opt/airflow/dags/pipeline_procesamiento.py took 0.107 seconds
[2026-02-27T22:10:14.420+0000] {processor.py:161} INFO - Started process (PID=645) to work on /opt/airflow/dags/pipeline_procesamiento.py
[2026-02-27T22:10:14.421+0000] {processor.py:830} INFO - Processing file /opt/airflow/dags/pipeline_procesamiento.py for tasks to queue
[2026-02-27T22:10:14.423+0000] {logging_mixin.py:188} INFO - [2026-02-27T22:10:14.422+0000] {dagbag.py:540} INFO - Filling up the DagBag from /opt/airflow/dags/pipeline_procesamiento.py
[2026-02-27T22:10:14.447+0000] {logging_mixin.py:188} INFO - [2026-02-27T22:10:14.442+0000] {dagbag.py:350} ERROR - Failed to import: /opt/airflow/dags/pipeline_procesamiento.py
Traceback (most recent call last):
  File "/home/airflow/.local/lib/python3.12/site-packages/airflow/models/dagbag.py", line 346, in parse
    loader.exec_module(new_module)
  File "<frozen importlib._bootstrap_external>", line 995, in exec_module
  File "<frozen importlib._bootstrap>", line 488, in _call_with_frames_removed
  File "/opt/airflow/dags/pipeline_procesamiento.py", line 9, in <module>
    from src.validacion.ventas_validator import validar_datos_ventas
ModuleNotFoundError: No module named 'src'
[2026-02-27T22:10:14.449+0000] {processor.py:842} WARNING - No viable dags retrieved from /opt/airflow/dags/pipeline_procesamiento.py
[2026-02-27T22:10:14.492+0000] {processor.py:183} INFO - Processing /opt/airflow/dags/pipeline_procesamiento.py took 0.080 seconds
[2026-02-27T22:10:44.812+0000] {processor.py:161} INFO - Started process (PID=653) to work on /opt/airflow/dags/pipeline_procesamiento.py
[2026-02-27T22:10:44.814+0000] {processor.py:830} INFO - Processing file /opt/airflow/dags/pipeline_procesamiento.py for tasks to queue
[2026-02-27T22:10:44.816+0000] {logging_mixin.py:188} INFO - [2026-02-27T22:10:44.815+0000] {dagbag.py:540} INFO - Filling up the DagBag from /opt/airflow/dags/pipeline_procesamiento.py
[2026-02-27T22:10:44.846+0000] {logging_mixin.py:188} INFO - [2026-02-27T22:10:44.840+0000] {dagbag.py:350} ERROR - Failed to import: /opt/airflow/dags/pipeline_procesamiento.py
Traceback (most recent call last):
  File "/home/airflow/.local/lib/python3.12/site-packages/airflow/models/dagbag.py", line 346, in parse
    loader.exec_module(new_module)
  File "<frozen importlib._bootstrap_external>", line 995, in exec_module
  File "<frozen importlib._bootstrap>", line 488, in _call_with_frames_removed
  File "/opt/airflow/dags/pipeline_procesamiento.py", line 9, in <module>
    from src.validacion.ventas_validator import validar_datos_ventas
ModuleNotFoundError: No module named 'src'
[2026-02-27T22:10:44.849+0000] {processor.py:842} WARNING - No viable dags retrieved from /opt/airflow/dags/pipeline_procesamiento.py
[2026-02-27T22:10:44.892+0000] {processor.py:183} INFO - Processing /opt/airflow/dags/pipeline_procesamiento.py took 0.089 seconds
[2026-02-27T22:11:15.240+0000] {processor.py:161} INFO - Started process (PID=661) to work on /opt/airflow/dags/pipeline_procesamiento.py
[2026-02-27T22:11:15.242+0000] {processor.py:830} INFO - Processing file /opt/airflow/dags/pipeline_procesamiento.py for tasks to queue
[2026-02-27T22:11:15.244+0000] {logging_mixin.py:188} INFO - [2026-02-27T22:11:15.243+0000] {dagbag.py:540} INFO - Filling up the DagBag from /opt/airflow/dags/pipeline_procesamiento.py
[2026-02-27T22:11:15.275+0000] {logging_mixin.py:188} INFO - [2026-02-27T22:11:15.268+0000] {dagbag.py:350} ERROR - Failed to import: /opt/airflow/dags/pipeline_procesamiento.py
Traceback (most recent call last):
  File "/home/airflow/.local/lib/python3.12/site-packages/airflow/models/dagbag.py", line 346, in parse
    loader.exec_module(new_module)
  File "<frozen importlib._bootstrap_external>", line 995, in exec_module
  File "<frozen importlib._bootstrap>", line 488, in _call_with_frames_removed
  File "/opt/airflow/dags/pipeline_procesamiento.py", line 9, in <module>
    from src.validacion.ventas_validator import validar_datos_ventas
ModuleNotFoundError: No module named 'src'
[2026-02-27T22:11:15.278+0000] {processor.py:842} WARNING - No viable dags retrieved from /opt/airflow/dags/pipeline_procesamiento.py
[2026-02-27T22:11:15.328+0000] {processor.py:183} INFO - Processing /opt/airflow/dags/pipeline_procesamiento.py took 0.097 seconds
[2026-02-27T22:11:45.865+0000] {processor.py:161} INFO - Started process (PID=669) to work on /opt/airflow/dags/pipeline_procesamiento.py
[2026-02-27T22:11:45.867+0000] {processor.py:830} INFO - Processing file /opt/airflow/dags/pipeline_procesamiento.py for tasks to queue
[2026-02-27T22:11:45.868+0000] {logging_mixin.py:188} INFO - [2026-02-27T22:11:45.868+0000] {dagbag.py:540} INFO - Filling up the DagBag from /opt/airflow/dags/pipeline_procesamiento.py
[2026-02-27T22:11:45.906+0000] {logging_mixin.py:188} INFO - [2026-02-27T22:11:45.897+0000] {dagbag.py:350} ERROR - Failed to import: /opt/airflow/dags/pipeline_procesamiento.py
Traceback (most recent call last):
  File "/home/airflow/.local/lib/python3.12/site-packages/airflow/models/dagbag.py", line 346, in parse
    loader.exec_module(new_module)
  File "<frozen importlib._bootstrap_external>", line 995, in exec_module
  File "<frozen importlib._bootstrap>", line 488, in _call_with_frames_removed
  File "/opt/airflow/dags/pipeline_procesamiento.py", line 9, in <module>
    from src.validacion.ventas_validator import validar_datos_ventas
ModuleNotFoundError: No module named 'src'
[2026-02-27T22:11:45.911+0000] {processor.py:842} WARNING - No viable dags retrieved from /opt/airflow/dags/pipeline_procesamiento.py
[2026-02-27T22:11:45.971+0000] {processor.py:183} INFO - Processing /opt/airflow/dags/pipeline_procesamiento.py took 0.115 seconds
[2026-02-27T22:12:16.383+0000] {processor.py:161} INFO - Started process (PID=677) to work on /opt/airflow/dags/pipeline_procesamiento.py
[2026-02-27T22:12:16.385+0000] {processor.py:830} INFO - Processing file /opt/airflow/dags/pipeline_procesamiento.py for tasks to queue
[2026-02-27T22:12:16.387+0000] {logging_mixin.py:188} INFO - [2026-02-27T22:12:16.386+0000] {dagbag.py:540} INFO - Filling up the DagBag from /opt/airflow/dags/pipeline_procesamiento.py
[2026-02-27T22:12:16.417+0000] {logging_mixin.py:188} INFO - [2026-02-27T22:12:16.411+0000] {dagbag.py:350} ERROR - Failed to import: /opt/airflow/dags/pipeline_procesamiento.py
Traceback (most recent call last):
  File "/home/airflow/.local/lib/python3.12/site-packages/airflow/models/dagbag.py", line 346, in parse
    loader.exec_module(new_module)
  File "<frozen importlib._bootstrap_external>", line 995, in exec_module
  File "<frozen importlib._bootstrap>", line 488, in _call_with_frames_removed
  File "/opt/airflow/dags/pipeline_procesamiento.py", line 9, in <module>
    from src.validacion.ventas_validator import validar_datos_ventas
ModuleNotFoundError: No module named 'src'
[2026-02-27T22:12:16.420+0000] {processor.py:842} WARNING - No viable dags retrieved from /opt/airflow/dags/pipeline_procesamiento.py
[2026-02-27T22:12:16.453+0000] {processor.py:183} INFO - Processing /opt/airflow/dags/pipeline_procesamiento.py took 0.080 seconds
[2026-02-27T22:12:46.782+0000] {processor.py:161} INFO - Started process (PID=685) to work on /opt/airflow/dags/pipeline_procesamiento.py
[2026-02-27T22:12:46.784+0000] {processor.py:830} INFO - Processing file /opt/airflow/dags/pipeline_procesamiento.py for tasks to queue
[2026-02-27T22:12:46.786+0000] {logging_mixin.py:188} INFO - [2026-02-27T22:12:46.785+0000] {dagbag.py:540} INFO - Filling up the DagBag from /opt/airflow/dags/pipeline_procesamiento.py
[2026-02-27T22:12:46.818+0000] {logging_mixin.py:188} INFO - [2026-02-27T22:12:46.810+0000] {dagbag.py:350} ERROR - Failed to import: /opt/airflow/dags/pipeline_procesamiento.py
Traceback (most recent call last):
  File "/home/airflow/.local/lib/python3.12/site-packages/airflow/models/dagbag.py", line 346, in parse
    loader.exec_module(new_module)
  File "<frozen importlib._bootstrap_external>", line 995, in exec_module
  File "<frozen importlib._bootstrap>", line 488, in _call_with_frames_removed
  File "/opt/airflow/dags/pipeline_procesamiento.py", line 9, in <module>
    from src.validacion.ventas_validator import validar_datos_ventas
ModuleNotFoundError: No module named 'src'
[2026-02-27T22:12:46.822+0000] {processor.py:842} WARNING - No viable dags retrieved from /opt/airflow/dags/pipeline_procesamiento.py
[2026-02-27T22:12:46.882+0000] {processor.py:183} INFO - Processing /opt/airflow/dags/pipeline_procesamiento.py took 0.109 seconds
[2026-02-27T22:13:17.150+0000] {processor.py:161} INFO - Started process (PID=693) to work on /opt/airflow/dags/pipeline_procesamiento.py
[2026-02-27T22:13:17.152+0000] {processor.py:830} INFO - Processing file /opt/airflow/dags/pipeline_procesamiento.py for tasks to queue
[2026-02-27T22:13:17.154+0000] {logging_mixin.py:188} INFO - [2026-02-27T22:13:17.153+0000] {dagbag.py:540} INFO - Filling up the DagBag from /opt/airflow/dags/pipeline_procesamiento.py
[2026-02-27T22:13:17.189+0000] {logging_mixin.py:188} INFO - [2026-02-27T22:13:17.181+0000] {dagbag.py:350} ERROR - Failed to import: /opt/airflow/dags/pipeline_procesamiento.py
Traceback (most recent call last):
  File "/home/airflow/.local/lib/python3.12/site-packages/airflow/models/dagbag.py", line 346, in parse
    loader.exec_module(new_module)
  File "<frozen importlib._bootstrap_external>", line 995, in exec_module
  File "<frozen importlib._bootstrap>", line 488, in _call_with_frames_removed
  File "/opt/airflow/dags/pipeline_procesamiento.py", line 9, in <module>
    from src.validacion.ventas_validator import validar_datos_ventas
ModuleNotFoundError: No module named 'src'
[2026-02-27T22:13:17.192+0000] {processor.py:842} WARNING - No viable dags retrieved from /opt/airflow/dags/pipeline_procesamiento.py
[2026-02-27T22:13:17.238+0000] {processor.py:183} INFO - Processing /opt/airflow/dags/pipeline_procesamiento.py took 0.097 seconds
[2026-02-27T22:13:47.806+0000] {processor.py:161} INFO - Started process (PID=701) to work on /opt/airflow/dags/pipeline_procesamiento.py
[2026-02-27T22:13:47.810+0000] {processor.py:830} INFO - Processing file /opt/airflow/dags/pipeline_procesamiento.py for tasks to queue
[2026-02-27T22:13:47.812+0000] {logging_mixin.py:188} INFO - [2026-02-27T22:13:47.811+0000] {dagbag.py:540} INFO - Filling up the DagBag from /opt/airflow/dags/pipeline_procesamiento.py
[2026-02-27T22:13:47.842+0000] {logging_mixin.py:188} INFO - [2026-02-27T22:13:47.835+0000] {dagbag.py:350} ERROR - Failed to import: /opt/airflow/dags/pipeline_procesamiento.py
Traceback (most recent call last):
  File "/home/airflow/.local/lib/python3.12/site-packages/airflow/models/dagbag.py", line 346, in parse
    loader.exec_module(new_module)
  File "<frozen importlib._bootstrap_external>", line 995, in exec_module
  File "<frozen importlib._bootstrap>", line 488, in _call_with_frames_removed
  File "/opt/airflow/dags/pipeline_procesamiento.py", line 9, in <module>
    from src.validacion.ventas_validator import validar_datos_ventas
ModuleNotFoundError: No module named 'src'
[2026-02-27T22:13:47.844+0000] {processor.py:842} WARNING - No viable dags retrieved from /opt/airflow/dags/pipeline_procesamiento.py
[2026-02-27T22:13:47.879+0000] {processor.py:183} INFO - Processing /opt/airflow/dags/pipeline_procesamiento.py took 0.084 seconds
[2026-02-27T22:14:18.285+0000] {processor.py:161} INFO - Started process (PID=709) to work on /opt/airflow/dags/pipeline_procesamiento.py
[2026-02-27T22:14:18.287+0000] {processor.py:830} INFO - Processing file /opt/airflow/dags/pipeline_procesamiento.py for tasks to queue
[2026-02-27T22:14:18.288+0000] {logging_mixin.py:188} INFO - [2026-02-27T22:14:18.288+0000] {dagbag.py:540} INFO - Filling up the DagBag from /opt/airflow/dags/pipeline_procesamiento.py
[2026-02-27T22:14:18.314+0000] {logging_mixin.py:188} INFO - [2026-02-27T22:14:18.309+0000] {dagbag.py:350} ERROR - Failed to import: /opt/airflow/dags/pipeline_procesamiento.py
Traceback (most recent call last):
  File "/home/airflow/.local/lib/python3.12/site-packages/airflow/models/dagbag.py", line 346, in parse
    loader.exec_module(new_module)
  File "<frozen importlib._bootstrap_external>", line 995, in exec_module
  File "<frozen importlib._bootstrap>", line 488, in _call_with_frames_removed
  File "/opt/airflow/dags/pipeline_procesamiento.py", line 9, in <module>
    from src.validacion.ventas_validator import validar_datos_ventas
ModuleNotFoundError: No module named 'src'
[2026-02-27T22:14:18.316+0000] {processor.py:842} WARNING - No viable dags retrieved from /opt/airflow/dags/pipeline_procesamiento.py
[2026-02-27T22:14:18.354+0000] {processor.py:183} INFO - Processing /opt/airflow/dags/pipeline_procesamiento.py took 0.077 seconds
[2026-02-27T22:14:48.718+0000] {processor.py:161} INFO - Started process (PID=717) to work on /opt/airflow/dags/pipeline_procesamiento.py
[2026-02-27T22:14:48.720+0000] {processor.py:830} INFO - Processing file /opt/airflow/dags/pipeline_procesamiento.py for tasks to queue
[2026-02-27T22:14:48.722+0000] {logging_mixin.py:188} INFO - [2026-02-27T22:14:48.722+0000] {dagbag.py:540} INFO - Filling up the DagBag from /opt/airflow/dags/pipeline_procesamiento.py
[2026-02-27T22:14:48.755+0000] {logging_mixin.py:188} INFO - [2026-02-27T22:14:48.748+0000] {dagbag.py:350} ERROR - Failed to import: /opt/airflow/dags/pipeline_procesamiento.py
Traceback (most recent call last):
  File "/home/airflow/.local/lib/python3.12/site-packages/airflow/models/dagbag.py", line 346, in parse
    loader.exec_module(new_module)
  File "<frozen importlib._bootstrap_external>", line 995, in exec_module
  File "<frozen importlib._bootstrap>", line 488, in _call_with_frames_removed
  File "/opt/airflow/dags/pipeline_procesamiento.py", line 9, in <module>
    from src.validacion.ventas_validator import validar_datos_ventas
ModuleNotFoundError: No module named 'src'
[2026-02-27T22:14:48.758+0000] {processor.py:842} WARNING - No viable dags retrieved from /opt/airflow/dags/pipeline_procesamiento.py
[2026-02-27T22:14:48.793+0000] {processor.py:183} INFO - Processing /opt/airflow/dags/pipeline_procesamiento.py took 0.083 seconds
[2026-02-27T22:15:18.952+0000] {processor.py:161} INFO - Started process (PID=725) to work on /opt/airflow/dags/pipeline_procesamiento.py
[2026-02-27T22:15:18.953+0000] {processor.py:830} INFO - Processing file /opt/airflow/dags/pipeline_procesamiento.py for tasks to queue
[2026-02-27T22:15:18.955+0000] {logging_mixin.py:188} INFO - [2026-02-27T22:15:18.955+0000] {dagbag.py:540} INFO - Filling up the DagBag from /opt/airflow/dags/pipeline_procesamiento.py
[2026-02-27T22:15:18.974+0000] {logging_mixin.py:188} INFO - [2026-02-27T22:15:18.970+0000] {dagbag.py:350} ERROR - Failed to import: /opt/airflow/dags/pipeline_procesamiento.py
Traceback (most recent call last):
  File "/home/airflow/.local/lib/python3.12/site-packages/airflow/models/dagbag.py", line 346, in parse
    loader.exec_module(new_module)
  File "<frozen importlib._bootstrap_external>", line 995, in exec_module
  File "<frozen importlib._bootstrap>", line 488, in _call_with_frames_removed
  File "/opt/airflow/dags/pipeline_procesamiento.py", line 9, in <module>
    from src.validacion.ventas_validator import validar_datos_ventas
ModuleNotFoundError: No module named 'src'
[2026-02-27T22:15:18.976+0000] {processor.py:842} WARNING - No viable dags retrieved from /opt/airflow/dags/pipeline_procesamiento.py
[2026-02-27T22:15:19.009+0000] {processor.py:183} INFO - Processing /opt/airflow/dags/pipeline_procesamiento.py took 0.066 seconds
[2026-02-27T22:15:49.420+0000] {processor.py:161} INFO - Started process (PID=733) to work on /opt/airflow/dags/pipeline_procesamiento.py
[2026-02-27T22:15:49.422+0000] {processor.py:830} INFO - Processing file /opt/airflow/dags/pipeline_procesamiento.py for tasks to queue
[2026-02-27T22:15:49.424+0000] {logging_mixin.py:188} INFO - [2026-02-27T22:15:49.424+0000] {dagbag.py:540} INFO - Filling up the DagBag from /opt/airflow/dags/pipeline_procesamiento.py
[2026-02-27T22:15:49.460+0000] {logging_mixin.py:188} INFO - [2026-02-27T22:15:49.453+0000] {dagbag.py:350} ERROR - Failed to import: /opt/airflow/dags/pipeline_procesamiento.py
Traceback (most recent call last):
  File "/home/airflow/.local/lib/python3.12/site-packages/airflow/models/dagbag.py", line 346, in parse
    loader.exec_module(new_module)
  File "<frozen importlib._bootstrap_external>", line 995, in exec_module
  File "<frozen importlib._bootstrap>", line 488, in _call_with_frames_removed
  File "/opt/airflow/dags/pipeline_procesamiento.py", line 9, in <module>
    from src.validacion.ventas_validator import validar_datos_ventas
ModuleNotFoundError: No module named 'src'
[2026-02-27T22:15:49.463+0000] {processor.py:842} WARNING - No viable dags retrieved from /opt/airflow/dags/pipeline_procesamiento.py
[2026-02-27T22:15:49.503+0000] {processor.py:183} INFO - Processing /opt/airflow/dags/pipeline_procesamiento.py took 0.093 seconds
[2026-02-27T22:16:19.916+0000] {processor.py:161} INFO - Started process (PID=741) to work on /opt/airflow/dags/pipeline_procesamiento.py
[2026-02-27T22:16:19.918+0000] {processor.py:830} INFO - Processing file /opt/airflow/dags/pipeline_procesamiento.py for tasks to queue
[2026-02-27T22:16:19.920+0000] {logging_mixin.py:188} INFO - [2026-02-27T22:16:19.920+0000] {dagbag.py:540} INFO - Filling up the DagBag from /opt/airflow/dags/pipeline_procesamiento.py
[2026-02-27T22:16:19.959+0000] {logging_mixin.py:188} INFO - [2026-02-27T22:16:19.950+0000] {dagbag.py:350} ERROR - Failed to import: /opt/airflow/dags/pipeline_procesamiento.py
Traceback (most recent call last):
  File "/home/airflow/.local/lib/python3.12/site-packages/airflow/models/dagbag.py", line 346, in parse
    loader.exec_module(new_module)
  File "<frozen importlib._bootstrap_external>", line 995, in exec_module
  File "<frozen importlib._bootstrap>", line 488, in _call_with_frames_removed
  File "/opt/airflow/dags/pipeline_procesamiento.py", line 9, in <module>
    from src.validacion.ventas_validator import validar_datos_ventas
ModuleNotFoundError: No module named 'src'
[2026-02-27T22:16:19.962+0000] {processor.py:842} WARNING - No viable dags retrieved from /opt/airflow/dags/pipeline_procesamiento.py
[2026-02-27T22:16:20.009+0000] {processor.py:183} INFO - Processing /opt/airflow/dags/pipeline_procesamiento.py took 0.103 seconds
[2026-02-27T22:16:50.431+0000] {processor.py:161} INFO - Started process (PID=749) to work on /opt/airflow/dags/pipeline_procesamiento.py
[2026-02-27T22:16:50.433+0000] {processor.py:830} INFO - Processing file /opt/airflow/dags/pipeline_procesamiento.py for tasks to queue
[2026-02-27T22:16:50.434+0000] {logging_mixin.py:188} INFO - [2026-02-27T22:16:50.434+0000] {dagbag.py:540} INFO - Filling up the DagBag from /opt/airflow/dags/pipeline_procesamiento.py
[2026-02-27T22:16:50.455+0000] {logging_mixin.py:188} INFO - [2026-02-27T22:16:50.450+0000] {dagbag.py:350} ERROR - Failed to import: /opt/airflow/dags/pipeline_procesamiento.py
Traceback (most recent call last):
  File "/home/airflow/.local/lib/python3.12/site-packages/airflow/models/dagbag.py", line 346, in parse
    loader.exec_module(new_module)
  File "<frozen importlib._bootstrap_external>", line 995, in exec_module
  File "<frozen importlib._bootstrap>", line 488, in _call_with_frames_removed
  File "/opt/airflow/dags/pipeline_procesamiento.py", line 9, in <module>
    from src.validacion.ventas_validator import validar_datos_ventas
ModuleNotFoundError: No module named 'src'
[2026-02-27T22:16:50.457+0000] {processor.py:842} WARNING - No viable dags retrieved from /opt/airflow/dags/pipeline_procesamiento.py
[2026-02-27T22:16:50.491+0000] {processor.py:183} INFO - Processing /opt/airflow/dags/pipeline_procesamiento.py took 0.071 seconds
[2026-02-27T22:17:20.824+0000] {processor.py:161} INFO - Started process (PID=757) to work on /opt/airflow/dags/pipeline_procesamiento.py
[2026-02-27T22:17:20.826+0000] {processor.py:830} INFO - Processing file /opt/airflow/dags/pipeline_procesamiento.py for tasks to queue
[2026-02-27T22:17:20.828+0000] {logging_mixin.py:188} INFO - [2026-02-27T22:17:20.827+0000] {dagbag.py:540} INFO - Filling up the DagBag from /opt/airflow/dags/pipeline_procesamiento.py
[2026-02-27T22:17:20.864+0000] {logging_mixin.py:188} INFO - [2026-02-27T22:17:20.857+0000] {dagbag.py:350} ERROR - Failed to import: /opt/airflow/dags/pipeline_procesamiento.py
Traceback (most recent call last):
  File "/home/airflow/.local/lib/python3.12/site-packages/airflow/models/dagbag.py", line 346, in parse
    loader.exec_module(new_module)
  File "<frozen importlib._bootstrap_external>", line 995, in exec_module
  File "<frozen importlib._bootstrap>", line 488, in _call_with_frames_removed
  File "/opt/airflow/dags/pipeline_procesamiento.py", line 9, in <module>
    from src.validacion.ventas_validator import validar_datos_ventas
ModuleNotFoundError: No module named 'src'
[2026-02-27T22:17:20.867+0000] {processor.py:842} WARNING - No viable dags retrieved from /opt/airflow/dags/pipeline_procesamiento.py
[2026-02-27T22:17:20.905+0000] {processor.py:183} INFO - Processing /opt/airflow/dags/pipeline_procesamiento.py took 0.089 seconds
[2026-02-27T22:17:51.157+0000] {processor.py:161} INFO - Started process (PID=765) to work on /opt/airflow/dags/pipeline_procesamiento.py
[2026-02-27T22:17:51.159+0000] {processor.py:830} INFO - Processing file /opt/airflow/dags/pipeline_procesamiento.py for tasks to queue
[2026-02-27T22:17:51.161+0000] {logging_mixin.py:188} INFO - [2026-02-27T22:17:51.160+0000] {dagbag.py:540} INFO - Filling up the DagBag from /opt/airflow/dags/pipeline_procesamiento.py
[2026-02-27T22:17:51.180+0000] {logging_mixin.py:188} INFO - [2026-02-27T22:17:51.176+0000] {dagbag.py:350} ERROR - Failed to import: /opt/airflow/dags/pipeline_procesamiento.py
Traceback (most recent call last):
  File "/home/airflow/.local/lib/python3.12/site-packages/airflow/models/dagbag.py", line 346, in parse
    loader.exec_module(new_module)
  File "<frozen importlib._bootstrap_external>", line 995, in exec_module
  File "<frozen importlib._bootstrap>", line 488, in _call_with_frames_removed
  File "/opt/airflow/dags/pipeline_procesamiento.py", line 9, in <module>
    from src.validacion.ventas_validator import validar_datos_ventas
ModuleNotFoundError: No module named 'src'
[2026-02-27T22:17:51.182+0000] {processor.py:842} WARNING - No viable dags retrieved from /opt/airflow/dags/pipeline_procesamiento.py
[2026-02-27T22:17:51.218+0000] {processor.py:183} INFO - Processing /opt/airflow/dags/pipeline_procesamiento.py took 0.069 seconds
[2026-02-27T22:18:21.457+0000] {processor.py:161} INFO - Started process (PID=773) to work on /opt/airflow/dags/pipeline_procesamiento.py
[2026-02-27T22:18:21.459+0000] {processor.py:830} INFO - Processing file /opt/airflow/dags/pipeline_procesamiento.py for tasks to queue
[2026-02-27T22:18:21.461+0000] {logging_mixin.py:188} INFO - [2026-02-27T22:18:21.460+0000] {dagbag.py:540} INFO - Filling up the DagBag from /opt/airflow/dags/pipeline_procesamiento.py
[2026-02-27T22:18:21.497+0000] {logging_mixin.py:188} INFO - [2026-02-27T22:18:21.489+0000] {dagbag.py:350} ERROR - Failed to import: /opt/airflow/dags/pipeline_procesamiento.py
Traceback (most recent call last):
  File "/home/airflow/.local/lib/python3.12/site-packages/airflow/models/dagbag.py", line 346, in parse
    loader.exec_module(new_module)
  File "<frozen importlib._bootstrap_external>", line 995, in exec_module
  File "<frozen importlib._bootstrap>", line 488, in _call_with_frames_removed
  File "/opt/airflow/dags/pipeline_procesamiento.py", line 9, in <module>
    from src.validacion.ventas_validator import validar_datos_ventas
ModuleNotFoundError: No module named 'src'
[2026-02-27T22:18:21.499+0000] {processor.py:842} WARNING - No viable dags retrieved from /opt/airflow/dags/pipeline_procesamiento.py
[2026-02-27T22:18:21.544+0000] {processor.py:183} INFO - Processing /opt/airflow/dags/pipeline_procesamiento.py took 0.097 seconds
[2026-02-27T22:18:51.936+0000] {processor.py:161} INFO - Started process (PID=781) to work on /opt/airflow/dags/pipeline_procesamiento.py
[2026-02-27T22:18:51.939+0000] {processor.py:830} INFO - Processing file /opt/airflow/dags/pipeline_procesamiento.py for tasks to queue
[2026-02-27T22:18:51.943+0000] {logging_mixin.py:188} INFO - [2026-02-27T22:18:51.942+0000] {dagbag.py:540} INFO - Filling up the DagBag from /opt/airflow/dags/pipeline_procesamiento.py
[2026-02-27T22:18:51.983+0000] {logging_mixin.py:188} INFO - [2026-02-27T22:18:51.975+0000] {dagbag.py:350} ERROR - Failed to import: /opt/airflow/dags/pipeline_procesamiento.py
Traceback (most recent call last):
  File "/home/airflow/.local/lib/python3.12/site-packages/airflow/models/dagbag.py", line 346, in parse
    loader.exec_module(new_module)
  File "<frozen importlib._bootstrap_external>", line 995, in exec_module
  File "<frozen importlib._bootstrap>", line 488, in _call_with_frames_removed
  File "/opt/airflow/dags/pipeline_procesamiento.py", line 9, in <module>
    from src.validacion.ventas_validator import validar_datos_ventas
ModuleNotFoundError: No module named 'src'
[2026-02-27T22:18:51.987+0000] {processor.py:842} WARNING - No viable dags retrieved from /opt/airflow/dags/pipeline_procesamiento.py
[2026-02-27T22:18:52.041+0000] {processor.py:183} INFO - Processing /opt/airflow/dags/pipeline_procesamiento.py took 0.119 seconds
[2026-02-27T22:19:22.399+0000] {processor.py:161} INFO - Started process (PID=789) to work on /opt/airflow/dags/pipeline_procesamiento.py
[2026-02-27T22:19:22.401+0000] {processor.py:830} INFO - Processing file /opt/airflow/dags/pipeline_procesamiento.py for tasks to queue
[2026-02-27T22:19:22.404+0000] {logging_mixin.py:188} INFO - [2026-02-27T22:19:22.403+0000] {dagbag.py:540} INFO - Filling up the DagBag from /opt/airflow/dags/pipeline_procesamiento.py
[2026-02-27T22:19:22.442+0000] {logging_mixin.py:188} INFO - [2026-02-27T22:19:22.434+0000] {dagbag.py:350} ERROR - Failed to import: /opt/airflow/dags/pipeline_procesamiento.py
Traceback (most recent call last):
  File "/home/airflow/.local/lib/python3.12/site-packages/airflow/models/dagbag.py", line 346, in parse
    loader.exec_module(new_module)
  File "<frozen importlib._bootstrap_external>", line 995, in exec_module
  File "<frozen importlib._bootstrap>", line 488, in _call_with_frames_removed
  File "/opt/airflow/dags/pipeline_procesamiento.py", line 9, in <module>
    from src.validacion.ventas_validator import validar_datos_ventas
ModuleNotFoundError: No module named 'src'
[2026-02-27T22:19:22.445+0000] {processor.py:842} WARNING - No viable dags retrieved from /opt/airflow/dags/pipeline_procesamiento.py
[2026-02-27T22:19:22.488+0000] {processor.py:183} INFO - Processing /opt/airflow/dags/pipeline_procesamiento.py took 0.100 seconds
[2026-02-27T22:19:52.779+0000] {processor.py:161} INFO - Started process (PID=797) to work on /opt/airflow/dags/pipeline_procesamiento.py
[2026-02-27T22:19:52.781+0000] {processor.py:830} INFO - Processing file /opt/airflow/dags/pipeline_procesamiento.py for tasks to queue
[2026-02-27T22:19:52.783+0000] {logging_mixin.py:188} INFO - [2026-02-27T22:19:52.782+0000] {dagbag.py:540} INFO - Filling up the DagBag from /opt/airflow/dags/pipeline_procesamiento.py
[2026-02-27T22:19:52.822+0000] {logging_mixin.py:188} INFO - [2026-02-27T22:19:52.811+0000] {dagbag.py:350} ERROR - Failed to import: /opt/airflow/dags/pipeline_procesamiento.py
Traceback (most recent call last):
  File "/home/airflow/.local/lib/python3.12/site-packages/airflow/models/dagbag.py", line 346, in parse
    loader.exec_module(new_module)
  File "<frozen importlib._bootstrap_external>", line 995, in exec_module
  File "<frozen importlib._bootstrap>", line 488, in _call_with_frames_removed
  File "/opt/airflow/dags/pipeline_procesamiento.py", line 9, in <module>
    from src.validacion.ventas_validator import validar_datos_ventas
ModuleNotFoundError: No module named 'src'
[2026-02-27T22:19:52.827+0000] {processor.py:842} WARNING - No viable dags retrieved from /opt/airflow/dags/pipeline_procesamiento.py
[2026-02-27T22:19:52.866+0000] {processor.py:183} INFO - Processing /opt/airflow/dags/pipeline_procesamiento.py took 0.098 seconds
[2026-02-27T22:20:23.427+0000] {processor.py:161} INFO - Started process (PID=805) to work on /opt/airflow/dags/pipeline_procesamiento.py
[2026-02-27T22:20:23.429+0000] {processor.py:830} INFO - Processing file /opt/airflow/dags/pipeline_procesamiento.py for tasks to queue
[2026-02-27T22:20:23.432+0000] {logging_mixin.py:188} INFO - [2026-02-27T22:20:23.431+0000] {dagbag.py:540} INFO - Filling up the DagBag from /opt/airflow/dags/pipeline_procesamiento.py
[2026-02-27T22:20:23.479+0000] {logging_mixin.py:188} INFO - [2026-02-27T22:20:23.470+0000] {dagbag.py:350} ERROR - Failed to import: /opt/airflow/dags/pipeline_procesamiento.py
Traceback (most recent call last):
  File "/home/airflow/.local/lib/python3.12/site-packages/airflow/models/dagbag.py", line 346, in parse
    loader.exec_module(new_module)
  File "<frozen importlib._bootstrap_external>", line 995, in exec_module
  File "<frozen importlib._bootstrap>", line 488, in _call_with_frames_removed
  File "/opt/airflow/dags/pipeline_procesamiento.py", line 9, in <module>
    from src.validacion.ventas_validator import validar_datos_ventas
ModuleNotFoundError: No module named 'src'
[2026-02-27T22:20:23.482+0000] {processor.py:842} WARNING - No viable dags retrieved from /opt/airflow/dags/pipeline_procesamiento.py
[2026-02-27T22:20:23.522+0000] {processor.py:183} INFO - Processing /opt/airflow/dags/pipeline_procesamiento.py took 0.106 seconds
[2026-02-27T22:20:54.044+0000] {processor.py:161} INFO - Started process (PID=813) to work on /opt/airflow/dags/pipeline_procesamiento.py
[2026-02-27T22:20:54.046+0000] {processor.py:830} INFO - Processing file /opt/airflow/dags/pipeline_procesamiento.py for tasks to queue
[2026-02-27T22:20:54.049+0000] {logging_mixin.py:188} INFO - [2026-02-27T22:20:54.048+0000] {dagbag.py:540} INFO - Filling up the DagBag from /opt/airflow/dags/pipeline_procesamiento.py
[2026-02-27T22:20:54.088+0000] {logging_mixin.py:188} INFO - [2026-02-27T22:20:54.081+0000] {dagbag.py:350} ERROR - Failed to import: /opt/airflow/dags/pipeline_procesamiento.py
Traceback (most recent call last):
  File "/home/airflow/.local/lib/python3.12/site-packages/airflow/models/dagbag.py", line 346, in parse
    loader.exec_module(new_module)
  File "<frozen importlib._bootstrap_external>", line 995, in exec_module
  File "<frozen importlib._bootstrap>", line 488, in _call_with_frames_removed
  File "/opt/airflow/dags/pipeline_procesamiento.py", line 9, in <module>
    from src.validacion.ventas_validator import validar_datos_ventas
ModuleNotFoundError: No module named 'src'
[2026-02-27T22:20:54.093+0000] {processor.py:842} WARNING - No viable dags retrieved from /opt/airflow/dags/pipeline_procesamiento.py
[2026-02-27T22:20:54.137+0000] {processor.py:183} INFO - Processing /opt/airflow/dags/pipeline_procesamiento.py took 0.103 seconds
[2026-02-27T22:21:24.586+0000] {processor.py:161} INFO - Started process (PID=821) to work on /opt/airflow/dags/pipeline_procesamiento.py
[2026-02-27T22:21:24.588+0000] {processor.py:830} INFO - Processing file /opt/airflow/dags/pipeline_procesamiento.py for tasks to queue
[2026-02-27T22:21:24.590+0000] {logging_mixin.py:188} INFO - [2026-02-27T22:21:24.589+0000] {dagbag.py:540} INFO - Filling up the DagBag from /opt/airflow/dags/pipeline_procesamiento.py
[2026-02-27T22:21:24.620+0000] {logging_mixin.py:188} INFO - [2026-02-27T22:21:24.615+0000] {dagbag.py:350} ERROR - Failed to import: /opt/airflow/dags/pipeline_procesamiento.py
Traceback (most recent call last):
  File "/home/airflow/.local/lib/python3.12/site-packages/airflow/models/dagbag.py", line 346, in parse
    loader.exec_module(new_module)
  File "<frozen importlib._bootstrap_external>", line 995, in exec_module
  File "<frozen importlib._bootstrap>", line 488, in _call_with_frames_removed
  File "/opt/airflow/dags/pipeline_procesamiento.py", line 9, in <module>
    from src.validacion.ventas_validator import validar_datos_ventas
ModuleNotFoundError: No module named 'src'
[2026-02-27T22:21:24.623+0000] {processor.py:842} WARNING - No viable dags retrieved from /opt/airflow/dags/pipeline_procesamiento.py
[2026-02-27T22:21:24.663+0000] {processor.py:183} INFO - Processing /opt/airflow/dags/pipeline_procesamiento.py took 0.086 seconds
[2026-02-27T22:21:55.306+0000] {processor.py:161} INFO - Started process (PID=829) to work on /opt/airflow/dags/pipeline_procesamiento.py
[2026-02-27T22:21:55.310+0000] {processor.py:830} INFO - Processing file /opt/airflow/dags/pipeline_procesamiento.py for tasks to queue
[2026-02-27T22:21:55.313+0000] {logging_mixin.py:188} INFO - [2026-02-27T22:21:55.312+0000] {dagbag.py:540} INFO - Filling up the DagBag from /opt/airflow/dags/pipeline_procesamiento.py
[2026-02-27T22:21:55.360+0000] {logging_mixin.py:188} INFO - [2026-02-27T22:21:55.351+0000] {dagbag.py:350} ERROR - Failed to import: /opt/airflow/dags/pipeline_procesamiento.py
Traceback (most recent call last):
  File "/home/airflow/.local/lib/python3.12/site-packages/airflow/models/dagbag.py", line 346, in parse
    loader.exec_module(new_module)
  File "<frozen importlib._bootstrap_external>", line 995, in exec_module
  File "<frozen importlib._bootstrap>", line 488, in _call_with_frames_removed
  File "/opt/airflow/dags/pipeline_procesamiento.py", line 9, in <module>
    from src.validacion.ventas_validator import validar_datos_ventas
ModuleNotFoundError: No module named 'src'
[2026-02-27T22:21:55.364+0000] {processor.py:842} WARNING - No viable dags retrieved from /opt/airflow/dags/pipeline_procesamiento.py
[2026-02-27T22:21:55.415+0000] {processor.py:183} INFO - Processing /opt/airflow/dags/pipeline_procesamiento.py took 0.119 seconds
[2026-02-27T22:22:25.978+0000] {processor.py:161} INFO - Started process (PID=837) to work on /opt/airflow/dags/pipeline_procesamiento.py
[2026-02-27T22:22:25.980+0000] {processor.py:830} INFO - Processing file /opt/airflow/dags/pipeline_procesamiento.py for tasks to queue
[2026-02-27T22:22:25.982+0000] {logging_mixin.py:188} INFO - [2026-02-27T22:22:25.982+0000] {dagbag.py:540} INFO - Filling up the DagBag from /opt/airflow/dags/pipeline_procesamiento.py
[2026-02-27T22:22:26.026+0000] {logging_mixin.py:188} INFO - [2026-02-27T22:22:26.016+0000] {dagbag.py:350} ERROR - Failed to import: /opt/airflow/dags/pipeline_procesamiento.py
Traceback (most recent call last):
  File "/home/airflow/.local/lib/python3.12/site-packages/airflow/models/dagbag.py", line 346, in parse
    loader.exec_module(new_module)
  File "<frozen importlib._bootstrap_external>", line 995, in exec_module
  File "<frozen importlib._bootstrap>", line 488, in _call_with_frames_removed
  File "/opt/airflow/dags/pipeline_procesamiento.py", line 9, in <module>
    from src.validacion.ventas_validator import validar_datos_ventas
ModuleNotFoundError: No module named 'src'
[2026-02-27T22:22:26.030+0000] {processor.py:842} WARNING - No viable dags retrieved from /opt/airflow/dags/pipeline_procesamiento.py
[2026-02-27T22:22:26.069+0000] {processor.py:183} INFO - Processing /opt/airflow/dags/pipeline_procesamiento.py took 0.100 seconds
[2026-02-27T22:22:56.589+0000] {processor.py:161} INFO - Started process (PID=845) to work on /opt/airflow/dags/pipeline_procesamiento.py
[2026-02-27T22:22:56.591+0000] {processor.py:830} INFO - Processing file /opt/airflow/dags/pipeline_procesamiento.py for tasks to queue
[2026-02-27T22:22:56.593+0000] {logging_mixin.py:188} INFO - [2026-02-27T22:22:56.592+0000] {dagbag.py:540} INFO - Filling up the DagBag from /opt/airflow/dags/pipeline_procesamiento.py
[2026-02-27T22:22:56.637+0000] {logging_mixin.py:188} INFO - [2026-02-27T22:22:56.627+0000] {dagbag.py:350} ERROR - Failed to import: /opt/airflow/dags/pipeline_procesamiento.py
Traceback (most recent call last):
  File "/home/airflow/.local/lib/python3.12/site-packages/airflow/models/dagbag.py", line 346, in parse
    loader.exec_module(new_module)
  File "<frozen importlib._bootstrap_external>", line 995, in exec_module
  File "<frozen importlib._bootstrap>", line 488, in _call_with_frames_removed
  File "/opt/airflow/dags/pipeline_procesamiento.py", line 9, in <module>
    from src.validacion.ventas_validator import validar_datos_ventas
ModuleNotFoundError: No module named 'src'
[2026-02-27T22:22:56.640+0000] {processor.py:842} WARNING - No viable dags retrieved from /opt/airflow/dags/pipeline_procesamiento.py
[2026-02-27T22:22:56.678+0000] {processor.py:183} INFO - Processing /opt/airflow/dags/pipeline_procesamiento.py took 0.098 seconds
[2026-02-27T22:23:26.993+0000] {processor.py:161} INFO - Started process (PID=853) to work on /opt/airflow/dags/pipeline_procesamiento.py
[2026-02-27T22:23:26.995+0000] {processor.py:830} INFO - Processing file /opt/airflow/dags/pipeline_procesamiento.py for tasks to queue
[2026-02-27T22:23:26.997+0000] {logging_mixin.py:188} INFO - [2026-02-27T22:23:26.997+0000] {dagbag.py:540} INFO - Filling up the DagBag from /opt/airflow/dags/pipeline_procesamiento.py
[2026-02-27T22:23:27.041+0000] {logging_mixin.py:188} INFO - [2026-02-27T22:23:27.034+0000] {dagbag.py:350} ERROR - Failed to import: /opt/airflow/dags/pipeline_procesamiento.py
Traceback (most recent call last):
  File "/home/airflow/.local/lib/python3.12/site-packages/airflow/models/dagbag.py", line 346, in parse
    loader.exec_module(new_module)
  File "<frozen importlib._bootstrap_external>", line 995, in exec_module
  File "<frozen importlib._bootstrap>", line 488, in _call_with_frames_removed
  File "/opt/airflow/dags/pipeline_procesamiento.py", line 9, in <module>
    from src.validacion.ventas_validator import validar_datos_ventas
ModuleNotFoundError: No module named 'src'
[2026-02-27T22:23:27.045+0000] {processor.py:842} WARNING - No viable dags retrieved from /opt/airflow/dags/pipeline_procesamiento.py
[2026-02-27T22:23:27.097+0000] {processor.py:183} INFO - Processing /opt/airflow/dags/pipeline_procesamiento.py took 0.113 seconds
[2026-02-27T22:23:57.499+0000] {processor.py:161} INFO - Started process (PID=861) to work on /opt/airflow/dags/pipeline_procesamiento.py
[2026-02-27T22:23:57.501+0000] {processor.py:830} INFO - Processing file /opt/airflow/dags/pipeline_procesamiento.py for tasks to queue
[2026-02-27T22:23:57.503+0000] {logging_mixin.py:188} INFO - [2026-02-27T22:23:57.502+0000] {dagbag.py:540} INFO - Filling up the DagBag from /opt/airflow/dags/pipeline_procesamiento.py
[2026-02-27T22:23:57.536+0000] {logging_mixin.py:188} INFO - [2026-02-27T22:23:57.528+0000] {dagbag.py:350} ERROR - Failed to import: /opt/airflow/dags/pipeline_procesamiento.py
Traceback (most recent call last):
  File "/home/airflow/.local/lib/python3.12/site-packages/airflow/models/dagbag.py", line 346, in parse
    loader.exec_module(new_module)
  File "<frozen importlib._bootstrap_external>", line 995, in exec_module
  File "<frozen importlib._bootstrap>", line 488, in _call_with_frames_removed
  File "/opt/airflow/dags/pipeline_procesamiento.py", line 9, in <module>
    from src.validacion.ventas_validator import validar_datos_ventas
ModuleNotFoundError: No module named 'src'
[2026-02-27T22:23:57.540+0000] {processor.py:842} WARNING - No viable dags retrieved from /opt/airflow/dags/pipeline_procesamiento.py
[2026-02-27T22:23:57.586+0000] {processor.py:183} INFO - Processing /opt/airflow/dags/pipeline_procesamiento.py took 0.097 seconds
[2026-02-27T22:24:28.122+0000] {processor.py:161} INFO - Started process (PID=869) to work on /opt/airflow/dags/pipeline_procesamiento.py
[2026-02-27T22:24:28.126+0000] {processor.py:830} INFO - Processing file /opt/airflow/dags/pipeline_procesamiento.py for tasks to queue
[2026-02-27T22:24:28.130+0000] {logging_mixin.py:188} INFO - [2026-02-27T22:24:28.129+0000] {dagbag.py:540} INFO - Filling up the DagBag from /opt/airflow/dags/pipeline_procesamiento.py
[2026-02-27T22:24:28.180+0000] {logging_mixin.py:188} INFO - [2026-02-27T22:24:28.170+0000] {dagbag.py:350} ERROR - Failed to import: /opt/airflow/dags/pipeline_procesamiento.py
Traceback (most recent call last):
  File "/home/airflow/.local/lib/python3.12/site-packages/airflow/models/dagbag.py", line 346, in parse
    loader.exec_module(new_module)
  File "<frozen importlib._bootstrap_external>", line 995, in exec_module
  File "<frozen importlib._bootstrap>", line 488, in _call_with_frames_removed
  File "/opt/airflow/dags/pipeline_procesamiento.py", line 9, in <module>
    from src.validacion.ventas_validator import validar_datos_ventas
ModuleNotFoundError: No module named 'src'
[2026-02-27T22:24:28.185+0000] {processor.py:842} WARNING - No viable dags retrieved from /opt/airflow/dags/pipeline_procesamiento.py
[2026-02-27T22:24:28.237+0000] {processor.py:183} INFO - Processing /opt/airflow/dags/pipeline_procesamiento.py took 0.134 seconds
[2026-02-27T22:24:58.625+0000] {processor.py:161} INFO - Started process (PID=877) to work on /opt/airflow/dags/pipeline_procesamiento.py
[2026-02-27T22:24:58.627+0000] {processor.py:830} INFO - Processing file /opt/airflow/dags/pipeline_procesamiento.py for tasks to queue
[2026-02-27T22:24:58.628+0000] {logging_mixin.py:188} INFO - [2026-02-27T22:24:58.628+0000] {dagbag.py:540} INFO - Filling up the DagBag from /opt/airflow/dags/pipeline_procesamiento.py
[2026-02-27T22:24:58.656+0000] {logging_mixin.py:188} INFO - [2026-02-27T22:24:58.650+0000] {dagbag.py:350} ERROR - Failed to import: /opt/airflow/dags/pipeline_procesamiento.py
Traceback (most recent call last):
  File "/home/airflow/.local/lib/python3.12/site-packages/airflow/models/dagbag.py", line 346, in parse
    loader.exec_module(new_module)
  File "<frozen importlib._bootstrap_external>", line 995, in exec_module
  File "<frozen importlib._bootstrap>", line 488, in _call_with_frames_removed
  File "/opt/airflow/dags/pipeline_procesamiento.py", line 9, in <module>
    from src.validacion.ventas_validator import validar_datos_ventas
ModuleNotFoundError: No module named 'src'
[2026-02-27T22:24:58.658+0000] {processor.py:842} WARNING - No viable dags retrieved from /opt/airflow/dags/pipeline_procesamiento.py
[2026-02-27T22:24:58.697+0000] {processor.py:183} INFO - Processing /opt/airflow/dags/pipeline_procesamiento.py took 0.082 seconds
[2026-02-27T22:25:29.050+0000] {processor.py:161} INFO - Started process (PID=885) to work on /opt/airflow/dags/pipeline_procesamiento.py
[2026-02-27T22:25:29.052+0000] {processor.py:830} INFO - Processing file /opt/airflow/dags/pipeline_procesamiento.py for tasks to queue
[2026-02-27T22:25:29.055+0000] {logging_mixin.py:188} INFO - [2026-02-27T22:25:29.054+0000] {dagbag.py:540} INFO - Filling up the DagBag from /opt/airflow/dags/pipeline_procesamiento.py
[2026-02-27T22:25:29.095+0000] {logging_mixin.py:188} INFO - [2026-02-27T22:25:29.086+0000] {dagbag.py:350} ERROR - Failed to import: /opt/airflow/dags/pipeline_procesamiento.py
Traceback (most recent call last):
  File "/home/airflow/.local/lib/python3.12/site-packages/airflow/models/dagbag.py", line 346, in parse
    loader.exec_module(new_module)
  File "<frozen importlib._bootstrap_external>", line 995, in exec_module
  File "<frozen importlib._bootstrap>", line 488, in _call_with_frames_removed
  File "/opt/airflow/dags/pipeline_procesamiento.py", line 9, in <module>
    from src.validacion.ventas_validator import validar_datos_ventas
ModuleNotFoundError: No module named 'src'
[2026-02-27T22:25:29.099+0000] {processor.py:842} WARNING - No viable dags retrieved from /opt/airflow/dags/pipeline_procesamiento.py
[2026-02-27T22:25:29.143+0000] {processor.py:183} INFO - Processing /opt/airflow/dags/pipeline_procesamiento.py took 0.109 seconds
[2026-02-27T22:25:59.468+0000] {processor.py:161} INFO - Started process (PID=893) to work on /opt/airflow/dags/pipeline_procesamiento.py
[2026-02-27T22:25:59.470+0000] {processor.py:830} INFO - Processing file /opt/airflow/dags/pipeline_procesamiento.py for tasks to queue
[2026-02-27T22:25:59.472+0000] {logging_mixin.py:188} INFO - [2026-02-27T22:25:59.471+0000] {dagbag.py:540} INFO - Filling up the DagBag from /opt/airflow/dags/pipeline_procesamiento.py
[2026-02-27T22:25:59.507+0000] {logging_mixin.py:188} INFO - [2026-02-27T22:25:59.499+0000] {dagbag.py:350} ERROR - Failed to import: /opt/airflow/dags/pipeline_procesamiento.py
Traceback (most recent call last):
  File "/home/airflow/.local/lib/python3.12/site-packages/airflow/models/dagbag.py", line 346, in parse
    loader.exec_module(new_module)
  File "<frozen importlib._bootstrap_external>", line 995, in exec_module
  File "<frozen importlib._bootstrap>", line 488, in _call_with_frames_removed
  File "/opt/airflow/dags/pipeline_procesamiento.py", line 9, in <module>
    from src.validacion.ventas_validator import validar_datos_ventas
ModuleNotFoundError: No module named 'src'
[2026-02-27T22:25:59.509+0000] {processor.py:842} WARNING - No viable dags retrieved from /opt/airflow/dags/pipeline_procesamiento.py
[2026-02-27T22:25:59.545+0000] {processor.py:183} INFO - Processing /opt/airflow/dags/pipeline_procesamiento.py took 0.086 seconds
[2026-02-27T22:26:29.885+0000] {processor.py:161} INFO - Started process (PID=901) to work on /opt/airflow/dags/pipeline_procesamiento.py
[2026-02-27T22:26:29.886+0000] {processor.py:830} INFO - Processing file /opt/airflow/dags/pipeline_procesamiento.py for tasks to queue
[2026-02-27T22:26:29.888+0000] {logging_mixin.py:188} INFO - [2026-02-27T22:26:29.888+0000] {dagbag.py:540} INFO - Filling up the DagBag from /opt/airflow/dags/pipeline_procesamiento.py
[2026-02-27T22:26:29.910+0000] {logging_mixin.py:188} INFO - [2026-02-27T22:26:29.905+0000] {dagbag.py:350} ERROR - Failed to import: /opt/airflow/dags/pipeline_procesamiento.py
Traceback (most recent call last):
  File "/home/airflow/.local/lib/python3.12/site-packages/airflow/models/dagbag.py", line 346, in parse
    loader.exec_module(new_module)
  File "<frozen importlib._bootstrap_external>", line 995, in exec_module
  File "<frozen importlib._bootstrap>", line 488, in _call_with_frames_removed
  File "/opt/airflow/dags/pipeline_procesamiento.py", line 9, in <module>
    from src.validacion.ventas_validator import validar_datos_ventas
ModuleNotFoundError: No module named 'src'
[2026-02-27T22:26:29.912+0000] {processor.py:842} WARNING - No viable dags retrieved from /opt/airflow/dags/pipeline_procesamiento.py
[2026-02-27T22:26:29.953+0000] {processor.py:183} INFO - Processing /opt/airflow/dags/pipeline_procesamiento.py took 0.076 seconds
[2026-02-27T22:27:00.441+0000] {processor.py:161} INFO - Started process (PID=909) to work on /opt/airflow/dags/pipeline_procesamiento.py
[2026-02-27T22:27:00.442+0000] {processor.py:830} INFO - Processing file /opt/airflow/dags/pipeline_procesamiento.py for tasks to queue
[2026-02-27T22:27:00.444+0000] {logging_mixin.py:188} INFO - [2026-02-27T22:27:00.443+0000] {dagbag.py:540} INFO - Filling up the DagBag from /opt/airflow/dags/pipeline_procesamiento.py
[2026-02-27T22:27:00.472+0000] {logging_mixin.py:188} INFO - [2026-02-27T22:27:00.467+0000] {dagbag.py:350} ERROR - Failed to import: /opt/airflow/dags/pipeline_procesamiento.py
Traceback (most recent call last):
  File "/home/airflow/.local/lib/python3.12/site-packages/airflow/models/dagbag.py", line 346, in parse
    loader.exec_module(new_module)
  File "<frozen importlib._bootstrap_external>", line 995, in exec_module
  File "<frozen importlib._bootstrap>", line 488, in _call_with_frames_removed
  File "/opt/airflow/dags/pipeline_procesamiento.py", line 9, in <module>
    from src.validacion.ventas_validator import validar_datos_ventas
ModuleNotFoundError: No module named 'src'
[2026-02-27T22:27:00.474+0000] {processor.py:842} WARNING - No viable dags retrieved from /opt/airflow/dags/pipeline_procesamiento.py
[2026-02-27T22:27:00.512+0000] {processor.py:183} INFO - Processing /opt/airflow/dags/pipeline_procesamiento.py took 0.079 seconds
[2026-02-27T22:27:30.876+0000] {processor.py:161} INFO - Started process (PID=917) to work on /opt/airflow/dags/pipeline_procesamiento.py
[2026-02-27T22:27:30.878+0000] {processor.py:830} INFO - Processing file /opt/airflow/dags/pipeline_procesamiento.py for tasks to queue
[2026-02-27T22:27:30.879+0000] {logging_mixin.py:188} INFO - [2026-02-27T22:27:30.879+0000] {dagbag.py:540} INFO - Filling up the DagBag from /opt/airflow/dags/pipeline_procesamiento.py
[2026-02-27T22:27:30.921+0000] {logging_mixin.py:188} INFO - [2026-02-27T22:27:30.912+0000] {dagbag.py:350} ERROR - Failed to import: /opt/airflow/dags/pipeline_procesamiento.py
Traceback (most recent call last):
  File "/home/airflow/.local/lib/python3.12/site-packages/airflow/models/dagbag.py", line 346, in parse
    loader.exec_module(new_module)
  File "<frozen importlib._bootstrap_external>", line 995, in exec_module
  File "<frozen importlib._bootstrap>", line 488, in _call_with_frames_removed
  File "/opt/airflow/dags/pipeline_procesamiento.py", line 9, in <module>
    from src.validacion.ventas_validator import validar_datos_ventas
ModuleNotFoundError: No module named 'src'
[2026-02-27T22:27:30.923+0000] {processor.py:842} WARNING - No viable dags retrieved from /opt/airflow/dags/pipeline_procesamiento.py
[2026-02-27T22:27:30.968+0000] {processor.py:183} INFO - Processing /opt/airflow/dags/pipeline_procesamiento.py took 0.104 seconds
[2026-02-27T22:28:01.285+0000] {processor.py:161} INFO - Started process (PID=925) to work on /opt/airflow/dags/pipeline_procesamiento.py
[2026-02-27T22:28:01.288+0000] {processor.py:830} INFO - Processing file /opt/airflow/dags/pipeline_procesamiento.py for tasks to queue
[2026-02-27T22:28:01.292+0000] {logging_mixin.py:188} INFO - [2026-02-27T22:28:01.291+0000] {dagbag.py:540} INFO - Filling up the DagBag from /opt/airflow/dags/pipeline_procesamiento.py
[2026-02-27T22:28:01.344+0000] {logging_mixin.py:188} INFO - [2026-02-27T22:28:01.332+0000] {dagbag.py:350} ERROR - Failed to import: /opt/airflow/dags/pipeline_procesamiento.py
Traceback (most recent call last):
  File "/home/airflow/.local/lib/python3.12/site-packages/airflow/models/dagbag.py", line 346, in parse
    loader.exec_module(new_module)
  File "<frozen importlib._bootstrap_external>", line 995, in exec_module
  File "<frozen importlib._bootstrap>", line 488, in _call_with_frames_removed
  File "/opt/airflow/dags/pipeline_procesamiento.py", line 9, in <module>
    from src.validacion.ventas_validator import validar_datos_ventas
ModuleNotFoundError: No module named 'src'
[2026-02-27T22:28:01.351+0000] {processor.py:842} WARNING - No viable dags retrieved from /opt/airflow/dags/pipeline_procesamiento.py
[2026-02-27T22:28:01.412+0000] {processor.py:183} INFO - Processing /opt/airflow/dags/pipeline_procesamiento.py took 0.148 seconds
[2026-02-27T22:28:31.677+0000] {processor.py:161} INFO - Started process (PID=933) to work on /opt/airflow/dags/pipeline_procesamiento.py
[2026-02-27T22:28:31.679+0000] {processor.py:830} INFO - Processing file /opt/airflow/dags/pipeline_procesamiento.py for tasks to queue
[2026-02-27T22:28:31.680+0000] {logging_mixin.py:188} INFO - [2026-02-27T22:28:31.680+0000] {dagbag.py:540} INFO - Filling up the DagBag from /opt/airflow/dags/pipeline_procesamiento.py
[2026-02-27T22:28:31.712+0000] {logging_mixin.py:188} INFO - [2026-02-27T22:28:31.705+0000] {dagbag.py:350} ERROR - Failed to import: /opt/airflow/dags/pipeline_procesamiento.py
Traceback (most recent call last):
  File "/home/airflow/.local/lib/python3.12/site-packages/airflow/models/dagbag.py", line 346, in parse
    loader.exec_module(new_module)
  File "<frozen importlib._bootstrap_external>", line 995, in exec_module
  File "<frozen importlib._bootstrap>", line 488, in _call_with_frames_removed
  File "/opt/airflow/dags/pipeline_procesamiento.py", line 9, in <module>
    from src.validacion.ventas_validator import validar_datos_ventas
ModuleNotFoundError: No module named 'src'
[2026-02-27T22:28:31.714+0000] {processor.py:842} WARNING - No viable dags retrieved from /opt/airflow/dags/pipeline_procesamiento.py
[2026-02-27T22:28:31.772+0000] {processor.py:183} INFO - Processing /opt/airflow/dags/pipeline_procesamiento.py took 0.105 seconds
[2026-02-27T22:29:02.138+0000] {processor.py:161} INFO - Started process (PID=941) to work on /opt/airflow/dags/pipeline_procesamiento.py
[2026-02-27T22:29:02.140+0000] {processor.py:830} INFO - Processing file /opt/airflow/dags/pipeline_procesamiento.py for tasks to queue
[2026-02-27T22:29:02.142+0000] {logging_mixin.py:188} INFO - [2026-02-27T22:29:02.142+0000] {dagbag.py:540} INFO - Filling up the DagBag from /opt/airflow/dags/pipeline_procesamiento.py
[2026-02-27T22:29:02.183+0000] {logging_mixin.py:188} INFO - [2026-02-27T22:29:02.175+0000] {dagbag.py:350} ERROR - Failed to import: /opt/airflow/dags/pipeline_procesamiento.py
Traceback (most recent call last):
  File "/home/airflow/.local/lib/python3.12/site-packages/airflow/models/dagbag.py", line 346, in parse
    loader.exec_module(new_module)
  File "<frozen importlib._bootstrap_external>", line 995, in exec_module
  File "<frozen importlib._bootstrap>", line 488, in _call_with_frames_removed
  File "/opt/airflow/dags/pipeline_procesamiento.py", line 9, in <module>
    from src.validacion.ventas_validator import validar_datos_ventas
ModuleNotFoundError: No module named 'src'
[2026-02-27T22:29:02.187+0000] {processor.py:842} WARNING - No viable dags retrieved from /opt/airflow/dags/pipeline_procesamiento.py
[2026-02-27T22:29:02.239+0000] {processor.py:183} INFO - Processing /opt/airflow/dags/pipeline_procesamiento.py took 0.112 seconds
[2026-02-27T22:29:32.488+0000] {processor.py:161} INFO - Started process (PID=949) to work on /opt/airflow/dags/pipeline_procesamiento.py
[2026-02-27T22:29:32.489+0000] {processor.py:830} INFO - Processing file /opt/airflow/dags/pipeline_procesamiento.py for tasks to queue
[2026-02-27T22:29:32.491+0000] {logging_mixin.py:188} INFO - [2026-02-27T22:29:32.490+0000] {dagbag.py:540} INFO - Filling up the DagBag from /opt/airflow/dags/pipeline_procesamiento.py
[2026-02-27T22:29:32.520+0000] {logging_mixin.py:188} INFO - [2026-02-27T22:29:32.513+0000] {dagbag.py:350} ERROR - Failed to import: /opt/airflow/dags/pipeline_procesamiento.py
Traceback (most recent call last):
  File "/home/airflow/.local/lib/python3.12/site-packages/airflow/models/dagbag.py", line 346, in parse
    loader.exec_module(new_module)
  File "<frozen importlib._bootstrap_external>", line 995, in exec_module
  File "<frozen importlib._bootstrap>", line 488, in _call_with_frames_removed
  File "/opt/airflow/dags/pipeline_procesamiento.py", line 9, in <module>
    from src.validacion.ventas_validator import validar_datos_ventas
ModuleNotFoundError: No module named 'src'
[2026-02-27T22:29:32.523+0000] {processor.py:842} WARNING - No viable dags retrieved from /opt/airflow/dags/pipeline_procesamiento.py
[2026-02-27T22:29:32.564+0000] {processor.py:183} INFO - Processing /opt/airflow/dags/pipeline_procesamiento.py took 0.084 seconds
[2026-02-27T22:30:02.988+0000] {processor.py:161} INFO - Started process (PID=957) to work on /opt/airflow/dags/pipeline_procesamiento.py
[2026-02-27T22:30:02.990+0000] {processor.py:830} INFO - Processing file /opt/airflow/dags/pipeline_procesamiento.py for tasks to queue
[2026-02-27T22:30:02.992+0000] {logging_mixin.py:188} INFO - [2026-02-27T22:30:02.991+0000] {dagbag.py:540} INFO - Filling up the DagBag from /opt/airflow/dags/pipeline_procesamiento.py
[2026-02-27T22:30:03.023+0000] {logging_mixin.py:188} INFO - [2026-02-27T22:30:03.016+0000] {dagbag.py:350} ERROR - Failed to import: /opt/airflow/dags/pipeline_procesamiento.py
Traceback (most recent call last):
  File "/home/airflow/.local/lib/python3.12/site-packages/airflow/models/dagbag.py", line 346, in parse
    loader.exec_module(new_module)
  File "<frozen importlib._bootstrap_external>", line 995, in exec_module
  File "<frozen importlib._bootstrap>", line 488, in _call_with_frames_removed
  File "/opt/airflow/dags/pipeline_procesamiento.py", line 9, in <module>
    from src.validacion.ventas_validator import validar_datos_ventas
ModuleNotFoundError: No module named 'src'
[2026-02-27T22:30:03.026+0000] {processor.py:842} WARNING - No viable dags retrieved from /opt/airflow/dags/pipeline_procesamiento.py
[2026-02-27T22:30:03.063+0000] {processor.py:183} INFO - Processing /opt/airflow/dags/pipeline_procesamiento.py took 0.088 seconds
[2026-02-27T22:30:33.411+0000] {processor.py:161} INFO - Started process (PID=965) to work on /opt/airflow/dags/pipeline_procesamiento.py
[2026-02-27T22:30:33.413+0000] {processor.py:830} INFO - Processing file /opt/airflow/dags/pipeline_procesamiento.py for tasks to queue
[2026-02-27T22:30:33.416+0000] {logging_mixin.py:188} INFO - [2026-02-27T22:30:33.415+0000] {dagbag.py:540} INFO - Filling up the DagBag from /opt/airflow/dags/pipeline_procesamiento.py
[2026-02-27T22:30:33.448+0000] {logging_mixin.py:188} INFO - [2026-02-27T22:30:33.441+0000] {dagbag.py:350} ERROR - Failed to import: /opt/airflow/dags/pipeline_procesamiento.py
Traceback (most recent call last):
  File "/home/airflow/.local/lib/python3.12/site-packages/airflow/models/dagbag.py", line 346, in parse
    loader.exec_module(new_module)
  File "<frozen importlib._bootstrap_external>", line 995, in exec_module
  File "<frozen importlib._bootstrap>", line 488, in _call_with_frames_removed
  File "/opt/airflow/dags/pipeline_procesamiento.py", line 9, in <module>
    from src.validacion.ventas_validator import validar_datos_ventas
ModuleNotFoundError: No module named 'src'
[2026-02-27T22:30:33.451+0000] {processor.py:842} WARNING - No viable dags retrieved from /opt/airflow/dags/pipeline_procesamiento.py
[2026-02-27T22:30:33.495+0000] {processor.py:183} INFO - Processing /opt/airflow/dags/pipeline_procesamiento.py took 0.092 seconds
[2026-02-27T22:31:03.850+0000] {processor.py:161} INFO - Started process (PID=973) to work on /opt/airflow/dags/pipeline_procesamiento.py
[2026-02-27T22:31:03.852+0000] {processor.py:830} INFO - Processing file /opt/airflow/dags/pipeline_procesamiento.py for tasks to queue
[2026-02-27T22:31:03.854+0000] {logging_mixin.py:188} INFO - [2026-02-27T22:31:03.854+0000] {dagbag.py:540} INFO - Filling up the DagBag from /opt/airflow/dags/pipeline_procesamiento.py
[2026-02-27T22:31:03.902+0000] {logging_mixin.py:188} INFO - [2026-02-27T22:31:03.893+0000] {dagbag.py:350} ERROR - Failed to import: /opt/airflow/dags/pipeline_procesamiento.py
Traceback (most recent call last):
  File "/home/airflow/.local/lib/python3.12/site-packages/airflow/models/dagbag.py", line 346, in parse
    loader.exec_module(new_module)
  File "<frozen importlib._bootstrap_external>", line 995, in exec_module
  File "<frozen importlib._bootstrap>", line 488, in _call_with_frames_removed
  File "/opt/airflow/dags/pipeline_procesamiento.py", line 9, in <module>
    from src.validacion.ventas_validator import validar_datos_ventas
ModuleNotFoundError: No module named 'src'
[2026-02-27T22:31:03.907+0000] {processor.py:842} WARNING - No viable dags retrieved from /opt/airflow/dags/pipeline_procesamiento.py
[2026-02-27T22:31:03.959+0000] {processor.py:183} INFO - Processing /opt/airflow/dags/pipeline_procesamiento.py took 0.120 seconds
[2026-02-27T22:31:34.291+0000] {processor.py:161} INFO - Started process (PID=981) to work on /opt/airflow/dags/pipeline_procesamiento.py
[2026-02-27T22:31:34.292+0000] {processor.py:830} INFO - Processing file /opt/airflow/dags/pipeline_procesamiento.py for tasks to queue
[2026-02-27T22:31:34.294+0000] {logging_mixin.py:188} INFO - [2026-02-27T22:31:34.293+0000] {dagbag.py:540} INFO - Filling up the DagBag from /opt/airflow/dags/pipeline_procesamiento.py
[2026-02-27T22:31:34.326+0000] {logging_mixin.py:188} INFO - [2026-02-27T22:31:34.320+0000] {dagbag.py:350} ERROR - Failed to import: /opt/airflow/dags/pipeline_procesamiento.py
Traceback (most recent call last):
  File "/home/airflow/.local/lib/python3.12/site-packages/airflow/models/dagbag.py", line 346, in parse
    loader.exec_module(new_module)
  File "<frozen importlib._bootstrap_external>", line 995, in exec_module
  File "<frozen importlib._bootstrap>", line 488, in _call_with_frames_removed
  File "/opt/airflow/dags/pipeline_procesamiento.py", line 9, in <module>
    from src.validacion.ventas_validator import validar_datos_ventas
ModuleNotFoundError: No module named 'src'
[2026-02-27T22:31:34.328+0000] {processor.py:842} WARNING - No viable dags retrieved from /opt/airflow/dags/pipeline_procesamiento.py
[2026-02-27T22:31:34.369+0000] {processor.py:183} INFO - Processing /opt/airflow/dags/pipeline_procesamiento.py took 0.088 seconds
[2026-02-27T22:32:04.847+0000] {processor.py:161} INFO - Started process (PID=989) to work on /opt/airflow/dags/pipeline_procesamiento.py
[2026-02-27T22:32:04.849+0000] {processor.py:830} INFO - Processing file /opt/airflow/dags/pipeline_procesamiento.py for tasks to queue
[2026-02-27T22:32:04.851+0000] {logging_mixin.py:188} INFO - [2026-02-27T22:32:04.851+0000] {dagbag.py:540} INFO - Filling up the DagBag from /opt/airflow/dags/pipeline_procesamiento.py
[2026-02-27T22:32:04.880+0000] {logging_mixin.py:188} INFO - [2026-02-27T22:32:04.873+0000] {dagbag.py:350} ERROR - Failed to import: /opt/airflow/dags/pipeline_procesamiento.py
Traceback (most recent call last):
  File "/home/airflow/.local/lib/python3.12/site-packages/airflow/models/dagbag.py", line 346, in parse
    loader.exec_module(new_module)
  File "<frozen importlib._bootstrap_external>", line 995, in exec_module
  File "<frozen importlib._bootstrap>", line 488, in _call_with_frames_removed
  File "/opt/airflow/dags/pipeline_procesamiento.py", line 9, in <module>
    from src.validacion.ventas_validator import validar_datos_ventas
ModuleNotFoundError: No module named 'src'
[2026-02-27T22:32:04.883+0000] {processor.py:842} WARNING - No viable dags retrieved from /opt/airflow/dags/pipeline_procesamiento.py
[2026-02-27T22:32:04.927+0000] {processor.py:183} INFO - Processing /opt/airflow/dags/pipeline_procesamiento.py took 0.091 seconds
[2026-02-27T22:32:35.183+0000] {processor.py:161} INFO - Started process (PID=997) to work on /opt/airflow/dags/pipeline_procesamiento.py
[2026-02-27T22:32:35.185+0000] {processor.py:830} INFO - Processing file /opt/airflow/dags/pipeline_procesamiento.py for tasks to queue
[2026-02-27T22:32:35.187+0000] {logging_mixin.py:188} INFO - [2026-02-27T22:32:35.186+0000] {dagbag.py:540} INFO - Filling up the DagBag from /opt/airflow/dags/pipeline_procesamiento.py
[2026-02-27T22:32:35.223+0000] {logging_mixin.py:188} INFO - [2026-02-27T22:32:35.214+0000] {dagbag.py:350} ERROR - Failed to import: /opt/airflow/dags/pipeline_procesamiento.py
Traceback (most recent call last):
  File "/home/airflow/.local/lib/python3.12/site-packages/airflow/models/dagbag.py", line 346, in parse
    loader.exec_module(new_module)
  File "<frozen importlib._bootstrap_external>", line 995, in exec_module
  File "<frozen importlib._bootstrap>", line 488, in _call_with_frames_removed
  File "/opt/airflow/dags/pipeline_procesamiento.py", line 9, in <module>
    from src.validacion.ventas_validator import validar_datos_ventas
ModuleNotFoundError: No module named 'src'
[2026-02-27T22:32:35.226+0000] {processor.py:842} WARNING - No viable dags retrieved from /opt/airflow/dags/pipeline_procesamiento.py
[2026-02-27T22:32:35.321+0000] {processor.py:183} INFO - Processing /opt/airflow/dags/pipeline_procesamiento.py took 0.111 seconds
[2026-02-27T22:33:05.757+0000] {processor.py:161} INFO - Started process (PID=1005) to work on /opt/airflow/dags/pipeline_procesamiento.py
[2026-02-27T22:33:05.759+0000] {processor.py:830} INFO - Processing file /opt/airflow/dags/pipeline_procesamiento.py for tasks to queue
[2026-02-27T22:33:05.761+0000] {logging_mixin.py:188} INFO - [2026-02-27T22:33:05.760+0000] {dagbag.py:540} INFO - Filling up the DagBag from /opt/airflow/dags/pipeline_procesamiento.py
[2026-02-27T22:33:05.797+0000] {logging_mixin.py:188} INFO - [2026-02-27T22:33:05.789+0000] {dagbag.py:350} ERROR - Failed to import: /opt/airflow/dags/pipeline_procesamiento.py
Traceback (most recent call last):
  File "/home/airflow/.local/lib/python3.12/site-packages/airflow/models/dagbag.py", line 346, in parse
    loader.exec_module(new_module)
  File "<frozen importlib._bootstrap_external>", line 995, in exec_module
  File "<frozen importlib._bootstrap>", line 488, in _call_with_frames_removed
  File "/opt/airflow/dags/pipeline_procesamiento.py", line 9, in <module>
    from src.validacion.ventas_validator import validar_datos_ventas
ModuleNotFoundError: No module named 'src'
[2026-02-27T22:33:05.800+0000] {processor.py:842} WARNING - No viable dags retrieved from /opt/airflow/dags/pipeline_procesamiento.py
[2026-02-27T22:33:05.849+0000] {processor.py:183} INFO - Processing /opt/airflow/dags/pipeline_procesamiento.py took 0.100 seconds
[2026-02-27T22:33:36.237+0000] {processor.py:161} INFO - Started process (PID=1013) to work on /opt/airflow/dags/pipeline_procesamiento.py
[2026-02-27T22:33:36.240+0000] {processor.py:830} INFO - Processing file /opt/airflow/dags/pipeline_procesamiento.py for tasks to queue
[2026-02-27T22:33:36.242+0000] {logging_mixin.py:188} INFO - [2026-02-27T22:33:36.242+0000] {dagbag.py:540} INFO - Filling up the DagBag from /opt/airflow/dags/pipeline_procesamiento.py
[2026-02-27T22:33:36.285+0000] {logging_mixin.py:188} INFO - [2026-02-27T22:33:36.277+0000] {dagbag.py:350} ERROR - Failed to import: /opt/airflow/dags/pipeline_procesamiento.py
Traceback (most recent call last):
  File "/home/airflow/.local/lib/python3.12/site-packages/airflow/models/dagbag.py", line 346, in parse
    loader.exec_module(new_module)
  File "<frozen importlib._bootstrap_external>", line 995, in exec_module
  File "<frozen importlib._bootstrap>", line 488, in _call_with_frames_removed
  File "/opt/airflow/dags/pipeline_procesamiento.py", line 9, in <module>
    from src.validacion.ventas_validator import validar_datos_ventas
ModuleNotFoundError: No module named 'src'
[2026-02-27T22:33:36.288+0000] {processor.py:842} WARNING - No viable dags retrieved from /opt/airflow/dags/pipeline_procesamiento.py
[2026-02-27T22:33:36.338+0000] {processor.py:183} INFO - Processing /opt/airflow/dags/pipeline_procesamiento.py took 0.110 seconds
[2026-02-27T22:34:06.804+0000] {processor.py:161} INFO - Started process (PID=1021) to work on /opt/airflow/dags/pipeline_procesamiento.py
[2026-02-27T22:34:06.806+0000] {processor.py:830} INFO - Processing file /opt/airflow/dags/pipeline_procesamiento.py for tasks to queue
[2026-02-27T22:34:06.809+0000] {logging_mixin.py:188} INFO - [2026-02-27T22:34:06.808+0000] {dagbag.py:540} INFO - Filling up the DagBag from /opt/airflow/dags/pipeline_procesamiento.py
[2026-02-27T22:34:06.854+0000] {logging_mixin.py:188} INFO - [2026-02-27T22:34:06.845+0000] {dagbag.py:350} ERROR - Failed to import: /opt/airflow/dags/pipeline_procesamiento.py
Traceback (most recent call last):
  File "/home/airflow/.local/lib/python3.12/site-packages/airflow/models/dagbag.py", line 346, in parse
    loader.exec_module(new_module)
  File "<frozen importlib._bootstrap_external>", line 995, in exec_module
  File "<frozen importlib._bootstrap>", line 488, in _call_with_frames_removed
  File "/opt/airflow/dags/pipeline_procesamiento.py", line 9, in <module>
    from src.validacion.ventas_validator import validar_datos_ventas
ModuleNotFoundError: No module named 'src'
[2026-02-27T22:34:06.858+0000] {processor.py:842} WARNING - No viable dags retrieved from /opt/airflow/dags/pipeline_procesamiento.py
[2026-02-27T22:34:06.904+0000] {processor.py:183} INFO - Processing /opt/airflow/dags/pipeline_procesamiento.py took 0.115 seconds
[2026-02-27T22:34:37.286+0000] {processor.py:161} INFO - Started process (PID=1029) to work on /opt/airflow/dags/pipeline_procesamiento.py
[2026-02-27T22:34:37.288+0000] {processor.py:830} INFO - Processing file /opt/airflow/dags/pipeline_procesamiento.py for tasks to queue
[2026-02-27T22:34:37.290+0000] {logging_mixin.py:188} INFO - [2026-02-27T22:34:37.289+0000] {dagbag.py:540} INFO - Filling up the DagBag from /opt/airflow/dags/pipeline_procesamiento.py
[2026-02-27T22:34:37.322+0000] {logging_mixin.py:188} INFO - [2026-02-27T22:34:37.316+0000] {dagbag.py:350} ERROR - Failed to import: /opt/airflow/dags/pipeline_procesamiento.py
Traceback (most recent call last):
  File "/home/airflow/.local/lib/python3.12/site-packages/airflow/models/dagbag.py", line 346, in parse
    loader.exec_module(new_module)
  File "<frozen importlib._bootstrap_external>", line 995, in exec_module
  File "<frozen importlib._bootstrap>", line 488, in _call_with_frames_removed
  File "/opt/airflow/dags/pipeline_procesamiento.py", line 9, in <module>
    from src.validacion.ventas_validator import validar_datos_ventas
ModuleNotFoundError: No module named 'src'
[2026-02-27T22:34:37.324+0000] {processor.py:842} WARNING - No viable dags retrieved from /opt/airflow/dags/pipeline_procesamiento.py
[2026-02-27T22:34:37.360+0000] {processor.py:183} INFO - Processing /opt/airflow/dags/pipeline_procesamiento.py took 0.082 seconds
[2026-02-27T22:35:07.703+0000] {processor.py:161} INFO - Started process (PID=1037) to work on /opt/airflow/dags/pipeline_procesamiento.py
[2026-02-27T22:35:07.705+0000] {processor.py:830} INFO - Processing file /opt/airflow/dags/pipeline_procesamiento.py for tasks to queue
[2026-02-27T22:35:07.707+0000] {logging_mixin.py:188} INFO - [2026-02-27T22:35:07.706+0000] {dagbag.py:540} INFO - Filling up the DagBag from /opt/airflow/dags/pipeline_procesamiento.py
[2026-02-27T22:35:07.749+0000] {logging_mixin.py:188} INFO - [2026-02-27T22:35:07.740+0000] {dagbag.py:350} ERROR - Failed to import: /opt/airflow/dags/pipeline_procesamiento.py
Traceback (most recent call last):
  File "/home/airflow/.local/lib/python3.12/site-packages/airflow/models/dagbag.py", line 346, in parse
    loader.exec_module(new_module)
  File "<frozen importlib._bootstrap_external>", line 995, in exec_module
  File "<frozen importlib._bootstrap>", line 488, in _call_with_frames_removed
  File "/opt/airflow/dags/pipeline_procesamiento.py", line 9, in <module>
    from src.validacion.ventas_validator import validar_datos_ventas
ModuleNotFoundError: No module named 'src'
[2026-02-27T22:35:07.753+0000] {processor.py:842} WARNING - No viable dags retrieved from /opt/airflow/dags/pipeline_procesamiento.py
[2026-02-27T22:35:07.789+0000] {processor.py:183} INFO - Processing /opt/airflow/dags/pipeline_procesamiento.py took 0.096 seconds
[2026-02-27T22:35:38.165+0000] {processor.py:161} INFO - Started process (PID=1045) to work on /opt/airflow/dags/pipeline_procesamiento.py
[2026-02-27T22:35:38.166+0000] {processor.py:830} INFO - Processing file /opt/airflow/dags/pipeline_procesamiento.py for tasks to queue
[2026-02-27T22:35:38.168+0000] {logging_mixin.py:188} INFO - [2026-02-27T22:35:38.167+0000] {dagbag.py:540} INFO - Filling up the DagBag from /opt/airflow/dags/pipeline_procesamiento.py
[2026-02-27T22:35:38.198+0000] {logging_mixin.py:188} INFO - [2026-02-27T22:35:38.192+0000] {dagbag.py:350} ERROR - Failed to import: /opt/airflow/dags/pipeline_procesamiento.py
Traceback (most recent call last):
  File "/home/airflow/.local/lib/python3.12/site-packages/airflow/models/dagbag.py", line 346, in parse
    loader.exec_module(new_module)
  File "<frozen importlib._bootstrap_external>", line 995, in exec_module
  File "<frozen importlib._bootstrap>", line 488, in _call_with_frames_removed
  File "/opt/airflow/dags/pipeline_procesamiento.py", line 9, in <module>
    from src.validacion.ventas_validator import validar_datos_ventas
ModuleNotFoundError: No module named 'src'
[2026-02-27T22:35:38.200+0000] {processor.py:842} WARNING - No viable dags retrieved from /opt/airflow/dags/pipeline_procesamiento.py
[2026-02-27T22:35:38.240+0000] {processor.py:183} INFO - Processing /opt/airflow/dags/pipeline_procesamiento.py took 0.083 seconds
[2026-02-27T22:36:08.595+0000] {processor.py:161} INFO - Started process (PID=1053) to work on /opt/airflow/dags/pipeline_procesamiento.py
[2026-02-27T22:36:08.597+0000] {processor.py:830} INFO - Processing file /opt/airflow/dags/pipeline_procesamiento.py for tasks to queue
[2026-02-27T22:36:08.598+0000] {logging_mixin.py:188} INFO - [2026-02-27T22:36:08.598+0000] {dagbag.py:540} INFO - Filling up the DagBag from /opt/airflow/dags/pipeline_procesamiento.py
[2026-02-27T22:36:08.630+0000] {logging_mixin.py:188} INFO - [2026-02-27T22:36:08.624+0000] {dagbag.py:350} ERROR - Failed to import: /opt/airflow/dags/pipeline_procesamiento.py
Traceback (most recent call last):
  File "/home/airflow/.local/lib/python3.12/site-packages/airflow/models/dagbag.py", line 346, in parse
    loader.exec_module(new_module)
  File "<frozen importlib._bootstrap_external>", line 995, in exec_module
  File "<frozen importlib._bootstrap>", line 488, in _call_with_frames_removed
  File "/opt/airflow/dags/pipeline_procesamiento.py", line 9, in <module>
    from src.validacion.ventas_validator import validar_datos_ventas
ModuleNotFoundError: No module named 'src'
[2026-02-27T22:36:08.633+0000] {processor.py:842} WARNING - No viable dags retrieved from /opt/airflow/dags/pipeline_procesamiento.py
[2026-02-27T22:36:08.667+0000] {processor.py:183} INFO - Processing /opt/airflow/dags/pipeline_procesamiento.py took 0.084 seconds
[2026-02-27T22:36:39.019+0000] {processor.py:161} INFO - Started process (PID=1061) to work on /opt/airflow/dags/pipeline_procesamiento.py
[2026-02-27T22:36:39.021+0000] {processor.py:830} INFO - Processing file /opt/airflow/dags/pipeline_procesamiento.py for tasks to queue
[2026-02-27T22:36:39.022+0000] {logging_mixin.py:188} INFO - [2026-02-27T22:36:39.022+0000] {dagbag.py:540} INFO - Filling up the DagBag from /opt/airflow/dags/pipeline_procesamiento.py
[2026-02-27T22:36:39.050+0000] {logging_mixin.py:188} INFO - [2026-02-27T22:36:39.044+0000] {dagbag.py:350} ERROR - Failed to import: /opt/airflow/dags/pipeline_procesamiento.py
Traceback (most recent call last):
  File "/home/airflow/.local/lib/python3.12/site-packages/airflow/models/dagbag.py", line 346, in parse
    loader.exec_module(new_module)
  File "<frozen importlib._bootstrap_external>", line 995, in exec_module
  File "<frozen importlib._bootstrap>", line 488, in _call_with_frames_removed
  File "/opt/airflow/dags/pipeline_procesamiento.py", line 9, in <module>
    from src.validacion.ventas_validator import validar_datos_ventas
ModuleNotFoundError: No module named 'src'
[2026-02-27T22:36:39.054+0000] {processor.py:842} WARNING - No viable dags retrieved from /opt/airflow/dags/pipeline_procesamiento.py
[2026-02-27T22:36:39.101+0000] {processor.py:183} INFO - Processing /opt/airflow/dags/pipeline_procesamiento.py took 0.091 seconds
[2026-02-27T22:37:09.541+0000] {processor.py:161} INFO - Started process (PID=1069) to work on /opt/airflow/dags/pipeline_procesamiento.py
[2026-02-27T22:37:09.543+0000] {processor.py:830} INFO - Processing file /opt/airflow/dags/pipeline_procesamiento.py for tasks to queue
[2026-02-27T22:37:09.545+0000] {logging_mixin.py:188} INFO - [2026-02-27T22:37:09.544+0000] {dagbag.py:540} INFO - Filling up the DagBag from /opt/airflow/dags/pipeline_procesamiento.py
[2026-02-27T22:37:09.590+0000] {logging_mixin.py:188} INFO - [2026-02-27T22:37:09.579+0000] {dagbag.py:350} ERROR - Failed to import: /opt/airflow/dags/pipeline_procesamiento.py
Traceback (most recent call last):
  File "/home/airflow/.local/lib/python3.12/site-packages/airflow/models/dagbag.py", line 346, in parse
    loader.exec_module(new_module)
  File "<frozen importlib._bootstrap_external>", line 995, in exec_module
  File "<frozen importlib._bootstrap>", line 488, in _call_with_frames_removed
  File "/opt/airflow/dags/pipeline_procesamiento.py", line 9, in <module>
    from src.validacion.ventas_validator import validar_datos_ventas
ModuleNotFoundError: No module named 'src'
[2026-02-27T22:37:09.593+0000] {processor.py:842} WARNING - No viable dags retrieved from /opt/airflow/dags/pipeline_procesamiento.py
[2026-02-27T22:37:09.631+0000] {processor.py:183} INFO - Processing /opt/airflow/dags/pipeline_procesamiento.py took 0.097 seconds
[2026-02-27T22:37:39.981+0000] {processor.py:161} INFO - Started process (PID=1077) to work on /opt/airflow/dags/pipeline_procesamiento.py
[2026-02-27T22:37:39.983+0000] {processor.py:830} INFO - Processing file /opt/airflow/dags/pipeline_procesamiento.py for tasks to queue
[2026-02-27T22:37:39.986+0000] {logging_mixin.py:188} INFO - [2026-02-27T22:37:39.985+0000] {dagbag.py:540} INFO - Filling up the DagBag from /opt/airflow/dags/pipeline_procesamiento.py
[2026-02-27T22:37:40.027+0000] {logging_mixin.py:188} INFO - [2026-02-27T22:37:40.019+0000] {dagbag.py:350} ERROR - Failed to import: /opt/airflow/dags/pipeline_procesamiento.py
Traceback (most recent call last):
  File "/home/airflow/.local/lib/python3.12/site-packages/airflow/models/dagbag.py", line 346, in parse
    loader.exec_module(new_module)
  File "<frozen importlib._bootstrap_external>", line 995, in exec_module
  File "<frozen importlib._bootstrap>", line 488, in _call_with_frames_removed
  File "/opt/airflow/dags/pipeline_procesamiento.py", line 9, in <module>
    from src.validacion.ventas_validator import validar_datos_ventas
ModuleNotFoundError: No module named 'src'
[2026-02-27T22:37:40.029+0000] {processor.py:842} WARNING - No viable dags retrieved from /opt/airflow/dags/pipeline_procesamiento.py
[2026-02-27T22:37:40.069+0000] {processor.py:183} INFO - Processing /opt/airflow/dags/pipeline_procesamiento.py took 0.100 seconds
[2026-02-27T22:38:10.496+0000] {processor.py:161} INFO - Started process (PID=1085) to work on /opt/airflow/dags/pipeline_procesamiento.py
[2026-02-27T22:38:10.498+0000] {processor.py:830} INFO - Processing file /opt/airflow/dags/pipeline_procesamiento.py for tasks to queue
[2026-02-27T22:38:10.500+0000] {logging_mixin.py:188} INFO - [2026-02-27T22:38:10.500+0000] {dagbag.py:540} INFO - Filling up the DagBag from /opt/airflow/dags/pipeline_procesamiento.py
[2026-02-27T22:38:10.541+0000] {logging_mixin.py:188} INFO - [2026-02-27T22:38:10.533+0000] {dagbag.py:350} ERROR - Failed to import: /opt/airflow/dags/pipeline_procesamiento.py
Traceback (most recent call last):
  File "/home/airflow/.local/lib/python3.12/site-packages/airflow/models/dagbag.py", line 346, in parse
    loader.exec_module(new_module)
  File "<frozen importlib._bootstrap_external>", line 995, in exec_module
  File "<frozen importlib._bootstrap>", line 488, in _call_with_frames_removed
  File "/opt/airflow/dags/pipeline_procesamiento.py", line 9, in <module>
    from src.validacion.ventas_validator import validar_datos_ventas
ModuleNotFoundError: No module named 'src'
[2026-02-27T22:38:10.544+0000] {processor.py:842} WARNING - No viable dags retrieved from /opt/airflow/dags/pipeline_procesamiento.py
[2026-02-27T22:38:10.589+0000] {processor.py:183} INFO - Processing /opt/airflow/dags/pipeline_procesamiento.py took 0.102 seconds
[2026-02-27T22:38:41.015+0000] {processor.py:161} INFO - Started process (PID=1093) to work on /opt/airflow/dags/pipeline_procesamiento.py
[2026-02-27T22:38:41.017+0000] {processor.py:830} INFO - Processing file /opt/airflow/dags/pipeline_procesamiento.py for tasks to queue
[2026-02-27T22:38:41.019+0000] {logging_mixin.py:188} INFO - [2026-02-27T22:38:41.018+0000] {dagbag.py:540} INFO - Filling up the DagBag from /opt/airflow/dags/pipeline_procesamiento.py
[2026-02-27T22:38:41.047+0000] {logging_mixin.py:188} INFO - [2026-02-27T22:38:41.041+0000] {dagbag.py:350} ERROR - Failed to import: /opt/airflow/dags/pipeline_procesamiento.py
Traceback (most recent call last):
  File "/home/airflow/.local/lib/python3.12/site-packages/airflow/models/dagbag.py", line 346, in parse
    loader.exec_module(new_module)
  File "<frozen importlib._bootstrap_external>", line 995, in exec_module
  File "<frozen importlib._bootstrap>", line 488, in _call_with_frames_removed
  File "/opt/airflow/dags/pipeline_procesamiento.py", line 9, in <module>
    from src.validacion.ventas_validator import validar_datos_ventas
ModuleNotFoundError: No module named 'src'
[2026-02-27T22:38:41.050+0000] {processor.py:842} WARNING - No viable dags retrieved from /opt/airflow/dags/pipeline_procesamiento.py
[2026-02-27T22:38:41.082+0000] {processor.py:183} INFO - Processing /opt/airflow/dags/pipeline_procesamiento.py took 0.075 seconds
[2026-02-27T22:39:11.385+0000] {processor.py:161} INFO - Started process (PID=1101) to work on /opt/airflow/dags/pipeline_procesamiento.py
[2026-02-27T22:39:11.388+0000] {processor.py:830} INFO - Processing file /opt/airflow/dags/pipeline_procesamiento.py for tasks to queue
[2026-02-27T22:39:11.390+0000] {logging_mixin.py:188} INFO - [2026-02-27T22:39:11.389+0000] {dagbag.py:540} INFO - Filling up the DagBag from /opt/airflow/dags/pipeline_procesamiento.py
[2026-02-27T22:39:11.441+0000] {logging_mixin.py:188} INFO - [2026-02-27T22:39:11.431+0000] {dagbag.py:350} ERROR - Failed to import: /opt/airflow/dags/pipeline_procesamiento.py
Traceback (most recent call last):
  File "/home/airflow/.local/lib/python3.12/site-packages/airflow/models/dagbag.py", line 346, in parse
    loader.exec_module(new_module)
  File "<frozen importlib._bootstrap_external>", line 995, in exec_module
  File "<frozen importlib._bootstrap>", line 488, in _call_with_frames_removed
  File "/opt/airflow/dags/pipeline_procesamiento.py", line 9, in <module>
    from src.validacion.ventas_validator import validar_datos_ventas
ModuleNotFoundError: No module named 'src'
[2026-02-27T22:39:11.445+0000] {processor.py:842} WARNING - No viable dags retrieved from /opt/airflow/dags/pipeline_procesamiento.py
[2026-02-27T22:39:11.488+0000] {processor.py:183} INFO - Processing /opt/airflow/dags/pipeline_procesamiento.py took 0.110 seconds
[2026-02-27T22:39:41.971+0000] {processor.py:161} INFO - Started process (PID=1109) to work on /opt/airflow/dags/pipeline_procesamiento.py
[2026-02-27T22:39:41.972+0000] {processor.py:830} INFO - Processing file /opt/airflow/dags/pipeline_procesamiento.py for tasks to queue
[2026-02-27T22:39:41.974+0000] {logging_mixin.py:188} INFO - [2026-02-27T22:39:41.974+0000] {dagbag.py:540} INFO - Filling up the DagBag from /opt/airflow/dags/pipeline_procesamiento.py
[2026-02-27T22:39:42.017+0000] {logging_mixin.py:188} INFO - [2026-02-27T22:39:42.009+0000] {dagbag.py:350} ERROR - Failed to import: /opt/airflow/dags/pipeline_procesamiento.py
Traceback (most recent call last):
  File "/home/airflow/.local/lib/python3.12/site-packages/airflow/models/dagbag.py", line 346, in parse
    loader.exec_module(new_module)
  File "<frozen importlib._bootstrap_external>", line 995, in exec_module
  File "<frozen importlib._bootstrap>", line 488, in _call_with_frames_removed
  File "/opt/airflow/dags/pipeline_procesamiento.py", line 9, in <module>
    from src.validacion.ventas_validator import validar_datos_ventas
ModuleNotFoundError: No module named 'src'
[2026-02-27T22:39:42.022+0000] {processor.py:842} WARNING - No viable dags retrieved from /opt/airflow/dags/pipeline_procesamiento.py
[2026-02-27T22:39:42.067+0000] {processor.py:183} INFO - Processing /opt/airflow/dags/pipeline_procesamiento.py took 0.104 seconds
[2026-02-27T22:40:12.564+0000] {processor.py:161} INFO - Started process (PID=1117) to work on /opt/airflow/dags/pipeline_procesamiento.py
[2026-02-27T22:40:12.567+0000] {processor.py:830} INFO - Processing file /opt/airflow/dags/pipeline_procesamiento.py for tasks to queue
[2026-02-27T22:40:12.569+0000] {logging_mixin.py:188} INFO - [2026-02-27T22:40:12.568+0000] {dagbag.py:540} INFO - Filling up the DagBag from /opt/airflow/dags/pipeline_procesamiento.py
[2026-02-27T22:40:12.606+0000] {logging_mixin.py:188} INFO - [2026-02-27T22:40:12.598+0000] {dagbag.py:350} ERROR - Failed to import: /opt/airflow/dags/pipeline_procesamiento.py
Traceback (most recent call last):
  File "/home/airflow/.local/lib/python3.12/site-packages/airflow/models/dagbag.py", line 346, in parse
    loader.exec_module(new_module)
  File "<frozen importlib._bootstrap_external>", line 995, in exec_module
  File "<frozen importlib._bootstrap>", line 488, in _call_with_frames_removed
  File "/opt/airflow/dags/pipeline_procesamiento.py", line 9, in <module>
    from src.validacion.ventas_validator import validar_datos_ventas
ModuleNotFoundError: No module named 'src'
[2026-02-27T22:40:12.609+0000] {processor.py:842} WARNING - No viable dags retrieved from /opt/airflow/dags/pipeline_procesamiento.py
[2026-02-27T22:40:12.656+0000] {processor.py:183} INFO - Processing /opt/airflow/dags/pipeline_procesamiento.py took 0.100 seconds
[2026-02-27T22:40:43.103+0000] {processor.py:161} INFO - Started process (PID=1125) to work on /opt/airflow/dags/pipeline_procesamiento.py
[2026-02-27T22:40:43.105+0000] {processor.py:830} INFO - Processing file /opt/airflow/dags/pipeline_procesamiento.py for tasks to queue
[2026-02-27T22:40:43.107+0000] {logging_mixin.py:188} INFO - [2026-02-27T22:40:43.106+0000] {dagbag.py:540} INFO - Filling up the DagBag from /opt/airflow/dags/pipeline_procesamiento.py
[2026-02-27T22:40:43.152+0000] {logging_mixin.py:188} INFO - [2026-02-27T22:40:43.144+0000] {dagbag.py:350} ERROR - Failed to import: /opt/airflow/dags/pipeline_procesamiento.py
Traceback (most recent call last):
  File "/home/airflow/.local/lib/python3.12/site-packages/airflow/models/dagbag.py", line 346, in parse
    loader.exec_module(new_module)
  File "<frozen importlib._bootstrap_external>", line 995, in exec_module
  File "<frozen importlib._bootstrap>", line 488, in _call_with_frames_removed
  File "/opt/airflow/dags/pipeline_procesamiento.py", line 9, in <module>
    from src.validacion.ventas_validator import validar_datos_ventas
ModuleNotFoundError: No module named 'src'
[2026-02-27T22:40:43.155+0000] {processor.py:842} WARNING - No viable dags retrieved from /opt/airflow/dags/pipeline_procesamiento.py
[2026-02-27T22:40:43.191+0000] {processor.py:183} INFO - Processing /opt/airflow/dags/pipeline_procesamiento.py took 0.098 seconds
[2026-02-27T22:41:13.716+0000] {processor.py:161} INFO - Started process (PID=1133) to work on /opt/airflow/dags/pipeline_procesamiento.py
[2026-02-27T22:41:13.718+0000] {processor.py:830} INFO - Processing file /opt/airflow/dags/pipeline_procesamiento.py for tasks to queue
[2026-02-27T22:41:13.720+0000] {logging_mixin.py:188} INFO - [2026-02-27T22:41:13.719+0000] {dagbag.py:540} INFO - Filling up the DagBag from /opt/airflow/dags/pipeline_procesamiento.py
[2026-02-27T22:41:13.771+0000] {logging_mixin.py:188} INFO - [2026-02-27T22:41:13.762+0000] {dagbag.py:350} ERROR - Failed to import: /opt/airflow/dags/pipeline_procesamiento.py
Traceback (most recent call last):
  File "/home/airflow/.local/lib/python3.12/site-packages/airflow/models/dagbag.py", line 346, in parse
    loader.exec_module(new_module)
  File "<frozen importlib._bootstrap_external>", line 995, in exec_module
  File "<frozen importlib._bootstrap>", line 488, in _call_with_frames_removed
  File "/opt/airflow/dags/pipeline_procesamiento.py", line 9, in <module>
    from src.validacion.ventas_validator import validar_datos_ventas
ModuleNotFoundError: No module named 'src'
[2026-02-27T22:41:13.774+0000] {processor.py:842} WARNING - No viable dags retrieved from /opt/airflow/dags/pipeline_procesamiento.py
[2026-02-27T22:41:13.809+0000] {processor.py:183} INFO - Processing /opt/airflow/dags/pipeline_procesamiento.py took 0.101 seconds
[2026-02-27T22:41:45.058+0000] {processor.py:161} INFO - Started process (PID=1142) to work on /opt/airflow/dags/pipeline_procesamiento.py
[2026-02-27T22:41:45.060+0000] {processor.py:830} INFO - Processing file /opt/airflow/dags/pipeline_procesamiento.py for tasks to queue
[2026-02-27T22:41:45.062+0000] {logging_mixin.py:188} INFO - [2026-02-27T22:41:45.061+0000] {dagbag.py:540} INFO - Filling up the DagBag from /opt/airflow/dags/pipeline_procesamiento.py
[2026-02-27T22:41:45.116+0000] {logging_mixin.py:188} INFO - [2026-02-27T22:41:45.106+0000] {dagbag.py:350} ERROR - Failed to import: /opt/airflow/dags/pipeline_procesamiento.py
Traceback (most recent call last):
  File "/home/airflow/.local/lib/python3.12/site-packages/airflow/models/dagbag.py", line 346, in parse
    loader.exec_module(new_module)
  File "<frozen importlib._bootstrap_external>", line 995, in exec_module
  File "<frozen importlib._bootstrap>", line 488, in _call_with_frames_removed
  File "/opt/airflow/dags/pipeline_procesamiento.py", line 9, in <module>
    from src.validacion.ventas_validator import validar_datos_ventas
ModuleNotFoundError: No module named 'src'
[2026-02-27T22:41:45.120+0000] {processor.py:842} WARNING - No viable dags retrieved from /opt/airflow/dags/pipeline_procesamiento.py
[2026-02-27T22:41:45.159+0000] {processor.py:183} INFO - Processing /opt/airflow/dags/pipeline_procesamiento.py took 0.108 seconds
[2026-02-27T22:42:16.024+0000] {processor.py:161} INFO - Started process (PID=1151) to work on /opt/airflow/dags/pipeline_procesamiento.py
[2026-02-27T22:42:16.025+0000] {processor.py:830} INFO - Processing file /opt/airflow/dags/pipeline_procesamiento.py for tasks to queue
[2026-02-27T22:42:16.028+0000] {logging_mixin.py:188} INFO - [2026-02-27T22:42:16.027+0000] {dagbag.py:540} INFO - Filling up the DagBag from /opt/airflow/dags/pipeline_procesamiento.py
[2026-02-27T22:42:16.070+0000] {logging_mixin.py:188} INFO - [2026-02-27T22:42:16.062+0000] {dagbag.py:350} ERROR - Failed to import: /opt/airflow/dags/pipeline_procesamiento.py
Traceback (most recent call last):
  File "/home/airflow/.local/lib/python3.12/site-packages/airflow/models/dagbag.py", line 346, in parse
    loader.exec_module(new_module)
  File "<frozen importlib._bootstrap_external>", line 995, in exec_module
  File "<frozen importlib._bootstrap>", line 488, in _call_with_frames_removed
  File "/opt/airflow/dags/pipeline_procesamiento.py", line 9, in <module>
    from src.validacion.ventas_validator import validar_datos_ventas
ModuleNotFoundError: No module named 'src'
[2026-02-27T22:42:16.074+0000] {processor.py:842} WARNING - No viable dags retrieved from /opt/airflow/dags/pipeline_procesamiento.py
[2026-02-27T22:42:16.118+0000] {processor.py:183} INFO - Processing /opt/airflow/dags/pipeline_procesamiento.py took 0.105 seconds
[2026-02-27T22:42:46.731+0000] {processor.py:161} INFO - Started process (PID=1160) to work on /opt/airflow/dags/pipeline_procesamiento.py
[2026-02-27T22:42:46.733+0000] {processor.py:830} INFO - Processing file /opt/airflow/dags/pipeline_procesamiento.py for tasks to queue
[2026-02-27T22:42:46.735+0000] {logging_mixin.py:188} INFO - [2026-02-27T22:42:46.735+0000] {dagbag.py:540} INFO - Filling up the DagBag from /opt/airflow/dags/pipeline_procesamiento.py
[2026-02-27T22:42:46.777+0000] {logging_mixin.py:188} INFO - [2026-02-27T22:42:46.769+0000] {dagbag.py:350} ERROR - Failed to import: /opt/airflow/dags/pipeline_procesamiento.py
Traceback (most recent call last):
  File "/home/airflow/.local/lib/python3.12/site-packages/airflow/models/dagbag.py", line 346, in parse
    loader.exec_module(new_module)
  File "<frozen importlib._bootstrap_external>", line 995, in exec_module
  File "<frozen importlib._bootstrap>", line 488, in _call_with_frames_removed
  File "/opt/airflow/dags/pipeline_procesamiento.py", line 9, in <module>
    from src.validacion.ventas_validator import validar_datos_ventas
ModuleNotFoundError: No module named 'src'
[2026-02-27T22:42:46.780+0000] {processor.py:842} WARNING - No viable dags retrieved from /opt/airflow/dags/pipeline_procesamiento.py
[2026-02-27T22:42:46.822+0000] {processor.py:183} INFO - Processing /opt/airflow/dags/pipeline_procesamiento.py took 0.100 seconds
[2026-02-27T22:43:17.596+0000] {processor.py:161} INFO - Started process (PID=1169) to work on /opt/airflow/dags/pipeline_procesamiento.py
[2026-02-27T22:43:17.598+0000] {processor.py:830} INFO - Processing file /opt/airflow/dags/pipeline_procesamiento.py for tasks to queue
[2026-02-27T22:43:17.600+0000] {logging_mixin.py:188} INFO - [2026-02-27T22:43:17.600+0000] {dagbag.py:540} INFO - Filling up the DagBag from /opt/airflow/dags/pipeline_procesamiento.py
[2026-02-27T22:43:17.653+0000] {logging_mixin.py:188} INFO - [2026-02-27T22:43:17.642+0000] {dagbag.py:350} ERROR - Failed to import: /opt/airflow/dags/pipeline_procesamiento.py
Traceback (most recent call last):
  File "/home/airflow/.local/lib/python3.12/site-packages/airflow/models/dagbag.py", line 346, in parse
    loader.exec_module(new_module)
  File "<frozen importlib._bootstrap_external>", line 995, in exec_module
  File "<frozen importlib._bootstrap>", line 488, in _call_with_frames_removed
  File "/opt/airflow/dags/pipeline_procesamiento.py", line 9, in <module>
    from src.validacion.ventas_validator import validar_datos_ventas
ModuleNotFoundError: No module named 'src'
[2026-02-27T22:43:17.657+0000] {processor.py:842} WARNING - No viable dags retrieved from /opt/airflow/dags/pipeline_procesamiento.py
[2026-02-27T22:43:17.700+0000] {processor.py:183} INFO - Processing /opt/airflow/dags/pipeline_procesamiento.py took 0.114 seconds
[2026-02-27T22:43:48.403+0000] {processor.py:161} INFO - Started process (PID=1178) to work on /opt/airflow/dags/pipeline_procesamiento.py
[2026-02-27T22:43:48.405+0000] {processor.py:830} INFO - Processing file /opt/airflow/dags/pipeline_procesamiento.py for tasks to queue
[2026-02-27T22:43:48.407+0000] {logging_mixin.py:188} INFO - [2026-02-27T22:43:48.406+0000] {dagbag.py:540} INFO - Filling up the DagBag from /opt/airflow/dags/pipeline_procesamiento.py
[2026-02-27T22:43:48.444+0000] {logging_mixin.py:188} INFO - [2026-02-27T22:43:48.437+0000] {dagbag.py:350} ERROR - Failed to import: /opt/airflow/dags/pipeline_procesamiento.py
Traceback (most recent call last):
  File "/home/airflow/.local/lib/python3.12/site-packages/airflow/models/dagbag.py", line 346, in parse
    loader.exec_module(new_module)
  File "<frozen importlib._bootstrap_external>", line 995, in exec_module
  File "<frozen importlib._bootstrap>", line 488, in _call_with_frames_removed
  File "/opt/airflow/dags/pipeline_procesamiento.py", line 9, in <module>
    from src.validacion.ventas_validator import validar_datos_ventas
ModuleNotFoundError: No module named 'src'
[2026-02-27T22:43:48.447+0000] {processor.py:842} WARNING - No viable dags retrieved from /opt/airflow/dags/pipeline_procesamiento.py
[2026-02-27T22:43:48.482+0000] {processor.py:183} INFO - Processing /opt/airflow/dags/pipeline_procesamiento.py took 0.092 seconds
[2026-02-27T22:44:19.243+0000] {processor.py:161} INFO - Started process (PID=1187) to work on /opt/airflow/dags/pipeline_procesamiento.py
[2026-02-27T22:44:19.244+0000] {processor.py:830} INFO - Processing file /opt/airflow/dags/pipeline_procesamiento.py for tasks to queue
[2026-02-27T22:44:19.246+0000] {logging_mixin.py:188} INFO - [2026-02-27T22:44:19.245+0000] {dagbag.py:540} INFO - Filling up the DagBag from /opt/airflow/dags/pipeline_procesamiento.py
[2026-02-27T22:44:19.290+0000] {logging_mixin.py:188} INFO - [2026-02-27T22:44:19.280+0000] {dagbag.py:350} ERROR - Failed to import: /opt/airflow/dags/pipeline_procesamiento.py
Traceback (most recent call last):
  File "/home/airflow/.local/lib/python3.12/site-packages/airflow/models/dagbag.py", line 346, in parse
    loader.exec_module(new_module)
  File "<frozen importlib._bootstrap_external>", line 995, in exec_module
  File "<frozen importlib._bootstrap>", line 488, in _call_with_frames_removed
  File "/opt/airflow/dags/pipeline_procesamiento.py", line 9, in <module>
    from src.validacion.ventas_validator import validar_datos_ventas
ModuleNotFoundError: No module named 'src'
[2026-02-27T22:44:19.294+0000] {processor.py:842} WARNING - No viable dags retrieved from /opt/airflow/dags/pipeline_procesamiento.py
[2026-02-27T22:44:19.337+0000] {processor.py:183} INFO - Processing /opt/airflow/dags/pipeline_procesamiento.py took 0.102 seconds
[2026-02-27T22:44:49.911+0000] {processor.py:161} INFO - Started process (PID=1196) to work on /opt/airflow/dags/pipeline_procesamiento.py
[2026-02-27T22:44:49.913+0000] {processor.py:830} INFO - Processing file /opt/airflow/dags/pipeline_procesamiento.py for tasks to queue
[2026-02-27T22:44:49.914+0000] {logging_mixin.py:188} INFO - [2026-02-27T22:44:49.914+0000] {dagbag.py:540} INFO - Filling up the DagBag from /opt/airflow/dags/pipeline_procesamiento.py
[2026-02-27T22:44:49.948+0000] {logging_mixin.py:188} INFO - [2026-02-27T22:44:49.942+0000] {dagbag.py:350} ERROR - Failed to import: /opt/airflow/dags/pipeline_procesamiento.py
Traceback (most recent call last):
  File "/home/airflow/.local/lib/python3.12/site-packages/airflow/models/dagbag.py", line 346, in parse
    loader.exec_module(new_module)
  File "<frozen importlib._bootstrap_external>", line 995, in exec_module
  File "<frozen importlib._bootstrap>", line 488, in _call_with_frames_removed
  File "/opt/airflow/dags/pipeline_procesamiento.py", line 9, in <module>
    from src.validacion.ventas_validator import validar_datos_ventas
ModuleNotFoundError: No module named 'src'
[2026-02-27T22:44:49.950+0000] {processor.py:842} WARNING - No viable dags retrieved from /opt/airflow/dags/pipeline_procesamiento.py
[2026-02-27T22:44:49.985+0000] {processor.py:183} INFO - Processing /opt/airflow/dags/pipeline_procesamiento.py took 0.081 seconds
[2026-02-27T22:45:20.654+0000] {processor.py:161} INFO - Started process (PID=1205) to work on /opt/airflow/dags/pipeline_procesamiento.py
[2026-02-27T22:45:20.656+0000] {processor.py:830} INFO - Processing file /opt/airflow/dags/pipeline_procesamiento.py for tasks to queue
[2026-02-27T22:45:20.658+0000] {logging_mixin.py:188} INFO - [2026-02-27T22:45:20.658+0000] {dagbag.py:540} INFO - Filling up the DagBag from /opt/airflow/dags/pipeline_procesamiento.py
[2026-02-27T22:45:20.691+0000] {logging_mixin.py:188} INFO - [2026-02-27T22:45:20.684+0000] {dagbag.py:350} ERROR - Failed to import: /opt/airflow/dags/pipeline_procesamiento.py
Traceback (most recent call last):
  File "/home/airflow/.local/lib/python3.12/site-packages/airflow/models/dagbag.py", line 346, in parse
    loader.exec_module(new_module)
  File "<frozen importlib._bootstrap_external>", line 995, in exec_module
  File "<frozen importlib._bootstrap>", line 488, in _call_with_frames_removed
  File "/opt/airflow/dags/pipeline_procesamiento.py", line 9, in <module>
    from src.validacion.ventas_validator import validar_datos_ventas
ModuleNotFoundError: No module named 'src'
[2026-02-27T22:45:20.694+0000] {processor.py:842} WARNING - No viable dags retrieved from /opt/airflow/dags/pipeline_procesamiento.py
[2026-02-27T22:45:20.737+0000] {processor.py:183} INFO - Processing /opt/airflow/dags/pipeline_procesamiento.py took 0.090 seconds
[2026-02-27T22:45:51.389+0000] {processor.py:161} INFO - Started process (PID=1214) to work on /opt/airflow/dags/pipeline_procesamiento.py
[2026-02-27T22:45:51.390+0000] {processor.py:830} INFO - Processing file /opt/airflow/dags/pipeline_procesamiento.py for tasks to queue
[2026-02-27T22:45:51.391+0000] {logging_mixin.py:188} INFO - [2026-02-27T22:45:51.391+0000] {dagbag.py:540} INFO - Filling up the DagBag from /opt/airflow/dags/pipeline_procesamiento.py
[2026-02-27T22:45:51.411+0000] {logging_mixin.py:188} INFO - [2026-02-27T22:45:51.407+0000] {dagbag.py:350} ERROR - Failed to import: /opt/airflow/dags/pipeline_procesamiento.py
Traceback (most recent call last):
  File "/home/airflow/.local/lib/python3.12/site-packages/airflow/models/dagbag.py", line 346, in parse
    loader.exec_module(new_module)
  File "<frozen importlib._bootstrap_external>", line 995, in exec_module
  File "<frozen importlib._bootstrap>", line 488, in _call_with_frames_removed
  File "/opt/airflow/dags/pipeline_procesamiento.py", line 9, in <module>
    from src.validacion.ventas_validator import validar_datos_ventas
ModuleNotFoundError: No module named 'src'
[2026-02-27T22:45:51.412+0000] {processor.py:842} WARNING - No viable dags retrieved from /opt/airflow/dags/pipeline_procesamiento.py
[2026-02-27T22:45:51.447+0000] {processor.py:183} INFO - Processing /opt/airflow/dags/pipeline_procesamiento.py took 0.066 seconds
[2026-02-27T22:46:22.256+0000] {processor.py:161} INFO - Started process (PID=1223) to work on /opt/airflow/dags/pipeline_procesamiento.py
[2026-02-27T22:46:22.258+0000] {processor.py:830} INFO - Processing file /opt/airflow/dags/pipeline_procesamiento.py for tasks to queue
[2026-02-27T22:46:22.260+0000] {logging_mixin.py:188} INFO - [2026-02-27T22:46:22.259+0000] {dagbag.py:540} INFO - Filling up the DagBag from /opt/airflow/dags/pipeline_procesamiento.py
[2026-02-27T22:46:22.321+0000] {logging_mixin.py:188} INFO - [2026-02-27T22:46:22.309+0000] {dagbag.py:350} ERROR - Failed to import: /opt/airflow/dags/pipeline_procesamiento.py
Traceback (most recent call last):
  File "/home/airflow/.local/lib/python3.12/site-packages/airflow/models/dagbag.py", line 346, in parse
    loader.exec_module(new_module)
  File "<frozen importlib._bootstrap_external>", line 995, in exec_module
  File "<frozen importlib._bootstrap>", line 488, in _call_with_frames_removed
  File "/opt/airflow/dags/pipeline_procesamiento.py", line 9, in <module>
    from src.validacion.ventas_validator import validar_datos_ventas
ModuleNotFoundError: No module named 'src'
[2026-02-27T22:46:22.326+0000] {processor.py:842} WARNING - No viable dags retrieved from /opt/airflow/dags/pipeline_procesamiento.py
[2026-02-27T22:46:22.374+0000] {processor.py:183} INFO - Processing /opt/airflow/dags/pipeline_procesamiento.py took 0.126 seconds
[2026-02-27T22:46:52.720+0000] {processor.py:161} INFO - Started process (PID=1232) to work on /opt/airflow/dags/pipeline_procesamiento.py
[2026-02-27T22:46:52.721+0000] {processor.py:830} INFO - Processing file /opt/airflow/dags/pipeline_procesamiento.py for tasks to queue
[2026-02-27T22:46:52.723+0000] {logging_mixin.py:188} INFO - [2026-02-27T22:46:52.722+0000] {dagbag.py:540} INFO - Filling up the DagBag from /opt/airflow/dags/pipeline_procesamiento.py
[2026-02-27T22:46:52.754+0000] {logging_mixin.py:188} INFO - [2026-02-27T22:46:52.749+0000] {dagbag.py:350} ERROR - Failed to import: /opt/airflow/dags/pipeline_procesamiento.py
Traceback (most recent call last):
  File "/home/airflow/.local/lib/python3.12/site-packages/airflow/models/dagbag.py", line 346, in parse
    loader.exec_module(new_module)
  File "<frozen importlib._bootstrap_external>", line 995, in exec_module
  File "<frozen importlib._bootstrap>", line 488, in _call_with_frames_removed
  File "/opt/airflow/dags/pipeline_procesamiento.py", line 9, in <module>
    from src.validacion.ventas_validator import validar_datos_ventas
ModuleNotFoundError: No module named 'src'
[2026-02-27T22:46:52.757+0000] {processor.py:842} WARNING - No viable dags retrieved from /opt/airflow/dags/pipeline_procesamiento.py
[2026-02-27T22:46:52.804+0000] {processor.py:183} INFO - Processing /opt/airflow/dags/pipeline_procesamiento.py took 0.097 seconds
[2026-02-27T22:47:23.680+0000] {processor.py:161} INFO - Started process (PID=1241) to work on /opt/airflow/dags/pipeline_procesamiento.py
[2026-02-27T22:47:23.681+0000] {processor.py:830} INFO - Processing file /opt/airflow/dags/pipeline_procesamiento.py for tasks to queue
[2026-02-27T22:47:23.683+0000] {logging_mixin.py:188} INFO - [2026-02-27T22:47:23.682+0000] {dagbag.py:540} INFO - Filling up the DagBag from /opt/airflow/dags/pipeline_procesamiento.py
[2026-02-27T22:47:23.728+0000] {logging_mixin.py:188} INFO - [2026-02-27T22:47:23.719+0000] {dagbag.py:350} ERROR - Failed to import: /opt/airflow/dags/pipeline_procesamiento.py
Traceback (most recent call last):
  File "/home/airflow/.local/lib/python3.12/site-packages/airflow/models/dagbag.py", line 346, in parse
    loader.exec_module(new_module)
  File "<frozen importlib._bootstrap_external>", line 995, in exec_module
  File "<frozen importlib._bootstrap>", line 488, in _call_with_frames_removed
  File "/opt/airflow/dags/pipeline_procesamiento.py", line 9, in <module>
    from src.validacion.ventas_validator import validar_datos_ventas
ModuleNotFoundError: No module named 'src'
[2026-02-27T22:47:23.732+0000] {processor.py:842} WARNING - No viable dags retrieved from /opt/airflow/dags/pipeline_procesamiento.py
[2026-02-27T22:47:23.783+0000] {processor.py:183} INFO - Processing /opt/airflow/dags/pipeline_procesamiento.py took 0.110 seconds
[2026-02-27T22:47:54.732+0000] {processor.py:161} INFO - Started process (PID=1250) to work on /opt/airflow/dags/pipeline_procesamiento.py
[2026-02-27T22:47:54.734+0000] {processor.py:830} INFO - Processing file /opt/airflow/dags/pipeline_procesamiento.py for tasks to queue
[2026-02-27T22:47:54.736+0000] {logging_mixin.py:188} INFO - [2026-02-27T22:47:54.736+0000] {dagbag.py:540} INFO - Filling up the DagBag from /opt/airflow/dags/pipeline_procesamiento.py
[2026-02-27T22:47:54.772+0000] {logging_mixin.py:188} INFO - [2026-02-27T22:47:54.766+0000] {dagbag.py:350} ERROR - Failed to import: /opt/airflow/dags/pipeline_procesamiento.py
Traceback (most recent call last):
  File "/home/airflow/.local/lib/python3.12/site-packages/airflow/models/dagbag.py", line 346, in parse
    loader.exec_module(new_module)
  File "<frozen importlib._bootstrap_external>", line 995, in exec_module
  File "<frozen importlib._bootstrap>", line 488, in _call_with_frames_removed
  File "/opt/airflow/dags/pipeline_procesamiento.py", line 9, in <module>
    from src.validacion.ventas_validator import validar_datos_ventas
ModuleNotFoundError: No module named 'src'
[2026-02-27T22:47:54.774+0000] {processor.py:842} WARNING - No viable dags retrieved from /opt/airflow/dags/pipeline_procesamiento.py
[2026-02-27T22:47:54.812+0000] {processor.py:183} INFO - Processing /opt/airflow/dags/pipeline_procesamiento.py took 0.088 seconds
[2026-02-27T22:48:25.670+0000] {processor.py:161} INFO - Started process (PID=1259) to work on /opt/airflow/dags/pipeline_procesamiento.py
[2026-02-27T22:48:25.671+0000] {processor.py:830} INFO - Processing file /opt/airflow/dags/pipeline_procesamiento.py for tasks to queue
[2026-02-27T22:48:25.673+0000] {logging_mixin.py:188} INFO - [2026-02-27T22:48:25.673+0000] {dagbag.py:540} INFO - Filling up the DagBag from /opt/airflow/dags/pipeline_procesamiento.py
[2026-02-27T22:48:25.709+0000] {logging_mixin.py:188} INFO - [2026-02-27T22:48:25.699+0000] {dagbag.py:350} ERROR - Failed to import: /opt/airflow/dags/pipeline_procesamiento.py
Traceback (most recent call last):
  File "/home/airflow/.local/lib/python3.12/site-packages/airflow/models/dagbag.py", line 346, in parse
    loader.exec_module(new_module)
  File "<frozen importlib._bootstrap_external>", line 995, in exec_module
  File "<frozen importlib._bootstrap>", line 488, in _call_with_frames_removed
  File "/opt/airflow/dags/pipeline_procesamiento.py", line 9, in <module>
    from src.validacion.ventas_validator import validar_datos_ventas
ModuleNotFoundError: No module named 'src'
[2026-02-27T22:48:25.713+0000] {processor.py:842} WARNING - No viable dags retrieved from /opt/airflow/dags/pipeline_procesamiento.py
[2026-02-27T22:48:25.764+0000] {processor.py:183} INFO - Processing /opt/airflow/dags/pipeline_procesamiento.py took 0.101 seconds
[2026-02-27T22:48:56.541+0000] {processor.py:161} INFO - Started process (PID=1268) to work on /opt/airflow/dags/pipeline_procesamiento.py
[2026-02-27T22:48:56.543+0000] {processor.py:830} INFO - Processing file /opt/airflow/dags/pipeline_procesamiento.py for tasks to queue
[2026-02-27T22:48:56.545+0000] {logging_mixin.py:188} INFO - [2026-02-27T22:48:56.544+0000] {dagbag.py:540} INFO - Filling up the DagBag from /opt/airflow/dags/pipeline_procesamiento.py
[2026-02-27T22:48:56.583+0000] {logging_mixin.py:188} INFO - [2026-02-27T22:48:56.575+0000] {dagbag.py:350} ERROR - Failed to import: /opt/airflow/dags/pipeline_procesamiento.py
Traceback (most recent call last):
  File "/home/airflow/.local/lib/python3.12/site-packages/airflow/models/dagbag.py", line 346, in parse
    loader.exec_module(new_module)
  File "<frozen importlib._bootstrap_external>", line 995, in exec_module
  File "<frozen importlib._bootstrap>", line 488, in _call_with_frames_removed
  File "/opt/airflow/dags/pipeline_procesamiento.py", line 9, in <module>
    from src.validacion.ventas_validator import validar_datos_ventas
ModuleNotFoundError: No module named 'src'
[2026-02-27T22:48:56.585+0000] {processor.py:842} WARNING - No viable dags retrieved from /opt/airflow/dags/pipeline_procesamiento.py
[2026-02-27T22:48:56.628+0000] {processor.py:183} INFO - Processing /opt/airflow/dags/pipeline_procesamiento.py took 0.096 seconds
[2026-02-27T22:49:27.564+0000] {processor.py:161} INFO - Started process (PID=1277) to work on /opt/airflow/dags/pipeline_procesamiento.py
[2026-02-27T22:49:27.566+0000] {processor.py:830} INFO - Processing file /opt/airflow/dags/pipeline_procesamiento.py for tasks to queue
[2026-02-27T22:49:27.567+0000] {logging_mixin.py:188} INFO - [2026-02-27T22:49:27.567+0000] {dagbag.py:540} INFO - Filling up the DagBag from /opt/airflow/dags/pipeline_procesamiento.py
[2026-02-27T22:49:27.615+0000] {logging_mixin.py:188} INFO - [2026-02-27T22:49:27.606+0000] {dagbag.py:350} ERROR - Failed to import: /opt/airflow/dags/pipeline_procesamiento.py
Traceback (most recent call last):
  File "/home/airflow/.local/lib/python3.12/site-packages/airflow/models/dagbag.py", line 346, in parse
    loader.exec_module(new_module)
  File "<frozen importlib._bootstrap_external>", line 995, in exec_module
  File "<frozen importlib._bootstrap>", line 488, in _call_with_frames_removed
  File "/opt/airflow/dags/pipeline_procesamiento.py", line 9, in <module>
    from src.validacion.ventas_validator import validar_datos_ventas
ModuleNotFoundError: No module named 'src'
[2026-02-27T22:49:27.617+0000] {processor.py:842} WARNING - No viable dags retrieved from /opt/airflow/dags/pipeline_procesamiento.py
[2026-02-27T22:49:27.661+0000] {processor.py:183} INFO - Processing /opt/airflow/dags/pipeline_procesamiento.py took 0.106 seconds
[2026-02-27T22:49:58.506+0000] {processor.py:161} INFO - Started process (PID=1286) to work on /opt/airflow/dags/pipeline_procesamiento.py
[2026-02-27T22:49:58.507+0000] {processor.py:830} INFO - Processing file /opt/airflow/dags/pipeline_procesamiento.py for tasks to queue
[2026-02-27T22:49:58.509+0000] {logging_mixin.py:188} INFO - [2026-02-27T22:49:58.508+0000] {dagbag.py:540} INFO - Filling up the DagBag from /opt/airflow/dags/pipeline_procesamiento.py
[2026-02-27T22:49:58.540+0000] {logging_mixin.py:188} INFO - [2026-02-27T22:49:58.535+0000] {dagbag.py:350} ERROR - Failed to import: /opt/airflow/dags/pipeline_procesamiento.py
Traceback (most recent call last):
  File "/home/airflow/.local/lib/python3.12/site-packages/airflow/models/dagbag.py", line 346, in parse
    loader.exec_module(new_module)
  File "<frozen importlib._bootstrap_external>", line 995, in exec_module
  File "<frozen importlib._bootstrap>", line 488, in _call_with_frames_removed
  File "/opt/airflow/dags/pipeline_procesamiento.py", line 9, in <module>
    from src.validacion.ventas_validator import validar_datos_ventas
ModuleNotFoundError: No module named 'src'
[2026-02-27T22:49:58.543+0000] {processor.py:842} WARNING - No viable dags retrieved from /opt/airflow/dags/pipeline_procesamiento.py
[2026-02-27T22:49:58.584+0000] {processor.py:183} INFO - Processing /opt/airflow/dags/pipeline_procesamiento.py took 0.087 seconds
[2026-02-27T22:50:29.434+0000] {processor.py:161} INFO - Started process (PID=1295) to work on /opt/airflow/dags/pipeline_procesamiento.py
[2026-02-27T22:50:29.436+0000] {processor.py:830} INFO - Processing file /opt/airflow/dags/pipeline_procesamiento.py for tasks to queue
[2026-02-27T22:50:29.438+0000] {logging_mixin.py:188} INFO - [2026-02-27T22:50:29.437+0000] {dagbag.py:540} INFO - Filling up the DagBag from /opt/airflow/dags/pipeline_procesamiento.py
[2026-02-27T22:50:29.489+0000] {logging_mixin.py:188} INFO - [2026-02-27T22:50:29.478+0000] {dagbag.py:350} ERROR - Failed to import: /opt/airflow/dags/pipeline_procesamiento.py
Traceback (most recent call last):
  File "/home/airflow/.local/lib/python3.12/site-packages/airflow/models/dagbag.py", line 346, in parse
    loader.exec_module(new_module)
  File "<frozen importlib._bootstrap_external>", line 995, in exec_module
  File "<frozen importlib._bootstrap>", line 488, in _call_with_frames_removed
  File "/opt/airflow/dags/pipeline_procesamiento.py", line 9, in <module>
    from src.validacion.ventas_validator import validar_datos_ventas
ModuleNotFoundError: No module named 'src'
[2026-02-27T22:50:29.492+0000] {processor.py:842} WARNING - No viable dags retrieved from /opt/airflow/dags/pipeline_procesamiento.py
[2026-02-27T22:50:29.550+0000] {processor.py:183} INFO - Processing /opt/airflow/dags/pipeline_procesamiento.py took 0.126 seconds
[2026-02-27T22:51:00.358+0000] {processor.py:161} INFO - Started process (PID=1304) to work on /opt/airflow/dags/pipeline_procesamiento.py
[2026-02-27T22:51:00.361+0000] {processor.py:830} INFO - Processing file /opt/airflow/dags/pipeline_procesamiento.py for tasks to queue
[2026-02-27T22:51:00.365+0000] {logging_mixin.py:188} INFO - [2026-02-27T22:51:00.364+0000] {dagbag.py:540} INFO - Filling up the DagBag from /opt/airflow/dags/pipeline_procesamiento.py
[2026-02-27T22:51:00.425+0000] {logging_mixin.py:188} INFO - [2026-02-27T22:51:00.411+0000] {dagbag.py:350} ERROR - Failed to import: /opt/airflow/dags/pipeline_procesamiento.py
Traceback (most recent call last):
  File "/home/airflow/.local/lib/python3.12/site-packages/airflow/models/dagbag.py", line 346, in parse
    loader.exec_module(new_module)
  File "<frozen importlib._bootstrap_external>", line 995, in exec_module
  File "<frozen importlib._bootstrap>", line 488, in _call_with_frames_removed
  File "/opt/airflow/dags/pipeline_procesamiento.py", line 9, in <module>
    from src.validacion.ventas_validator import validar_datos_ventas
ModuleNotFoundError: No module named 'src'
[2026-02-27T22:51:00.431+0000] {processor.py:842} WARNING - No viable dags retrieved from /opt/airflow/dags/pipeline_procesamiento.py
[2026-02-27T22:51:00.485+0000] {processor.py:183} INFO - Processing /opt/airflow/dags/pipeline_procesamiento.py took 0.141 seconds
[2026-02-27T22:51:30.789+0000] {processor.py:161} INFO - Started process (PID=1313) to work on /opt/airflow/dags/pipeline_procesamiento.py
[2026-02-27T22:51:30.791+0000] {processor.py:830} INFO - Processing file /opt/airflow/dags/pipeline_procesamiento.py for tasks to queue
[2026-02-27T22:51:30.792+0000] {logging_mixin.py:188} INFO - [2026-02-27T22:51:30.792+0000] {dagbag.py:540} INFO - Filling up the DagBag from /opt/airflow/dags/pipeline_procesamiento.py
[2026-02-27T22:51:30.838+0000] {logging_mixin.py:188} INFO - [2026-02-27T22:51:30.830+0000] {dagbag.py:350} ERROR - Failed to import: /opt/airflow/dags/pipeline_procesamiento.py
Traceback (most recent call last):
  File "/home/airflow/.local/lib/python3.12/site-packages/airflow/models/dagbag.py", line 346, in parse
    loader.exec_module(new_module)
  File "<frozen importlib._bootstrap_external>", line 995, in exec_module
  File "<frozen importlib._bootstrap>", line 488, in _call_with_frames_removed
  File "/opt/airflow/dags/pipeline_procesamiento.py", line 9, in <module>
    from src.validacion.ventas_validator import validar_datos_ventas
ModuleNotFoundError: No module named 'src'
[2026-02-27T22:51:30.841+0000] {processor.py:842} WARNING - No viable dags retrieved from /opt/airflow/dags/pipeline_procesamiento.py
[2026-02-27T22:51:30.873+0000] {processor.py:183} INFO - Processing /opt/airflow/dags/pipeline_procesamiento.py took 0.091 seconds
[2026-02-27T22:52:50.155+0000] {processor.py:161} INFO - Started process (PID=37) to work on /opt/airflow/dags/pipeline_procesamiento.py
[2026-02-27T22:52:50.158+0000] {processor.py:830} INFO - Processing file /opt/airflow/dags/pipeline_procesamiento.py for tasks to queue
[2026-02-27T22:52:50.161+0000] {logging_mixin.py:188} INFO - [2026-02-27T22:52:50.160+0000] {dagbag.py:540} INFO - Filling up the DagBag from /opt/airflow/dags/pipeline_procesamiento.py
[2026-02-27T22:52:50.202+0000] {logging_mixin.py:188} INFO - [2026-02-27T22:52:50.193+0000] {dagbag.py:350} ERROR - Failed to import: /opt/airflow/dags/pipeline_procesamiento.py
Traceback (most recent call last):
  File "/home/airflow/.local/lib/python3.12/site-packages/airflow/models/dagbag.py", line 346, in parse
    loader.exec_module(new_module)
  File "<frozen importlib._bootstrap_external>", line 995, in exec_module
  File "<frozen importlib._bootstrap>", line 488, in _call_with_frames_removed
  File "/opt/airflow/dags/pipeline_procesamiento.py", line 9, in <module>
    from src.validacion.ventas_validator import validar_datos_ventas
ModuleNotFoundError: No module named 'src'
[2026-02-27T22:52:50.205+0000] {processor.py:842} WARNING - No viable dags retrieved from /opt/airflow/dags/pipeline_procesamiento.py
[2026-02-27T22:52:50.255+0000] {processor.py:183} INFO - Processing /opt/airflow/dags/pipeline_procesamiento.py took 0.111 seconds
[2026-02-27T22:53:20.880+0000] {processor.py:161} INFO - Started process (PID=46) to work on /opt/airflow/dags/pipeline_procesamiento.py
[2026-02-27T22:53:20.882+0000] {processor.py:830} INFO - Processing file /opt/airflow/dags/pipeline_procesamiento.py for tasks to queue
[2026-02-27T22:53:20.883+0000] {logging_mixin.py:188} INFO - [2026-02-27T22:53:20.883+0000] {dagbag.py:540} INFO - Filling up the DagBag from /opt/airflow/dags/pipeline_procesamiento.py
[2026-02-27T22:53:20.929+0000] {logging_mixin.py:188} INFO - [2026-02-27T22:53:20.918+0000] {dagbag.py:350} ERROR - Failed to import: /opt/airflow/dags/pipeline_procesamiento.py
Traceback (most recent call last):
  File "/home/airflow/.local/lib/python3.12/site-packages/airflow/models/dagbag.py", line 346, in parse
    loader.exec_module(new_module)
  File "<frozen importlib._bootstrap_external>", line 995, in exec_module
  File "<frozen importlib._bootstrap>", line 488, in _call_with_frames_removed
  File "/opt/airflow/dags/pipeline_procesamiento.py", line 9, in <module>
    from src.validacion.ventas_validator import validar_datos_ventas
ModuleNotFoundError: No module named 'src'
[2026-02-27T22:53:20.932+0000] {processor.py:842} WARNING - No viable dags retrieved from /opt/airflow/dags/pipeline_procesamiento.py
[2026-02-27T22:53:21.016+0000] {processor.py:183} INFO - Processing /opt/airflow/dags/pipeline_procesamiento.py took 0.150 seconds
[2026-02-27T22:53:51.690+0000] {processor.py:161} INFO - Started process (PID=55) to work on /opt/airflow/dags/pipeline_procesamiento.py
[2026-02-27T22:53:51.692+0000] {processor.py:830} INFO - Processing file /opt/airflow/dags/pipeline_procesamiento.py for tasks to queue
[2026-02-27T22:53:51.694+0000] {logging_mixin.py:188} INFO - [2026-02-27T22:53:51.693+0000] {dagbag.py:540} INFO - Filling up the DagBag from /opt/airflow/dags/pipeline_procesamiento.py
[2026-02-27T22:53:51.733+0000] {logging_mixin.py:188} INFO - [2026-02-27T22:53:51.724+0000] {dagbag.py:350} ERROR - Failed to import: /opt/airflow/dags/pipeline_procesamiento.py
Traceback (most recent call last):
  File "/home/airflow/.local/lib/python3.12/site-packages/airflow/models/dagbag.py", line 346, in parse
    loader.exec_module(new_module)
  File "<frozen importlib._bootstrap_external>", line 995, in exec_module
  File "<frozen importlib._bootstrap>", line 488, in _call_with_frames_removed
  File "/opt/airflow/dags/pipeline_procesamiento.py", line 9, in <module>
    from src.validacion.ventas_validator import validar_datos_ventas
ModuleNotFoundError: No module named 'src'
[2026-02-27T22:53:51.736+0000] {processor.py:842} WARNING - No viable dags retrieved from /opt/airflow/dags/pipeline_procesamiento.py
[2026-02-27T22:53:51.774+0000] {processor.py:183} INFO - Processing /opt/airflow/dags/pipeline_procesamiento.py took 0.093 seconds
[2026-02-27T22:54:22.740+0000] {processor.py:161} INFO - Started process (PID=64) to work on /opt/airflow/dags/pipeline_procesamiento.py
[2026-02-27T22:54:22.743+0000] {processor.py:830} INFO - Processing file /opt/airflow/dags/pipeline_procesamiento.py for tasks to queue
[2026-02-27T22:54:22.747+0000] {logging_mixin.py:188} INFO - [2026-02-27T22:54:22.745+0000] {dagbag.py:540} INFO - Filling up the DagBag from /opt/airflow/dags/pipeline_procesamiento.py
[2026-02-27T22:54:22.809+0000] {logging_mixin.py:188} INFO - [2026-02-27T22:54:22.795+0000] {dagbag.py:350} ERROR - Failed to import: /opt/airflow/dags/pipeline_procesamiento.py
Traceback (most recent call last):
  File "/home/airflow/.local/lib/python3.12/site-packages/airflow/models/dagbag.py", line 346, in parse
    loader.exec_module(new_module)
  File "<frozen importlib._bootstrap_external>", line 995, in exec_module
  File "<frozen importlib._bootstrap>", line 488, in _call_with_frames_removed
  File "/opt/airflow/dags/pipeline_procesamiento.py", line 9, in <module>
    from src.validacion.ventas_validator import validar_datos_ventas
ModuleNotFoundError: No module named 'src'
[2026-02-27T22:54:22.815+0000] {processor.py:842} WARNING - No viable dags retrieved from /opt/airflow/dags/pipeline_procesamiento.py
[2026-02-27T22:54:22.880+0000] {processor.py:183} INFO - Processing /opt/airflow/dags/pipeline_procesamiento.py took 0.150 seconds
[2026-02-27T22:54:53.646+0000] {processor.py:161} INFO - Started process (PID=73) to work on /opt/airflow/dags/pipeline_procesamiento.py
[2026-02-27T22:54:53.648+0000] {processor.py:830} INFO - Processing file /opt/airflow/dags/pipeline_procesamiento.py for tasks to queue
[2026-02-27T22:54:53.649+0000] {logging_mixin.py:188} INFO - [2026-02-27T22:54:53.649+0000] {dagbag.py:540} INFO - Filling up the DagBag from /opt/airflow/dags/pipeline_procesamiento.py
[2026-02-27T22:54:53.692+0000] {logging_mixin.py:188} INFO - [2026-02-27T22:54:53.683+0000] {dagbag.py:350} ERROR - Failed to import: /opt/airflow/dags/pipeline_procesamiento.py
Traceback (most recent call last):
  File "/home/airflow/.local/lib/python3.12/site-packages/airflow/models/dagbag.py", line 346, in parse
    loader.exec_module(new_module)
  File "<frozen importlib._bootstrap_external>", line 995, in exec_module
  File "<frozen importlib._bootstrap>", line 488, in _call_with_frames_removed
  File "/opt/airflow/dags/pipeline_procesamiento.py", line 9, in <module>
    from src.validacion.ventas_validator import validar_datos_ventas
ModuleNotFoundError: No module named 'src'
[2026-02-27T22:54:53.696+0000] {processor.py:842} WARNING - No viable dags retrieved from /opt/airflow/dags/pipeline_procesamiento.py
[2026-02-27T22:54:53.752+0000] {processor.py:183} INFO - Processing /opt/airflow/dags/pipeline_procesamiento.py took 0.116 seconds
[2026-02-27T22:55:24.378+0000] {processor.py:161} INFO - Started process (PID=82) to work on /opt/airflow/dags/pipeline_procesamiento.py
[2026-02-27T22:55:24.379+0000] {processor.py:830} INFO - Processing file /opt/airflow/dags/pipeline_procesamiento.py for tasks to queue
[2026-02-27T22:55:24.381+0000] {logging_mixin.py:188} INFO - [2026-02-27T22:55:24.381+0000] {dagbag.py:540} INFO - Filling up the DagBag from /opt/airflow/dags/pipeline_procesamiento.py
[2026-02-27T22:55:24.416+0000] {logging_mixin.py:188} INFO - [2026-02-27T22:55:24.408+0000] {dagbag.py:350} ERROR - Failed to import: /opt/airflow/dags/pipeline_procesamiento.py
Traceback (most recent call last):
  File "/home/airflow/.local/lib/python3.12/site-packages/airflow/models/dagbag.py", line 346, in parse
    loader.exec_module(new_module)
  File "<frozen importlib._bootstrap_external>", line 995, in exec_module
  File "<frozen importlib._bootstrap>", line 488, in _call_with_frames_removed
  File "/opt/airflow/dags/pipeline_procesamiento.py", line 9, in <module>
    from src.validacion.ventas_validator import validar_datos_ventas
ModuleNotFoundError: No module named 'src'
[2026-02-27T22:55:24.419+0000] {processor.py:842} WARNING - No viable dags retrieved from /opt/airflow/dags/pipeline_procesamiento.py
[2026-02-27T22:55:24.457+0000] {processor.py:183} INFO - Processing /opt/airflow/dags/pipeline_procesamiento.py took 0.089 seconds
[2026-02-27T22:55:54.928+0000] {processor.py:161} INFO - Started process (PID=91) to work on /opt/airflow/dags/pipeline_procesamiento.py
[2026-02-27T22:55:54.931+0000] {processor.py:830} INFO - Processing file /opt/airflow/dags/pipeline_procesamiento.py for tasks to queue
[2026-02-27T22:55:54.933+0000] {logging_mixin.py:188} INFO - [2026-02-27T22:55:54.932+0000] {dagbag.py:540} INFO - Filling up the DagBag from /opt/airflow/dags/pipeline_procesamiento.py
[2026-02-27T22:55:54.975+0000] {logging_mixin.py:188} INFO - [2026-02-27T22:55:54.967+0000] {dagbag.py:350} ERROR - Failed to import: /opt/airflow/dags/pipeline_procesamiento.py
Traceback (most recent call last):
  File "/home/airflow/.local/lib/python3.12/site-packages/airflow/models/dagbag.py", line 346, in parse
    loader.exec_module(new_module)
  File "<frozen importlib._bootstrap_external>", line 995, in exec_module
  File "<frozen importlib._bootstrap>", line 488, in _call_with_frames_removed
  File "/opt/airflow/dags/pipeline_procesamiento.py", line 9, in <module>
    from src.validacion.ventas_validator import validar_datos_ventas
ModuleNotFoundError: No module named 'src'
[2026-02-27T22:55:54.978+0000] {processor.py:842} WARNING - No viable dags retrieved from /opt/airflow/dags/pipeline_procesamiento.py
[2026-02-27T22:55:55.021+0000] {processor.py:183} INFO - Processing /opt/airflow/dags/pipeline_procesamiento.py took 0.105 seconds
[2026-02-27T22:56:25.523+0000] {processor.py:161} INFO - Started process (PID=100) to work on /opt/airflow/dags/pipeline_procesamiento.py
[2026-02-27T22:56:25.525+0000] {processor.py:830} INFO - Processing file /opt/airflow/dags/pipeline_procesamiento.py for tasks to queue
[2026-02-27T22:56:25.527+0000] {logging_mixin.py:188} INFO - [2026-02-27T22:56:25.526+0000] {dagbag.py:540} INFO - Filling up the DagBag from /opt/airflow/dags/pipeline_procesamiento.py
[2026-02-27T22:56:25.577+0000] {logging_mixin.py:188} INFO - [2026-02-27T22:56:25.568+0000] {dagbag.py:350} ERROR - Failed to import: /opt/airflow/dags/pipeline_procesamiento.py
Traceback (most recent call last):
  File "/home/airflow/.local/lib/python3.12/site-packages/airflow/models/dagbag.py", line 346, in parse
    loader.exec_module(new_module)
  File "<frozen importlib._bootstrap_external>", line 995, in exec_module
  File "<frozen importlib._bootstrap>", line 488, in _call_with_frames_removed
  File "/opt/airflow/dags/pipeline_procesamiento.py", line 9, in <module>
    from src.validacion.ventas_validator import validar_datos_ventas
ModuleNotFoundError: No module named 'src'
[2026-02-27T22:56:25.581+0000] {processor.py:842} WARNING - No viable dags retrieved from /opt/airflow/dags/pipeline_procesamiento.py
[2026-02-27T22:56:25.625+0000] {processor.py:183} INFO - Processing /opt/airflow/dags/pipeline_procesamiento.py took 0.111 seconds
[2026-02-27T22:56:56.372+0000] {processor.py:161} INFO - Started process (PID=109) to work on /opt/airflow/dags/pipeline_procesamiento.py
[2026-02-27T22:56:56.374+0000] {processor.py:830} INFO - Processing file /opt/airflow/dags/pipeline_procesamiento.py for tasks to queue
[2026-02-27T22:56:56.376+0000] {logging_mixin.py:188} INFO - [2026-02-27T22:56:56.375+0000] {dagbag.py:540} INFO - Filling up the DagBag from /opt/airflow/dags/pipeline_procesamiento.py
[2026-02-27T22:56:56.415+0000] {logging_mixin.py:188} INFO - [2026-02-27T22:56:56.407+0000] {dagbag.py:350} ERROR - Failed to import: /opt/airflow/dags/pipeline_procesamiento.py
Traceback (most recent call last):
  File "/home/airflow/.local/lib/python3.12/site-packages/airflow/models/dagbag.py", line 346, in parse
    loader.exec_module(new_module)
  File "<frozen importlib._bootstrap_external>", line 995, in exec_module
  File "<frozen importlib._bootstrap>", line 488, in _call_with_frames_removed
  File "/opt/airflow/dags/pipeline_procesamiento.py", line 9, in <module>
    from src.validacion.ventas_validator import validar_datos_ventas
ModuleNotFoundError: No module named 'src'
[2026-02-27T22:56:56.418+0000] {processor.py:842} WARNING - No viable dags retrieved from /opt/airflow/dags/pipeline_procesamiento.py
[2026-02-27T22:56:56.462+0000] {processor.py:183} INFO - Processing /opt/airflow/dags/pipeline_procesamiento.py took 0.101 seconds
[2026-02-27T22:57:27.144+0000] {processor.py:161} INFO - Started process (PID=118) to work on /opt/airflow/dags/pipeline_procesamiento.py
[2026-02-27T22:57:27.146+0000] {processor.py:830} INFO - Processing file /opt/airflow/dags/pipeline_procesamiento.py for tasks to queue
[2026-02-27T22:57:27.149+0000] {logging_mixin.py:188} INFO - [2026-02-27T22:57:27.148+0000] {dagbag.py:540} INFO - Filling up the DagBag from /opt/airflow/dags/pipeline_procesamiento.py
[2026-02-27T22:57:27.192+0000] {logging_mixin.py:188} INFO - [2026-02-27T22:57:27.182+0000] {dagbag.py:350} ERROR - Failed to import: /opt/airflow/dags/pipeline_procesamiento.py
Traceback (most recent call last):
  File "/home/airflow/.local/lib/python3.12/site-packages/airflow/models/dagbag.py", line 346, in parse
    loader.exec_module(new_module)
  File "<frozen importlib._bootstrap_external>", line 995, in exec_module
  File "<frozen importlib._bootstrap>", line 488, in _call_with_frames_removed
  File "/opt/airflow/dags/pipeline_procesamiento.py", line 9, in <module>
    from src.validacion.ventas_validator import validar_datos_ventas
ModuleNotFoundError: No module named 'src'
[2026-02-27T22:57:27.197+0000] {processor.py:842} WARNING - No viable dags retrieved from /opt/airflow/dags/pipeline_procesamiento.py
[2026-02-27T22:57:27.247+0000] {processor.py:183} INFO - Processing /opt/airflow/dags/pipeline_procesamiento.py took 0.116 seconds
[2026-02-27T22:57:57.624+0000] {processor.py:161} INFO - Started process (PID=127) to work on /opt/airflow/dags/pipeline_procesamiento.py
[2026-02-27T22:57:57.626+0000] {processor.py:830} INFO - Processing file /opt/airflow/dags/pipeline_procesamiento.py for tasks to queue
[2026-02-27T22:57:57.632+0000] {logging_mixin.py:188} INFO - [2026-02-27T22:57:57.631+0000] {dagbag.py:540} INFO - Filling up the DagBag from /opt/airflow/dags/pipeline_procesamiento.py
[2026-02-27T22:57:57.680+0000] {logging_mixin.py:188} INFO - [2026-02-27T22:57:57.672+0000] {dagbag.py:350} ERROR - Failed to import: /opt/airflow/dags/pipeline_procesamiento.py
Traceback (most recent call last):
  File "/home/airflow/.local/lib/python3.12/site-packages/airflow/models/dagbag.py", line 346, in parse
    loader.exec_module(new_module)
  File "<frozen importlib._bootstrap_external>", line 995, in exec_module
  File "<frozen importlib._bootstrap>", line 488, in _call_with_frames_removed
  File "/opt/airflow/dags/pipeline_procesamiento.py", line 9, in <module>
    from src.validacion.ventas_validator import validar_datos_ventas
ModuleNotFoundError: No module named 'src'
[2026-02-27T22:57:57.683+0000] {processor.py:842} WARNING - No viable dags retrieved from /opt/airflow/dags/pipeline_procesamiento.py
[2026-02-27T22:57:57.723+0000] {processor.py:183} INFO - Processing /opt/airflow/dags/pipeline_procesamiento.py took 0.108 seconds
[2026-02-27T22:58:27.902+0000] {processor.py:161} INFO - Started process (PID=136) to work on /opt/airflow/dags/pipeline_procesamiento.py
[2026-02-27T22:58:27.903+0000] {processor.py:830} INFO - Processing file /opt/airflow/dags/pipeline_procesamiento.py for tasks to queue
[2026-02-27T22:58:27.905+0000] {logging_mixin.py:188} INFO - [2026-02-27T22:58:27.904+0000] {dagbag.py:540} INFO - Filling up the DagBag from /opt/airflow/dags/pipeline_procesamiento.py
[2026-02-27T22:58:27.930+0000] {logging_mixin.py:188} INFO - [2026-02-27T22:58:27.924+0000] {dagbag.py:350} ERROR - Failed to import: /opt/airflow/dags/pipeline_procesamiento.py
Traceback (most recent call last):
  File "/home/airflow/.local/lib/python3.12/site-packages/airflow/models/dagbag.py", line 346, in parse
    loader.exec_module(new_module)
  File "<frozen importlib._bootstrap_external>", line 995, in exec_module
  File "<frozen importlib._bootstrap>", line 488, in _call_with_frames_removed
  File "/opt/airflow/dags/pipeline_procesamiento.py", line 9, in <module>
    from src.validacion.ventas_validator import validar_datos_ventas
ModuleNotFoundError: No module named 'src'
[2026-02-27T22:58:27.932+0000] {processor.py:842} WARNING - No viable dags retrieved from /opt/airflow/dags/pipeline_procesamiento.py
[2026-02-27T22:58:27.965+0000] {processor.py:183} INFO - Processing /opt/airflow/dags/pipeline_procesamiento.py took 0.072 seconds
[2026-02-27T22:58:58.491+0000] {processor.py:161} INFO - Started process (PID=145) to work on /opt/airflow/dags/pipeline_procesamiento.py
[2026-02-27T22:58:58.499+0000] {processor.py:830} INFO - Processing file /opt/airflow/dags/pipeline_procesamiento.py for tasks to queue
[2026-02-27T22:58:58.501+0000] {logging_mixin.py:188} INFO - [2026-02-27T22:58:58.500+0000] {dagbag.py:540} INFO - Filling up the DagBag from /opt/airflow/dags/pipeline_procesamiento.py
[2026-02-27T22:58:58.547+0000] {logging_mixin.py:188} INFO - [2026-02-27T22:58:58.537+0000] {dagbag.py:350} ERROR - Failed to import: /opt/airflow/dags/pipeline_procesamiento.py
Traceback (most recent call last):
  File "/home/airflow/.local/lib/python3.12/site-packages/airflow/models/dagbag.py", line 346, in parse
    loader.exec_module(new_module)
  File "<frozen importlib._bootstrap_external>", line 995, in exec_module
  File "<frozen importlib._bootstrap>", line 488, in _call_with_frames_removed
  File "/opt/airflow/dags/pipeline_procesamiento.py", line 9, in <module>
    from src.validacion.ventas_validator import validar_datos_ventas
ModuleNotFoundError: No module named 'src'
[2026-02-27T22:58:58.552+0000] {processor.py:842} WARNING - No viable dags retrieved from /opt/airflow/dags/pipeline_procesamiento.py
[2026-02-27T22:58:58.608+0000] {processor.py:183} INFO - Processing /opt/airflow/dags/pipeline_procesamiento.py took 0.128 seconds
[2026-02-27T22:59:29.346+0000] {processor.py:161} INFO - Started process (PID=154) to work on /opt/airflow/dags/pipeline_procesamiento.py
[2026-02-27T22:59:29.349+0000] {processor.py:830} INFO - Processing file /opt/airflow/dags/pipeline_procesamiento.py for tasks to queue
[2026-02-27T22:59:29.351+0000] {logging_mixin.py:188} INFO - [2026-02-27T22:59:29.350+0000] {dagbag.py:540} INFO - Filling up the DagBag from /opt/airflow/dags/pipeline_procesamiento.py
[2026-02-27T22:59:29.386+0000] {logging_mixin.py:188} INFO - [2026-02-27T22:59:29.377+0000] {dagbag.py:350} ERROR - Failed to import: /opt/airflow/dags/pipeline_procesamiento.py
Traceback (most recent call last):
  File "/home/airflow/.local/lib/python3.12/site-packages/airflow/models/dagbag.py", line 346, in parse
    loader.exec_module(new_module)
  File "<frozen importlib._bootstrap_external>", line 995, in exec_module
  File "<frozen importlib._bootstrap>", line 488, in _call_with_frames_removed
  File "/opt/airflow/dags/pipeline_procesamiento.py", line 9, in <module>
    from src.validacion.ventas_validator import validar_datos_ventas
ModuleNotFoundError: No module named 'src'
[2026-02-27T22:59:29.389+0000] {processor.py:842} WARNING - No viable dags retrieved from /opt/airflow/dags/pipeline_procesamiento.py
[2026-02-27T22:59:29.435+0000] {processor.py:183} INFO - Processing /opt/airflow/dags/pipeline_procesamiento.py took 0.098 seconds
[2026-02-27T22:59:59.927+0000] {processor.py:161} INFO - Started process (PID=164) to work on /opt/airflow/dags/pipeline_procesamiento.py
[2026-02-27T22:59:59.929+0000] {processor.py:830} INFO - Processing file /opt/airflow/dags/pipeline_procesamiento.py for tasks to queue
[2026-02-27T22:59:59.930+0000] {logging_mixin.py:188} INFO - [2026-02-27T22:59:59.930+0000] {dagbag.py:540} INFO - Filling up the DagBag from /opt/airflow/dags/pipeline_procesamiento.py
[2026-02-27T22:59:59.957+0000] {logging_mixin.py:188} INFO - [2026-02-27T22:59:59.951+0000] {dagbag.py:350} ERROR - Failed to import: /opt/airflow/dags/pipeline_procesamiento.py
Traceback (most recent call last):
  File "/home/airflow/.local/lib/python3.12/site-packages/airflow/models/dagbag.py", line 346, in parse
    loader.exec_module(new_module)
  File "<frozen importlib._bootstrap_external>", line 995, in exec_module
  File "<frozen importlib._bootstrap>", line 488, in _call_with_frames_removed
  File "/opt/airflow/dags/pipeline_procesamiento.py", line 9, in <module>
    from src.validacion.ventas_validator import validar_datos_ventas
ModuleNotFoundError: No module named 'src'
[2026-02-27T22:59:59.959+0000] {processor.py:842} WARNING - No viable dags retrieved from /opt/airflow/dags/pipeline_procesamiento.py
[2026-02-27T23:00:00.002+0000] {processor.py:183} INFO - Processing /opt/airflow/dags/pipeline_procesamiento.py took 0.084 seconds
[2026-02-27T23:00:30.445+0000] {processor.py:161} INFO - Started process (PID=173) to work on /opt/airflow/dags/pipeline_procesamiento.py
[2026-02-27T23:00:30.448+0000] {processor.py:830} INFO - Processing file /opt/airflow/dags/pipeline_procesamiento.py for tasks to queue
[2026-02-27T23:00:30.450+0000] {logging_mixin.py:188} INFO - [2026-02-27T23:00:30.449+0000] {dagbag.py:540} INFO - Filling up the DagBag from /opt/airflow/dags/pipeline_procesamiento.py
[2026-02-27T23:00:30.483+0000] {logging_mixin.py:188} INFO - [2026-02-27T23:00:30.475+0000] {dagbag.py:350} ERROR - Failed to import: /opt/airflow/dags/pipeline_procesamiento.py
Traceback (most recent call last):
  File "/home/airflow/.local/lib/python3.12/site-packages/airflow/models/dagbag.py", line 346, in parse
    loader.exec_module(new_module)
  File "<frozen importlib._bootstrap_external>", line 995, in exec_module
  File "<frozen importlib._bootstrap>", line 488, in _call_with_frames_removed
  File "/opt/airflow/dags/pipeline_procesamiento.py", line 9, in <module>
    from src.validacion.ventas_validator import validar_datos_ventas
ModuleNotFoundError: No module named 'src'
[2026-02-27T23:00:30.486+0000] {processor.py:842} WARNING - No viable dags retrieved from /opt/airflow/dags/pipeline_procesamiento.py
[2026-02-27T23:00:30.521+0000] {processor.py:183} INFO - Processing /opt/airflow/dags/pipeline_procesamiento.py took 0.091 seconds
[2026-02-27T23:01:01.042+0000] {processor.py:161} INFO - Started process (PID=182) to work on /opt/airflow/dags/pipeline_procesamiento.py
[2026-02-27T23:01:01.044+0000] {processor.py:830} INFO - Processing file /opt/airflow/dags/pipeline_procesamiento.py for tasks to queue
[2026-02-27T23:01:01.046+0000] {logging_mixin.py:188} INFO - [2026-02-27T23:01:01.046+0000] {dagbag.py:540} INFO - Filling up the DagBag from /opt/airflow/dags/pipeline_procesamiento.py
[2026-02-27T23:01:01.084+0000] {logging_mixin.py:188} INFO - [2026-02-27T23:01:01.075+0000] {dagbag.py:350} ERROR - Failed to import: /opt/airflow/dags/pipeline_procesamiento.py
Traceback (most recent call last):
  File "/home/airflow/.local/lib/python3.12/site-packages/airflow/models/dagbag.py", line 346, in parse
    loader.exec_module(new_module)
  File "<frozen importlib._bootstrap_external>", line 995, in exec_module
  File "<frozen importlib._bootstrap>", line 488, in _call_with_frames_removed
  File "/opt/airflow/dags/pipeline_procesamiento.py", line 9, in <module>
    from src.validacion.ventas_validator import validar_datos_ventas
ModuleNotFoundError: No module named 'src'
[2026-02-27T23:01:01.087+0000] {processor.py:842} WARNING - No viable dags retrieved from /opt/airflow/dags/pipeline_procesamiento.py
[2026-02-27T23:01:01.122+0000] {processor.py:183} INFO - Processing /opt/airflow/dags/pipeline_procesamiento.py took 0.087 seconds
[2026-02-27T23:01:31.637+0000] {processor.py:161} INFO - Started process (PID=190) to work on /opt/airflow/dags/pipeline_procesamiento.py
[2026-02-27T23:01:31.639+0000] {processor.py:830} INFO - Processing file /opt/airflow/dags/pipeline_procesamiento.py for tasks to queue
[2026-02-27T23:01:31.641+0000] {logging_mixin.py:188} INFO - [2026-02-27T23:01:31.641+0000] {dagbag.py:540} INFO - Filling up the DagBag from /opt/airflow/dags/pipeline_procesamiento.py
[2026-02-27T23:01:31.674+0000] {logging_mixin.py:188} INFO - [2026-02-27T23:01:31.667+0000] {dagbag.py:350} ERROR - Failed to import: /opt/airflow/dags/pipeline_procesamiento.py
Traceback (most recent call last):
  File "/home/airflow/.local/lib/python3.12/site-packages/airflow/models/dagbag.py", line 346, in parse
    loader.exec_module(new_module)
  File "<frozen importlib._bootstrap_external>", line 995, in exec_module
  File "<frozen importlib._bootstrap>", line 488, in _call_with_frames_removed
  File "/opt/airflow/dags/pipeline_procesamiento.py", line 9, in <module>
    from src.validacion.ventas_validator import validar_datos_ventas
ModuleNotFoundError: No module named 'src'
[2026-02-27T23:01:31.677+0000] {processor.py:842} WARNING - No viable dags retrieved from /opt/airflow/dags/pipeline_procesamiento.py
[2026-02-27T23:01:31.720+0000] {processor.py:183} INFO - Processing /opt/airflow/dags/pipeline_procesamiento.py took 0.093 seconds
[2026-02-27T23:02:01.980+0000] {processor.py:161} INFO - Started process (PID=199) to work on /opt/airflow/dags/pipeline_procesamiento.py
[2026-02-27T23:02:01.981+0000] {processor.py:830} INFO - Processing file /opt/airflow/dags/pipeline_procesamiento.py for tasks to queue
[2026-02-27T23:02:01.983+0000] {logging_mixin.py:188} INFO - [2026-02-27T23:02:01.982+0000] {dagbag.py:540} INFO - Filling up the DagBag from /opt/airflow/dags/pipeline_procesamiento.py
[2026-02-27T23:02:02.017+0000] {logging_mixin.py:188} INFO - [2026-02-27T23:02:02.011+0000] {dagbag.py:350} ERROR - Failed to import: /opt/airflow/dags/pipeline_procesamiento.py
Traceback (most recent call last):
  File "/home/airflow/.local/lib/python3.12/site-packages/airflow/models/dagbag.py", line 346, in parse
    loader.exec_module(new_module)
  File "<frozen importlib._bootstrap_external>", line 995, in exec_module
  File "<frozen importlib._bootstrap>", line 488, in _call_with_frames_removed
  File "/opt/airflow/dags/pipeline_procesamiento.py", line 9, in <module>
    from src.validacion.ventas_validator import validar_datos_ventas
ModuleNotFoundError: No module named 'src'
[2026-02-27T23:02:02.020+0000] {processor.py:842} WARNING - No viable dags retrieved from /opt/airflow/dags/pipeline_procesamiento.py
[2026-02-27T23:02:02.068+0000] {processor.py:183} INFO - Processing /opt/airflow/dags/pipeline_procesamiento.py took 0.096 seconds
[2026-02-27T23:02:32.636+0000] {processor.py:161} INFO - Started process (PID=208) to work on /opt/airflow/dags/pipeline_procesamiento.py
[2026-02-27T23:02:32.639+0000] {processor.py:830} INFO - Processing file /opt/airflow/dags/pipeline_procesamiento.py for tasks to queue
[2026-02-27T23:02:32.642+0000] {logging_mixin.py:188} INFO - [2026-02-27T23:02:32.641+0000] {dagbag.py:540} INFO - Filling up the DagBag from /opt/airflow/dags/pipeline_procesamiento.py
[2026-02-27T23:02:32.681+0000] {logging_mixin.py:188} INFO - [2026-02-27T23:02:32.674+0000] {dagbag.py:350} ERROR - Failed to import: /opt/airflow/dags/pipeline_procesamiento.py
Traceback (most recent call last):
  File "/home/airflow/.local/lib/python3.12/site-packages/airflow/models/dagbag.py", line 346, in parse
    loader.exec_module(new_module)
  File "<frozen importlib._bootstrap_external>", line 995, in exec_module
  File "<frozen importlib._bootstrap>", line 488, in _call_with_frames_removed
  File "/opt/airflow/dags/pipeline_procesamiento.py", line 9, in <module>
    from src.validacion.ventas_validator import validar_datos_ventas
ModuleNotFoundError: No module named 'src'
[2026-02-27T23:02:32.684+0000] {processor.py:842} WARNING - No viable dags retrieved from /opt/airflow/dags/pipeline_procesamiento.py
[2026-02-27T23:02:32.729+0000] {processor.py:183} INFO - Processing /opt/airflow/dags/pipeline_procesamiento.py took 0.105 seconds
[2026-02-27T23:03:03.173+0000] {processor.py:161} INFO - Started process (PID=217) to work on /opt/airflow/dags/pipeline_procesamiento.py
[2026-02-27T23:03:03.175+0000] {processor.py:830} INFO - Processing file /opt/airflow/dags/pipeline_procesamiento.py for tasks to queue
[2026-02-27T23:03:03.178+0000] {logging_mixin.py:188} INFO - [2026-02-27T23:03:03.177+0000] {dagbag.py:540} INFO - Filling up the DagBag from /opt/airflow/dags/pipeline_procesamiento.py
[2026-02-27T23:03:03.207+0000] {logging_mixin.py:188} INFO - [2026-02-27T23:03:03.201+0000] {dagbag.py:350} ERROR - Failed to import: /opt/airflow/dags/pipeline_procesamiento.py
Traceback (most recent call last):
  File "/home/airflow/.local/lib/python3.12/site-packages/airflow/models/dagbag.py", line 346, in parse
    loader.exec_module(new_module)
  File "<frozen importlib._bootstrap_external>", line 995, in exec_module
  File "<frozen importlib._bootstrap>", line 488, in _call_with_frames_removed
  File "/opt/airflow/dags/pipeline_procesamiento.py", line 9, in <module>
    from src.validacion.ventas_validator import validar_datos_ventas
ModuleNotFoundError: No module named 'src'
[2026-02-27T23:03:03.209+0000] {processor.py:842} WARNING - No viable dags retrieved from /opt/airflow/dags/pipeline_procesamiento.py
[2026-02-27T23:03:03.244+0000] {processor.py:183} INFO - Processing /opt/airflow/dags/pipeline_procesamiento.py took 0.081 seconds
[2026-02-27T23:03:33.624+0000] {processor.py:161} INFO - Started process (PID=226) to work on /opt/airflow/dags/pipeline_procesamiento.py
[2026-02-27T23:03:33.626+0000] {processor.py:830} INFO - Processing file /opt/airflow/dags/pipeline_procesamiento.py for tasks to queue
[2026-02-27T23:03:33.628+0000] {logging_mixin.py:188} INFO - [2026-02-27T23:03:33.628+0000] {dagbag.py:540} INFO - Filling up the DagBag from /opt/airflow/dags/pipeline_procesamiento.py
[2026-02-27T23:03:33.653+0000] {logging_mixin.py:188} INFO - [2026-02-27T23:03:33.648+0000] {dagbag.py:350} ERROR - Failed to import: /opt/airflow/dags/pipeline_procesamiento.py
Traceback (most recent call last):
  File "/home/airflow/.local/lib/python3.12/site-packages/airflow/models/dagbag.py", line 346, in parse
    loader.exec_module(new_module)
  File "<frozen importlib._bootstrap_external>", line 995, in exec_module
  File "<frozen importlib._bootstrap>", line 488, in _call_with_frames_removed
  File "/opt/airflow/dags/pipeline_procesamiento.py", line 9, in <module>
    from src.validacion.ventas_validator import validar_datos_ventas
ModuleNotFoundError: No module named 'src'
[2026-02-27T23:03:33.656+0000] {processor.py:842} WARNING - No viable dags retrieved from /opt/airflow/dags/pipeline_procesamiento.py
[2026-02-27T23:03:33.696+0000] {processor.py:183} INFO - Processing /opt/airflow/dags/pipeline_procesamiento.py took 0.081 seconds
[2026-02-27T23:04:04.099+0000] {processor.py:161} INFO - Started process (PID=235) to work on /opt/airflow/dags/pipeline_procesamiento.py
[2026-02-27T23:04:04.103+0000] {processor.py:830} INFO - Processing file /opt/airflow/dags/pipeline_procesamiento.py for tasks to queue
[2026-02-27T23:04:04.106+0000] {logging_mixin.py:188} INFO - [2026-02-27T23:04:04.106+0000] {dagbag.py:540} INFO - Filling up the DagBag from /opt/airflow/dags/pipeline_procesamiento.py
[2026-02-27T23:04:04.146+0000] {logging_mixin.py:188} INFO - [2026-02-27T23:04:04.137+0000] {dagbag.py:350} ERROR - Failed to import: /opt/airflow/dags/pipeline_procesamiento.py
Traceback (most recent call last):
  File "/home/airflow/.local/lib/python3.12/site-packages/airflow/models/dagbag.py", line 346, in parse
    loader.exec_module(new_module)
  File "<frozen importlib._bootstrap_external>", line 995, in exec_module
  File "<frozen importlib._bootstrap>", line 488, in _call_with_frames_removed
  File "/opt/airflow/dags/pipeline_procesamiento.py", line 9, in <module>
    from src.validacion.ventas_validator import validar_datos_ventas
ModuleNotFoundError: No module named 'src'
[2026-02-27T23:04:04.150+0000] {processor.py:842} WARNING - No viable dags retrieved from /opt/airflow/dags/pipeline_procesamiento.py
[2026-02-27T23:04:04.192+0000] {processor.py:183} INFO - Processing /opt/airflow/dags/pipeline_procesamiento.py took 0.106 seconds
[2026-02-27T23:04:34.577+0000] {processor.py:161} INFO - Started process (PID=244) to work on /opt/airflow/dags/pipeline_procesamiento.py
[2026-02-27T23:04:34.579+0000] {processor.py:830} INFO - Processing file /opt/airflow/dags/pipeline_procesamiento.py for tasks to queue
[2026-02-27T23:04:34.581+0000] {logging_mixin.py:188} INFO - [2026-02-27T23:04:34.580+0000] {dagbag.py:540} INFO - Filling up the DagBag from /opt/airflow/dags/pipeline_procesamiento.py
[2026-02-27T23:04:34.612+0000] {logging_mixin.py:188} INFO - [2026-02-27T23:04:34.604+0000] {dagbag.py:350} ERROR - Failed to import: /opt/airflow/dags/pipeline_procesamiento.py
Traceback (most recent call last):
  File "/home/airflow/.local/lib/python3.12/site-packages/airflow/models/dagbag.py", line 346, in parse
    loader.exec_module(new_module)
  File "<frozen importlib._bootstrap_external>", line 995, in exec_module
  File "<frozen importlib._bootstrap>", line 488, in _call_with_frames_removed
  File "/opt/airflow/dags/pipeline_procesamiento.py", line 9, in <module>
    from src.validacion.ventas_validator import validar_datos_ventas
ModuleNotFoundError: No module named 'src'
[2026-02-27T23:04:34.615+0000] {processor.py:842} WARNING - No viable dags retrieved from /opt/airflow/dags/pipeline_procesamiento.py
[2026-02-27T23:04:34.653+0000] {processor.py:183} INFO - Processing /opt/airflow/dags/pipeline_procesamiento.py took 0.086 seconds
[2026-02-27T23:05:04.969+0000] {processor.py:161} INFO - Started process (PID=253) to work on /opt/airflow/dags/pipeline_procesamiento.py
[2026-02-27T23:05:04.970+0000] {processor.py:830} INFO - Processing file /opt/airflow/dags/pipeline_procesamiento.py for tasks to queue
[2026-02-27T23:05:04.972+0000] {logging_mixin.py:188} INFO - [2026-02-27T23:05:04.971+0000] {dagbag.py:540} INFO - Filling up the DagBag from /opt/airflow/dags/pipeline_procesamiento.py
[2026-02-27T23:05:05.003+0000] {logging_mixin.py:188} INFO - [2026-02-27T23:05:04.997+0000] {dagbag.py:350} ERROR - Failed to import: /opt/airflow/dags/pipeline_procesamiento.py
Traceback (most recent call last):
  File "/home/airflow/.local/lib/python3.12/site-packages/airflow/models/dagbag.py", line 346, in parse
    loader.exec_module(new_module)
  File "<frozen importlib._bootstrap_external>", line 995, in exec_module
  File "<frozen importlib._bootstrap>", line 488, in _call_with_frames_removed
  File "/opt/airflow/dags/pipeline_procesamiento.py", line 9, in <module>
    from src.validacion.ventas_validator import validar_datos_ventas
ModuleNotFoundError: No module named 'src'
[2026-02-27T23:05:05.006+0000] {processor.py:842} WARNING - No viable dags retrieved from /opt/airflow/dags/pipeline_procesamiento.py
[2026-02-27T23:05:05.052+0000] {processor.py:183} INFO - Processing /opt/airflow/dags/pipeline_procesamiento.py took 0.094 seconds
[2026-02-27T23:05:35.613+0000] {processor.py:161} INFO - Started process (PID=262) to work on /opt/airflow/dags/pipeline_procesamiento.py
[2026-02-27T23:05:35.615+0000] {processor.py:830} INFO - Processing file /opt/airflow/dags/pipeline_procesamiento.py for tasks to queue
[2026-02-27T23:05:35.617+0000] {logging_mixin.py:188} INFO - [2026-02-27T23:05:35.616+0000] {dagbag.py:540} INFO - Filling up the DagBag from /opt/airflow/dags/pipeline_procesamiento.py
[2026-02-27T23:05:35.645+0000] {logging_mixin.py:188} INFO - [2026-02-27T23:05:35.638+0000] {dagbag.py:350} ERROR - Failed to import: /opt/airflow/dags/pipeline_procesamiento.py
Traceback (most recent call last):
  File "/home/airflow/.local/lib/python3.12/site-packages/airflow/models/dagbag.py", line 346, in parse
    loader.exec_module(new_module)
  File "<frozen importlib._bootstrap_external>", line 995, in exec_module
  File "<frozen importlib._bootstrap>", line 488, in _call_with_frames_removed
  File "/opt/airflow/dags/pipeline_procesamiento.py", line 9, in <module>
    from src.validacion.ventas_validator import validar_datos_ventas
ModuleNotFoundError: No module named 'src'
[2026-02-27T23:05:35.649+0000] {processor.py:842} WARNING - No viable dags retrieved from /opt/airflow/dags/pipeline_procesamiento.py
[2026-02-27T23:05:35.693+0000] {processor.py:183} INFO - Processing /opt/airflow/dags/pipeline_procesamiento.py took 0.089 seconds
[2026-02-27T23:06:06.638+0000] {processor.py:161} INFO - Started process (PID=271) to work on /opt/airflow/dags/pipeline_procesamiento.py
[2026-02-27T23:06:06.641+0000] {processor.py:830} INFO - Processing file /opt/airflow/dags/pipeline_procesamiento.py for tasks to queue
[2026-02-27T23:06:06.645+0000] {logging_mixin.py:188} INFO - [2026-02-27T23:06:06.643+0000] {dagbag.py:540} INFO - Filling up the DagBag from /opt/airflow/dags/pipeline_procesamiento.py
[2026-02-27T23:06:06.698+0000] {logging_mixin.py:188} INFO - [2026-02-27T23:06:06.687+0000] {dagbag.py:350} ERROR - Failed to import: /opt/airflow/dags/pipeline_procesamiento.py
Traceback (most recent call last):
  File "/home/airflow/.local/lib/python3.12/site-packages/airflow/models/dagbag.py", line 346, in parse
    loader.exec_module(new_module)
  File "<frozen importlib._bootstrap_external>", line 995, in exec_module
  File "<frozen importlib._bootstrap>", line 488, in _call_with_frames_removed
  File "/opt/airflow/dags/pipeline_procesamiento.py", line 9, in <module>
    from src.validacion.ventas_validator import validar_datos_ventas
ModuleNotFoundError: No module named 'src'
[2026-02-27T23:06:06.704+0000] {processor.py:842} WARNING - No viable dags retrieved from /opt/airflow/dags/pipeline_procesamiento.py
[2026-02-27T23:06:06.748+0000] {processor.py:183} INFO - Processing /opt/airflow/dags/pipeline_procesamiento.py took 0.127 seconds
[2026-02-27T23:11:35.205+0000] {processor.py:161} INFO - Started process (PID=38) to work on /opt/airflow/dags/pipeline_procesamiento.py
[2026-02-27T23:11:35.209+0000] {processor.py:830} INFO - Processing file /opt/airflow/dags/pipeline_procesamiento.py for tasks to queue
[2026-02-27T23:11:35.212+0000] {logging_mixin.py:188} INFO - [2026-02-27T23:11:35.211+0000] {dagbag.py:540} INFO - Filling up the DagBag from /opt/airflow/dags/pipeline_procesamiento.py
[2026-02-27T23:11:35.348+0000] {processor.py:840} INFO - DAG(s) 'pipeline_procesamiento' retrieved from /opt/airflow/dags/pipeline_procesamiento.py
[2026-02-27T23:11:35.639+0000] {logging_mixin.py:188} INFO - [2026-02-27T23:11:35.638+0000] {override.py:1829} INFO - Created Permission View: can delete on DAG:pipeline_procesamiento
[2026-02-27T23:11:35.667+0000] {logging_mixin.py:188} INFO - [2026-02-27T23:11:35.666+0000] {override.py:1829} INFO - Created Permission View: can edit on DAG:pipeline_procesamiento
[2026-02-27T23:11:35.685+0000] {logging_mixin.py:188} INFO - [2026-02-27T23:11:35.684+0000] {override.py:1829} INFO - Created Permission View: can read on DAG:pipeline_procesamiento
[2026-02-27T23:11:35.687+0000] {logging_mixin.py:188} INFO - [2026-02-27T23:11:35.686+0000] {dag.py:3096} INFO - Sync 1 DAGs
[2026-02-27T23:11:35.716+0000] {logging_mixin.py:188} INFO - [2026-02-27T23:11:35.715+0000] {dag.py:3118} INFO - Creating ORM DAG for pipeline_procesamiento
[2026-02-27T23:11:35.747+0000] {logging_mixin.py:188} INFO - [2026-02-27T23:11:35.747+0000] {dag.py:3954} INFO - Setting next_dagrun for pipeline_procesamiento to 2026-02-26 00:00:00+00:00, run_after=2026-02-27 00:00:00+00:00
[2026-02-27T23:11:35.798+0000] {processor.py:183} INFO - Processing /opt/airflow/dags/pipeline_procesamiento.py took 0.611 seconds
[2026-02-27T23:12:06.047+0000] {processor.py:161} INFO - Started process (PID=49) to work on /opt/airflow/dags/pipeline_procesamiento.py
[2026-02-27T23:12:06.049+0000] {processor.py:830} INFO - Processing file /opt/airflow/dags/pipeline_procesamiento.py for tasks to queue
[2026-02-27T23:12:06.050+0000] {logging_mixin.py:188} INFO - [2026-02-27T23:12:06.050+0000] {dagbag.py:540} INFO - Filling up the DagBag from /opt/airflow/dags/pipeline_procesamiento.py
[2026-02-27T23:12:06.115+0000] {processor.py:840} INFO - DAG(s) 'pipeline_procesamiento' retrieved from /opt/airflow/dags/pipeline_procesamiento.py
[2026-02-27T23:12:06.166+0000] {logging_mixin.py:188} INFO - [2026-02-27T23:12:06.166+0000] {dag.py:3096} INFO - Sync 1 DAGs
[2026-02-27T23:12:06.207+0000] {logging_mixin.py:188} INFO - [2026-02-27T23:12:06.206+0000] {dag.py:3954} INFO - Setting next_dagrun for pipeline_procesamiento to 2026-02-26 00:00:00+00:00, run_after=2026-02-27 00:00:00+00:00
[2026-02-27T23:12:06.275+0000] {processor.py:183} INFO - Processing /opt/airflow/dags/pipeline_procesamiento.py took 0.238 seconds
[2026-02-27T23:12:37.386+0000] {processor.py:161} INFO - Started process (PID=58) to work on /opt/airflow/dags/pipeline_procesamiento.py
[2026-02-27T23:12:37.389+0000] {processor.py:830} INFO - Processing file /opt/airflow/dags/pipeline_procesamiento.py for tasks to queue
[2026-02-27T23:12:37.391+0000] {logging_mixin.py:188} INFO - [2026-02-27T23:12:37.390+0000] {dagbag.py:540} INFO - Filling up the DagBag from /opt/airflow/dags/pipeline_procesamiento.py
[2026-02-27T23:12:37.479+0000] {processor.py:840} INFO - DAG(s) 'pipeline_procesamiento' retrieved from /opt/airflow/dags/pipeline_procesamiento.py
[2026-02-27T23:12:37.531+0000] {logging_mixin.py:188} INFO - [2026-02-27T23:12:37.531+0000] {dag.py:3096} INFO - Sync 1 DAGs
[2026-02-27T23:12:37.565+0000] {logging_mixin.py:188} INFO - [2026-02-27T23:12:37.565+0000] {dag.py:3954} INFO - Setting next_dagrun for pipeline_procesamiento to 2026-02-26 00:00:00+00:00, run_after=2026-02-27 00:00:00+00:00
[2026-02-27T23:12:37.604+0000] {processor.py:183} INFO - Processing /opt/airflow/dags/pipeline_procesamiento.py took 0.230 seconds
[2026-02-27T23:13:07.901+0000] {processor.py:161} INFO - Started process (PID=66) to work on /opt/airflow/dags/pipeline_procesamiento.py
[2026-02-27T23:13:07.903+0000] {processor.py:830} INFO - Processing file /opt/airflow/dags/pipeline_procesamiento.py for tasks to queue
[2026-02-27T23:13:07.905+0000] {logging_mixin.py:188} INFO - [2026-02-27T23:13:07.904+0000] {dagbag.py:540} INFO - Filling up the DagBag from /opt/airflow/dags/pipeline_procesamiento.py
[2026-02-27T23:13:07.977+0000] {processor.py:840} INFO - DAG(s) 'pipeline_procesamiento' retrieved from /opt/airflow/dags/pipeline_procesamiento.py
[2026-02-27T23:13:08.022+0000] {logging_mixin.py:188} INFO - [2026-02-27T23:13:08.021+0000] {dag.py:3096} INFO - Sync 1 DAGs
[2026-02-27T23:13:08.060+0000] {logging_mixin.py:188} INFO - [2026-02-27T23:13:08.059+0000] {dag.py:3954} INFO - Setting next_dagrun for pipeline_procesamiento to 2026-02-26 00:00:00+00:00, run_after=2026-02-27 00:00:00+00:00
[2026-02-27T23:13:08.092+0000] {processor.py:183} INFO - Processing /opt/airflow/dags/pipeline_procesamiento.py took 0.201 seconds
[2026-02-27T23:13:39.131+0000] {processor.py:161} INFO - Started process (PID=75) to work on /opt/airflow/dags/pipeline_procesamiento.py
[2026-02-27T23:13:39.134+0000] {processor.py:830} INFO - Processing file /opt/airflow/dags/pipeline_procesamiento.py for tasks to queue
[2026-02-27T23:13:39.136+0000] {logging_mixin.py:188} INFO - [2026-02-27T23:13:39.135+0000] {dagbag.py:540} INFO - Filling up the DagBag from /opt/airflow/dags/pipeline_procesamiento.py
[2026-02-27T23:13:39.236+0000] {processor.py:840} INFO - DAG(s) 'pipeline_procesamiento' retrieved from /opt/airflow/dags/pipeline_procesamiento.py
[2026-02-27T23:13:39.278+0000] {logging_mixin.py:188} INFO - [2026-02-27T23:13:39.277+0000] {dag.py:3096} INFO - Sync 1 DAGs
[2026-02-27T23:13:39.309+0000] {logging_mixin.py:188} INFO - [2026-02-27T23:13:39.309+0000] {dag.py:3954} INFO - Setting next_dagrun for pipeline_procesamiento to 2026-02-26 00:00:00+00:00, run_after=2026-02-27 00:00:00+00:00
[2026-02-27T23:13:39.358+0000] {processor.py:183} INFO - Processing /opt/airflow/dags/pipeline_procesamiento.py took 0.240 seconds
[2026-02-27T23:14:09.913+0000] {processor.py:161} INFO - Started process (PID=84) to work on /opt/airflow/dags/pipeline_procesamiento.py
[2026-02-27T23:14:09.916+0000] {processor.py:830} INFO - Processing file /opt/airflow/dags/pipeline_procesamiento.py for tasks to queue
[2026-02-27T23:14:09.919+0000] {logging_mixin.py:188} INFO - [2026-02-27T23:14:09.918+0000] {dagbag.py:540} INFO - Filling up the DagBag from /opt/airflow/dags/pipeline_procesamiento.py
[2026-02-27T23:14:10.038+0000] {processor.py:840} INFO - DAG(s) 'pipeline_procesamiento' retrieved from /opt/airflow/dags/pipeline_procesamiento.py
[2026-02-27T23:14:10.095+0000] {logging_mixin.py:188} INFO - [2026-02-27T23:14:10.095+0000] {dag.py:3096} INFO - Sync 1 DAGs
[2026-02-27T23:14:10.129+0000] {logging_mixin.py:188} INFO - [2026-02-27T23:14:10.128+0000] {dag.py:3954} INFO - Setting next_dagrun for pipeline_procesamiento to 2026-02-26 00:00:00+00:00, run_after=2026-02-27 00:00:00+00:00
[2026-02-27T23:14:10.158+0000] {processor.py:183} INFO - Processing /opt/airflow/dags/pipeline_procesamiento.py took 0.258 seconds
[2026-02-27T23:14:40.918+0000] {processor.py:161} INFO - Started process (PID=93) to work on /opt/airflow/dags/pipeline_procesamiento.py
[2026-02-27T23:14:40.920+0000] {processor.py:830} INFO - Processing file /opt/airflow/dags/pipeline_procesamiento.py for tasks to queue
[2026-02-27T23:14:40.922+0000] {logging_mixin.py:188} INFO - [2026-02-27T23:14:40.922+0000] {dagbag.py:540} INFO - Filling up the DagBag from /opt/airflow/dags/pipeline_procesamiento.py
[2026-02-27T23:14:41.010+0000] {processor.py:840} INFO - DAG(s) 'pipeline_procesamiento' retrieved from /opt/airflow/dags/pipeline_procesamiento.py
[2026-02-27T23:14:41.056+0000] {logging_mixin.py:188} INFO - [2026-02-27T23:14:41.056+0000] {dag.py:3096} INFO - Sync 1 DAGs
[2026-02-27T23:14:41.090+0000] {logging_mixin.py:188} INFO - [2026-02-27T23:14:41.089+0000] {dag.py:3954} INFO - Setting next_dagrun for pipeline_procesamiento to 2026-02-26 00:00:00+00:00, run_after=2026-02-27 00:00:00+00:00
[2026-02-27T23:14:41.118+0000] {processor.py:183} INFO - Processing /opt/airflow/dags/pipeline_procesamiento.py took 0.213 seconds
[2026-02-27T23:15:11.567+0000] {processor.py:161} INFO - Started process (PID=101) to work on /opt/airflow/dags/pipeline_procesamiento.py
[2026-02-27T23:15:11.568+0000] {processor.py:830} INFO - Processing file /opt/airflow/dags/pipeline_procesamiento.py for tasks to queue
[2026-02-27T23:15:11.570+0000] {logging_mixin.py:188} INFO - [2026-02-27T23:15:11.569+0000] {dagbag.py:540} INFO - Filling up the DagBag from /opt/airflow/dags/pipeline_procesamiento.py
[2026-02-27T23:15:11.631+0000] {processor.py:840} INFO - DAG(s) 'pipeline_procesamiento' retrieved from /opt/airflow/dags/pipeline_procesamiento.py
[2026-02-27T23:15:11.675+0000] {logging_mixin.py:188} INFO - [2026-02-27T23:15:11.675+0000] {dag.py:3096} INFO - Sync 1 DAGs
[2026-02-27T23:15:11.707+0000] {logging_mixin.py:188} INFO - [2026-02-27T23:15:11.706+0000] {dag.py:3954} INFO - Setting next_dagrun for pipeline_procesamiento to 2026-02-26 00:00:00+00:00, run_after=2026-02-27 00:00:00+00:00
[2026-02-27T23:15:11.740+0000] {processor.py:183} INFO - Processing /opt/airflow/dags/pipeline_procesamiento.py took 0.184 seconds
[2026-02-27T23:15:42.650+0000] {processor.py:161} INFO - Started process (PID=114) to work on /opt/airflow/dags/pipeline_procesamiento.py
[2026-02-27T23:15:42.653+0000] {processor.py:830} INFO - Processing file /opt/airflow/dags/pipeline_procesamiento.py for tasks to queue
[2026-02-27T23:15:42.655+0000] {logging_mixin.py:188} INFO - [2026-02-27T23:15:42.654+0000] {dagbag.py:540} INFO - Filling up the DagBag from /opt/airflow/dags/pipeline_procesamiento.py
[2026-02-27T23:15:42.761+0000] {processor.py:840} INFO - DAG(s) 'pipeline_procesamiento' retrieved from /opt/airflow/dags/pipeline_procesamiento.py
[2026-02-27T23:15:42.823+0000] {logging_mixin.py:188} INFO - [2026-02-27T23:15:42.823+0000] {dag.py:3096} INFO - Sync 1 DAGs
[2026-02-27T23:15:42.861+0000] {logging_mixin.py:188} INFO - [2026-02-27T23:15:42.861+0000] {dag.py:3954} INFO - Setting next_dagrun for pipeline_procesamiento to 2026-02-26 00:00:00+00:00, run_after=2026-02-27 00:00:00+00:00
[2026-02-27T23:15:42.902+0000] {processor.py:183} INFO - Processing /opt/airflow/dags/pipeline_procesamiento.py took 0.264 seconds
[2026-02-27T23:16:13.874+0000] {processor.py:161} INFO - Started process (PID=127) to work on /opt/airflow/dags/pipeline_procesamiento.py
[2026-02-27T23:16:13.876+0000] {processor.py:830} INFO - Processing file /opt/airflow/dags/pipeline_procesamiento.py for tasks to queue
[2026-02-27T23:16:13.877+0000] {logging_mixin.py:188} INFO - [2026-02-27T23:16:13.877+0000] {dagbag.py:540} INFO - Filling up the DagBag from /opt/airflow/dags/pipeline_procesamiento.py
[2026-02-27T23:16:13.951+0000] {processor.py:840} INFO - DAG(s) 'pipeline_procesamiento' retrieved from /opt/airflow/dags/pipeline_procesamiento.py
[2026-02-27T23:16:14.002+0000] {logging_mixin.py:188} INFO - [2026-02-27T23:16:14.002+0000] {dag.py:3096} INFO - Sync 1 DAGs
[2026-02-27T23:16:14.043+0000] {logging_mixin.py:188} INFO - [2026-02-27T23:16:14.043+0000] {dag.py:3954} INFO - Setting next_dagrun for pipeline_procesamiento to 2026-02-27 00:00:00+00:00, run_after=2026-02-28 00:00:00+00:00
[2026-02-27T23:16:14.073+0000] {processor.py:183} INFO - Processing /opt/airflow/dags/pipeline_procesamiento.py took 0.213 seconds
[2026-02-27T23:16:44.213+0000] {processor.py:161} INFO - Started process (PID=136) to work on /opt/airflow/dags/pipeline_procesamiento.py
[2026-02-27T23:16:44.214+0000] {processor.py:830} INFO - Processing file /opt/airflow/dags/pipeline_procesamiento.py for tasks to queue
[2026-02-27T23:16:44.216+0000] {logging_mixin.py:188} INFO - [2026-02-27T23:16:44.216+0000] {dagbag.py:540} INFO - Filling up the DagBag from /opt/airflow/dags/pipeline_procesamiento.py
[2026-02-27T23:16:44.308+0000] {processor.py:840} INFO - DAG(s) 'pipeline_procesamiento' retrieved from /opt/airflow/dags/pipeline_procesamiento.py
[2026-02-27T23:16:44.371+0000] {logging_mixin.py:188} INFO - [2026-02-27T23:16:44.371+0000] {dag.py:3096} INFO - Sync 1 DAGs
[2026-02-27T23:16:44.410+0000] {logging_mixin.py:188} INFO - [2026-02-27T23:16:44.410+0000] {dag.py:3954} INFO - Setting next_dagrun for pipeline_procesamiento to 2026-02-27 00:00:00+00:00, run_after=2026-02-28 00:00:00+00:00
[2026-02-27T23:16:44.455+0000] {processor.py:183} INFO - Processing /opt/airflow/dags/pipeline_procesamiento.py took 0.259 seconds
[2026-02-27T23:17:15.096+0000] {processor.py:161} INFO - Started process (PID=145) to work on /opt/airflow/dags/pipeline_procesamiento.py
[2026-02-27T23:17:15.099+0000] {processor.py:830} INFO - Processing file /opt/airflow/dags/pipeline_procesamiento.py for tasks to queue
[2026-02-27T23:17:15.103+0000] {logging_mixin.py:188} INFO - [2026-02-27T23:17:15.102+0000] {dagbag.py:540} INFO - Filling up the DagBag from /opt/airflow/dags/pipeline_procesamiento.py
[2026-02-27T23:17:15.216+0000] {processor.py:840} INFO - DAG(s) 'pipeline_procesamiento' retrieved from /opt/airflow/dags/pipeline_procesamiento.py
[2026-02-27T23:17:15.264+0000] {logging_mixin.py:188} INFO - [2026-02-27T23:17:15.264+0000] {dag.py:3096} INFO - Sync 1 DAGs
[2026-02-27T23:17:15.295+0000] {logging_mixin.py:188} INFO - [2026-02-27T23:17:15.294+0000] {dag.py:3954} INFO - Setting next_dagrun for pipeline_procesamiento to 2026-02-27 00:00:00+00:00, run_after=2026-02-28 00:00:00+00:00
[2026-02-27T23:17:15.325+0000] {processor.py:183} INFO - Processing /opt/airflow/dags/pipeline_procesamiento.py took 0.247 seconds
[2026-02-27T23:17:45.943+0000] {processor.py:161} INFO - Started process (PID=154) to work on /opt/airflow/dags/pipeline_procesamiento.py
[2026-02-27T23:17:45.945+0000] {processor.py:830} INFO - Processing file /opt/airflow/dags/pipeline_procesamiento.py for tasks to queue
[2026-02-27T23:17:45.947+0000] {logging_mixin.py:188} INFO - [2026-02-27T23:17:45.947+0000] {dagbag.py:540} INFO - Filling up the DagBag from /opt/airflow/dags/pipeline_procesamiento.py
[2026-02-27T23:17:46.023+0000] {processor.py:840} INFO - DAG(s) 'pipeline_procesamiento' retrieved from /opt/airflow/dags/pipeline_procesamiento.py
[2026-02-27T23:17:46.066+0000] {logging_mixin.py:188} INFO - [2026-02-27T23:17:46.065+0000] {dag.py:3096} INFO - Sync 1 DAGs
[2026-02-27T23:17:46.101+0000] {logging_mixin.py:188} INFO - [2026-02-27T23:17:46.101+0000] {dag.py:3954} INFO - Setting next_dagrun for pipeline_procesamiento to 2026-02-27 00:00:00+00:00, run_after=2026-02-28 00:00:00+00:00
[2026-02-27T23:17:46.145+0000] {processor.py:183} INFO - Processing /opt/airflow/dags/pipeline_procesamiento.py took 0.214 seconds
[2026-02-27T23:18:16.664+0000] {processor.py:161} INFO - Started process (PID=163) to work on /opt/airflow/dags/pipeline_procesamiento.py
[2026-02-27T23:18:16.665+0000] {processor.py:830} INFO - Processing file /opt/airflow/dags/pipeline_procesamiento.py for tasks to queue
[2026-02-27T23:18:16.668+0000] {logging_mixin.py:188} INFO - [2026-02-27T23:18:16.667+0000] {dagbag.py:540} INFO - Filling up the DagBag from /opt/airflow/dags/pipeline_procesamiento.py
[2026-02-27T23:18:16.744+0000] {processor.py:840} INFO - DAG(s) 'pipeline_procesamiento' retrieved from /opt/airflow/dags/pipeline_procesamiento.py
[2026-02-27T23:18:16.794+0000] {logging_mixin.py:188} INFO - [2026-02-27T23:18:16.793+0000] {dag.py:3096} INFO - Sync 1 DAGs
[2026-02-27T23:18:16.829+0000] {logging_mixin.py:188} INFO - [2026-02-27T23:18:16.828+0000] {dag.py:3954} INFO - Setting next_dagrun for pipeline_procesamiento to 2026-02-27 00:00:00+00:00, run_after=2026-02-28 00:00:00+00:00
[2026-02-27T23:18:16.864+0000] {processor.py:183} INFO - Processing /opt/airflow/dags/pipeline_procesamiento.py took 0.214 seconds
[2026-02-27T23:18:47.777+0000] {processor.py:161} INFO - Started process (PID=172) to work on /opt/airflow/dags/pipeline_procesamiento.py
[2026-02-27T23:18:47.780+0000] {processor.py:830} INFO - Processing file /opt/airflow/dags/pipeline_procesamiento.py for tasks to queue
[2026-02-27T23:18:47.783+0000] {logging_mixin.py:188} INFO - [2026-02-27T23:18:47.782+0000] {dagbag.py:540} INFO - Filling up the DagBag from /opt/airflow/dags/pipeline_procesamiento.py
[2026-02-27T23:18:47.944+0000] {processor.py:840} INFO - DAG(s) 'pipeline_procesamiento' retrieved from /opt/airflow/dags/pipeline_procesamiento.py
[2026-02-27T23:18:48.000+0000] {logging_mixin.py:188} INFO - [2026-02-27T23:18:47.999+0000] {dag.py:3096} INFO - Sync 1 DAGs
[2026-02-27T23:18:48.053+0000] {logging_mixin.py:188} INFO - [2026-02-27T23:18:48.052+0000] {dag.py:3954} INFO - Setting next_dagrun for pipeline_procesamiento to 2026-02-27 00:00:00+00:00, run_after=2026-02-28 00:00:00+00:00
[2026-02-27T23:18:48.094+0000] {processor.py:183} INFO - Processing /opt/airflow/dags/pipeline_procesamiento.py took 0.336 seconds
[2026-02-27T23:19:18.715+0000] {processor.py:161} INFO - Started process (PID=181) to work on /opt/airflow/dags/pipeline_procesamiento.py
[2026-02-27T23:19:18.717+0000] {processor.py:830} INFO - Processing file /opt/airflow/dags/pipeline_procesamiento.py for tasks to queue
[2026-02-27T23:19:18.718+0000] {logging_mixin.py:188} INFO - [2026-02-27T23:19:18.717+0000] {dagbag.py:540} INFO - Filling up the DagBag from /opt/airflow/dags/pipeline_procesamiento.py
[2026-02-27T23:19:18.770+0000] {processor.py:840} INFO - DAG(s) 'pipeline_procesamiento' retrieved from /opt/airflow/dags/pipeline_procesamiento.py
[2026-02-27T23:19:18.824+0000] {logging_mixin.py:188} INFO - [2026-02-27T23:19:18.823+0000] {dag.py:3096} INFO - Sync 1 DAGs
[2026-02-27T23:19:18.860+0000] {logging_mixin.py:188} INFO - [2026-02-27T23:19:18.860+0000] {dag.py:3954} INFO - Setting next_dagrun for pipeline_procesamiento to 2026-02-27 00:00:00+00:00, run_after=2026-02-28 00:00:00+00:00
[2026-02-27T23:19:18.901+0000] {processor.py:183} INFO - Processing /opt/airflow/dags/pipeline_procesamiento.py took 0.195 seconds
[2026-02-27T23:19:49.456+0000] {processor.py:161} INFO - Started process (PID=190) to work on /opt/airflow/dags/pipeline_procesamiento.py
[2026-02-27T23:19:49.458+0000] {processor.py:830} INFO - Processing file /opt/airflow/dags/pipeline_procesamiento.py for tasks to queue
[2026-02-27T23:19:49.460+0000] {logging_mixin.py:188} INFO - [2026-02-27T23:19:49.459+0000] {dagbag.py:540} INFO - Filling up the DagBag from /opt/airflow/dags/pipeline_procesamiento.py
[2026-02-27T23:19:49.552+0000] {processor.py:840} INFO - DAG(s) 'pipeline_procesamiento' retrieved from /opt/airflow/dags/pipeline_procesamiento.py
[2026-02-27T23:19:49.612+0000] {logging_mixin.py:188} INFO - [2026-02-27T23:19:49.612+0000] {dag.py:3096} INFO - Sync 1 DAGs
[2026-02-27T23:19:49.659+0000] {logging_mixin.py:188} INFO - [2026-02-27T23:19:49.658+0000] {dag.py:3954} INFO - Setting next_dagrun for pipeline_procesamiento to 2026-02-27 00:00:00+00:00, run_after=2026-02-28 00:00:00+00:00
[2026-02-27T23:19:49.696+0000] {processor.py:183} INFO - Processing /opt/airflow/dags/pipeline_procesamiento.py took 0.252 seconds
[2026-02-27T23:20:20.325+0000] {processor.py:161} INFO - Started process (PID=199) to work on /opt/airflow/dags/pipeline_procesamiento.py
[2026-02-27T23:20:20.327+0000] {processor.py:830} INFO - Processing file /opt/airflow/dags/pipeline_procesamiento.py for tasks to queue
[2026-02-27T23:20:20.329+0000] {logging_mixin.py:188} INFO - [2026-02-27T23:20:20.329+0000] {dagbag.py:540} INFO - Filling up the DagBag from /opt/airflow/dags/pipeline_procesamiento.py
[2026-02-27T23:20:20.412+0000] {processor.py:840} INFO - DAG(s) 'pipeline_procesamiento' retrieved from /opt/airflow/dags/pipeline_procesamiento.py
[2026-02-27T23:20:20.457+0000] {logging_mixin.py:188} INFO - [2026-02-27T23:20:20.456+0000] {dag.py:3096} INFO - Sync 1 DAGs
[2026-02-27T23:20:20.492+0000] {logging_mixin.py:188} INFO - [2026-02-27T23:20:20.492+0000] {dag.py:3954} INFO - Setting next_dagrun for pipeline_procesamiento to 2026-02-27 00:00:00+00:00, run_after=2026-02-28 00:00:00+00:00
[2026-02-27T23:20:20.523+0000] {processor.py:183} INFO - Processing /opt/airflow/dags/pipeline_procesamiento.py took 0.208 seconds
[2026-02-27T23:20:51.009+0000] {processor.py:161} INFO - Started process (PID=208) to work on /opt/airflow/dags/pipeline_procesamiento.py
[2026-02-27T23:20:51.012+0000] {processor.py:830} INFO - Processing file /opt/airflow/dags/pipeline_procesamiento.py for tasks to queue
[2026-02-27T23:20:51.014+0000] {logging_mixin.py:188} INFO - [2026-02-27T23:20:51.014+0000] {dagbag.py:540} INFO - Filling up the DagBag from /opt/airflow/dags/pipeline_procesamiento.py
[2026-02-27T23:20:51.105+0000] {processor.py:840} INFO - DAG(s) 'pipeline_procesamiento' retrieved from /opt/airflow/dags/pipeline_procesamiento.py
[2026-02-27T23:20:51.151+0000] {logging_mixin.py:188} INFO - [2026-02-27T23:20:51.151+0000] {dag.py:3096} INFO - Sync 1 DAGs
[2026-02-27T23:20:51.183+0000] {logging_mixin.py:188} INFO - [2026-02-27T23:20:51.182+0000] {dag.py:3954} INFO - Setting next_dagrun for pipeline_procesamiento to 2026-02-27 00:00:00+00:00, run_after=2026-02-28 00:00:00+00:00
[2026-02-27T23:20:51.221+0000] {processor.py:183} INFO - Processing /opt/airflow/dags/pipeline_procesamiento.py took 0.228 seconds
[2026-02-27T23:21:22.012+0000] {processor.py:161} INFO - Started process (PID=217) to work on /opt/airflow/dags/pipeline_procesamiento.py
[2026-02-27T23:21:22.015+0000] {processor.py:830} INFO - Processing file /opt/airflow/dags/pipeline_procesamiento.py for tasks to queue
[2026-02-27T23:21:22.017+0000] {logging_mixin.py:188} INFO - [2026-02-27T23:21:22.017+0000] {dagbag.py:540} INFO - Filling up the DagBag from /opt/airflow/dags/pipeline_procesamiento.py
[2026-02-27T23:21:22.111+0000] {processor.py:840} INFO - DAG(s) 'pipeline_procesamiento' retrieved from /opt/airflow/dags/pipeline_procesamiento.py
[2026-02-27T23:21:22.170+0000] {logging_mixin.py:188} INFO - [2026-02-27T23:21:22.169+0000] {dag.py:3096} INFO - Sync 1 DAGs
[2026-02-27T23:21:22.209+0000] {logging_mixin.py:188} INFO - [2026-02-27T23:21:22.208+0000] {dag.py:3954} INFO - Setting next_dagrun for pipeline_procesamiento to 2026-02-27 00:00:00+00:00, run_after=2026-02-28 00:00:00+00:00
[2026-02-27T23:21:22.253+0000] {processor.py:183} INFO - Processing /opt/airflow/dags/pipeline_procesamiento.py took 0.255 seconds
[2026-02-27T23:21:52.499+0000] {processor.py:161} INFO - Started process (PID=226) to work on /opt/airflow/dags/pipeline_procesamiento.py
[2026-02-27T23:21:52.501+0000] {processor.py:830} INFO - Processing file /opt/airflow/dags/pipeline_procesamiento.py for tasks to queue
[2026-02-27T23:21:52.502+0000] {logging_mixin.py:188} INFO - [2026-02-27T23:21:52.502+0000] {dagbag.py:540} INFO - Filling up the DagBag from /opt/airflow/dags/pipeline_procesamiento.py
[2026-02-27T23:21:52.583+0000] {processor.py:840} INFO - DAG(s) 'pipeline_procesamiento' retrieved from /opt/airflow/dags/pipeline_procesamiento.py
[2026-02-27T23:21:52.641+0000] {logging_mixin.py:188} INFO - [2026-02-27T23:21:52.640+0000] {dag.py:3096} INFO - Sync 1 DAGs
[2026-02-27T23:21:52.684+0000] {logging_mixin.py:188} INFO - [2026-02-27T23:21:52.684+0000] {dag.py:3954} INFO - Setting next_dagrun for pipeline_procesamiento to 2026-02-27 00:00:00+00:00, run_after=2026-02-28 00:00:00+00:00
[2026-02-27T23:21:52.725+0000] {processor.py:183} INFO - Processing /opt/airflow/dags/pipeline_procesamiento.py took 0.237 seconds
[2026-02-27T23:22:23.451+0000] {processor.py:161} INFO - Started process (PID=235) to work on /opt/airflow/dags/pipeline_procesamiento.py
[2026-02-27T23:22:23.452+0000] {processor.py:830} INFO - Processing file /opt/airflow/dags/pipeline_procesamiento.py for tasks to queue
[2026-02-27T23:22:23.454+0000] {logging_mixin.py:188} INFO - [2026-02-27T23:22:23.453+0000] {dagbag.py:540} INFO - Filling up the DagBag from /opt/airflow/dags/pipeline_procesamiento.py
[2026-02-27T23:22:23.497+0000] {processor.py:840} INFO - DAG(s) 'pipeline_procesamiento' retrieved from /opt/airflow/dags/pipeline_procesamiento.py
[2026-02-27T23:22:23.536+0000] {logging_mixin.py:188} INFO - [2026-02-27T23:22:23.536+0000] {dag.py:3096} INFO - Sync 1 DAGs
[2026-02-27T23:22:23.565+0000] {logging_mixin.py:188} INFO - [2026-02-27T23:22:23.565+0000] {dag.py:3954} INFO - Setting next_dagrun for pipeline_procesamiento to 2026-02-27 00:00:00+00:00, run_after=2026-02-28 00:00:00+00:00
[2026-02-27T23:22:23.598+0000] {processor.py:183} INFO - Processing /opt/airflow/dags/pipeline_procesamiento.py took 0.156 seconds
[2026-02-27T23:22:54.106+0000] {processor.py:161} INFO - Started process (PID=244) to work on /opt/airflow/dags/pipeline_procesamiento.py
[2026-02-27T23:22:54.108+0000] {processor.py:830} INFO - Processing file /opt/airflow/dags/pipeline_procesamiento.py for tasks to queue
[2026-02-27T23:22:54.110+0000] {logging_mixin.py:188} INFO - [2026-02-27T23:22:54.109+0000] {dagbag.py:540} INFO - Filling up the DagBag from /opt/airflow/dags/pipeline_procesamiento.py
[2026-02-27T23:22:54.176+0000] {processor.py:840} INFO - DAG(s) 'pipeline_procesamiento' retrieved from /opt/airflow/dags/pipeline_procesamiento.py
[2026-02-27T23:22:54.218+0000] {logging_mixin.py:188} INFO - [2026-02-27T23:22:54.218+0000] {dag.py:3096} INFO - Sync 1 DAGs
[2026-02-27T23:22:54.252+0000] {logging_mixin.py:188} INFO - [2026-02-27T23:22:54.251+0000] {dag.py:3954} INFO - Setting next_dagrun for pipeline_procesamiento to 2026-02-27 00:00:00+00:00, run_after=2026-02-28 00:00:00+00:00
[2026-02-27T23:22:54.283+0000] {processor.py:183} INFO - Processing /opt/airflow/dags/pipeline_procesamiento.py took 0.187 seconds
[2026-02-27T23:23:24.787+0000] {processor.py:161} INFO - Started process (PID=253) to work on /opt/airflow/dags/pipeline_procesamiento.py
[2026-02-27T23:23:24.789+0000] {processor.py:830} INFO - Processing file /opt/airflow/dags/pipeline_procesamiento.py for tasks to queue
[2026-02-27T23:23:24.791+0000] {logging_mixin.py:188} INFO - [2026-02-27T23:23:24.790+0000] {dagbag.py:540} INFO - Filling up the DagBag from /opt/airflow/dags/pipeline_procesamiento.py
[2026-02-27T23:23:24.871+0000] {processor.py:840} INFO - DAG(s) 'pipeline_procesamiento' retrieved from /opt/airflow/dags/pipeline_procesamiento.py
[2026-02-27T23:23:24.931+0000] {logging_mixin.py:188} INFO - [2026-02-27T23:23:24.931+0000] {dag.py:3096} INFO - Sync 1 DAGs
[2026-02-27T23:23:24.967+0000] {logging_mixin.py:188} INFO - [2026-02-27T23:23:24.967+0000] {dag.py:3954} INFO - Setting next_dagrun for pipeline_procesamiento to 2026-02-27 00:00:00+00:00, run_after=2026-02-28 00:00:00+00:00
[2026-02-27T23:23:25.001+0000] {processor.py:183} INFO - Processing /opt/airflow/dags/pipeline_procesamiento.py took 0.225 seconds
[2026-02-27T23:23:55.681+0000] {processor.py:161} INFO - Started process (PID=262) to work on /opt/airflow/dags/pipeline_procesamiento.py
[2026-02-27T23:23:55.683+0000] {processor.py:830} INFO - Processing file /opt/airflow/dags/pipeline_procesamiento.py for tasks to queue
[2026-02-27T23:23:55.689+0000] {logging_mixin.py:188} INFO - [2026-02-27T23:23:55.688+0000] {dagbag.py:540} INFO - Filling up the DagBag from /opt/airflow/dags/pipeline_procesamiento.py
[2026-02-27T23:23:55.764+0000] {processor.py:840} INFO - DAG(s) 'pipeline_procesamiento' retrieved from /opt/airflow/dags/pipeline_procesamiento.py
[2026-02-27T23:23:55.808+0000] {logging_mixin.py:188} INFO - [2026-02-27T23:23:55.808+0000] {dag.py:3096} INFO - Sync 1 DAGs
[2026-02-27T23:23:55.842+0000] {logging_mixin.py:188} INFO - [2026-02-27T23:23:55.841+0000] {dag.py:3954} INFO - Setting next_dagrun for pipeline_procesamiento to 2026-02-27 00:00:00+00:00, run_after=2026-02-28 00:00:00+00:00
[2026-02-27T23:23:55.873+0000] {processor.py:183} INFO - Processing /opt/airflow/dags/pipeline_procesamiento.py took 0.203 seconds
[2026-02-27T23:24:26.308+0000] {processor.py:161} INFO - Started process (PID=271) to work on /opt/airflow/dags/pipeline_procesamiento.py
[2026-02-27T23:24:26.310+0000] {processor.py:830} INFO - Processing file /opt/airflow/dags/pipeline_procesamiento.py for tasks to queue
[2026-02-27T23:24:26.311+0000] {logging_mixin.py:188} INFO - [2026-02-27T23:24:26.311+0000] {dagbag.py:540} INFO - Filling up the DagBag from /opt/airflow/dags/pipeline_procesamiento.py
[2026-02-27T23:24:26.389+0000] {processor.py:840} INFO - DAG(s) 'pipeline_procesamiento' retrieved from /opt/airflow/dags/pipeline_procesamiento.py
[2026-02-27T23:24:26.433+0000] {logging_mixin.py:188} INFO - [2026-02-27T23:24:26.433+0000] {dag.py:3096} INFO - Sync 1 DAGs
[2026-02-27T23:24:26.467+0000] {logging_mixin.py:188} INFO - [2026-02-27T23:24:26.467+0000] {dag.py:3954} INFO - Setting next_dagrun for pipeline_procesamiento to 2026-02-27 00:00:00+00:00, run_after=2026-02-28 00:00:00+00:00
[2026-02-27T23:24:26.533+0000] {processor.py:183} INFO - Processing /opt/airflow/dags/pipeline_procesamiento.py took 0.235 seconds
[2026-02-27T23:24:57.413+0000] {processor.py:161} INFO - Started process (PID=280) to work on /opt/airflow/dags/pipeline_procesamiento.py
[2026-02-27T23:24:57.415+0000] {processor.py:830} INFO - Processing file /opt/airflow/dags/pipeline_procesamiento.py for tasks to queue
[2026-02-27T23:24:57.416+0000] {logging_mixin.py:188} INFO - [2026-02-27T23:24:57.416+0000] {dagbag.py:540} INFO - Filling up the DagBag from /opt/airflow/dags/pipeline_procesamiento.py
[2026-02-27T23:24:57.488+0000] {processor.py:840} INFO - DAG(s) 'pipeline_procesamiento' retrieved from /opt/airflow/dags/pipeline_procesamiento.py
[2026-02-27T23:24:57.529+0000] {logging_mixin.py:188} INFO - [2026-02-27T23:24:57.529+0000] {dag.py:3096} INFO - Sync 1 DAGs
[2026-02-27T23:24:57.559+0000] {logging_mixin.py:188} INFO - [2026-02-27T23:24:57.559+0000] {dag.py:3954} INFO - Setting next_dagrun for pipeline_procesamiento to 2026-02-27 00:00:00+00:00, run_after=2026-02-28 00:00:00+00:00
[2026-02-27T23:24:57.636+0000] {processor.py:183} INFO - Processing /opt/airflow/dags/pipeline_procesamiento.py took 0.233 seconds
[2026-02-27T23:25:28.433+0000] {processor.py:161} INFO - Started process (PID=289) to work on /opt/airflow/dags/pipeline_procesamiento.py
[2026-02-27T23:25:28.435+0000] {processor.py:830} INFO - Processing file /opt/airflow/dags/pipeline_procesamiento.py for tasks to queue
[2026-02-27T23:25:28.437+0000] {logging_mixin.py:188} INFO - [2026-02-27T23:25:28.436+0000] {dagbag.py:540} INFO - Filling up the DagBag from /opt/airflow/dags/pipeline_procesamiento.py
[2026-02-27T23:25:28.515+0000] {processor.py:840} INFO - DAG(s) 'pipeline_procesamiento' retrieved from /opt/airflow/dags/pipeline_procesamiento.py
[2026-02-27T23:25:28.561+0000] {logging_mixin.py:188} INFO - [2026-02-27T23:25:28.560+0000] {dag.py:3096} INFO - Sync 1 DAGs
[2026-02-27T23:25:28.612+0000] {logging_mixin.py:188} INFO - [2026-02-27T23:25:28.611+0000] {dag.py:3954} INFO - Setting next_dagrun for pipeline_procesamiento to 2026-02-27 00:00:00+00:00, run_after=2026-02-28 00:00:00+00:00
[2026-02-27T23:25:28.658+0000] {processor.py:183} INFO - Processing /opt/airflow/dags/pipeline_procesamiento.py took 0.236 seconds
[2026-02-27T23:25:59.015+0000] {processor.py:161} INFO - Started process (PID=298) to work on /opt/airflow/dags/pipeline_procesamiento.py
[2026-02-27T23:25:59.017+0000] {processor.py:830} INFO - Processing file /opt/airflow/dags/pipeline_procesamiento.py for tasks to queue
[2026-02-27T23:25:59.019+0000] {logging_mixin.py:188} INFO - [2026-02-27T23:25:59.019+0000] {dagbag.py:540} INFO - Filling up the DagBag from /opt/airflow/dags/pipeline_procesamiento.py
[2026-02-27T23:25:59.093+0000] {processor.py:840} INFO - DAG(s) 'pipeline_procesamiento' retrieved from /opt/airflow/dags/pipeline_procesamiento.py
[2026-02-27T23:25:59.138+0000] {logging_mixin.py:188} INFO - [2026-02-27T23:25:59.138+0000] {dag.py:3096} INFO - Sync 1 DAGs
[2026-02-27T23:25:59.170+0000] {logging_mixin.py:188} INFO - [2026-02-27T23:25:59.169+0000] {dag.py:3954} INFO - Setting next_dagrun for pipeline_procesamiento to 2026-02-27 00:00:00+00:00, run_after=2026-02-28 00:00:00+00:00
[2026-02-27T23:25:59.204+0000] {processor.py:183} INFO - Processing /opt/airflow/dags/pipeline_procesamiento.py took 0.199 seconds
[2026-02-27T23:26:30.200+0000] {processor.py:161} INFO - Started process (PID=307) to work on /opt/airflow/dags/pipeline_procesamiento.py
[2026-02-27T23:26:30.203+0000] {processor.py:830} INFO - Processing file /opt/airflow/dags/pipeline_procesamiento.py for tasks to queue
[2026-02-27T23:26:30.205+0000] {logging_mixin.py:188} INFO - [2026-02-27T23:26:30.204+0000] {dagbag.py:540} INFO - Filling up the DagBag from /opt/airflow/dags/pipeline_procesamiento.py
[2026-02-27T23:26:30.295+0000] {processor.py:840} INFO - DAG(s) 'pipeline_procesamiento' retrieved from /opt/airflow/dags/pipeline_procesamiento.py
[2026-02-27T23:26:30.347+0000] {logging_mixin.py:188} INFO - [2026-02-27T23:26:30.347+0000] {dag.py:3096} INFO - Sync 1 DAGs
[2026-02-27T23:26:30.384+0000] {logging_mixin.py:188} INFO - [2026-02-27T23:26:30.383+0000] {dag.py:3954} INFO - Setting next_dagrun for pipeline_procesamiento to 2026-02-27 00:00:00+00:00, run_after=2026-02-28 00:00:00+00:00
[2026-02-27T23:26:30.415+0000] {processor.py:183} INFO - Processing /opt/airflow/dags/pipeline_procesamiento.py took 0.225 seconds
[2026-02-27T23:26:39.517+0000] {processor.py:161} INFO - Started process (PID=311) to work on /opt/airflow/dags/pipeline_procesamiento.py
[2026-02-27T23:26:39.519+0000] {processor.py:830} INFO - Processing file /opt/airflow/dags/pipeline_procesamiento.py for tasks to queue
[2026-02-27T23:26:39.521+0000] {logging_mixin.py:188} INFO - [2026-02-27T23:26:39.520+0000] {dagbag.py:540} INFO - Filling up the DagBag from /opt/airflow/dags/pipeline_procesamiento.py
[2026-02-27T23:26:39.635+0000] {logging_mixin.py:188} INFO - [2026-02-27T23:26:39.621+0000] {dagbag.py:350} ERROR - Failed to import: /opt/airflow/dags/pipeline_procesamiento.py
Traceback (most recent call last):
  File "/home/airflow/.local/lib/python3.12/site-packages/airflow/models/dagbag.py", line 346, in parse
    loader.exec_module(new_module)
  File "<frozen importlib._bootstrap_external>", line 995, in exec_module
  File "<frozen importlib._bootstrap>", line 488, in _call_with_frames_removed
  File "/opt/airflow/dags/pipeline_procesamiento.py", line 6, in <module>
    from src.validacion.ventas.validador import validar_datos_ventas
ModuleNotFoundError: No module named 'src.validacion.ventas'
[2026-02-27T23:26:39.640+0000] {processor.py:842} WARNING - No viable dags retrieved from /opt/airflow/dags/pipeline_procesamiento.py
[2026-02-27T23:26:39.676+0000] {processor.py:183} INFO - Processing /opt/airflow/dags/pipeline_procesamiento.py took 0.168 seconds
[2026-02-27T23:27:10.350+0000] {processor.py:161} INFO - Started process (PID=320) to work on /opt/airflow/dags/pipeline_procesamiento.py
[2026-02-27T23:27:10.352+0000] {processor.py:830} INFO - Processing file /opt/airflow/dags/pipeline_procesamiento.py for tasks to queue
[2026-02-27T23:27:10.354+0000] {logging_mixin.py:188} INFO - [2026-02-27T23:27:10.354+0000] {dagbag.py:540} INFO - Filling up the DagBag from /opt/airflow/dags/pipeline_procesamiento.py
[2026-02-27T23:27:10.436+0000] {logging_mixin.py:188} INFO - [2026-02-27T23:27:10.426+0000] {dagbag.py:350} ERROR - Failed to import: /opt/airflow/dags/pipeline_procesamiento.py
Traceback (most recent call last):
  File "/home/airflow/.local/lib/python3.12/site-packages/airflow/models/dagbag.py", line 346, in parse
    loader.exec_module(new_module)
  File "<frozen importlib._bootstrap_external>", line 995, in exec_module
  File "<frozen importlib._bootstrap>", line 488, in _call_with_frames_removed
  File "/opt/airflow/dags/pipeline_procesamiento.py", line 6, in <module>
    from src.validacion.ventas.validador import validar_datos_ventas
ModuleNotFoundError: No module named 'src.validacion.ventas'
[2026-02-27T23:27:10.439+0000] {processor.py:842} WARNING - No viable dags retrieved from /opt/airflow/dags/pipeline_procesamiento.py
[2026-02-27T23:27:10.470+0000] {processor.py:183} INFO - Processing /opt/airflow/dags/pipeline_procesamiento.py took 0.138 seconds
[2026-02-27T23:27:41.530+0000] {processor.py:161} INFO - Started process (PID=329) to work on /opt/airflow/dags/pipeline_procesamiento.py
[2026-02-27T23:27:41.533+0000] {processor.py:830} INFO - Processing file /opt/airflow/dags/pipeline_procesamiento.py for tasks to queue
[2026-02-27T23:27:41.535+0000] {logging_mixin.py:188} INFO - [2026-02-27T23:27:41.535+0000] {dagbag.py:540} INFO - Filling up the DagBag from /opt/airflow/dags/pipeline_procesamiento.py
[2026-02-27T23:27:41.632+0000] {logging_mixin.py:188} INFO - [2026-02-27T23:27:41.620+0000] {dagbag.py:350} ERROR - Failed to import: /opt/airflow/dags/pipeline_procesamiento.py
Traceback (most recent call last):
  File "/home/airflow/.local/lib/python3.12/site-packages/airflow/models/dagbag.py", line 346, in parse
    loader.exec_module(new_module)
  File "<frozen importlib._bootstrap_external>", line 995, in exec_module
  File "<frozen importlib._bootstrap>", line 488, in _call_with_frames_removed
  File "/opt/airflow/dags/pipeline_procesamiento.py", line 6, in <module>
    from src.validacion.ventas.validador import validar_datos_ventas
ModuleNotFoundError: No module named 'src.validacion.ventas'
[2026-02-27T23:27:41.636+0000] {processor.py:842} WARNING - No viable dags retrieved from /opt/airflow/dags/pipeline_procesamiento.py
[2026-02-27T23:27:41.680+0000] {processor.py:183} INFO - Processing /opt/airflow/dags/pipeline_procesamiento.py took 0.162 seconds
[2026-02-27T23:28:12.484+0000] {processor.py:161} INFO - Started process (PID=338) to work on /opt/airflow/dags/pipeline_procesamiento.py
[2026-02-27T23:28:12.486+0000] {processor.py:830} INFO - Processing file /opt/airflow/dags/pipeline_procesamiento.py for tasks to queue
[2026-02-27T23:28:12.488+0000] {logging_mixin.py:188} INFO - [2026-02-27T23:28:12.488+0000] {dagbag.py:540} INFO - Filling up the DagBag from /opt/airflow/dags/pipeline_procesamiento.py
[2026-02-27T23:28:12.541+0000] {logging_mixin.py:188} INFO - [2026-02-27T23:28:12.534+0000] {dagbag.py:350} ERROR - Failed to import: /opt/airflow/dags/pipeline_procesamiento.py
Traceback (most recent call last):
  File "/home/airflow/.local/lib/python3.12/site-packages/airflow/models/dagbag.py", line 346, in parse
    loader.exec_module(new_module)
  File "<frozen importlib._bootstrap_external>", line 995, in exec_module
  File "<frozen importlib._bootstrap>", line 488, in _call_with_frames_removed
  File "/opt/airflow/dags/pipeline_procesamiento.py", line 6, in <module>
    from src.validacion.ventas.validador import validar_datos_ventas
ModuleNotFoundError: No module named 'src.validacion.ventas'
[2026-02-27T23:28:12.544+0000] {processor.py:842} WARNING - No viable dags retrieved from /opt/airflow/dags/pipeline_procesamiento.py
[2026-02-27T23:28:12.584+0000] {processor.py:183} INFO - Processing /opt/airflow/dags/pipeline_procesamiento.py took 0.110 seconds
[2026-02-27T23:28:43.264+0000] {processor.py:161} INFO - Started process (PID=347) to work on /opt/airflow/dags/pipeline_procesamiento.py
[2026-02-27T23:28:43.266+0000] {processor.py:830} INFO - Processing file /opt/airflow/dags/pipeline_procesamiento.py for tasks to queue
[2026-02-27T23:28:43.268+0000] {logging_mixin.py:188} INFO - [2026-02-27T23:28:43.267+0000] {dagbag.py:540} INFO - Filling up the DagBag from /opt/airflow/dags/pipeline_procesamiento.py
[2026-02-27T23:28:43.343+0000] {logging_mixin.py:188} INFO - [2026-02-27T23:28:43.333+0000] {dagbag.py:350} ERROR - Failed to import: /opt/airflow/dags/pipeline_procesamiento.py
Traceback (most recent call last):
  File "/home/airflow/.local/lib/python3.12/site-packages/airflow/models/dagbag.py", line 346, in parse
    loader.exec_module(new_module)
  File "<frozen importlib._bootstrap_external>", line 995, in exec_module
  File "<frozen importlib._bootstrap>", line 488, in _call_with_frames_removed
  File "/opt/airflow/dags/pipeline_procesamiento.py", line 6, in <module>
    from src.validacion.ventas.validador import validar_datos_ventas
ModuleNotFoundError: No module named 'src.validacion.ventas'
[2026-02-27T23:28:43.347+0000] {processor.py:842} WARNING - No viable dags retrieved from /opt/airflow/dags/pipeline_procesamiento.py
[2026-02-27T23:28:43.376+0000] {processor.py:183} INFO - Processing /opt/airflow/dags/pipeline_procesamiento.py took 0.123 seconds
[2026-02-27T23:29:14.107+0000] {processor.py:161} INFO - Started process (PID=356) to work on /opt/airflow/dags/pipeline_procesamiento.py
[2026-02-27T23:29:14.109+0000] {processor.py:830} INFO - Processing file /opt/airflow/dags/pipeline_procesamiento.py for tasks to queue
[2026-02-27T23:29:14.112+0000] {logging_mixin.py:188} INFO - [2026-02-27T23:29:14.111+0000] {dagbag.py:540} INFO - Filling up the DagBag from /opt/airflow/dags/pipeline_procesamiento.py
[2026-02-27T23:29:14.182+0000] {logging_mixin.py:188} INFO - [2026-02-27T23:29:14.172+0000] {dagbag.py:350} ERROR - Failed to import: /opt/airflow/dags/pipeline_procesamiento.py
Traceback (most recent call last):
  File "/home/airflow/.local/lib/python3.12/site-packages/airflow/models/dagbag.py", line 346, in parse
    loader.exec_module(new_module)
  File "<frozen importlib._bootstrap_external>", line 995, in exec_module
  File "<frozen importlib._bootstrap>", line 488, in _call_with_frames_removed
  File "/opt/airflow/dags/pipeline_procesamiento.py", line 6, in <module>
    from src.validacion.ventas.validador import validar_datos_ventas
ModuleNotFoundError: No module named 'src.validacion.ventas'
[2026-02-27T23:29:14.185+0000] {processor.py:842} WARNING - No viable dags retrieved from /opt/airflow/dags/pipeline_procesamiento.py
[2026-02-27T23:29:14.219+0000] {processor.py:183} INFO - Processing /opt/airflow/dags/pipeline_procesamiento.py took 0.125 seconds
[2026-02-27T23:29:44.731+0000] {processor.py:161} INFO - Started process (PID=365) to work on /opt/airflow/dags/pipeline_procesamiento.py
[2026-02-27T23:29:44.733+0000] {processor.py:830} INFO - Processing file /opt/airflow/dags/pipeline_procesamiento.py for tasks to queue
[2026-02-27T23:29:44.735+0000] {logging_mixin.py:188} INFO - [2026-02-27T23:29:44.734+0000] {dagbag.py:540} INFO - Filling up the DagBag from /opt/airflow/dags/pipeline_procesamiento.py
[2026-02-27T23:29:44.799+0000] {logging_mixin.py:188} INFO - [2026-02-27T23:29:44.791+0000] {dagbag.py:350} ERROR - Failed to import: /opt/airflow/dags/pipeline_procesamiento.py
Traceback (most recent call last):
  File "/home/airflow/.local/lib/python3.12/site-packages/airflow/models/dagbag.py", line 346, in parse
    loader.exec_module(new_module)
  File "<frozen importlib._bootstrap_external>", line 995, in exec_module
  File "<frozen importlib._bootstrap>", line 488, in _call_with_frames_removed
  File "/opt/airflow/dags/pipeline_procesamiento.py", line 6, in <module>
    from src.validacion.ventas.validador import validar_datos_ventas
ModuleNotFoundError: No module named 'src.validacion.ventas'
[2026-02-27T23:29:44.801+0000] {processor.py:842} WARNING - No viable dags retrieved from /opt/airflow/dags/pipeline_procesamiento.py
[2026-02-27T23:29:44.828+0000] {processor.py:183} INFO - Processing /opt/airflow/dags/pipeline_procesamiento.py took 0.109 seconds
[2026-02-27T23:30:15.818+0000] {processor.py:161} INFO - Started process (PID=374) to work on /opt/airflow/dags/pipeline_procesamiento.py
[2026-02-27T23:30:15.821+0000] {processor.py:830} INFO - Processing file /opt/airflow/dags/pipeline_procesamiento.py for tasks to queue
[2026-02-27T23:30:15.824+0000] {logging_mixin.py:188} INFO - [2026-02-27T23:30:15.823+0000] {dagbag.py:540} INFO - Filling up the DagBag from /opt/airflow/dags/pipeline_procesamiento.py
[2026-02-27T23:30:15.890+0000] {logging_mixin.py:188} INFO - [2026-02-27T23:30:15.883+0000] {dagbag.py:350} ERROR - Failed to import: /opt/airflow/dags/pipeline_procesamiento.py
Traceback (most recent call last):
  File "/home/airflow/.local/lib/python3.12/site-packages/airflow/models/dagbag.py", line 346, in parse
    loader.exec_module(new_module)
  File "<frozen importlib._bootstrap_external>", line 995, in exec_module
  File "<frozen importlib._bootstrap>", line 488, in _call_with_frames_removed
  File "/opt/airflow/dags/pipeline_procesamiento.py", line 6, in <module>
    from src.validacion.ventas.validador import validar_datos_ventas
ModuleNotFoundError: No module named 'src.validacion.ventas'
[2026-02-27T23:30:15.892+0000] {processor.py:842} WARNING - No viable dags retrieved from /opt/airflow/dags/pipeline_procesamiento.py
[2026-02-27T23:30:15.934+0000] {processor.py:183} INFO - Processing /opt/airflow/dags/pipeline_procesamiento.py took 0.128 seconds
[2026-02-27T23:30:46.464+0000] {processor.py:161} INFO - Started process (PID=383) to work on /opt/airflow/dags/pipeline_procesamiento.py
[2026-02-27T23:30:46.466+0000] {processor.py:830} INFO - Processing file /opt/airflow/dags/pipeline_procesamiento.py for tasks to queue
[2026-02-27T23:30:46.468+0000] {logging_mixin.py:188} INFO - [2026-02-27T23:30:46.467+0000] {dagbag.py:540} INFO - Filling up the DagBag from /opt/airflow/dags/pipeline_procesamiento.py
[2026-02-27T23:30:46.536+0000] {logging_mixin.py:188} INFO - [2026-02-27T23:30:46.527+0000] {dagbag.py:350} ERROR - Failed to import: /opt/airflow/dags/pipeline_procesamiento.py
Traceback (most recent call last):
  File "/home/airflow/.local/lib/python3.12/site-packages/airflow/models/dagbag.py", line 346, in parse
    loader.exec_module(new_module)
  File "<frozen importlib._bootstrap_external>", line 995, in exec_module
  File "<frozen importlib._bootstrap>", line 488, in _call_with_frames_removed
  File "/opt/airflow/dags/pipeline_procesamiento.py", line 6, in <module>
    from src.validacion.ventas.validador import validar_datos_ventas
ModuleNotFoundError: No module named 'src.validacion.ventas'
[2026-02-27T23:30:46.541+0000] {processor.py:842} WARNING - No viable dags retrieved from /opt/airflow/dags/pipeline_procesamiento.py
[2026-02-27T23:30:46.574+0000] {processor.py:183} INFO - Processing /opt/airflow/dags/pipeline_procesamiento.py took 0.121 seconds
[2026-02-27T23:31:17.164+0000] {processor.py:161} INFO - Started process (PID=392) to work on /opt/airflow/dags/pipeline_procesamiento.py
[2026-02-27T23:31:17.166+0000] {processor.py:830} INFO - Processing file /opt/airflow/dags/pipeline_procesamiento.py for tasks to queue
[2026-02-27T23:31:17.167+0000] {logging_mixin.py:188} INFO - [2026-02-27T23:31:17.167+0000] {dagbag.py:540} INFO - Filling up the DagBag from /opt/airflow/dags/pipeline_procesamiento.py
[2026-02-27T23:31:17.228+0000] {logging_mixin.py:188} INFO - [2026-02-27T23:31:17.221+0000] {dagbag.py:350} ERROR - Failed to import: /opt/airflow/dags/pipeline_procesamiento.py
Traceback (most recent call last):
  File "/home/airflow/.local/lib/python3.12/site-packages/airflow/models/dagbag.py", line 346, in parse
    loader.exec_module(new_module)
  File "<frozen importlib._bootstrap_external>", line 995, in exec_module
  File "<frozen importlib._bootstrap>", line 488, in _call_with_frames_removed
  File "/opt/airflow/dags/pipeline_procesamiento.py", line 6, in <module>
    from src.validacion.ventas.validador import validar_datos_ventas
ModuleNotFoundError: No module named 'src.validacion.ventas'
[2026-02-27T23:31:17.230+0000] {processor.py:842} WARNING - No viable dags retrieved from /opt/airflow/dags/pipeline_procesamiento.py
[2026-02-27T23:31:17.275+0000] {processor.py:183} INFO - Processing /opt/airflow/dags/pipeline_procesamiento.py took 0.121 seconds
[2026-02-27T23:31:48.196+0000] {processor.py:161} INFO - Started process (PID=401) to work on /opt/airflow/dags/pipeline_procesamiento.py
[2026-02-27T23:31:48.198+0000] {processor.py:830} INFO - Processing file /opt/airflow/dags/pipeline_procesamiento.py for tasks to queue
[2026-02-27T23:31:48.199+0000] {logging_mixin.py:188} INFO - [2026-02-27T23:31:48.199+0000] {dagbag.py:540} INFO - Filling up the DagBag from /opt/airflow/dags/pipeline_procesamiento.py
[2026-02-27T23:31:48.255+0000] {logging_mixin.py:188} INFO - [2026-02-27T23:31:48.247+0000] {dagbag.py:350} ERROR - Failed to import: /opt/airflow/dags/pipeline_procesamiento.py
Traceback (most recent call last):
  File "/home/airflow/.local/lib/python3.12/site-packages/airflow/models/dagbag.py", line 346, in parse
    loader.exec_module(new_module)
  File "<frozen importlib._bootstrap_external>", line 995, in exec_module
  File "<frozen importlib._bootstrap>", line 488, in _call_with_frames_removed
  File "/opt/airflow/dags/pipeline_procesamiento.py", line 6, in <module>
    from src.validacion.ventas.validador import validar_datos_ventas
ModuleNotFoundError: No module named 'src.validacion.ventas'
[2026-02-27T23:31:48.259+0000] {processor.py:842} WARNING - No viable dags retrieved from /opt/airflow/dags/pipeline_procesamiento.py
[2026-02-27T23:31:48.306+0000] {processor.py:183} INFO - Processing /opt/airflow/dags/pipeline_procesamiento.py took 0.120 seconds
[2026-02-27T23:32:19.113+0000] {processor.py:161} INFO - Started process (PID=410) to work on /opt/airflow/dags/pipeline_procesamiento.py
[2026-02-27T23:32:19.115+0000] {processor.py:830} INFO - Processing file /opt/airflow/dags/pipeline_procesamiento.py for tasks to queue
[2026-02-27T23:32:19.118+0000] {logging_mixin.py:188} INFO - [2026-02-27T23:32:19.117+0000] {dagbag.py:540} INFO - Filling up the DagBag from /opt/airflow/dags/pipeline_procesamiento.py
[2026-02-27T23:32:19.217+0000] {logging_mixin.py:188} INFO - [2026-02-27T23:32:19.192+0000] {dagbag.py:350} ERROR - Failed to import: /opt/airflow/dags/pipeline_procesamiento.py
Traceback (most recent call last):
  File "/home/airflow/.local/lib/python3.12/site-packages/airflow/models/dagbag.py", line 346, in parse
    loader.exec_module(new_module)
  File "<frozen importlib._bootstrap_external>", line 995, in exec_module
  File "<frozen importlib._bootstrap>", line 488, in _call_with_frames_removed
  File "/opt/airflow/dags/pipeline_procesamiento.py", line 6, in <module>
    from src.validacion.ventas.validador import validar_datos_ventas
ModuleNotFoundError: No module named 'src.validacion.ventas'
[2026-02-27T23:32:19.230+0000] {processor.py:842} WARNING - No viable dags retrieved from /opt/airflow/dags/pipeline_procesamiento.py
[2026-02-27T23:32:19.276+0000] {processor.py:183} INFO - Processing /opt/airflow/dags/pipeline_procesamiento.py took 0.172 seconds
[2026-02-27T23:32:49.925+0000] {processor.py:161} INFO - Started process (PID=419) to work on /opt/airflow/dags/pipeline_procesamiento.py
[2026-02-27T23:32:49.927+0000] {processor.py:830} INFO - Processing file /opt/airflow/dags/pipeline_procesamiento.py for tasks to queue
[2026-02-27T23:32:49.929+0000] {logging_mixin.py:188} INFO - [2026-02-27T23:32:49.929+0000] {dagbag.py:540} INFO - Filling up the DagBag from /opt/airflow/dags/pipeline_procesamiento.py
[2026-02-27T23:32:49.984+0000] {logging_mixin.py:188} INFO - [2026-02-27T23:32:49.977+0000] {dagbag.py:350} ERROR - Failed to import: /opt/airflow/dags/pipeline_procesamiento.py
Traceback (most recent call last):
  File "/home/airflow/.local/lib/python3.12/site-packages/airflow/models/dagbag.py", line 346, in parse
    loader.exec_module(new_module)
  File "<frozen importlib._bootstrap_external>", line 995, in exec_module
  File "<frozen importlib._bootstrap>", line 488, in _call_with_frames_removed
  File "/opt/airflow/dags/pipeline_procesamiento.py", line 6, in <module>
    from src.validacion.ventas.validador import validar_datos_ventas
ModuleNotFoundError: No module named 'src.validacion.ventas'
[2026-02-27T23:32:49.987+0000] {processor.py:842} WARNING - No viable dags retrieved from /opt/airflow/dags/pipeline_procesamiento.py
[2026-02-27T23:32:50.019+0000] {processor.py:183} INFO - Processing /opt/airflow/dags/pipeline_procesamiento.py took 0.103 seconds
[2026-02-27T23:33:20.492+0000] {processor.py:161} INFO - Started process (PID=428) to work on /opt/airflow/dags/pipeline_procesamiento.py
[2026-02-27T23:33:20.494+0000] {processor.py:830} INFO - Processing file /opt/airflow/dags/pipeline_procesamiento.py for tasks to queue
[2026-02-27T23:33:20.496+0000] {logging_mixin.py:188} INFO - [2026-02-27T23:33:20.495+0000] {dagbag.py:540} INFO - Filling up the DagBag from /opt/airflow/dags/pipeline_procesamiento.py
[2026-02-27T23:33:20.551+0000] {logging_mixin.py:188} INFO - [2026-02-27T23:33:20.545+0000] {dagbag.py:350} ERROR - Failed to import: /opt/airflow/dags/pipeline_procesamiento.py
Traceback (most recent call last):
  File "/home/airflow/.local/lib/python3.12/site-packages/airflow/models/dagbag.py", line 346, in parse
    loader.exec_module(new_module)
  File "<frozen importlib._bootstrap_external>", line 995, in exec_module
  File "<frozen importlib._bootstrap>", line 488, in _call_with_frames_removed
  File "/opt/airflow/dags/pipeline_procesamiento.py", line 6, in <module>
    from src.validacion.ventas.validador import validar_datos_ventas
ModuleNotFoundError: No module named 'src.validacion.ventas'
[2026-02-27T23:33:20.555+0000] {processor.py:842} WARNING - No viable dags retrieved from /opt/airflow/dags/pipeline_procesamiento.py
[2026-02-27T23:33:20.584+0000] {processor.py:183} INFO - Processing /opt/airflow/dags/pipeline_procesamiento.py took 0.105 seconds
[2026-02-27T23:33:51.138+0000] {processor.py:161} INFO - Started process (PID=437) to work on /opt/airflow/dags/pipeline_procesamiento.py
[2026-02-27T23:33:51.142+0000] {processor.py:830} INFO - Processing file /opt/airflow/dags/pipeline_procesamiento.py for tasks to queue
[2026-02-27T23:33:51.144+0000] {logging_mixin.py:188} INFO - [2026-02-27T23:33:51.143+0000] {dagbag.py:540} INFO - Filling up the DagBag from /opt/airflow/dags/pipeline_procesamiento.py
[2026-02-27T23:33:51.202+0000] {logging_mixin.py:188} INFO - [2026-02-27T23:33:51.194+0000] {dagbag.py:350} ERROR - Failed to import: /opt/airflow/dags/pipeline_procesamiento.py
Traceback (most recent call last):
  File "/home/airflow/.local/lib/python3.12/site-packages/airflow/models/dagbag.py", line 346, in parse
    loader.exec_module(new_module)
  File "<frozen importlib._bootstrap_external>", line 995, in exec_module
  File "<frozen importlib._bootstrap>", line 488, in _call_with_frames_removed
  File "/opt/airflow/dags/pipeline_procesamiento.py", line 6, in <module>
    from src.validacion.ventas.validador import validar_datos_ventas
ModuleNotFoundError: No module named 'src.validacion.ventas'
[2026-02-27T23:33:51.205+0000] {processor.py:842} WARNING - No viable dags retrieved from /opt/airflow/dags/pipeline_procesamiento.py
[2026-02-27T23:33:51.256+0000] {processor.py:183} INFO - Processing /opt/airflow/dags/pipeline_procesamiento.py took 0.127 seconds
[2026-02-27T23:34:21.770+0000] {processor.py:161} INFO - Started process (PID=446) to work on /opt/airflow/dags/pipeline_procesamiento.py
[2026-02-27T23:34:21.772+0000] {processor.py:830} INFO - Processing file /opt/airflow/dags/pipeline_procesamiento.py for tasks to queue
[2026-02-27T23:34:21.773+0000] {logging_mixin.py:188} INFO - [2026-02-27T23:34:21.773+0000] {dagbag.py:540} INFO - Filling up the DagBag from /opt/airflow/dags/pipeline_procesamiento.py
[2026-02-27T23:34:21.826+0000] {logging_mixin.py:188} INFO - [2026-02-27T23:34:21.818+0000] {dagbag.py:350} ERROR - Failed to import: /opt/airflow/dags/pipeline_procesamiento.py
Traceback (most recent call last):
  File "/home/airflow/.local/lib/python3.12/site-packages/airflow/models/dagbag.py", line 346, in parse
    loader.exec_module(new_module)
  File "<frozen importlib._bootstrap_external>", line 995, in exec_module
  File "<frozen importlib._bootstrap>", line 488, in _call_with_frames_removed
  File "/opt/airflow/dags/pipeline_procesamiento.py", line 6, in <module>
    from src.validacion.ventas.validador import validar_datos_ventas
ModuleNotFoundError: No module named 'src.validacion.ventas'
[2026-02-27T23:34:21.828+0000] {processor.py:842} WARNING - No viable dags retrieved from /opt/airflow/dags/pipeline_procesamiento.py
[2026-02-27T23:34:21.858+0000] {processor.py:183} INFO - Processing /opt/airflow/dags/pipeline_procesamiento.py took 0.096 seconds
[2026-02-27T23:34:52.354+0000] {processor.py:161} INFO - Started process (PID=455) to work on /opt/airflow/dags/pipeline_procesamiento.py
[2026-02-27T23:34:52.356+0000] {processor.py:830} INFO - Processing file /opt/airflow/dags/pipeline_procesamiento.py for tasks to queue
[2026-02-27T23:34:52.358+0000] {logging_mixin.py:188} INFO - [2026-02-27T23:34:52.357+0000] {dagbag.py:540} INFO - Filling up the DagBag from /opt/airflow/dags/pipeline_procesamiento.py
[2026-02-27T23:34:52.422+0000] {logging_mixin.py:188} INFO - [2026-02-27T23:34:52.415+0000] {dagbag.py:350} ERROR - Failed to import: /opt/airflow/dags/pipeline_procesamiento.py
Traceback (most recent call last):
  File "/home/airflow/.local/lib/python3.12/site-packages/airflow/models/dagbag.py", line 346, in parse
    loader.exec_module(new_module)
  File "<frozen importlib._bootstrap_external>", line 995, in exec_module
  File "<frozen importlib._bootstrap>", line 488, in _call_with_frames_removed
  File "/opt/airflow/dags/pipeline_procesamiento.py", line 6, in <module>
    from src.validacion.ventas.validador import validar_datos_ventas
ModuleNotFoundError: No module named 'src.validacion.ventas'
[2026-02-27T23:34:52.426+0000] {processor.py:842} WARNING - No viable dags retrieved from /opt/airflow/dags/pipeline_procesamiento.py
[2026-02-27T23:34:52.477+0000] {processor.py:183} INFO - Processing /opt/airflow/dags/pipeline_procesamiento.py took 0.139 seconds
[2026-02-27T23:35:23.307+0000] {processor.py:161} INFO - Started process (PID=464) to work on /opt/airflow/dags/pipeline_procesamiento.py
[2026-02-27T23:35:23.310+0000] {processor.py:830} INFO - Processing file /opt/airflow/dags/pipeline_procesamiento.py for tasks to queue
[2026-02-27T23:35:23.314+0000] {logging_mixin.py:188} INFO - [2026-02-27T23:35:23.313+0000] {dagbag.py:540} INFO - Filling up the DagBag from /opt/airflow/dags/pipeline_procesamiento.py
[2026-02-27T23:35:23.374+0000] {logging_mixin.py:188} INFO - [2026-02-27T23:35:23.367+0000] {dagbag.py:350} ERROR - Failed to import: /opt/airflow/dags/pipeline_procesamiento.py
Traceback (most recent call last):
  File "/home/airflow/.local/lib/python3.12/site-packages/airflow/models/dagbag.py", line 346, in parse
    loader.exec_module(new_module)
  File "<frozen importlib._bootstrap_external>", line 995, in exec_module
  File "<frozen importlib._bootstrap>", line 488, in _call_with_frames_removed
  File "/opt/airflow/dags/pipeline_procesamiento.py", line 6, in <module>
    from src.validacion.ventas.validador import validar_datos_ventas
ModuleNotFoundError: No module named 'src.validacion.ventas'
[2026-02-27T23:35:23.377+0000] {processor.py:842} WARNING - No viable dags retrieved from /opt/airflow/dags/pipeline_procesamiento.py
[2026-02-27T23:35:23.409+0000] {processor.py:183} INFO - Processing /opt/airflow/dags/pipeline_procesamiento.py took 0.116 seconds
[2026-02-27T23:35:53.693+0000] {processor.py:161} INFO - Started process (PID=473) to work on /opt/airflow/dags/pipeline_procesamiento.py
[2026-02-27T23:35:53.695+0000] {processor.py:830} INFO - Processing file /opt/airflow/dags/pipeline_procesamiento.py for tasks to queue
[2026-02-27T23:35:53.696+0000] {logging_mixin.py:188} INFO - [2026-02-27T23:35:53.696+0000] {dagbag.py:540} INFO - Filling up the DagBag from /opt/airflow/dags/pipeline_procesamiento.py
[2026-02-27T23:35:53.759+0000] {logging_mixin.py:188} INFO - [2026-02-27T23:35:53.750+0000] {dagbag.py:350} ERROR - Failed to import: /opt/airflow/dags/pipeline_procesamiento.py
Traceback (most recent call last):
  File "/home/airflow/.local/lib/python3.12/site-packages/airflow/models/dagbag.py", line 346, in parse
    loader.exec_module(new_module)
  File "<frozen importlib._bootstrap_external>", line 995, in exec_module
  File "<frozen importlib._bootstrap>", line 488, in _call_with_frames_removed
  File "/opt/airflow/dags/pipeline_procesamiento.py", line 6, in <module>
    from src.validacion.ventas.validador import validar_datos_ventas
ModuleNotFoundError: No module named 'src.validacion.ventas'
[2026-02-27T23:35:53.763+0000] {processor.py:842} WARNING - No viable dags retrieved from /opt/airflow/dags/pipeline_procesamiento.py
[2026-02-27T23:35:53.848+0000] {processor.py:183} INFO - Processing /opt/airflow/dags/pipeline_procesamiento.py took 0.164 seconds
[2026-02-27T23:36:24.613+0000] {processor.py:161} INFO - Started process (PID=482) to work on /opt/airflow/dags/pipeline_procesamiento.py
[2026-02-27T23:36:24.616+0000] {processor.py:830} INFO - Processing file /opt/airflow/dags/pipeline_procesamiento.py for tasks to queue
[2026-02-27T23:36:24.618+0000] {logging_mixin.py:188} INFO - [2026-02-27T23:36:24.617+0000] {dagbag.py:540} INFO - Filling up the DagBag from /opt/airflow/dags/pipeline_procesamiento.py
[2026-02-27T23:36:24.676+0000] {logging_mixin.py:188} INFO - [2026-02-27T23:36:24.666+0000] {dagbag.py:350} ERROR - Failed to import: /opt/airflow/dags/pipeline_procesamiento.py
Traceback (most recent call last):
  File "/home/airflow/.local/lib/python3.12/site-packages/airflow/models/dagbag.py", line 346, in parse
    loader.exec_module(new_module)
  File "<frozen importlib._bootstrap_external>", line 995, in exec_module
  File "<frozen importlib._bootstrap>", line 488, in _call_with_frames_removed
  File "/opt/airflow/dags/pipeline_procesamiento.py", line 6, in <module>
    from src.validacion.ventas.validador import validar_datos_ventas
ModuleNotFoundError: No module named 'src.validacion.ventas'
[2026-02-27T23:36:24.678+0000] {processor.py:842} WARNING - No viable dags retrieved from /opt/airflow/dags/pipeline_procesamiento.py
[2026-02-27T23:36:24.719+0000] {processor.py:183} INFO - Processing /opt/airflow/dags/pipeline_procesamiento.py took 0.120 seconds
[2026-02-27T23:36:55.458+0000] {processor.py:161} INFO - Started process (PID=491) to work on /opt/airflow/dags/pipeline_procesamiento.py
[2026-02-27T23:36:55.461+0000] {processor.py:830} INFO - Processing file /opt/airflow/dags/pipeline_procesamiento.py for tasks to queue
[2026-02-27T23:36:55.464+0000] {logging_mixin.py:188} INFO - [2026-02-27T23:36:55.463+0000] {dagbag.py:540} INFO - Filling up the DagBag from /opt/airflow/dags/pipeline_procesamiento.py
[2026-02-27T23:36:55.515+0000] {logging_mixin.py:188} INFO - [2026-02-27T23:36:55.509+0000] {dagbag.py:350} ERROR - Failed to import: /opt/airflow/dags/pipeline_procesamiento.py
Traceback (most recent call last):
  File "/home/airflow/.local/lib/python3.12/site-packages/airflow/models/dagbag.py", line 346, in parse
    loader.exec_module(new_module)
  File "<frozen importlib._bootstrap_external>", line 995, in exec_module
  File "<frozen importlib._bootstrap>", line 488, in _call_with_frames_removed
  File "/opt/airflow/dags/pipeline_procesamiento.py", line 6, in <module>
    from src.validacion.ventas.validador import validar_datos_ventas
ModuleNotFoundError: No module named 'src.validacion.ventas'
[2026-02-27T23:36:55.517+0000] {processor.py:842} WARNING - No viable dags retrieved from /opt/airflow/dags/pipeline_procesamiento.py
[2026-02-27T23:36:55.547+0000] {processor.py:183} INFO - Processing /opt/airflow/dags/pipeline_procesamiento.py took 0.098 seconds
[2026-02-27T23:37:25.931+0000] {processor.py:161} INFO - Started process (PID=500) to work on /opt/airflow/dags/pipeline_procesamiento.py
[2026-02-27T23:37:25.936+0000] {processor.py:830} INFO - Processing file /opt/airflow/dags/pipeline_procesamiento.py for tasks to queue
[2026-02-27T23:37:25.942+0000] {logging_mixin.py:188} INFO - [2026-02-27T23:37:25.941+0000] {dagbag.py:540} INFO - Filling up the DagBag from /opt/airflow/dags/pipeline_procesamiento.py
[2026-02-27T23:37:26.054+0000] {logging_mixin.py:188} INFO - [2026-02-27T23:37:26.041+0000] {dagbag.py:350} ERROR - Failed to import: /opt/airflow/dags/pipeline_procesamiento.py
Traceback (most recent call last):
  File "/home/airflow/.local/lib/python3.12/site-packages/airflow/models/dagbag.py", line 346, in parse
    loader.exec_module(new_module)
  File "<frozen importlib._bootstrap_external>", line 995, in exec_module
  File "<frozen importlib._bootstrap>", line 488, in _call_with_frames_removed
  File "/opt/airflow/dags/pipeline_procesamiento.py", line 6, in <module>
    from src.validacion.ventas.validador import validar_datos_ventas
ModuleNotFoundError: No module named 'src.validacion.ventas'
[2026-02-27T23:37:26.057+0000] {processor.py:842} WARNING - No viable dags retrieved from /opt/airflow/dags/pipeline_procesamiento.py
[2026-02-27T23:37:26.128+0000] {processor.py:183} INFO - Processing /opt/airflow/dags/pipeline_procesamiento.py took 0.222 seconds
[2026-02-27T23:37:56.603+0000] {processor.py:161} INFO - Started process (PID=509) to work on /opt/airflow/dags/pipeline_procesamiento.py
[2026-02-27T23:37:56.606+0000] {processor.py:830} INFO - Processing file /opt/airflow/dags/pipeline_procesamiento.py for tasks to queue
[2026-02-27T23:37:56.609+0000] {logging_mixin.py:188} INFO - [2026-02-27T23:37:56.607+0000] {dagbag.py:540} INFO - Filling up the DagBag from /opt/airflow/dags/pipeline_procesamiento.py
[2026-02-27T23:37:56.700+0000] {logging_mixin.py:188} INFO - [2026-02-27T23:37:56.692+0000] {dagbag.py:350} ERROR - Failed to import: /opt/airflow/dags/pipeline_procesamiento.py
Traceback (most recent call last):
  File "/home/airflow/.local/lib/python3.12/site-packages/airflow/models/dagbag.py", line 346, in parse
    loader.exec_module(new_module)
  File "<frozen importlib._bootstrap_external>", line 995, in exec_module
  File "<frozen importlib._bootstrap>", line 488, in _call_with_frames_removed
  File "/opt/airflow/dags/pipeline_procesamiento.py", line 6, in <module>
    from src.validacion.ventas.validador import validar_datos_ventas
ModuleNotFoundError: No module named 'src.validacion.ventas'
[2026-02-27T23:37:56.704+0000] {processor.py:842} WARNING - No viable dags retrieved from /opt/airflow/dags/pipeline_procesamiento.py
[2026-02-27T23:37:56.739+0000] {processor.py:183} INFO - Processing /opt/airflow/dags/pipeline_procesamiento.py took 0.148 seconds
[2026-02-27T23:38:27.097+0000] {processor.py:161} INFO - Started process (PID=518) to work on /opt/airflow/dags/pipeline_procesamiento.py
[2026-02-27T23:38:27.099+0000] {processor.py:830} INFO - Processing file /opt/airflow/dags/pipeline_procesamiento.py for tasks to queue
[2026-02-27T23:38:27.102+0000] {logging_mixin.py:188} INFO - [2026-02-27T23:38:27.100+0000] {dagbag.py:540} INFO - Filling up the DagBag from /opt/airflow/dags/pipeline_procesamiento.py
[2026-02-27T23:38:27.199+0000] {logging_mixin.py:188} INFO - [2026-02-27T23:38:27.185+0000] {dagbag.py:350} ERROR - Failed to import: /opt/airflow/dags/pipeline_procesamiento.py
Traceback (most recent call last):
  File "/home/airflow/.local/lib/python3.12/site-packages/airflow/models/dagbag.py", line 346, in parse
    loader.exec_module(new_module)
  File "<frozen importlib._bootstrap_external>", line 995, in exec_module
  File "<frozen importlib._bootstrap>", line 488, in _call_with_frames_removed
  File "/opt/airflow/dags/pipeline_procesamiento.py", line 6, in <module>
    from src.validacion.ventas.validador import validar_datos_ventas
ModuleNotFoundError: No module named 'src.validacion.ventas'
[2026-02-27T23:38:27.202+0000] {processor.py:842} WARNING - No viable dags retrieved from /opt/airflow/dags/pipeline_procesamiento.py
[2026-02-27T23:38:27.231+0000] {processor.py:183} INFO - Processing /opt/airflow/dags/pipeline_procesamiento.py took 0.148 seconds
[2026-02-27T23:38:57.609+0000] {processor.py:161} INFO - Started process (PID=527) to work on /opt/airflow/dags/pipeline_procesamiento.py
[2026-02-27T23:38:57.612+0000] {processor.py:830} INFO - Processing file /opt/airflow/dags/pipeline_procesamiento.py for tasks to queue
[2026-02-27T23:38:57.614+0000] {logging_mixin.py:188} INFO - [2026-02-27T23:38:57.613+0000] {dagbag.py:540} INFO - Filling up the DagBag from /opt/airflow/dags/pipeline_procesamiento.py
[2026-02-27T23:38:57.667+0000] {logging_mixin.py:188} INFO - [2026-02-27T23:38:57.660+0000] {dagbag.py:350} ERROR - Failed to import: /opt/airflow/dags/pipeline_procesamiento.py
Traceback (most recent call last):
  File "/home/airflow/.local/lib/python3.12/site-packages/airflow/models/dagbag.py", line 346, in parse
    loader.exec_module(new_module)
  File "<frozen importlib._bootstrap_external>", line 995, in exec_module
  File "<frozen importlib._bootstrap>", line 488, in _call_with_frames_removed
  File "/opt/airflow/dags/pipeline_procesamiento.py", line 6, in <module>
    from src.validacion.ventas.validador import validar_datos_ventas
ModuleNotFoundError: No module named 'src.validacion.ventas'
[2026-02-27T23:38:57.670+0000] {processor.py:842} WARNING - No viable dags retrieved from /opt/airflow/dags/pipeline_procesamiento.py
[2026-02-27T23:38:57.703+0000] {processor.py:183} INFO - Processing /opt/airflow/dags/pipeline_procesamiento.py took 0.103 seconds
[2026-02-27T23:39:28.127+0000] {processor.py:161} INFO - Started process (PID=536) to work on /opt/airflow/dags/pipeline_procesamiento.py
[2026-02-27T23:39:28.129+0000] {processor.py:830} INFO - Processing file /opt/airflow/dags/pipeline_procesamiento.py for tasks to queue
[2026-02-27T23:39:28.133+0000] {logging_mixin.py:188} INFO - [2026-02-27T23:39:28.132+0000] {dagbag.py:540} INFO - Filling up the DagBag from /opt/airflow/dags/pipeline_procesamiento.py
[2026-02-27T23:39:28.220+0000] {logging_mixin.py:188} INFO - [2026-02-27T23:39:28.210+0000] {dagbag.py:350} ERROR - Failed to import: /opt/airflow/dags/pipeline_procesamiento.py
Traceback (most recent call last):
  File "/home/airflow/.local/lib/python3.12/site-packages/airflow/models/dagbag.py", line 346, in parse
    loader.exec_module(new_module)
  File "<frozen importlib._bootstrap_external>", line 995, in exec_module
  File "<frozen importlib._bootstrap>", line 488, in _call_with_frames_removed
  File "/opt/airflow/dags/pipeline_procesamiento.py", line 6, in <module>
    from src.validacion.ventas.validador import validar_datos_ventas
ModuleNotFoundError: No module named 'src.validacion.ventas'
[2026-02-27T23:39:28.224+0000] {processor.py:842} WARNING - No viable dags retrieved from /opt/airflow/dags/pipeline_procesamiento.py
[2026-02-27T23:39:28.266+0000] {processor.py:183} INFO - Processing /opt/airflow/dags/pipeline_procesamiento.py took 0.160 seconds
[2026-02-27T23:39:58.673+0000] {processor.py:161} INFO - Started process (PID=545) to work on /opt/airflow/dags/pipeline_procesamiento.py
[2026-02-27T23:39:58.675+0000] {processor.py:830} INFO - Processing file /opt/airflow/dags/pipeline_procesamiento.py for tasks to queue
[2026-02-27T23:39:58.677+0000] {logging_mixin.py:188} INFO - [2026-02-27T23:39:58.676+0000] {dagbag.py:540} INFO - Filling up the DagBag from /opt/airflow/dags/pipeline_procesamiento.py
[2026-02-27T23:39:58.748+0000] {logging_mixin.py:188} INFO - [2026-02-27T23:39:58.740+0000] {dagbag.py:350} ERROR - Failed to import: /opt/airflow/dags/pipeline_procesamiento.py
Traceback (most recent call last):
  File "/home/airflow/.local/lib/python3.12/site-packages/airflow/models/dagbag.py", line 346, in parse
    loader.exec_module(new_module)
  File "<frozen importlib._bootstrap_external>", line 995, in exec_module
  File "<frozen importlib._bootstrap>", line 488, in _call_with_frames_removed
  File "/opt/airflow/dags/pipeline_procesamiento.py", line 6, in <module>
    from src.validacion.ventas.validador import validar_datos_ventas
ModuleNotFoundError: No module named 'src.validacion.ventas'
[2026-02-27T23:39:58.751+0000] {processor.py:842} WARNING - No viable dags retrieved from /opt/airflow/dags/pipeline_procesamiento.py
[2026-02-27T23:39:58.784+0000] {processor.py:183} INFO - Processing /opt/airflow/dags/pipeline_procesamiento.py took 0.123 seconds
[2026-02-27T23:40:29.266+0000] {processor.py:161} INFO - Started process (PID=554) to work on /opt/airflow/dags/pipeline_procesamiento.py
[2026-02-27T23:40:29.269+0000] {processor.py:830} INFO - Processing file /opt/airflow/dags/pipeline_procesamiento.py for tasks to queue
[2026-02-27T23:40:29.271+0000] {logging_mixin.py:188} INFO - [2026-02-27T23:40:29.270+0000] {dagbag.py:540} INFO - Filling up the DagBag from /opt/airflow/dags/pipeline_procesamiento.py
[2026-02-27T23:40:29.331+0000] {logging_mixin.py:188} INFO - [2026-02-27T23:40:29.321+0000] {dagbag.py:350} ERROR - Failed to import: /opt/airflow/dags/pipeline_procesamiento.py
Traceback (most recent call last):
  File "/home/airflow/.local/lib/python3.12/site-packages/airflow/models/dagbag.py", line 346, in parse
    loader.exec_module(new_module)
  File "<frozen importlib._bootstrap_external>", line 995, in exec_module
  File "<frozen importlib._bootstrap>", line 488, in _call_with_frames_removed
  File "/opt/airflow/dags/pipeline_procesamiento.py", line 6, in <module>
    from src.validacion.ventas.validador import validar_datos_ventas
ModuleNotFoundError: No module named 'src.validacion.ventas'
[2026-02-27T23:40:29.334+0000] {processor.py:842} WARNING - No viable dags retrieved from /opt/airflow/dags/pipeline_procesamiento.py
[2026-02-27T23:40:29.364+0000] {processor.py:183} INFO - Processing /opt/airflow/dags/pipeline_procesamiento.py took 0.116 seconds
[2026-02-27T23:40:59.916+0000] {processor.py:161} INFO - Started process (PID=563) to work on /opt/airflow/dags/pipeline_procesamiento.py
[2026-02-27T23:40:59.920+0000] {processor.py:830} INFO - Processing file /opt/airflow/dags/pipeline_procesamiento.py for tasks to queue
[2026-02-27T23:40:59.922+0000] {logging_mixin.py:188} INFO - [2026-02-27T23:40:59.921+0000] {dagbag.py:540} INFO - Filling up the DagBag from /opt/airflow/dags/pipeline_procesamiento.py
[2026-02-27T23:40:59.975+0000] {logging_mixin.py:188} INFO - [2026-02-27T23:40:59.969+0000] {dagbag.py:350} ERROR - Failed to import: /opt/airflow/dags/pipeline_procesamiento.py
Traceback (most recent call last):
  File "/home/airflow/.local/lib/python3.12/site-packages/airflow/models/dagbag.py", line 346, in parse
    loader.exec_module(new_module)
  File "<frozen importlib._bootstrap_external>", line 995, in exec_module
  File "<frozen importlib._bootstrap>", line 488, in _call_with_frames_removed
  File "/opt/airflow/dags/pipeline_procesamiento.py", line 6, in <module>
    from src.validacion.ventas.validador import validar_datos_ventas
ModuleNotFoundError: No module named 'src.validacion.ventas'
[2026-02-27T23:40:59.977+0000] {processor.py:842} WARNING - No viable dags retrieved from /opt/airflow/dags/pipeline_procesamiento.py
[2026-02-27T23:41:00.005+0000] {processor.py:183} INFO - Processing /opt/airflow/dags/pipeline_procesamiento.py took 0.107 seconds
[2026-02-27T23:41:30.337+0000] {processor.py:161} INFO - Started process (PID=572) to work on /opt/airflow/dags/pipeline_procesamiento.py
[2026-02-27T23:41:30.339+0000] {processor.py:830} INFO - Processing file /opt/airflow/dags/pipeline_procesamiento.py for tasks to queue
[2026-02-27T23:41:30.340+0000] {logging_mixin.py:188} INFO - [2026-02-27T23:41:30.340+0000] {dagbag.py:540} INFO - Filling up the DagBag from /opt/airflow/dags/pipeline_procesamiento.py
[2026-02-27T23:41:30.398+0000] {logging_mixin.py:188} INFO - [2026-02-27T23:41:30.389+0000] {dagbag.py:350} ERROR - Failed to import: /opt/airflow/dags/pipeline_procesamiento.py
Traceback (most recent call last):
  File "/home/airflow/.local/lib/python3.12/site-packages/airflow/models/dagbag.py", line 346, in parse
    loader.exec_module(new_module)
  File "<frozen importlib._bootstrap_external>", line 995, in exec_module
  File "<frozen importlib._bootstrap>", line 488, in _call_with_frames_removed
  File "/opt/airflow/dags/pipeline_procesamiento.py", line 6, in <module>
    from src.validacion.ventas.validador import validar_datos_ventas
ModuleNotFoundError: No module named 'src.validacion.ventas'
[2026-02-27T23:41:30.402+0000] {processor.py:842} WARNING - No viable dags retrieved from /opt/airflow/dags/pipeline_procesamiento.py
[2026-02-27T23:41:30.438+0000] {processor.py:183} INFO - Processing /opt/airflow/dags/pipeline_procesamiento.py took 0.113 seconds
[2026-02-27T23:42:01.205+0000] {processor.py:161} INFO - Started process (PID=581) to work on /opt/airflow/dags/pipeline_procesamiento.py
[2026-02-27T23:42:01.206+0000] {processor.py:830} INFO - Processing file /opt/airflow/dags/pipeline_procesamiento.py for tasks to queue
[2026-02-27T23:42:01.208+0000] {logging_mixin.py:188} INFO - [2026-02-27T23:42:01.208+0000] {dagbag.py:540} INFO - Filling up the DagBag from /opt/airflow/dags/pipeline_procesamiento.py
[2026-02-27T23:42:01.415+0000] {processor.py:840} INFO - DAG(s) 'pipeline_procesamiento' retrieved from /opt/airflow/dags/pipeline_procesamiento.py
[2026-02-27T23:42:01.638+0000] {logging_mixin.py:188} INFO - [2026-02-27T23:42:01.638+0000] {dag.py:3096} INFO - Sync 1 DAGs
[2026-02-27T23:42:01.663+0000] {logging_mixin.py:188} INFO - [2026-02-27T23:42:01.662+0000] {dag.py:3954} INFO - Setting next_dagrun for pipeline_procesamiento to 2026-02-27 00:00:00+00:00, run_after=2026-02-28 00:00:00+00:00
[2026-02-27T23:42:01.701+0000] {processor.py:183} INFO - Processing /opt/airflow/dags/pipeline_procesamiento.py took 0.504 seconds
[2026-02-27T23:42:32.630+0000] {processor.py:161} INFO - Started process (PID=590) to work on /opt/airflow/dags/pipeline_procesamiento.py
[2026-02-27T23:42:32.633+0000] {processor.py:830} INFO - Processing file /opt/airflow/dags/pipeline_procesamiento.py for tasks to queue
[2026-02-27T23:42:32.635+0000] {logging_mixin.py:188} INFO - [2026-02-27T23:42:32.634+0000] {dagbag.py:540} INFO - Filling up the DagBag from /opt/airflow/dags/pipeline_procesamiento.py
[2026-02-27T23:42:32.799+0000] {processor.py:840} INFO - DAG(s) 'pipeline_procesamiento' retrieved from /opt/airflow/dags/pipeline_procesamiento.py
[2026-02-27T23:42:32.835+0000] {logging_mixin.py:188} INFO - [2026-02-27T23:42:32.835+0000] {dag.py:3096} INFO - Sync 1 DAGs
[2026-02-27T23:42:32.860+0000] {logging_mixin.py:188} INFO - [2026-02-27T23:42:32.860+0000] {dag.py:3954} INFO - Setting next_dagrun for pipeline_procesamiento to 2026-02-27 00:00:00+00:00, run_after=2026-02-28 00:00:00+00:00
[2026-02-27T23:42:32.887+0000] {processor.py:183} INFO - Processing /opt/airflow/dags/pipeline_procesamiento.py took 0.270 seconds
[2026-02-27T23:43:03.063+0000] {processor.py:161} INFO - Started process (PID=599) to work on /opt/airflow/dags/pipeline_procesamiento.py
[2026-02-27T23:43:03.065+0000] {processor.py:830} INFO - Processing file /opt/airflow/dags/pipeline_procesamiento.py for tasks to queue
[2026-02-27T23:43:03.067+0000] {logging_mixin.py:188} INFO - [2026-02-27T23:43:03.066+0000] {dagbag.py:540} INFO - Filling up the DagBag from /opt/airflow/dags/pipeline_procesamiento.py
[2026-02-27T23:43:03.181+0000] {processor.py:840} INFO - DAG(s) 'pipeline_procesamiento' retrieved from /opt/airflow/dags/pipeline_procesamiento.py
[2026-02-27T23:43:03.223+0000] {logging_mixin.py:188} INFO - [2026-02-27T23:43:03.222+0000] {dag.py:3096} INFO - Sync 1 DAGs
[2026-02-27T23:43:03.255+0000] {logging_mixin.py:188} INFO - [2026-02-27T23:43:03.255+0000] {dag.py:3954} INFO - Setting next_dagrun for pipeline_procesamiento to 2026-02-27 00:00:00+00:00, run_after=2026-02-28 00:00:00+00:00
[2026-02-27T23:43:03.288+0000] {processor.py:183} INFO - Processing /opt/airflow/dags/pipeline_procesamiento.py took 0.232 seconds
[2026-02-27T23:43:33.751+0000] {processor.py:161} INFO - Started process (PID=608) to work on /opt/airflow/dags/pipeline_procesamiento.py
[2026-02-27T23:43:33.753+0000] {processor.py:830} INFO - Processing file /opt/airflow/dags/pipeline_procesamiento.py for tasks to queue
[2026-02-27T23:43:33.755+0000] {logging_mixin.py:188} INFO - [2026-02-27T23:43:33.754+0000] {dagbag.py:540} INFO - Filling up the DagBag from /opt/airflow/dags/pipeline_procesamiento.py
[2026-02-27T23:43:33.940+0000] {processor.py:840} INFO - DAG(s) 'pipeline_procesamiento' retrieved from /opt/airflow/dags/pipeline_procesamiento.py
[2026-02-27T23:43:33.981+0000] {logging_mixin.py:188} INFO - [2026-02-27T23:43:33.981+0000] {dag.py:3096} INFO - Sync 1 DAGs
[2026-02-27T23:43:34.018+0000] {logging_mixin.py:188} INFO - [2026-02-27T23:43:34.018+0000] {dag.py:3954} INFO - Setting next_dagrun for pipeline_procesamiento to 2026-02-27 00:00:00+00:00, run_after=2026-02-28 00:00:00+00:00
[2026-02-27T23:43:34.060+0000] {processor.py:183} INFO - Processing /opt/airflow/dags/pipeline_procesamiento.py took 0.321 seconds
[2026-02-27T23:44:04.178+0000] {processor.py:161} INFO - Started process (PID=617) to work on /opt/airflow/dags/pipeline_procesamiento.py
[2026-02-27T23:44:04.180+0000] {processor.py:830} INFO - Processing file /opt/airflow/dags/pipeline_procesamiento.py for tasks to queue
[2026-02-27T23:44:04.181+0000] {logging_mixin.py:188} INFO - [2026-02-27T23:44:04.181+0000] {dagbag.py:540} INFO - Filling up the DagBag from /opt/airflow/dags/pipeline_procesamiento.py
[2026-02-27T23:44:04.301+0000] {processor.py:840} INFO - DAG(s) 'pipeline_procesamiento' retrieved from /opt/airflow/dags/pipeline_procesamiento.py
[2026-02-27T23:44:04.337+0000] {logging_mixin.py:188} INFO - [2026-02-27T23:44:04.337+0000] {dag.py:3096} INFO - Sync 1 DAGs
[2026-02-27T23:44:04.365+0000] {logging_mixin.py:188} INFO - [2026-02-27T23:44:04.365+0000] {dag.py:3954} INFO - Setting next_dagrun for pipeline_procesamiento to 2026-02-27 00:00:00+00:00, run_after=2026-02-28 00:00:00+00:00
[2026-02-27T23:44:04.391+0000] {processor.py:183} INFO - Processing /opt/airflow/dags/pipeline_procesamiento.py took 0.222 seconds
[2026-02-27T23:44:34.695+0000] {processor.py:161} INFO - Started process (PID=626) to work on /opt/airflow/dags/pipeline_procesamiento.py
[2026-02-27T23:44:34.697+0000] {processor.py:830} INFO - Processing file /opt/airflow/dags/pipeline_procesamiento.py for tasks to queue
[2026-02-27T23:44:34.698+0000] {logging_mixin.py:188} INFO - [2026-02-27T23:44:34.698+0000] {dagbag.py:540} INFO - Filling up the DagBag from /opt/airflow/dags/pipeline_procesamiento.py
[2026-02-27T23:44:34.837+0000] {processor.py:840} INFO - DAG(s) 'pipeline_procesamiento' retrieved from /opt/airflow/dags/pipeline_procesamiento.py
[2026-02-27T23:44:34.870+0000] {logging_mixin.py:188} INFO - [2026-02-27T23:44:34.870+0000] {dag.py:3096} INFO - Sync 1 DAGs
[2026-02-27T23:44:34.893+0000] {logging_mixin.py:188} INFO - [2026-02-27T23:44:34.893+0000] {dag.py:3954} INFO - Setting next_dagrun for pipeline_procesamiento to 2026-02-27 00:00:00+00:00, run_after=2026-02-28 00:00:00+00:00
[2026-02-27T23:44:34.918+0000] {processor.py:183} INFO - Processing /opt/airflow/dags/pipeline_procesamiento.py took 0.234 seconds
[2026-02-27T23:45:34.321+0000] {processor.py:161} INFO - Started process (PID=34) to work on /opt/airflow/dags/pipeline_procesamiento.py
[2026-02-27T23:45:34.324+0000] {processor.py:830} INFO - Processing file /opt/airflow/dags/pipeline_procesamiento.py for tasks to queue
[2026-02-27T23:45:34.330+0000] {logging_mixin.py:188} INFO - [2026-02-27T23:45:34.329+0000] {dagbag.py:540} INFO - Filling up the DagBag from /opt/airflow/dags/pipeline_procesamiento.py
[2026-02-27T23:45:34.481+0000] {processor.py:840} INFO - DAG(s) 'pipeline_procesamiento' retrieved from /opt/airflow/dags/pipeline_procesamiento.py
[2026-02-27T23:45:34.549+0000] {logging_mixin.py:188} INFO - [2026-02-27T23:45:34.549+0000] {dag.py:3096} INFO - Sync 1 DAGs
[2026-02-27T23:45:34.580+0000] {logging_mixin.py:188} INFO - [2026-02-27T23:45:34.580+0000] {dag.py:3954} INFO - Setting next_dagrun for pipeline_procesamiento to 2026-02-27 00:00:00+00:00, run_after=2026-02-28 00:00:00+00:00
[2026-02-27T23:45:34.615+0000] {processor.py:183} INFO - Processing /opt/airflow/dags/pipeline_procesamiento.py took 0.304 seconds
[2026-02-27T23:46:05.155+0000] {processor.py:161} INFO - Started process (PID=43) to work on /opt/airflow/dags/pipeline_procesamiento.py
[2026-02-27T23:46:05.158+0000] {processor.py:830} INFO - Processing file /opt/airflow/dags/pipeline_procesamiento.py for tasks to queue
[2026-02-27T23:46:05.161+0000] {logging_mixin.py:188} INFO - [2026-02-27T23:46:05.160+0000] {dagbag.py:540} INFO - Filling up the DagBag from /opt/airflow/dags/pipeline_procesamiento.py
[2026-02-27T23:46:05.331+0000] {processor.py:840} INFO - DAG(s) 'pipeline_procesamiento' retrieved from /opt/airflow/dags/pipeline_procesamiento.py
[2026-02-27T23:46:05.369+0000] {logging_mixin.py:188} INFO - [2026-02-27T23:46:05.369+0000] {dag.py:3096} INFO - Sync 1 DAGs
[2026-02-27T23:46:05.402+0000] {logging_mixin.py:188} INFO - [2026-02-27T23:46:05.401+0000] {dag.py:3954} INFO - Setting next_dagrun for pipeline_procesamiento to 2026-02-27 00:00:00+00:00, run_after=2026-02-28 00:00:00+00:00
[2026-02-27T23:46:05.431+0000] {processor.py:183} INFO - Processing /opt/airflow/dags/pipeline_procesamiento.py took 0.289 seconds
[2026-02-27T23:46:35.741+0000] {processor.py:161} INFO - Started process (PID=52) to work on /opt/airflow/dags/pipeline_procesamiento.py
[2026-02-27T23:46:35.743+0000] {processor.py:830} INFO - Processing file /opt/airflow/dags/pipeline_procesamiento.py for tasks to queue
[2026-02-27T23:46:35.744+0000] {logging_mixin.py:188} INFO - [2026-02-27T23:46:35.744+0000] {dagbag.py:540} INFO - Filling up the DagBag from /opt/airflow/dags/pipeline_procesamiento.py
[2026-02-27T23:46:35.849+0000] {processor.py:840} INFO - DAG(s) 'pipeline_procesamiento' retrieved from /opt/airflow/dags/pipeline_procesamiento.py
[2026-02-27T23:46:35.889+0000] {logging_mixin.py:188} INFO - [2026-02-27T23:46:35.889+0000] {dag.py:3096} INFO - Sync 1 DAGs
[2026-02-27T23:46:35.916+0000] {logging_mixin.py:188} INFO - [2026-02-27T23:46:35.916+0000] {dag.py:3954} INFO - Setting next_dagrun for pipeline_procesamiento to 2026-02-27 00:00:00+00:00, run_after=2026-02-28 00:00:00+00:00
[2026-02-27T23:46:35.945+0000] {processor.py:183} INFO - Processing /opt/airflow/dags/pipeline_procesamiento.py took 0.212 seconds
[2026-02-27T23:47:06.299+0000] {processor.py:161} INFO - Started process (PID=61) to work on /opt/airflow/dags/pipeline_procesamiento.py
[2026-02-27T23:47:06.301+0000] {processor.py:830} INFO - Processing file /opt/airflow/dags/pipeline_procesamiento.py for tasks to queue
[2026-02-27T23:47:06.302+0000] {logging_mixin.py:188} INFO - [2026-02-27T23:47:06.302+0000] {dagbag.py:540} INFO - Filling up the DagBag from /opt/airflow/dags/pipeline_procesamiento.py
[2026-02-27T23:47:06.399+0000] {processor.py:840} INFO - DAG(s) 'pipeline_procesamiento' retrieved from /opt/airflow/dags/pipeline_procesamiento.py
[2026-02-27T23:47:06.480+0000] {logging_mixin.py:188} INFO - [2026-02-27T23:47:06.480+0000] {dag.py:3096} INFO - Sync 1 DAGs
[2026-02-27T23:47:06.520+0000] {logging_mixin.py:188} INFO - [2026-02-27T23:47:06.520+0000] {dag.py:3954} INFO - Setting next_dagrun for pipeline_procesamiento to 2026-02-27 00:00:00+00:00, run_after=2026-02-28 00:00:00+00:00
[2026-02-27T23:47:06.551+0000] {processor.py:183} INFO - Processing /opt/airflow/dags/pipeline_procesamiento.py took 0.259 seconds
[2026-02-27T23:47:37.011+0000] {processor.py:161} INFO - Started process (PID=70) to work on /opt/airflow/dags/pipeline_procesamiento.py
[2026-02-27T23:47:37.013+0000] {processor.py:830} INFO - Processing file /opt/airflow/dags/pipeline_procesamiento.py for tasks to queue
[2026-02-27T23:47:37.014+0000] {logging_mixin.py:188} INFO - [2026-02-27T23:47:37.014+0000] {dagbag.py:540} INFO - Filling up the DagBag from /opt/airflow/dags/pipeline_procesamiento.py
[2026-02-27T23:47:37.115+0000] {processor.py:840} INFO - DAG(s) 'pipeline_procesamiento' retrieved from /opt/airflow/dags/pipeline_procesamiento.py
[2026-02-27T23:47:37.150+0000] {logging_mixin.py:188} INFO - [2026-02-27T23:47:37.149+0000] {dag.py:3096} INFO - Sync 1 DAGs
[2026-02-27T23:47:37.175+0000] {logging_mixin.py:188} INFO - [2026-02-27T23:47:37.175+0000] {dag.py:3954} INFO - Setting next_dagrun for pipeline_procesamiento to 2026-02-27 00:00:00+00:00, run_after=2026-02-28 00:00:00+00:00
[2026-02-27T23:47:37.200+0000] {processor.py:183} INFO - Processing /opt/airflow/dags/pipeline_procesamiento.py took 0.199 seconds
[2026-02-27T23:48:07.595+0000] {processor.py:161} INFO - Started process (PID=79) to work on /opt/airflow/dags/pipeline_procesamiento.py
[2026-02-27T23:48:07.597+0000] {processor.py:830} INFO - Processing file /opt/airflow/dags/pipeline_procesamiento.py for tasks to queue
[2026-02-27T23:48:07.599+0000] {logging_mixin.py:188} INFO - [2026-02-27T23:48:07.598+0000] {dagbag.py:540} INFO - Filling up the DagBag from /opt/airflow/dags/pipeline_procesamiento.py
[2026-02-27T23:48:07.724+0000] {processor.py:840} INFO - DAG(s) 'pipeline_procesamiento' retrieved from /opt/airflow/dags/pipeline_procesamiento.py
[2026-02-27T23:48:07.770+0000] {logging_mixin.py:188} INFO - [2026-02-27T23:48:07.770+0000] {dag.py:3096} INFO - Sync 1 DAGs
[2026-02-27T23:48:07.801+0000] {logging_mixin.py:188} INFO - [2026-02-27T23:48:07.800+0000] {dag.py:3954} INFO - Setting next_dagrun for pipeline_procesamiento to 2026-02-27 00:00:00+00:00, run_after=2026-02-28 00:00:00+00:00
[2026-02-27T23:48:07.830+0000] {processor.py:183} INFO - Processing /opt/airflow/dags/pipeline_procesamiento.py took 0.247 seconds
[2026-02-27T23:48:38.141+0000] {processor.py:161} INFO - Started process (PID=88) to work on /opt/airflow/dags/pipeline_procesamiento.py
[2026-02-27T23:48:38.142+0000] {processor.py:830} INFO - Processing file /opt/airflow/dags/pipeline_procesamiento.py for tasks to queue
[2026-02-27T23:48:38.143+0000] {logging_mixin.py:188} INFO - [2026-02-27T23:48:38.143+0000] {dagbag.py:540} INFO - Filling up the DagBag from /opt/airflow/dags/pipeline_procesamiento.py
[2026-02-27T23:48:38.293+0000] {processor.py:840} INFO - DAG(s) 'pipeline_procesamiento' retrieved from /opt/airflow/dags/pipeline_procesamiento.py
[2026-02-27T23:48:38.333+0000] {logging_mixin.py:188} INFO - [2026-02-27T23:48:38.332+0000] {dag.py:3096} INFO - Sync 1 DAGs
[2026-02-27T23:48:38.362+0000] {logging_mixin.py:188} INFO - [2026-02-27T23:48:38.362+0000] {dag.py:3954} INFO - Setting next_dagrun for pipeline_procesamiento to 2026-02-27 00:00:00+00:00, run_after=2026-02-28 00:00:00+00:00
[2026-02-27T23:48:38.389+0000] {processor.py:183} INFO - Processing /opt/airflow/dags/pipeline_procesamiento.py took 0.257 seconds
[2026-02-27T23:49:08.687+0000] {processor.py:161} INFO - Started process (PID=97) to work on /opt/airflow/dags/pipeline_procesamiento.py
[2026-02-27T23:49:08.689+0000] {processor.py:830} INFO - Processing file /opt/airflow/dags/pipeline_procesamiento.py for tasks to queue
[2026-02-27T23:49:08.691+0000] {logging_mixin.py:188} INFO - [2026-02-27T23:49:08.690+0000] {dagbag.py:540} INFO - Filling up the DagBag from /opt/airflow/dags/pipeline_procesamiento.py
[2026-02-27T23:49:08.806+0000] {processor.py:840} INFO - DAG(s) 'pipeline_procesamiento' retrieved from /opt/airflow/dags/pipeline_procesamiento.py
[2026-02-27T23:49:08.841+0000] {logging_mixin.py:188} INFO - [2026-02-27T23:49:08.840+0000] {dag.py:3096} INFO - Sync 1 DAGs
[2026-02-27T23:49:08.865+0000] {logging_mixin.py:188} INFO - [2026-02-27T23:49:08.864+0000] {dag.py:3954} INFO - Setting next_dagrun for pipeline_procesamiento to 2026-02-27 00:00:00+00:00, run_after=2026-02-28 00:00:00+00:00
[2026-02-27T23:49:08.892+0000] {processor.py:183} INFO - Processing /opt/airflow/dags/pipeline_procesamiento.py took 0.216 seconds
[2026-02-27T23:49:39.340+0000] {processor.py:161} INFO - Started process (PID=106) to work on /opt/airflow/dags/pipeline_procesamiento.py
[2026-02-27T23:49:39.343+0000] {processor.py:830} INFO - Processing file /opt/airflow/dags/pipeline_procesamiento.py for tasks to queue
[2026-02-27T23:49:39.346+0000] {logging_mixin.py:188} INFO - [2026-02-27T23:49:39.345+0000] {dagbag.py:540} INFO - Filling up the DagBag from /opt/airflow/dags/pipeline_procesamiento.py
[2026-02-27T23:49:39.532+0000] {processor.py:840} INFO - DAG(s) 'pipeline_procesamiento' retrieved from /opt/airflow/dags/pipeline_procesamiento.py
[2026-02-27T23:49:39.579+0000] {logging_mixin.py:188} INFO - [2026-02-27T23:49:39.578+0000] {dag.py:3096} INFO - Sync 1 DAGs
[2026-02-27T23:49:39.604+0000] {logging_mixin.py:188} INFO - [2026-02-27T23:49:39.603+0000] {dag.py:3954} INFO - Setting next_dagrun for pipeline_procesamiento to 2026-02-27 00:00:00+00:00, run_after=2026-02-28 00:00:00+00:00
[2026-02-27T23:49:39.628+0000] {processor.py:183} INFO - Processing /opt/airflow/dags/pipeline_procesamiento.py took 0.306 seconds
[2026-02-27T23:50:10.070+0000] {processor.py:161} INFO - Started process (PID=115) to work on /opt/airflow/dags/pipeline_procesamiento.py
[2026-02-27T23:50:10.071+0000] {processor.py:830} INFO - Processing file /opt/airflow/dags/pipeline_procesamiento.py for tasks to queue
[2026-02-27T23:50:10.073+0000] {logging_mixin.py:188} INFO - [2026-02-27T23:50:10.072+0000] {dagbag.py:540} INFO - Filling up the DagBag from /opt/airflow/dags/pipeline_procesamiento.py
[2026-02-27T23:50:10.169+0000] {processor.py:840} INFO - DAG(s) 'pipeline_procesamiento' retrieved from /opt/airflow/dags/pipeline_procesamiento.py
[2026-02-27T23:50:10.204+0000] {logging_mixin.py:188} INFO - [2026-02-27T23:50:10.204+0000] {dag.py:3096} INFO - Sync 1 DAGs
[2026-02-27T23:50:10.232+0000] {logging_mixin.py:188} INFO - [2026-02-27T23:50:10.232+0000] {dag.py:3954} INFO - Setting next_dagrun for pipeline_procesamiento to 2026-02-27 00:00:00+00:00, run_after=2026-02-28 00:00:00+00:00
[2026-02-27T23:50:10.256+0000] {processor.py:183} INFO - Processing /opt/airflow/dags/pipeline_procesamiento.py took 0.194 seconds
[2026-02-27T23:50:40.884+0000] {processor.py:161} INFO - Started process (PID=124) to work on /opt/airflow/dags/pipeline_procesamiento.py
[2026-02-27T23:50:40.885+0000] {processor.py:830} INFO - Processing file /opt/airflow/dags/pipeline_procesamiento.py for tasks to queue
[2026-02-27T23:50:40.887+0000] {logging_mixin.py:188} INFO - [2026-02-27T23:50:40.886+0000] {dagbag.py:540} INFO - Filling up the DagBag from /opt/airflow/dags/pipeline_procesamiento.py
[2026-02-27T23:50:40.986+0000] {processor.py:840} INFO - DAG(s) 'pipeline_procesamiento' retrieved from /opt/airflow/dags/pipeline_procesamiento.py
[2026-02-27T23:50:41.025+0000] {logging_mixin.py:188} INFO - [2026-02-27T23:50:41.024+0000] {dag.py:3096} INFO - Sync 1 DAGs
[2026-02-27T23:50:41.052+0000] {logging_mixin.py:188} INFO - [2026-02-27T23:50:41.052+0000] {dag.py:3954} INFO - Setting next_dagrun for pipeline_procesamiento to 2026-02-27 00:00:00+00:00, run_after=2026-02-28 00:00:00+00:00
[2026-02-27T23:50:41.078+0000] {processor.py:183} INFO - Processing /opt/airflow/dags/pipeline_procesamiento.py took 0.207 seconds
[2026-02-27T23:51:11.457+0000] {processor.py:161} INFO - Started process (PID=133) to work on /opt/airflow/dags/pipeline_procesamiento.py
[2026-02-27T23:51:11.459+0000] {processor.py:830} INFO - Processing file /opt/airflow/dags/pipeline_procesamiento.py for tasks to queue
[2026-02-27T23:51:11.460+0000] {logging_mixin.py:188} INFO - [2026-02-27T23:51:11.460+0000] {dagbag.py:540} INFO - Filling up the DagBag from /opt/airflow/dags/pipeline_procesamiento.py
[2026-02-27T23:51:11.601+0000] {processor.py:840} INFO - DAG(s) 'pipeline_procesamiento' retrieved from /opt/airflow/dags/pipeline_procesamiento.py
[2026-02-27T23:51:11.642+0000] {logging_mixin.py:188} INFO - [2026-02-27T23:51:11.642+0000] {dag.py:3096} INFO - Sync 1 DAGs
[2026-02-27T23:51:11.668+0000] {logging_mixin.py:188} INFO - [2026-02-27T23:51:11.668+0000] {dag.py:3954} INFO - Setting next_dagrun for pipeline_procesamiento to 2026-02-27 00:00:00+00:00, run_after=2026-02-28 00:00:00+00:00
[2026-02-27T23:51:11.694+0000] {processor.py:183} INFO - Processing /opt/airflow/dags/pipeline_procesamiento.py took 0.247 seconds
[2026-02-27T23:51:42.137+0000] {processor.py:161} INFO - Started process (PID=142) to work on /opt/airflow/dags/pipeline_procesamiento.py
[2026-02-27T23:51:42.138+0000] {processor.py:830} INFO - Processing file /opt/airflow/dags/pipeline_procesamiento.py for tasks to queue
[2026-02-27T23:51:42.141+0000] {logging_mixin.py:188} INFO - [2026-02-27T23:51:42.140+0000] {dagbag.py:540} INFO - Filling up the DagBag from /opt/airflow/dags/pipeline_procesamiento.py
[2026-02-27T23:51:42.327+0000] {processor.py:840} INFO - DAG(s) 'pipeline_procesamiento' retrieved from /opt/airflow/dags/pipeline_procesamiento.py
[2026-02-27T23:51:42.362+0000] {logging_mixin.py:188} INFO - [2026-02-27T23:51:42.361+0000] {dag.py:3096} INFO - Sync 1 DAGs
[2026-02-27T23:51:42.386+0000] {logging_mixin.py:188} INFO - [2026-02-27T23:51:42.386+0000] {dag.py:3954} INFO - Setting next_dagrun for pipeline_procesamiento to 2026-02-27 00:00:00+00:00, run_after=2026-02-28 00:00:00+00:00
[2026-02-27T23:51:42.410+0000] {processor.py:183} INFO - Processing /opt/airflow/dags/pipeline_procesamiento.py took 0.282 seconds
[2026-02-27T23:52:12.655+0000] {processor.py:161} INFO - Started process (PID=151) to work on /opt/airflow/dags/pipeline_procesamiento.py
[2026-02-27T23:52:12.657+0000] {processor.py:830} INFO - Processing file /opt/airflow/dags/pipeline_procesamiento.py for tasks to queue
[2026-02-27T23:52:12.658+0000] {logging_mixin.py:188} INFO - [2026-02-27T23:52:12.657+0000] {dagbag.py:540} INFO - Filling up the DagBag from /opt/airflow/dags/pipeline_procesamiento.py
[2026-02-27T23:52:12.761+0000] {processor.py:840} INFO - DAG(s) 'pipeline_procesamiento' retrieved from /opt/airflow/dags/pipeline_procesamiento.py
[2026-02-27T23:52:12.797+0000] {logging_mixin.py:188} INFO - [2026-02-27T23:52:12.797+0000] {dag.py:3096} INFO - Sync 1 DAGs
[2026-02-27T23:52:12.823+0000] {logging_mixin.py:188} INFO - [2026-02-27T23:52:12.823+0000] {dag.py:3954} INFO - Setting next_dagrun for pipeline_procesamiento to 2026-02-27 00:00:00+00:00, run_after=2026-02-28 00:00:00+00:00
[2026-02-27T23:52:12.847+0000] {processor.py:183} INFO - Processing /opt/airflow/dags/pipeline_procesamiento.py took 0.202 seconds
