[2026-02-27T21:13:35.827+0000] {processor.py:161} INFO - Started process (PID=86) to work on /opt/airflow/dags/pipeline_simple_dag.py
[2026-02-27T21:13:35.831+0000] {processor.py:830} INFO - Processing file /opt/airflow/dags/pipeline_simple_dag.py for tasks to queue
[2026-02-27T21:13:35.835+0000] {logging_mixin.py:188} INFO - [2026-02-27T21:13:35.834+0000] {dagbag.py:540} INFO - Filling up the DagBag from /opt/airflow/dags/pipeline_simple_dag.py
[2026-02-27T21:13:35.932+0000] {processor.py:840} INFO - DAG(s) 'pipeline_simple' retrieved from /opt/airflow/dags/pipeline_simple_dag.py
[2026-02-27T21:13:36.341+0000] {logging_mixin.py:188} INFO - [2026-02-27T21:13:36.340+0000] {override.py:1829} INFO - Created Permission View: can read on DAG:pipeline_simple
[2026-02-27T21:13:36.372+0000] {logging_mixin.py:188} INFO - [2026-02-27T21:13:36.371+0000] {override.py:1829} INFO - Created Permission View: can delete on DAG:pipeline_simple
[2026-02-27T21:13:36.397+0000] {logging_mixin.py:188} INFO - [2026-02-27T21:13:36.396+0000] {override.py:1829} INFO - Created Permission View: can edit on DAG:pipeline_simple
[2026-02-27T21:13:36.400+0000] {logging_mixin.py:188} INFO - [2026-02-27T21:13:36.399+0000] {dag.py:3096} INFO - Sync 1 DAGs
[2026-02-27T21:13:36.458+0000] {logging_mixin.py:188} INFO - [2026-02-27T21:13:36.457+0000] {dag.py:3118} INFO - Creating ORM DAG for pipeline_simple
[2026-02-27T21:13:36.508+0000] {logging_mixin.py:188} INFO - [2026-02-27T21:13:36.507+0000] {dag.py:3954} INFO - Setting next_dagrun for pipeline_simple to 2026-02-26 00:00:00+00:00, run_after=2026-02-27 00:00:00+00:00
[2026-02-27T21:13:36.569+0000] {processor.py:183} INFO - Processing /opt/airflow/dags/pipeline_simple_dag.py took 0.760 seconds
[2026-02-27T21:14:06.751+0000] {processor.py:161} INFO - Started process (PID=94) to work on /opt/airflow/dags/pipeline_simple_dag.py
[2026-02-27T21:14:06.752+0000] {processor.py:830} INFO - Processing file /opt/airflow/dags/pipeline_simple_dag.py for tasks to queue
[2026-02-27T21:14:06.755+0000] {logging_mixin.py:188} INFO - [2026-02-27T21:14:06.754+0000] {dagbag.py:540} INFO - Filling up the DagBag from /opt/airflow/dags/pipeline_simple_dag.py
[2026-02-27T21:14:06.799+0000] {processor.py:840} INFO - DAG(s) 'pipeline_simple' retrieved from /opt/airflow/dags/pipeline_simple_dag.py
[2026-02-27T21:14:06.854+0000] {logging_mixin.py:188} INFO - [2026-02-27T21:14:06.853+0000] {dag.py:3096} INFO - Sync 1 DAGs
[2026-02-27T21:14:06.892+0000] {logging_mixin.py:188} INFO - [2026-02-27T21:14:06.892+0000] {dag.py:3954} INFO - Setting next_dagrun for pipeline_simple to 2026-02-26 00:00:00+00:00, run_after=2026-02-27 00:00:00+00:00
[2026-02-27T21:14:06.937+0000] {processor.py:183} INFO - Processing /opt/airflow/dags/pipeline_simple_dag.py took 0.195 seconds
[2026-02-27T21:14:37.201+0000] {processor.py:161} INFO - Started process (PID=103) to work on /opt/airflow/dags/pipeline_simple_dag.py
[2026-02-27T21:14:37.203+0000] {processor.py:830} INFO - Processing file /opt/airflow/dags/pipeline_simple_dag.py for tasks to queue
[2026-02-27T21:14:37.204+0000] {logging_mixin.py:188} INFO - [2026-02-27T21:14:37.204+0000] {dagbag.py:540} INFO - Filling up the DagBag from /opt/airflow/dags/pipeline_simple_dag.py
[2026-02-27T21:14:37.242+0000] {processor.py:840} INFO - DAG(s) 'pipeline_simple' retrieved from /opt/airflow/dags/pipeline_simple_dag.py
[2026-02-27T21:14:37.293+0000] {logging_mixin.py:188} INFO - [2026-02-27T21:14:37.292+0000] {dag.py:3096} INFO - Sync 1 DAGs
[2026-02-27T21:14:37.326+0000] {logging_mixin.py:188} INFO - [2026-02-27T21:14:37.325+0000] {dag.py:3954} INFO - Setting next_dagrun for pipeline_simple to 2026-02-26 00:00:00+00:00, run_after=2026-02-27 00:00:00+00:00
[2026-02-27T21:14:37.366+0000] {processor.py:183} INFO - Processing /opt/airflow/dags/pipeline_simple_dag.py took 0.178 seconds
[2026-02-27T21:15:07.475+0000] {processor.py:161} INFO - Started process (PID=111) to work on /opt/airflow/dags/pipeline_simple_dag.py
[2026-02-27T21:15:07.477+0000] {processor.py:830} INFO - Processing file /opt/airflow/dags/pipeline_simple_dag.py for tasks to queue
[2026-02-27T21:15:07.480+0000] {logging_mixin.py:188} INFO - [2026-02-27T21:15:07.479+0000] {dagbag.py:540} INFO - Filling up the DagBag from /opt/airflow/dags/pipeline_simple_dag.py
[2026-02-27T21:15:07.518+0000] {processor.py:840} INFO - DAG(s) 'pipeline_simple' retrieved from /opt/airflow/dags/pipeline_simple_dag.py
[2026-02-27T21:15:07.581+0000] {logging_mixin.py:188} INFO - [2026-02-27T21:15:07.580+0000] {dag.py:3096} INFO - Sync 1 DAGs
[2026-02-27T21:15:07.629+0000] {logging_mixin.py:188} INFO - [2026-02-27T21:15:07.629+0000] {dag.py:3954} INFO - Setting next_dagrun for pipeline_simple to 2026-02-26 00:00:00+00:00, run_after=2026-02-27 00:00:00+00:00
[2026-02-27T21:15:07.658+0000] {processor.py:183} INFO - Processing /opt/airflow/dags/pipeline_simple_dag.py took 0.192 seconds
[2026-02-27T21:15:37.856+0000] {processor.py:161} INFO - Started process (PID=119) to work on /opt/airflow/dags/pipeline_simple_dag.py
[2026-02-27T21:15:37.858+0000] {processor.py:830} INFO - Processing file /opt/airflow/dags/pipeline_simple_dag.py for tasks to queue
[2026-02-27T21:15:37.859+0000] {logging_mixin.py:188} INFO - [2026-02-27T21:15:37.859+0000] {dagbag.py:540} INFO - Filling up the DagBag from /opt/airflow/dags/pipeline_simple_dag.py
[2026-02-27T21:15:37.901+0000] {processor.py:840} INFO - DAG(s) 'pipeline_simple' retrieved from /opt/airflow/dags/pipeline_simple_dag.py
[2026-02-27T21:15:37.943+0000] {logging_mixin.py:188} INFO - [2026-02-27T21:15:37.942+0000] {dag.py:3096} INFO - Sync 1 DAGs
[2026-02-27T21:15:37.975+0000] {logging_mixin.py:188} INFO - [2026-02-27T21:15:37.975+0000] {dag.py:3954} INFO - Setting next_dagrun for pipeline_simple to 2026-02-26 00:00:00+00:00, run_after=2026-02-27 00:00:00+00:00
[2026-02-27T21:15:38.002+0000] {processor.py:183} INFO - Processing /opt/airflow/dags/pipeline_simple_dag.py took 0.157 seconds
[2026-02-27T21:16:08.203+0000] {processor.py:161} INFO - Started process (PID=128) to work on /opt/airflow/dags/pipeline_simple_dag.py
[2026-02-27T21:16:08.205+0000] {processor.py:830} INFO - Processing file /opt/airflow/dags/pipeline_simple_dag.py for tasks to queue
[2026-02-27T21:16:08.207+0000] {logging_mixin.py:188} INFO - [2026-02-27T21:16:08.206+0000] {dagbag.py:540} INFO - Filling up the DagBag from /opt/airflow/dags/pipeline_simple_dag.py
[2026-02-27T21:16:08.253+0000] {processor.py:840} INFO - DAG(s) 'pipeline_simple' retrieved from /opt/airflow/dags/pipeline_simple_dag.py
[2026-02-27T21:16:08.298+0000] {logging_mixin.py:188} INFO - [2026-02-27T21:16:08.297+0000] {dag.py:3096} INFO - Sync 1 DAGs
[2026-02-27T21:16:08.332+0000] {logging_mixin.py:188} INFO - [2026-02-27T21:16:08.331+0000] {dag.py:3954} INFO - Setting next_dagrun for pipeline_simple to 2026-02-26 00:00:00+00:00, run_after=2026-02-27 00:00:00+00:00
[2026-02-27T21:16:08.372+0000] {processor.py:183} INFO - Processing /opt/airflow/dags/pipeline_simple_dag.py took 0.177 seconds
[2026-02-27T21:16:38.478+0000] {processor.py:161} INFO - Started process (PID=136) to work on /opt/airflow/dags/pipeline_simple_dag.py
[2026-02-27T21:16:38.480+0000] {processor.py:830} INFO - Processing file /opt/airflow/dags/pipeline_simple_dag.py for tasks to queue
[2026-02-27T21:16:38.482+0000] {logging_mixin.py:188} INFO - [2026-02-27T21:16:38.481+0000] {dagbag.py:540} INFO - Filling up the DagBag from /opt/airflow/dags/pipeline_simple_dag.py
[2026-02-27T21:16:38.521+0000] {processor.py:840} INFO - DAG(s) 'pipeline_simple' retrieved from /opt/airflow/dags/pipeline_simple_dag.py
[2026-02-27T21:16:38.565+0000] {logging_mixin.py:188} INFO - [2026-02-27T21:16:38.564+0000] {dag.py:3096} INFO - Sync 1 DAGs
[2026-02-27T21:16:38.612+0000] {logging_mixin.py:188} INFO - [2026-02-27T21:16:38.612+0000] {dag.py:3954} INFO - Setting next_dagrun for pipeline_simple to 2026-02-26 00:00:00+00:00, run_after=2026-02-27 00:00:00+00:00
[2026-02-27T21:16:38.657+0000] {processor.py:183} INFO - Processing /opt/airflow/dags/pipeline_simple_dag.py took 0.187 seconds
[2026-02-27T21:17:08.888+0000] {processor.py:161} INFO - Started process (PID=144) to work on /opt/airflow/dags/pipeline_simple_dag.py
[2026-02-27T21:17:08.893+0000] {processor.py:830} INFO - Processing file /opt/airflow/dags/pipeline_simple_dag.py for tasks to queue
[2026-02-27T21:17:08.898+0000] {logging_mixin.py:188} INFO - [2026-02-27T21:17:08.897+0000] {dagbag.py:540} INFO - Filling up the DagBag from /opt/airflow/dags/pipeline_simple_dag.py
[2026-02-27T21:17:08.967+0000] {processor.py:840} INFO - DAG(s) 'pipeline_simple' retrieved from /opt/airflow/dags/pipeline_simple_dag.py
[2026-02-27T21:17:09.017+0000] {logging_mixin.py:188} INFO - [2026-02-27T21:17:09.017+0000] {dag.py:3096} INFO - Sync 1 DAGs
[2026-02-27T21:17:09.055+0000] {logging_mixin.py:188} INFO - [2026-02-27T21:17:09.054+0000] {dag.py:3954} INFO - Setting next_dagrun for pipeline_simple to 2026-02-26 00:00:00+00:00, run_after=2026-02-27 00:00:00+00:00
[2026-02-27T21:17:09.109+0000] {processor.py:183} INFO - Processing /opt/airflow/dags/pipeline_simple_dag.py took 0.237 seconds
[2026-02-27T21:17:39.993+0000] {processor.py:161} INFO - Started process (PID=152) to work on /opt/airflow/dags/pipeline_simple_dag.py
[2026-02-27T21:17:39.996+0000] {processor.py:830} INFO - Processing file /opt/airflow/dags/pipeline_simple_dag.py for tasks to queue
[2026-02-27T21:17:39.999+0000] {logging_mixin.py:188} INFO - [2026-02-27T21:17:39.998+0000] {dagbag.py:540} INFO - Filling up the DagBag from /opt/airflow/dags/pipeline_simple_dag.py
[2026-02-27T21:17:40.045+0000] {processor.py:840} INFO - DAG(s) 'pipeline_simple' retrieved from /opt/airflow/dags/pipeline_simple_dag.py
[2026-02-27T21:17:40.088+0000] {logging_mixin.py:188} INFO - [2026-02-27T21:17:40.088+0000] {dag.py:3096} INFO - Sync 1 DAGs
[2026-02-27T21:17:40.120+0000] {logging_mixin.py:188} INFO - [2026-02-27T21:17:40.120+0000] {dag.py:3954} INFO - Setting next_dagrun for pipeline_simple to 2026-02-26 00:00:00+00:00, run_after=2026-02-27 00:00:00+00:00
[2026-02-27T21:17:40.162+0000] {processor.py:183} INFO - Processing /opt/airflow/dags/pipeline_simple_dag.py took 0.177 seconds
[2026-02-27T21:18:10.388+0000] {processor.py:161} INFO - Started process (PID=160) to work on /opt/airflow/dags/pipeline_simple_dag.py
[2026-02-27T21:18:10.391+0000] {processor.py:830} INFO - Processing file /opt/airflow/dags/pipeline_simple_dag.py for tasks to queue
[2026-02-27T21:18:10.393+0000] {logging_mixin.py:188} INFO - [2026-02-27T21:18:10.393+0000] {dagbag.py:540} INFO - Filling up the DagBag from /opt/airflow/dags/pipeline_simple_dag.py
[2026-02-27T21:18:10.447+0000] {processor.py:840} INFO - DAG(s) 'pipeline_simple' retrieved from /opt/airflow/dags/pipeline_simple_dag.py
[2026-02-27T21:18:10.488+0000] {logging_mixin.py:188} INFO - [2026-02-27T21:18:10.488+0000] {dag.py:3096} INFO - Sync 1 DAGs
[2026-02-27T21:18:10.533+0000] {logging_mixin.py:188} INFO - [2026-02-27T21:18:10.532+0000] {dag.py:3954} INFO - Setting next_dagrun for pipeline_simple to 2026-02-26 00:00:00+00:00, run_after=2026-02-27 00:00:00+00:00
[2026-02-27T21:18:10.566+0000] {processor.py:183} INFO - Processing /opt/airflow/dags/pipeline_simple_dag.py took 0.190 seconds
[2026-02-27T21:18:40.904+0000] {processor.py:161} INFO - Started process (PID=168) to work on /opt/airflow/dags/pipeline_simple_dag.py
[2026-02-27T21:18:40.906+0000] {processor.py:830} INFO - Processing file /opt/airflow/dags/pipeline_simple_dag.py for tasks to queue
[2026-02-27T21:18:40.909+0000] {logging_mixin.py:188} INFO - [2026-02-27T21:18:40.908+0000] {dagbag.py:540} INFO - Filling up the DagBag from /opt/airflow/dags/pipeline_simple_dag.py
[2026-02-27T21:18:40.950+0000] {processor.py:840} INFO - DAG(s) 'pipeline_simple' retrieved from /opt/airflow/dags/pipeline_simple_dag.py
[2026-02-27T21:18:40.991+0000] {logging_mixin.py:188} INFO - [2026-02-27T21:18:40.991+0000] {dag.py:3096} INFO - Sync 1 DAGs
[2026-02-27T21:18:41.025+0000] {logging_mixin.py:188} INFO - [2026-02-27T21:18:41.025+0000] {dag.py:3954} INFO - Setting next_dagrun for pipeline_simple to 2026-02-26 00:00:00+00:00, run_after=2026-02-27 00:00:00+00:00
[2026-02-27T21:18:41.057+0000] {processor.py:183} INFO - Processing /opt/airflow/dags/pipeline_simple_dag.py took 0.164 seconds
[2026-02-27T21:19:11.363+0000] {processor.py:161} INFO - Started process (PID=176) to work on /opt/airflow/dags/pipeline_simple_dag.py
[2026-02-27T21:19:11.366+0000] {processor.py:830} INFO - Processing file /opt/airflow/dags/pipeline_simple_dag.py for tasks to queue
[2026-02-27T21:19:11.368+0000] {logging_mixin.py:188} INFO - [2026-02-27T21:19:11.367+0000] {dagbag.py:540} INFO - Filling up the DagBag from /opt/airflow/dags/pipeline_simple_dag.py
[2026-02-27T21:19:11.412+0000] {processor.py:840} INFO - DAG(s) 'pipeline_simple' retrieved from /opt/airflow/dags/pipeline_simple_dag.py
[2026-02-27T21:19:11.461+0000] {logging_mixin.py:188} INFO - [2026-02-27T21:19:11.460+0000] {dag.py:3096} INFO - Sync 1 DAGs
[2026-02-27T21:19:11.504+0000] {logging_mixin.py:188} INFO - [2026-02-27T21:19:11.504+0000] {dag.py:3954} INFO - Setting next_dagrun for pipeline_simple to 2026-02-26 00:00:00+00:00, run_after=2026-02-27 00:00:00+00:00
[2026-02-27T21:19:11.542+0000] {processor.py:183} INFO - Processing /opt/airflow/dags/pipeline_simple_dag.py took 0.188 seconds
[2026-02-27T21:19:41.727+0000] {processor.py:161} INFO - Started process (PID=184) to work on /opt/airflow/dags/pipeline_simple_dag.py
[2026-02-27T21:19:41.730+0000] {processor.py:830} INFO - Processing file /opt/airflow/dags/pipeline_simple_dag.py for tasks to queue
[2026-02-27T21:19:41.732+0000] {logging_mixin.py:188} INFO - [2026-02-27T21:19:41.731+0000] {dagbag.py:540} INFO - Filling up the DagBag from /opt/airflow/dags/pipeline_simple_dag.py
[2026-02-27T21:19:41.775+0000] {processor.py:840} INFO - DAG(s) 'pipeline_simple' retrieved from /opt/airflow/dags/pipeline_simple_dag.py
[2026-02-27T21:19:41.816+0000] {logging_mixin.py:188} INFO - [2026-02-27T21:19:41.815+0000] {dag.py:3096} INFO - Sync 1 DAGs
[2026-02-27T21:19:41.849+0000] {logging_mixin.py:188} INFO - [2026-02-27T21:19:41.849+0000] {dag.py:3954} INFO - Setting next_dagrun for pipeline_simple to 2026-02-26 00:00:00+00:00, run_after=2026-02-27 00:00:00+00:00
[2026-02-27T21:19:41.882+0000] {processor.py:183} INFO - Processing /opt/airflow/dags/pipeline_simple_dag.py took 0.165 seconds
[2026-02-27T21:20:12.313+0000] {processor.py:161} INFO - Started process (PID=192) to work on /opt/airflow/dags/pipeline_simple_dag.py
[2026-02-27T21:20:12.315+0000] {processor.py:830} INFO - Processing file /opt/airflow/dags/pipeline_simple_dag.py for tasks to queue
[2026-02-27T21:20:12.316+0000] {logging_mixin.py:188} INFO - [2026-02-27T21:20:12.316+0000] {dagbag.py:540} INFO - Filling up the DagBag from /opt/airflow/dags/pipeline_simple_dag.py
[2026-02-27T21:20:12.354+0000] {processor.py:840} INFO - DAG(s) 'pipeline_simple' retrieved from /opt/airflow/dags/pipeline_simple_dag.py
[2026-02-27T21:20:12.393+0000] {logging_mixin.py:188} INFO - [2026-02-27T21:20:12.393+0000] {dag.py:3096} INFO - Sync 1 DAGs
[2026-02-27T21:20:12.426+0000] {logging_mixin.py:188} INFO - [2026-02-27T21:20:12.425+0000] {dag.py:3954} INFO - Setting next_dagrun for pipeline_simple to 2026-02-26 00:00:00+00:00, run_after=2026-02-27 00:00:00+00:00
[2026-02-27T21:20:12.469+0000] {processor.py:183} INFO - Processing /opt/airflow/dags/pipeline_simple_dag.py took 0.164 seconds
[2026-02-27T21:20:42.716+0000] {processor.py:161} INFO - Started process (PID=200) to work on /opt/airflow/dags/pipeline_simple_dag.py
[2026-02-27T21:20:42.718+0000] {processor.py:830} INFO - Processing file /opt/airflow/dags/pipeline_simple_dag.py for tasks to queue
[2026-02-27T21:20:42.720+0000] {logging_mixin.py:188} INFO - [2026-02-27T21:20:42.720+0000] {dagbag.py:540} INFO - Filling up the DagBag from /opt/airflow/dags/pipeline_simple_dag.py
[2026-02-27T21:20:42.773+0000] {processor.py:840} INFO - DAG(s) 'pipeline_simple' retrieved from /opt/airflow/dags/pipeline_simple_dag.py
[2026-02-27T21:20:42.816+0000] {logging_mixin.py:188} INFO - [2026-02-27T21:20:42.816+0000] {dag.py:3096} INFO - Sync 1 DAGs
[2026-02-27T21:20:42.850+0000] {logging_mixin.py:188} INFO - [2026-02-27T21:20:42.850+0000] {dag.py:3954} INFO - Setting next_dagrun for pipeline_simple to 2026-02-26 00:00:00+00:00, run_after=2026-02-27 00:00:00+00:00
[2026-02-27T21:20:42.890+0000] {processor.py:183} INFO - Processing /opt/airflow/dags/pipeline_simple_dag.py took 0.182 seconds
[2026-02-27T21:21:12.984+0000] {processor.py:161} INFO - Started process (PID=208) to work on /opt/airflow/dags/pipeline_simple_dag.py
[2026-02-27T21:21:12.986+0000] {processor.py:830} INFO - Processing file /opt/airflow/dags/pipeline_simple_dag.py for tasks to queue
[2026-02-27T21:21:12.988+0000] {logging_mixin.py:188} INFO - [2026-02-27T21:21:12.988+0000] {dagbag.py:540} INFO - Filling up the DagBag from /opt/airflow/dags/pipeline_simple_dag.py
[2026-02-27T21:21:13.044+0000] {processor.py:840} INFO - DAG(s) 'pipeline_simple' retrieved from /opt/airflow/dags/pipeline_simple_dag.py
[2026-02-27T21:21:13.090+0000] {logging_mixin.py:188} INFO - [2026-02-27T21:21:13.090+0000] {dag.py:3096} INFO - Sync 1 DAGs
[2026-02-27T21:21:13.126+0000] {logging_mixin.py:188} INFO - [2026-02-27T21:21:13.125+0000] {dag.py:3954} INFO - Setting next_dagrun for pipeline_simple to 2026-02-26 00:00:00+00:00, run_after=2026-02-27 00:00:00+00:00
[2026-02-27T21:21:13.167+0000] {processor.py:183} INFO - Processing /opt/airflow/dags/pipeline_simple_dag.py took 0.193 seconds
[2026-02-27T21:21:43.415+0000] {processor.py:161} INFO - Started process (PID=216) to work on /opt/airflow/dags/pipeline_simple_dag.py
[2026-02-27T21:21:43.417+0000] {processor.py:830} INFO - Processing file /opt/airflow/dags/pipeline_simple_dag.py for tasks to queue
[2026-02-27T21:21:43.420+0000] {logging_mixin.py:188} INFO - [2026-02-27T21:21:43.419+0000] {dagbag.py:540} INFO - Filling up the DagBag from /opt/airflow/dags/pipeline_simple_dag.py
[2026-02-27T21:21:43.486+0000] {processor.py:840} INFO - DAG(s) 'pipeline_simple' retrieved from /opt/airflow/dags/pipeline_simple_dag.py
[2026-02-27T21:21:43.544+0000] {logging_mixin.py:188} INFO - [2026-02-27T21:21:43.544+0000] {dag.py:3096} INFO - Sync 1 DAGs
[2026-02-27T21:21:43.580+0000] {logging_mixin.py:188} INFO - [2026-02-27T21:21:43.579+0000] {dag.py:3954} INFO - Setting next_dagrun for pipeline_simple to 2026-02-26 00:00:00+00:00, run_after=2026-02-27 00:00:00+00:00
[2026-02-27T21:21:43.613+0000] {processor.py:183} INFO - Processing /opt/airflow/dags/pipeline_simple_dag.py took 0.208 seconds
[2026-02-27T21:22:13.713+0000] {processor.py:161} INFO - Started process (PID=224) to work on /opt/airflow/dags/pipeline_simple_dag.py
[2026-02-27T21:22:13.715+0000] {processor.py:830} INFO - Processing file /opt/airflow/dags/pipeline_simple_dag.py for tasks to queue
[2026-02-27T21:22:13.717+0000] {logging_mixin.py:188} INFO - [2026-02-27T21:22:13.717+0000] {dagbag.py:540} INFO - Filling up the DagBag from /opt/airflow/dags/pipeline_simple_dag.py
[2026-02-27T21:22:13.759+0000] {processor.py:840} INFO - DAG(s) 'pipeline_simple' retrieved from /opt/airflow/dags/pipeline_simple_dag.py
[2026-02-27T21:22:13.805+0000] {logging_mixin.py:188} INFO - [2026-02-27T21:22:13.804+0000] {dag.py:3096} INFO - Sync 1 DAGs
[2026-02-27T21:22:13.856+0000] {logging_mixin.py:188} INFO - [2026-02-27T21:22:13.855+0000] {dag.py:3954} INFO - Setting next_dagrun for pipeline_simple to 2026-02-26 00:00:00+00:00, run_after=2026-02-27 00:00:00+00:00
[2026-02-27T21:22:13.899+0000] {processor.py:183} INFO - Processing /opt/airflow/dags/pipeline_simple_dag.py took 0.198 seconds
[2026-02-27T21:22:44.219+0000] {processor.py:161} INFO - Started process (PID=232) to work on /opt/airflow/dags/pipeline_simple_dag.py
[2026-02-27T21:22:44.222+0000] {processor.py:830} INFO - Processing file /opt/airflow/dags/pipeline_simple_dag.py for tasks to queue
[2026-02-27T21:22:44.225+0000] {logging_mixin.py:188} INFO - [2026-02-27T21:22:44.224+0000] {dagbag.py:540} INFO - Filling up the DagBag from /opt/airflow/dags/pipeline_simple_dag.py
[2026-02-27T21:22:44.286+0000] {processor.py:840} INFO - DAG(s) 'pipeline_simple' retrieved from /opt/airflow/dags/pipeline_simple_dag.py
[2026-02-27T21:22:44.328+0000] {logging_mixin.py:188} INFO - [2026-02-27T21:22:44.327+0000] {dag.py:3096} INFO - Sync 1 DAGs
[2026-02-27T21:22:44.358+0000] {logging_mixin.py:188} INFO - [2026-02-27T21:22:44.358+0000] {dag.py:3954} INFO - Setting next_dagrun for pipeline_simple to 2026-02-26 00:00:00+00:00, run_after=2026-02-27 00:00:00+00:00
[2026-02-27T21:22:44.390+0000] {processor.py:183} INFO - Processing /opt/airflow/dags/pipeline_simple_dag.py took 0.182 seconds
[2026-02-27T21:23:14.854+0000] {processor.py:161} INFO - Started process (PID=240) to work on /opt/airflow/dags/pipeline_simple_dag.py
[2026-02-27T21:23:14.857+0000] {processor.py:830} INFO - Processing file /opt/airflow/dags/pipeline_simple_dag.py for tasks to queue
[2026-02-27T21:23:14.859+0000] {logging_mixin.py:188} INFO - [2026-02-27T21:23:14.858+0000] {dagbag.py:540} INFO - Filling up the DagBag from /opt/airflow/dags/pipeline_simple_dag.py
[2026-02-27T21:23:14.911+0000] {processor.py:840} INFO - DAG(s) 'pipeline_simple' retrieved from /opt/airflow/dags/pipeline_simple_dag.py
[2026-02-27T21:23:14.951+0000] {logging_mixin.py:188} INFO - [2026-02-27T21:23:14.951+0000] {dag.py:3096} INFO - Sync 1 DAGs
[2026-02-27T21:23:14.982+0000] {logging_mixin.py:188} INFO - [2026-02-27T21:23:14.982+0000] {dag.py:3954} INFO - Setting next_dagrun for pipeline_simple to 2026-02-26 00:00:00+00:00, run_after=2026-02-27 00:00:00+00:00
[2026-02-27T21:23:15.015+0000] {processor.py:183} INFO - Processing /opt/airflow/dags/pipeline_simple_dag.py took 0.169 seconds
[2026-02-27T21:23:45.388+0000] {processor.py:161} INFO - Started process (PID=248) to work on /opt/airflow/dags/pipeline_simple_dag.py
[2026-02-27T21:23:45.390+0000] {processor.py:830} INFO - Processing file /opt/airflow/dags/pipeline_simple_dag.py for tasks to queue
[2026-02-27T21:23:45.391+0000] {logging_mixin.py:188} INFO - [2026-02-27T21:23:45.391+0000] {dagbag.py:540} INFO - Filling up the DagBag from /opt/airflow/dags/pipeline_simple_dag.py
[2026-02-27T21:23:45.434+0000] {processor.py:840} INFO - DAG(s) 'pipeline_simple' retrieved from /opt/airflow/dags/pipeline_simple_dag.py
[2026-02-27T21:23:45.475+0000] {logging_mixin.py:188} INFO - [2026-02-27T21:23:45.474+0000] {dag.py:3096} INFO - Sync 1 DAGs
[2026-02-27T21:23:45.508+0000] {logging_mixin.py:188} INFO - [2026-02-27T21:23:45.508+0000] {dag.py:3954} INFO - Setting next_dagrun for pipeline_simple to 2026-02-26 00:00:00+00:00, run_after=2026-02-27 00:00:00+00:00
[2026-02-27T21:23:45.553+0000] {processor.py:183} INFO - Processing /opt/airflow/dags/pipeline_simple_dag.py took 0.174 seconds
[2026-02-27T21:24:15.680+0000] {processor.py:161} INFO - Started process (PID=256) to work on /opt/airflow/dags/pipeline_simple_dag.py
[2026-02-27T21:24:15.682+0000] {processor.py:830} INFO - Processing file /opt/airflow/dags/pipeline_simple_dag.py for tasks to queue
[2026-02-27T21:24:15.684+0000] {logging_mixin.py:188} INFO - [2026-02-27T21:24:15.683+0000] {dagbag.py:540} INFO - Filling up the DagBag from /opt/airflow/dags/pipeline_simple_dag.py
[2026-02-27T21:24:15.740+0000] {processor.py:840} INFO - DAG(s) 'pipeline_simple' retrieved from /opt/airflow/dags/pipeline_simple_dag.py
[2026-02-27T21:24:15.786+0000] {logging_mixin.py:188} INFO - [2026-02-27T21:24:15.785+0000] {dag.py:3096} INFO - Sync 1 DAGs
[2026-02-27T21:24:15.819+0000] {logging_mixin.py:188} INFO - [2026-02-27T21:24:15.819+0000] {dag.py:3954} INFO - Setting next_dagrun for pipeline_simple to 2026-02-26 00:00:00+00:00, run_after=2026-02-27 00:00:00+00:00
[2026-02-27T21:24:15.850+0000] {processor.py:183} INFO - Processing /opt/airflow/dags/pipeline_simple_dag.py took 0.179 seconds
[2026-02-27T21:24:46.029+0000] {processor.py:161} INFO - Started process (PID=264) to work on /opt/airflow/dags/pipeline_simple_dag.py
[2026-02-27T21:24:46.033+0000] {processor.py:830} INFO - Processing file /opt/airflow/dags/pipeline_simple_dag.py for tasks to queue
[2026-02-27T21:24:46.037+0000] {logging_mixin.py:188} INFO - [2026-02-27T21:24:46.035+0000] {dagbag.py:540} INFO - Filling up the DagBag from /opt/airflow/dags/pipeline_simple_dag.py
[2026-02-27T21:24:46.086+0000] {processor.py:840} INFO - DAG(s) 'pipeline_simple' retrieved from /opt/airflow/dags/pipeline_simple_dag.py
[2026-02-27T21:24:46.138+0000] {logging_mixin.py:188} INFO - [2026-02-27T21:24:46.137+0000] {dag.py:3096} INFO - Sync 1 DAGs
[2026-02-27T21:24:46.176+0000] {logging_mixin.py:188} INFO - [2026-02-27T21:24:46.176+0000] {dag.py:3954} INFO - Setting next_dagrun for pipeline_simple to 2026-02-26 00:00:00+00:00, run_after=2026-02-27 00:00:00+00:00
[2026-02-27T21:24:46.216+0000] {processor.py:183} INFO - Processing /opt/airflow/dags/pipeline_simple_dag.py took 0.201 seconds
[2026-02-27T21:25:16.416+0000] {processor.py:161} INFO - Started process (PID=272) to work on /opt/airflow/dags/pipeline_simple_dag.py
[2026-02-27T21:25:16.418+0000] {processor.py:830} INFO - Processing file /opt/airflow/dags/pipeline_simple_dag.py for tasks to queue
[2026-02-27T21:25:16.420+0000] {logging_mixin.py:188} INFO - [2026-02-27T21:25:16.419+0000] {dagbag.py:540} INFO - Filling up the DagBag from /opt/airflow/dags/pipeline_simple_dag.py
[2026-02-27T21:25:16.473+0000] {processor.py:840} INFO - DAG(s) 'pipeline_simple' retrieved from /opt/airflow/dags/pipeline_simple_dag.py
[2026-02-27T21:25:16.512+0000] {logging_mixin.py:188} INFO - [2026-02-27T21:25:16.512+0000] {dag.py:3096} INFO - Sync 1 DAGs
[2026-02-27T21:25:16.545+0000] {logging_mixin.py:188} INFO - [2026-02-27T21:25:16.545+0000] {dag.py:3954} INFO - Setting next_dagrun for pipeline_simple to 2026-02-26 00:00:00+00:00, run_after=2026-02-27 00:00:00+00:00
[2026-02-27T21:25:16.587+0000] {processor.py:183} INFO - Processing /opt/airflow/dags/pipeline_simple_dag.py took 0.179 seconds
[2026-02-27T21:25:46.682+0000] {processor.py:161} INFO - Started process (PID=280) to work on /opt/airflow/dags/pipeline_simple_dag.py
[2026-02-27T21:25:46.684+0000] {processor.py:830} INFO - Processing file /opt/airflow/dags/pipeline_simple_dag.py for tasks to queue
[2026-02-27T21:25:46.686+0000] {logging_mixin.py:188} INFO - [2026-02-27T21:25:46.686+0000] {dagbag.py:540} INFO - Filling up the DagBag from /opt/airflow/dags/pipeline_simple_dag.py
[2026-02-27T21:25:46.723+0000] {processor.py:840} INFO - DAG(s) 'pipeline_simple' retrieved from /opt/airflow/dags/pipeline_simple_dag.py
[2026-02-27T21:25:46.767+0000] {logging_mixin.py:188} INFO - [2026-02-27T21:25:46.767+0000] {dag.py:3096} INFO - Sync 1 DAGs
[2026-02-27T21:25:46.800+0000] {logging_mixin.py:188} INFO - [2026-02-27T21:25:46.800+0000] {dag.py:3954} INFO - Setting next_dagrun for pipeline_simple to 2026-02-26 00:00:00+00:00, run_after=2026-02-27 00:00:00+00:00
[2026-02-27T21:25:46.839+0000] {processor.py:183} INFO - Processing /opt/airflow/dags/pipeline_simple_dag.py took 0.167 seconds
[2026-02-27T21:26:17.246+0000] {processor.py:161} INFO - Started process (PID=288) to work on /opt/airflow/dags/pipeline_simple_dag.py
[2026-02-27T21:26:17.249+0000] {processor.py:830} INFO - Processing file /opt/airflow/dags/pipeline_simple_dag.py for tasks to queue
[2026-02-27T21:26:17.252+0000] {logging_mixin.py:188} INFO - [2026-02-27T21:26:17.251+0000] {dagbag.py:540} INFO - Filling up the DagBag from /opt/airflow/dags/pipeline_simple_dag.py
[2026-02-27T21:26:17.295+0000] {processor.py:840} INFO - DAG(s) 'pipeline_simple' retrieved from /opt/airflow/dags/pipeline_simple_dag.py
[2026-02-27T21:26:17.348+0000] {logging_mixin.py:188} INFO - [2026-02-27T21:26:17.348+0000] {dag.py:3096} INFO - Sync 1 DAGs
[2026-02-27T21:26:17.395+0000] {logging_mixin.py:188} INFO - [2026-02-27T21:26:17.395+0000] {dag.py:3954} INFO - Setting next_dagrun for pipeline_simple to 2026-02-26 00:00:00+00:00, run_after=2026-02-27 00:00:00+00:00
[2026-02-27T21:26:17.438+0000] {processor.py:183} INFO - Processing /opt/airflow/dags/pipeline_simple_dag.py took 0.203 seconds
[2026-02-27T21:26:47.743+0000] {processor.py:161} INFO - Started process (PID=296) to work on /opt/airflow/dags/pipeline_simple_dag.py
[2026-02-27T21:26:47.745+0000] {processor.py:830} INFO - Processing file /opt/airflow/dags/pipeline_simple_dag.py for tasks to queue
[2026-02-27T21:26:47.747+0000] {logging_mixin.py:188} INFO - [2026-02-27T21:26:47.747+0000] {dagbag.py:540} INFO - Filling up the DagBag from /opt/airflow/dags/pipeline_simple_dag.py
[2026-02-27T21:26:47.791+0000] {processor.py:840} INFO - DAG(s) 'pipeline_simple' retrieved from /opt/airflow/dags/pipeline_simple_dag.py
[2026-02-27T21:26:47.836+0000] {logging_mixin.py:188} INFO - [2026-02-27T21:26:47.835+0000] {dag.py:3096} INFO - Sync 1 DAGs
[2026-02-27T21:26:47.867+0000] {logging_mixin.py:188} INFO - [2026-02-27T21:26:47.867+0000] {dag.py:3954} INFO - Setting next_dagrun for pipeline_simple to 2026-02-26 00:00:00+00:00, run_after=2026-02-27 00:00:00+00:00
[2026-02-27T21:26:47.903+0000] {processor.py:183} INFO - Processing /opt/airflow/dags/pipeline_simple_dag.py took 0.169 seconds
[2026-02-27T21:27:18.101+0000] {processor.py:161} INFO - Started process (PID=304) to work on /opt/airflow/dags/pipeline_simple_dag.py
[2026-02-27T21:27:18.103+0000] {processor.py:830} INFO - Processing file /opt/airflow/dags/pipeline_simple_dag.py for tasks to queue
[2026-02-27T21:27:18.105+0000] {logging_mixin.py:188} INFO - [2026-02-27T21:27:18.105+0000] {dagbag.py:540} INFO - Filling up the DagBag from /opt/airflow/dags/pipeline_simple_dag.py
[2026-02-27T21:27:18.153+0000] {processor.py:840} INFO - DAG(s) 'pipeline_simple' retrieved from /opt/airflow/dags/pipeline_simple_dag.py
[2026-02-27T21:27:18.198+0000] {logging_mixin.py:188} INFO - [2026-02-27T21:27:18.197+0000] {dag.py:3096} INFO - Sync 1 DAGs
[2026-02-27T21:27:18.235+0000] {logging_mixin.py:188} INFO - [2026-02-27T21:27:18.235+0000] {dag.py:3954} INFO - Setting next_dagrun for pipeline_simple to 2026-02-26 00:00:00+00:00, run_after=2026-02-27 00:00:00+00:00
[2026-02-27T21:27:18.282+0000] {processor.py:183} INFO - Processing /opt/airflow/dags/pipeline_simple_dag.py took 0.193 seconds
[2026-02-27T21:27:48.496+0000] {processor.py:161} INFO - Started process (PID=312) to work on /opt/airflow/dags/pipeline_simple_dag.py
[2026-02-27T21:27:48.498+0000] {processor.py:830} INFO - Processing file /opt/airflow/dags/pipeline_simple_dag.py for tasks to queue
[2026-02-27T21:27:48.501+0000] {logging_mixin.py:188} INFO - [2026-02-27T21:27:48.501+0000] {dagbag.py:540} INFO - Filling up the DagBag from /opt/airflow/dags/pipeline_simple_dag.py
[2026-02-27T21:27:48.558+0000] {processor.py:840} INFO - DAG(s) 'pipeline_simple' retrieved from /opt/airflow/dags/pipeline_simple_dag.py
[2026-02-27T21:27:48.609+0000] {logging_mixin.py:188} INFO - [2026-02-27T21:27:48.609+0000] {dag.py:3096} INFO - Sync 1 DAGs
[2026-02-27T21:27:48.651+0000] {logging_mixin.py:188} INFO - [2026-02-27T21:27:48.651+0000] {dag.py:3954} INFO - Setting next_dagrun for pipeline_simple to 2026-02-26 00:00:00+00:00, run_after=2026-02-27 00:00:00+00:00
[2026-02-27T21:27:48.715+0000] {processor.py:183} INFO - Processing /opt/airflow/dags/pipeline_simple_dag.py took 0.233 seconds
[2026-02-27T21:28:18.829+0000] {processor.py:161} INFO - Started process (PID=320) to work on /opt/airflow/dags/pipeline_simple_dag.py
[2026-02-27T21:28:18.832+0000] {processor.py:830} INFO - Processing file /opt/airflow/dags/pipeline_simple_dag.py for tasks to queue
[2026-02-27T21:28:18.835+0000] {logging_mixin.py:188} INFO - [2026-02-27T21:28:18.834+0000] {dagbag.py:540} INFO - Filling up the DagBag from /opt/airflow/dags/pipeline_simple_dag.py
[2026-02-27T21:28:18.884+0000] {processor.py:840} INFO - DAG(s) 'pipeline_simple' retrieved from /opt/airflow/dags/pipeline_simple_dag.py
[2026-02-27T21:28:18.932+0000] {logging_mixin.py:188} INFO - [2026-02-27T21:28:18.932+0000] {dag.py:3096} INFO - Sync 1 DAGs
[2026-02-27T21:28:18.970+0000] {logging_mixin.py:188} INFO - [2026-02-27T21:28:18.970+0000] {dag.py:3954} INFO - Setting next_dagrun for pipeline_simple to 2026-02-26 00:00:00+00:00, run_after=2026-02-27 00:00:00+00:00
[2026-02-27T21:28:19.025+0000] {processor.py:183} INFO - Processing /opt/airflow/dags/pipeline_simple_dag.py took 0.209 seconds
[2026-02-27T21:28:50.059+0000] {processor.py:161} INFO - Started process (PID=328) to work on /opt/airflow/dags/pipeline_simple_dag.py
[2026-02-27T21:28:50.061+0000] {processor.py:830} INFO - Processing file /opt/airflow/dags/pipeline_simple_dag.py for tasks to queue
[2026-02-27T21:28:50.063+0000] {logging_mixin.py:188} INFO - [2026-02-27T21:28:50.063+0000] {dagbag.py:540} INFO - Filling up the DagBag from /opt/airflow/dags/pipeline_simple_dag.py
[2026-02-27T21:28:50.111+0000] {processor.py:840} INFO - DAG(s) 'pipeline_simple' retrieved from /opt/airflow/dags/pipeline_simple_dag.py
[2026-02-27T21:28:50.154+0000] {logging_mixin.py:188} INFO - [2026-02-27T21:28:50.154+0000] {dag.py:3096} INFO - Sync 1 DAGs
[2026-02-27T21:28:50.185+0000] {logging_mixin.py:188} INFO - [2026-02-27T21:28:50.185+0000] {dag.py:3954} INFO - Setting next_dagrun for pipeline_simple to 2026-02-26 00:00:00+00:00, run_after=2026-02-27 00:00:00+00:00
[2026-02-27T21:28:50.218+0000] {processor.py:183} INFO - Processing /opt/airflow/dags/pipeline_simple_dag.py took 0.166 seconds
[2026-02-27T21:29:20.484+0000] {processor.py:161} INFO - Started process (PID=336) to work on /opt/airflow/dags/pipeline_simple_dag.py
[2026-02-27T21:29:20.486+0000] {processor.py:830} INFO - Processing file /opt/airflow/dags/pipeline_simple_dag.py for tasks to queue
[2026-02-27T21:29:20.488+0000] {logging_mixin.py:188} INFO - [2026-02-27T21:29:20.488+0000] {dagbag.py:540} INFO - Filling up the DagBag from /opt/airflow/dags/pipeline_simple_dag.py
[2026-02-27T21:29:20.533+0000] {processor.py:840} INFO - DAG(s) 'pipeline_simple' retrieved from /opt/airflow/dags/pipeline_simple_dag.py
[2026-02-27T21:29:20.594+0000] {logging_mixin.py:188} INFO - [2026-02-27T21:29:20.594+0000] {dag.py:3096} INFO - Sync 1 DAGs
[2026-02-27T21:29:20.623+0000] {logging_mixin.py:188} INFO - [2026-02-27T21:29:20.623+0000] {dag.py:3954} INFO - Setting next_dagrun for pipeline_simple to 2026-02-26 00:00:00+00:00, run_after=2026-02-27 00:00:00+00:00
[2026-02-27T21:29:20.646+0000] {processor.py:183} INFO - Processing /opt/airflow/dags/pipeline_simple_dag.py took 0.173 seconds
[2026-02-27T21:29:50.894+0000] {processor.py:161} INFO - Started process (PID=344) to work on /opt/airflow/dags/pipeline_simple_dag.py
[2026-02-27T21:29:50.896+0000] {processor.py:830} INFO - Processing file /opt/airflow/dags/pipeline_simple_dag.py for tasks to queue
[2026-02-27T21:29:50.898+0000] {logging_mixin.py:188} INFO - [2026-02-27T21:29:50.897+0000] {dagbag.py:540} INFO - Filling up the DagBag from /opt/airflow/dags/pipeline_simple_dag.py
[2026-02-27T21:29:50.944+0000] {processor.py:840} INFO - DAG(s) 'pipeline_simple' retrieved from /opt/airflow/dags/pipeline_simple_dag.py
[2026-02-27T21:29:50.988+0000] {logging_mixin.py:188} INFO - [2026-02-27T21:29:50.987+0000] {dag.py:3096} INFO - Sync 1 DAGs
[2026-02-27T21:29:51.023+0000] {logging_mixin.py:188} INFO - [2026-02-27T21:29:51.023+0000] {dag.py:3954} INFO - Setting next_dagrun for pipeline_simple to 2026-02-26 00:00:00+00:00, run_after=2026-02-27 00:00:00+00:00
[2026-02-27T21:29:51.055+0000] {processor.py:183} INFO - Processing /opt/airflow/dags/pipeline_simple_dag.py took 0.175 seconds
[2026-02-27T21:30:21.362+0000] {processor.py:161} INFO - Started process (PID=352) to work on /opt/airflow/dags/pipeline_simple_dag.py
[2026-02-27T21:30:21.364+0000] {processor.py:830} INFO - Processing file /opt/airflow/dags/pipeline_simple_dag.py for tasks to queue
[2026-02-27T21:30:21.366+0000] {logging_mixin.py:188} INFO - [2026-02-27T21:30:21.366+0000] {dagbag.py:540} INFO - Filling up the DagBag from /opt/airflow/dags/pipeline_simple_dag.py
[2026-02-27T21:30:21.418+0000] {processor.py:840} INFO - DAG(s) 'pipeline_simple' retrieved from /opt/airflow/dags/pipeline_simple_dag.py
[2026-02-27T21:30:21.456+0000] {logging_mixin.py:188} INFO - [2026-02-27T21:30:21.456+0000] {dag.py:3096} INFO - Sync 1 DAGs
[2026-02-27T21:30:21.486+0000] {logging_mixin.py:188} INFO - [2026-02-27T21:30:21.485+0000] {dag.py:3954} INFO - Setting next_dagrun for pipeline_simple to 2026-02-26 00:00:00+00:00, run_after=2026-02-27 00:00:00+00:00
[2026-02-27T21:30:21.514+0000] {processor.py:183} INFO - Processing /opt/airflow/dags/pipeline_simple_dag.py took 0.162 seconds
[2026-02-27T21:30:52.073+0000] {processor.py:161} INFO - Started process (PID=360) to work on /opt/airflow/dags/pipeline_simple_dag.py
[2026-02-27T21:30:52.075+0000] {processor.py:830} INFO - Processing file /opt/airflow/dags/pipeline_simple_dag.py for tasks to queue
[2026-02-27T21:30:52.077+0000] {logging_mixin.py:188} INFO - [2026-02-27T21:30:52.077+0000] {dagbag.py:540} INFO - Filling up the DagBag from /opt/airflow/dags/pipeline_simple_dag.py
[2026-02-27T21:30:52.128+0000] {processor.py:840} INFO - DAG(s) 'pipeline_simple' retrieved from /opt/airflow/dags/pipeline_simple_dag.py
[2026-02-27T21:30:52.173+0000] {logging_mixin.py:188} INFO - [2026-02-27T21:30:52.173+0000] {dag.py:3096} INFO - Sync 1 DAGs
[2026-02-27T21:30:52.207+0000] {logging_mixin.py:188} INFO - [2026-02-27T21:30:52.206+0000] {dag.py:3954} INFO - Setting next_dagrun for pipeline_simple to 2026-02-26 00:00:00+00:00, run_after=2026-02-27 00:00:00+00:00
[2026-02-27T21:30:52.243+0000] {processor.py:183} INFO - Processing /opt/airflow/dags/pipeline_simple_dag.py took 0.179 seconds
[2026-02-27T21:31:38.310+0000] {processor.py:161} INFO - Started process (PID=38) to work on /opt/airflow/dags/pipeline_simple_dag.py
[2026-02-27T21:31:38.313+0000] {processor.py:830} INFO - Processing file /opt/airflow/dags/pipeline_simple_dag.py for tasks to queue
[2026-02-27T21:31:38.316+0000] {logging_mixin.py:188} INFO - [2026-02-27T21:31:38.315+0000] {dagbag.py:540} INFO - Filling up the DagBag from /opt/airflow/dags/pipeline_simple_dag.py
[2026-02-27T21:31:38.366+0000] {processor.py:840} INFO - DAG(s) 'pipeline_simple' retrieved from /opt/airflow/dags/pipeline_simple_dag.py
[2026-02-27T21:31:38.429+0000] {logging_mixin.py:188} INFO - [2026-02-27T21:31:38.428+0000] {dag.py:3096} INFO - Sync 1 DAGs
[2026-02-27T21:31:38.476+0000] {logging_mixin.py:188} INFO - [2026-02-27T21:31:38.476+0000] {dag.py:3954} INFO - Setting next_dagrun for pipeline_simple to 2026-02-26 00:00:00+00:00, run_after=2026-02-27 00:00:00+00:00
[2026-02-27T21:31:38.524+0000] {processor.py:183} INFO - Processing /opt/airflow/dags/pipeline_simple_dag.py took 0.225 seconds
[2026-02-27T21:32:08.798+0000] {processor.py:161} INFO - Started process (PID=46) to work on /opt/airflow/dags/pipeline_simple_dag.py
[2026-02-27T21:32:08.801+0000] {processor.py:830} INFO - Processing file /opt/airflow/dags/pipeline_simple_dag.py for tasks to queue
[2026-02-27T21:32:08.803+0000] {logging_mixin.py:188} INFO - [2026-02-27T21:32:08.802+0000] {dagbag.py:540} INFO - Filling up the DagBag from /opt/airflow/dags/pipeline_simple_dag.py
[2026-02-27T21:32:08.849+0000] {processor.py:840} INFO - DAG(s) 'pipeline_simple' retrieved from /opt/airflow/dags/pipeline_simple_dag.py
[2026-02-27T21:32:08.892+0000] {logging_mixin.py:188} INFO - [2026-02-27T21:32:08.891+0000] {dag.py:3096} INFO - Sync 1 DAGs
[2026-02-27T21:32:08.924+0000] {logging_mixin.py:188} INFO - [2026-02-27T21:32:08.924+0000] {dag.py:3954} INFO - Setting next_dagrun for pipeline_simple to 2026-02-26 00:00:00+00:00, run_after=2026-02-27 00:00:00+00:00
[2026-02-27T21:32:08.960+0000] {processor.py:183} INFO - Processing /opt/airflow/dags/pipeline_simple_dag.py took 0.176 seconds
[2026-02-27T21:32:39.100+0000] {processor.py:161} INFO - Started process (PID=54) to work on /opt/airflow/dags/pipeline_simple_dag.py
[2026-02-27T21:32:39.102+0000] {processor.py:830} INFO - Processing file /opt/airflow/dags/pipeline_simple_dag.py for tasks to queue
[2026-02-27T21:32:39.107+0000] {logging_mixin.py:188} INFO - [2026-02-27T21:32:39.105+0000] {dagbag.py:540} INFO - Filling up the DagBag from /opt/airflow/dags/pipeline_simple_dag.py
[2026-02-27T21:32:39.149+0000] {processor.py:840} INFO - DAG(s) 'pipeline_simple' retrieved from /opt/airflow/dags/pipeline_simple_dag.py
[2026-02-27T21:32:39.191+0000] {logging_mixin.py:188} INFO - [2026-02-27T21:32:39.191+0000] {dag.py:3096} INFO - Sync 1 DAGs
[2026-02-27T21:32:39.237+0000] {logging_mixin.py:188} INFO - [2026-02-27T21:32:39.237+0000] {dag.py:3954} INFO - Setting next_dagrun for pipeline_simple to 2026-02-26 00:00:00+00:00, run_after=2026-02-27 00:00:00+00:00
[2026-02-27T21:32:39.277+0000] {processor.py:183} INFO - Processing /opt/airflow/dags/pipeline_simple_dag.py took 0.187 seconds
[2026-02-27T21:33:09.619+0000] {processor.py:161} INFO - Started process (PID=62) to work on /opt/airflow/dags/pipeline_simple_dag.py
[2026-02-27T21:33:09.621+0000] {processor.py:830} INFO - Processing file /opt/airflow/dags/pipeline_simple_dag.py for tasks to queue
[2026-02-27T21:33:09.623+0000] {logging_mixin.py:188} INFO - [2026-02-27T21:33:09.623+0000] {dagbag.py:540} INFO - Filling up the DagBag from /opt/airflow/dags/pipeline_simple_dag.py
[2026-02-27T21:33:09.666+0000] {processor.py:840} INFO - DAG(s) 'pipeline_simple' retrieved from /opt/airflow/dags/pipeline_simple_dag.py
[2026-02-27T21:33:09.712+0000] {logging_mixin.py:188} INFO - [2026-02-27T21:33:09.712+0000] {dag.py:3096} INFO - Sync 1 DAGs
[2026-02-27T21:33:09.749+0000] {logging_mixin.py:188} INFO - [2026-02-27T21:33:09.749+0000] {dag.py:3954} INFO - Setting next_dagrun for pipeline_simple to 2026-02-26 00:00:00+00:00, run_after=2026-02-27 00:00:00+00:00
[2026-02-27T21:33:09.788+0000] {processor.py:183} INFO - Processing /opt/airflow/dags/pipeline_simple_dag.py took 0.177 seconds
[2026-02-27T21:33:39.969+0000] {processor.py:161} INFO - Started process (PID=71) to work on /opt/airflow/dags/pipeline_simple_dag.py
[2026-02-27T21:33:39.970+0000] {processor.py:830} INFO - Processing file /opt/airflow/dags/pipeline_simple_dag.py for tasks to queue
[2026-02-27T21:33:39.972+0000] {logging_mixin.py:188} INFO - [2026-02-27T21:33:39.972+0000] {dagbag.py:540} INFO - Filling up the DagBag from /opt/airflow/dags/pipeline_simple_dag.py
[2026-02-27T21:33:40.007+0000] {processor.py:840} INFO - DAG(s) 'pipeline_simple' retrieved from /opt/airflow/dags/pipeline_simple_dag.py
[2026-02-27T21:33:40.045+0000] {logging_mixin.py:188} INFO - [2026-02-27T21:33:40.045+0000] {dag.py:3096} INFO - Sync 1 DAGs
[2026-02-27T21:33:40.076+0000] {logging_mixin.py:188} INFO - [2026-02-27T21:33:40.076+0000] {dag.py:3954} INFO - Setting next_dagrun for pipeline_simple to 2026-02-26 00:00:00+00:00, run_after=2026-02-27 00:00:00+00:00
[2026-02-27T21:33:40.117+0000] {processor.py:183} INFO - Processing /opt/airflow/dags/pipeline_simple_dag.py took 0.156 seconds
[2026-02-27T21:34:10.339+0000] {processor.py:161} INFO - Started process (PID=78) to work on /opt/airflow/dags/pipeline_simple_dag.py
[2026-02-27T21:34:10.341+0000] {processor.py:830} INFO - Processing file /opt/airflow/dags/pipeline_simple_dag.py for tasks to queue
[2026-02-27T21:34:10.344+0000] {logging_mixin.py:188} INFO - [2026-02-27T21:34:10.343+0000] {dagbag.py:540} INFO - Filling up the DagBag from /opt/airflow/dags/pipeline_simple_dag.py
[2026-02-27T21:34:10.386+0000] {processor.py:840} INFO - DAG(s) 'pipeline_simple' retrieved from /opt/airflow/dags/pipeline_simple_dag.py
[2026-02-27T21:34:10.433+0000] {logging_mixin.py:188} INFO - [2026-02-27T21:34:10.433+0000] {dag.py:3096} INFO - Sync 1 DAGs
[2026-02-27T21:34:10.471+0000] {logging_mixin.py:188} INFO - [2026-02-27T21:34:10.470+0000] {dag.py:3954} INFO - Setting next_dagrun for pipeline_simple to 2026-02-26 00:00:00+00:00, run_after=2026-02-27 00:00:00+00:00
[2026-02-27T21:34:10.508+0000] {processor.py:183} INFO - Processing /opt/airflow/dags/pipeline_simple_dag.py took 0.178 seconds
[2026-02-27T21:34:40.725+0000] {processor.py:161} INFO - Started process (PID=86) to work on /opt/airflow/dags/pipeline_simple_dag.py
[2026-02-27T21:34:40.727+0000] {processor.py:830} INFO - Processing file /opt/airflow/dags/pipeline_simple_dag.py for tasks to queue
[2026-02-27T21:34:40.729+0000] {logging_mixin.py:188} INFO - [2026-02-27T21:34:40.729+0000] {dagbag.py:540} INFO - Filling up the DagBag from /opt/airflow/dags/pipeline_simple_dag.py
[2026-02-27T21:34:40.767+0000] {processor.py:840} INFO - DAG(s) 'pipeline_simple' retrieved from /opt/airflow/dags/pipeline_simple_dag.py
[2026-02-27T21:34:40.812+0000] {logging_mixin.py:188} INFO - [2026-02-27T21:34:40.811+0000] {dag.py:3096} INFO - Sync 1 DAGs
[2026-02-27T21:34:40.852+0000] {logging_mixin.py:188} INFO - [2026-02-27T21:34:40.851+0000] {dag.py:3954} INFO - Setting next_dagrun for pipeline_simple to 2026-02-26 00:00:00+00:00, run_after=2026-02-27 00:00:00+00:00
[2026-02-27T21:34:40.885+0000] {processor.py:183} INFO - Processing /opt/airflow/dags/pipeline_simple_dag.py took 0.168 seconds
[2026-02-27T21:35:11.218+0000] {processor.py:161} INFO - Started process (PID=94) to work on /opt/airflow/dags/pipeline_simple_dag.py
[2026-02-27T21:35:11.221+0000] {processor.py:830} INFO - Processing file /opt/airflow/dags/pipeline_simple_dag.py for tasks to queue
[2026-02-27T21:35:11.226+0000] {logging_mixin.py:188} INFO - [2026-02-27T21:35:11.225+0000] {dagbag.py:540} INFO - Filling up the DagBag from /opt/airflow/dags/pipeline_simple_dag.py
[2026-02-27T21:35:11.301+0000] {processor.py:840} INFO - DAG(s) 'pipeline_simple' retrieved from /opt/airflow/dags/pipeline_simple_dag.py
[2026-02-27T21:35:11.371+0000] {logging_mixin.py:188} INFO - [2026-02-27T21:35:11.370+0000] {dag.py:3096} INFO - Sync 1 DAGs
[2026-02-27T21:35:11.434+0000] {logging_mixin.py:188} INFO - [2026-02-27T21:35:11.433+0000] {dag.py:3954} INFO - Setting next_dagrun for pipeline_simple to 2026-02-26 00:00:00+00:00, run_after=2026-02-27 00:00:00+00:00
[2026-02-27T21:35:11.478+0000] {processor.py:183} INFO - Processing /opt/airflow/dags/pipeline_simple_dag.py took 0.279 seconds
[2026-02-27T21:35:41.916+0000] {processor.py:161} INFO - Started process (PID=102) to work on /opt/airflow/dags/pipeline_simple_dag.py
[2026-02-27T21:35:41.918+0000] {processor.py:830} INFO - Processing file /opt/airflow/dags/pipeline_simple_dag.py for tasks to queue
[2026-02-27T21:35:41.919+0000] {logging_mixin.py:188} INFO - [2026-02-27T21:35:41.919+0000] {dagbag.py:540} INFO - Filling up the DagBag from /opt/airflow/dags/pipeline_simple_dag.py
[2026-02-27T21:35:41.962+0000] {processor.py:840} INFO - DAG(s) 'pipeline_simple' retrieved from /opt/airflow/dags/pipeline_simple_dag.py
[2026-02-27T21:35:42.006+0000] {logging_mixin.py:188} INFO - [2026-02-27T21:35:42.006+0000] {dag.py:3096} INFO - Sync 1 DAGs
[2026-02-27T21:35:42.041+0000] {logging_mixin.py:188} INFO - [2026-02-27T21:35:42.040+0000] {dag.py:3954} INFO - Setting next_dagrun for pipeline_simple to 2026-02-26 00:00:00+00:00, run_after=2026-02-27 00:00:00+00:00
[2026-02-27T21:35:42.074+0000] {processor.py:183} INFO - Processing /opt/airflow/dags/pipeline_simple_dag.py took 0.170 seconds
[2026-02-27T21:36:12.235+0000] {processor.py:161} INFO - Started process (PID=110) to work on /opt/airflow/dags/pipeline_simple_dag.py
[2026-02-27T21:36:12.237+0000] {processor.py:830} INFO - Processing file /opt/airflow/dags/pipeline_simple_dag.py for tasks to queue
[2026-02-27T21:36:12.238+0000] {logging_mixin.py:188} INFO - [2026-02-27T21:36:12.238+0000] {dagbag.py:540} INFO - Filling up the DagBag from /opt/airflow/dags/pipeline_simple_dag.py
[2026-02-27T21:36:12.284+0000] {processor.py:840} INFO - DAG(s) 'pipeline_simple' retrieved from /opt/airflow/dags/pipeline_simple_dag.py
[2026-02-27T21:36:12.332+0000] {logging_mixin.py:188} INFO - [2026-02-27T21:36:12.332+0000] {dag.py:3096} INFO - Sync 1 DAGs
[2026-02-27T21:36:12.367+0000] {logging_mixin.py:188} INFO - [2026-02-27T21:36:12.366+0000] {dag.py:3954} INFO - Setting next_dagrun for pipeline_simple to 2026-02-26 00:00:00+00:00, run_after=2026-02-27 00:00:00+00:00
[2026-02-27T21:36:12.406+0000] {processor.py:183} INFO - Processing /opt/airflow/dags/pipeline_simple_dag.py took 0.181 seconds
[2026-02-27T21:36:42.975+0000] {processor.py:161} INFO - Started process (PID=118) to work on /opt/airflow/dags/pipeline_simple_dag.py
[2026-02-27T21:36:42.977+0000] {processor.py:830} INFO - Processing file /opt/airflow/dags/pipeline_simple_dag.py for tasks to queue
[2026-02-27T21:36:42.979+0000] {logging_mixin.py:188} INFO - [2026-02-27T21:36:42.978+0000] {dagbag.py:540} INFO - Filling up the DagBag from /opt/airflow/dags/pipeline_simple_dag.py
[2026-02-27T21:36:43.027+0000] {processor.py:840} INFO - DAG(s) 'pipeline_simple' retrieved from /opt/airflow/dags/pipeline_simple_dag.py
[2026-02-27T21:36:43.075+0000] {logging_mixin.py:188} INFO - [2026-02-27T21:36:43.075+0000] {dag.py:3096} INFO - Sync 1 DAGs
[2026-02-27T21:36:43.116+0000] {logging_mixin.py:188} INFO - [2026-02-27T21:36:43.116+0000] {dag.py:3954} INFO - Setting next_dagrun for pipeline_simple to 2026-02-26 00:00:00+00:00, run_after=2026-02-27 00:00:00+00:00
[2026-02-27T21:36:43.158+0000] {processor.py:183} INFO - Processing /opt/airflow/dags/pipeline_simple_dag.py took 0.193 seconds
[2026-02-27T21:37:13.233+0000] {processor.py:161} INFO - Started process (PID=126) to work on /opt/airflow/dags/pipeline_simple_dag.py
[2026-02-27T21:37:13.235+0000] {processor.py:830} INFO - Processing file /opt/airflow/dags/pipeline_simple_dag.py for tasks to queue
[2026-02-27T21:37:13.236+0000] {logging_mixin.py:188} INFO - [2026-02-27T21:37:13.236+0000] {dagbag.py:540} INFO - Filling up the DagBag from /opt/airflow/dags/pipeline_simple_dag.py
[2026-02-27T21:37:13.270+0000] {processor.py:840} INFO - DAG(s) 'pipeline_simple' retrieved from /opt/airflow/dags/pipeline_simple_dag.py
[2026-02-27T21:37:13.313+0000] {logging_mixin.py:188} INFO - [2026-02-27T21:37:13.313+0000] {dag.py:3096} INFO - Sync 1 DAGs
[2026-02-27T21:37:13.344+0000] {logging_mixin.py:188} INFO - [2026-02-27T21:37:13.344+0000] {dag.py:3954} INFO - Setting next_dagrun for pipeline_simple to 2026-02-26 00:00:00+00:00, run_after=2026-02-27 00:00:00+00:00
[2026-02-27T21:37:13.371+0000] {processor.py:183} INFO - Processing /opt/airflow/dags/pipeline_simple_dag.py took 0.147 seconds
[2026-02-27T21:37:43.738+0000] {processor.py:161} INFO - Started process (PID=134) to work on /opt/airflow/dags/pipeline_simple_dag.py
[2026-02-27T21:37:43.740+0000] {processor.py:830} INFO - Processing file /opt/airflow/dags/pipeline_simple_dag.py for tasks to queue
[2026-02-27T21:37:43.742+0000] {logging_mixin.py:188} INFO - [2026-02-27T21:37:43.741+0000] {dagbag.py:540} INFO - Filling up the DagBag from /opt/airflow/dags/pipeline_simple_dag.py
[2026-02-27T21:37:43.785+0000] {processor.py:840} INFO - DAG(s) 'pipeline_simple' retrieved from /opt/airflow/dags/pipeline_simple_dag.py
[2026-02-27T21:37:43.830+0000] {logging_mixin.py:188} INFO - [2026-02-27T21:37:43.830+0000] {dag.py:3096} INFO - Sync 1 DAGs
[2026-02-27T21:37:43.862+0000] {logging_mixin.py:188} INFO - [2026-02-27T21:37:43.861+0000] {dag.py:3954} INFO - Setting next_dagrun for pipeline_simple to 2026-02-26 00:00:00+00:00, run_after=2026-02-27 00:00:00+00:00
[2026-02-27T21:37:43.892+0000] {processor.py:183} INFO - Processing /opt/airflow/dags/pipeline_simple_dag.py took 0.163 seconds
[2026-02-27T21:38:14.116+0000] {processor.py:161} INFO - Started process (PID=143) to work on /opt/airflow/dags/pipeline_simple_dag.py
[2026-02-27T21:38:14.117+0000] {processor.py:830} INFO - Processing file /opt/airflow/dags/pipeline_simple_dag.py for tasks to queue
[2026-02-27T21:38:14.119+0000] {logging_mixin.py:188} INFO - [2026-02-27T21:38:14.119+0000] {dagbag.py:540} INFO - Filling up the DagBag from /opt/airflow/dags/pipeline_simple_dag.py
[2026-02-27T21:38:14.170+0000] {processor.py:840} INFO - DAG(s) 'pipeline_simple' retrieved from /opt/airflow/dags/pipeline_simple_dag.py
[2026-02-27T21:38:14.216+0000] {logging_mixin.py:188} INFO - [2026-02-27T21:38:14.216+0000] {dag.py:3096} INFO - Sync 1 DAGs
[2026-02-27T21:38:14.252+0000] {logging_mixin.py:188} INFO - [2026-02-27T21:38:14.251+0000] {dag.py:3954} INFO - Setting next_dagrun for pipeline_simple to 2026-02-26 00:00:00+00:00, run_after=2026-02-27 00:00:00+00:00
[2026-02-27T21:38:14.298+0000] {processor.py:183} INFO - Processing /opt/airflow/dags/pipeline_simple_dag.py took 0.189 seconds
[2026-02-27T21:38:44.706+0000] {processor.py:161} INFO - Started process (PID=151) to work on /opt/airflow/dags/pipeline_simple_dag.py
[2026-02-27T21:38:44.708+0000] {processor.py:830} INFO - Processing file /opt/airflow/dags/pipeline_simple_dag.py for tasks to queue
[2026-02-27T21:38:44.710+0000] {logging_mixin.py:188} INFO - [2026-02-27T21:38:44.710+0000] {dagbag.py:540} INFO - Filling up the DagBag from /opt/airflow/dags/pipeline_simple_dag.py
[2026-02-27T21:38:44.757+0000] {processor.py:840} INFO - DAG(s) 'pipeline_simple' retrieved from /opt/airflow/dags/pipeline_simple_dag.py
[2026-02-27T21:38:44.803+0000] {logging_mixin.py:188} INFO - [2026-02-27T21:38:44.803+0000] {dag.py:3096} INFO - Sync 1 DAGs
[2026-02-27T21:38:44.839+0000] {logging_mixin.py:188} INFO - [2026-02-27T21:38:44.839+0000] {dag.py:3954} INFO - Setting next_dagrun for pipeline_simple to 2026-02-26 00:00:00+00:00, run_after=2026-02-27 00:00:00+00:00
[2026-02-27T21:38:44.880+0000] {processor.py:183} INFO - Processing /opt/airflow/dags/pipeline_simple_dag.py took 0.182 seconds
[2026-02-27T21:39:15.087+0000] {processor.py:161} INFO - Started process (PID=159) to work on /opt/airflow/dags/pipeline_simple_dag.py
[2026-02-27T21:39:15.089+0000] {processor.py:830} INFO - Processing file /opt/airflow/dags/pipeline_simple_dag.py for tasks to queue
[2026-02-27T21:39:15.090+0000] {logging_mixin.py:188} INFO - [2026-02-27T21:39:15.090+0000] {dagbag.py:540} INFO - Filling up the DagBag from /opt/airflow/dags/pipeline_simple_dag.py
[2026-02-27T21:39:15.126+0000] {processor.py:840} INFO - DAG(s) 'pipeline_simple' retrieved from /opt/airflow/dags/pipeline_simple_dag.py
[2026-02-27T21:39:15.178+0000] {logging_mixin.py:188} INFO - [2026-02-27T21:39:15.177+0000] {dag.py:3096} INFO - Sync 1 DAGs
[2026-02-27T21:39:15.225+0000] {logging_mixin.py:188} INFO - [2026-02-27T21:39:15.224+0000] {dag.py:3954} INFO - Setting next_dagrun for pipeline_simple to 2026-02-26 00:00:00+00:00, run_after=2026-02-27 00:00:00+00:00
[2026-02-27T21:39:15.272+0000] {processor.py:183} INFO - Processing /opt/airflow/dags/pipeline_simple_dag.py took 0.194 seconds
[2026-02-27T21:39:45.399+0000] {processor.py:161} INFO - Started process (PID=166) to work on /opt/airflow/dags/pipeline_simple_dag.py
[2026-02-27T21:39:45.401+0000] {processor.py:830} INFO - Processing file /opt/airflow/dags/pipeline_simple_dag.py for tasks to queue
[2026-02-27T21:39:45.402+0000] {logging_mixin.py:188} INFO - [2026-02-27T21:39:45.402+0000] {dagbag.py:540} INFO - Filling up the DagBag from /opt/airflow/dags/pipeline_simple_dag.py
[2026-02-27T21:39:45.436+0000] {processor.py:840} INFO - DAG(s) 'pipeline_simple' retrieved from /opt/airflow/dags/pipeline_simple_dag.py
[2026-02-27T21:39:45.477+0000] {logging_mixin.py:188} INFO - [2026-02-27T21:39:45.477+0000] {dag.py:3096} INFO - Sync 1 DAGs
[2026-02-27T21:39:45.512+0000] {logging_mixin.py:188} INFO - [2026-02-27T21:39:45.511+0000] {dag.py:3954} INFO - Setting next_dagrun for pipeline_simple to 2026-02-26 00:00:00+00:00, run_after=2026-02-27 00:00:00+00:00
[2026-02-27T21:39:45.543+0000] {processor.py:183} INFO - Processing /opt/airflow/dags/pipeline_simple_dag.py took 0.154 seconds
[2026-02-27T21:40:15.983+0000] {processor.py:161} INFO - Started process (PID=174) to work on /opt/airflow/dags/pipeline_simple_dag.py
[2026-02-27T21:40:15.985+0000] {processor.py:830} INFO - Processing file /opt/airflow/dags/pipeline_simple_dag.py for tasks to queue
[2026-02-27T21:40:15.987+0000] {logging_mixin.py:188} INFO - [2026-02-27T21:40:15.987+0000] {dagbag.py:540} INFO - Filling up the DagBag from /opt/airflow/dags/pipeline_simple_dag.py
[2026-02-27T21:40:16.041+0000] {processor.py:840} INFO - DAG(s) 'pipeline_simple' retrieved from /opt/airflow/dags/pipeline_simple_dag.py
[2026-02-27T21:40:16.091+0000] {logging_mixin.py:188} INFO - [2026-02-27T21:40:16.090+0000] {dag.py:3096} INFO - Sync 1 DAGs
[2026-02-27T21:40:16.125+0000] {logging_mixin.py:188} INFO - [2026-02-27T21:40:16.124+0000] {dag.py:3954} INFO - Setting next_dagrun for pipeline_simple to 2026-02-26 00:00:00+00:00, run_after=2026-02-27 00:00:00+00:00
[2026-02-27T21:40:16.184+0000] {processor.py:183} INFO - Processing /opt/airflow/dags/pipeline_simple_dag.py took 0.211 seconds
[2026-02-27T21:40:46.553+0000] {processor.py:161} INFO - Started process (PID=182) to work on /opt/airflow/dags/pipeline_simple_dag.py
[2026-02-27T21:40:46.556+0000] {processor.py:830} INFO - Processing file /opt/airflow/dags/pipeline_simple_dag.py for tasks to queue
[2026-02-27T21:40:46.558+0000] {logging_mixin.py:188} INFO - [2026-02-27T21:40:46.557+0000] {dagbag.py:540} INFO - Filling up the DagBag from /opt/airflow/dags/pipeline_simple_dag.py
[2026-02-27T21:40:46.600+0000] {processor.py:840} INFO - DAG(s) 'pipeline_simple' retrieved from /opt/airflow/dags/pipeline_simple_dag.py
[2026-02-27T21:40:46.654+0000] {logging_mixin.py:188} INFO - [2026-02-27T21:40:46.654+0000] {dag.py:3096} INFO - Sync 1 DAGs
[2026-02-27T21:40:46.690+0000] {logging_mixin.py:188} INFO - [2026-02-27T21:40:46.689+0000] {dag.py:3954} INFO - Setting next_dagrun for pipeline_simple to 2026-02-26 00:00:00+00:00, run_after=2026-02-27 00:00:00+00:00
[2026-02-27T21:40:46.719+0000] {processor.py:183} INFO - Processing /opt/airflow/dags/pipeline_simple_dag.py took 0.174 seconds
[2026-02-27T21:41:16.911+0000] {processor.py:161} INFO - Started process (PID=190) to work on /opt/airflow/dags/pipeline_simple_dag.py
[2026-02-27T21:41:16.913+0000] {processor.py:830} INFO - Processing file /opt/airflow/dags/pipeline_simple_dag.py for tasks to queue
[2026-02-27T21:41:16.916+0000] {logging_mixin.py:188} INFO - [2026-02-27T21:41:16.915+0000] {dagbag.py:540} INFO - Filling up the DagBag from /opt/airflow/dags/pipeline_simple_dag.py
[2026-02-27T21:41:16.961+0000] {processor.py:840} INFO - DAG(s) 'pipeline_simple' retrieved from /opt/airflow/dags/pipeline_simple_dag.py
[2026-02-27T21:41:17.006+0000] {logging_mixin.py:188} INFO - [2026-02-27T21:41:17.005+0000] {dag.py:3096} INFO - Sync 1 DAGs
[2026-02-27T21:41:17.040+0000] {logging_mixin.py:188} INFO - [2026-02-27T21:41:17.039+0000] {dag.py:3954} INFO - Setting next_dagrun for pipeline_simple to 2026-02-26 00:00:00+00:00, run_after=2026-02-27 00:00:00+00:00
[2026-02-27T21:41:17.075+0000] {processor.py:183} INFO - Processing /opt/airflow/dags/pipeline_simple_dag.py took 0.173 seconds
[2026-02-27T21:41:47.576+0000] {processor.py:161} INFO - Started process (PID=198) to work on /opt/airflow/dags/pipeline_simple_dag.py
[2026-02-27T21:41:47.578+0000] {processor.py:830} INFO - Processing file /opt/airflow/dags/pipeline_simple_dag.py for tasks to queue
[2026-02-27T21:41:47.580+0000] {logging_mixin.py:188} INFO - [2026-02-27T21:41:47.579+0000] {dagbag.py:540} INFO - Filling up the DagBag from /opt/airflow/dags/pipeline_simple_dag.py
[2026-02-27T21:41:47.625+0000] {processor.py:840} INFO - DAG(s) 'pipeline_simple' retrieved from /opt/airflow/dags/pipeline_simple_dag.py
[2026-02-27T21:41:47.666+0000] {logging_mixin.py:188} INFO - [2026-02-27T21:41:47.666+0000] {dag.py:3096} INFO - Sync 1 DAGs
[2026-02-27T21:41:47.696+0000] {logging_mixin.py:188} INFO - [2026-02-27T21:41:47.695+0000] {dag.py:3954} INFO - Setting next_dagrun for pipeline_simple to 2026-02-26 00:00:00+00:00, run_after=2026-02-27 00:00:00+00:00
[2026-02-27T21:41:47.730+0000] {processor.py:183} INFO - Processing /opt/airflow/dags/pipeline_simple_dag.py took 0.162 seconds
[2026-02-27T21:42:17.851+0000] {processor.py:161} INFO - Started process (PID=206) to work on /opt/airflow/dags/pipeline_simple_dag.py
[2026-02-27T21:42:17.853+0000] {processor.py:830} INFO - Processing file /opt/airflow/dags/pipeline_simple_dag.py for tasks to queue
[2026-02-27T21:42:17.855+0000] {logging_mixin.py:188} INFO - [2026-02-27T21:42:17.854+0000] {dagbag.py:540} INFO - Filling up the DagBag from /opt/airflow/dags/pipeline_simple_dag.py
[2026-02-27T21:42:17.885+0000] {processor.py:840} INFO - DAG(s) 'pipeline_simple' retrieved from /opt/airflow/dags/pipeline_simple_dag.py
[2026-02-27T21:42:17.928+0000] {logging_mixin.py:188} INFO - [2026-02-27T21:42:17.927+0000] {dag.py:3096} INFO - Sync 1 DAGs
[2026-02-27T21:42:17.969+0000] {logging_mixin.py:188} INFO - [2026-02-27T21:42:17.969+0000] {dag.py:3954} INFO - Setting next_dagrun for pipeline_simple to 2026-02-26 00:00:00+00:00, run_after=2026-02-27 00:00:00+00:00
[2026-02-27T21:42:18.015+0000] {processor.py:183} INFO - Processing /opt/airflow/dags/pipeline_simple_dag.py took 0.172 seconds
[2026-02-27T21:42:48.219+0000] {processor.py:161} INFO - Started process (PID=214) to work on /opt/airflow/dags/pipeline_simple_dag.py
[2026-02-27T21:42:48.221+0000] {processor.py:830} INFO - Processing file /opt/airflow/dags/pipeline_simple_dag.py for tasks to queue
[2026-02-27T21:42:48.225+0000] {logging_mixin.py:188} INFO - [2026-02-27T21:42:48.224+0000] {dagbag.py:540} INFO - Filling up the DagBag from /opt/airflow/dags/pipeline_simple_dag.py
[2026-02-27T21:42:48.269+0000] {processor.py:840} INFO - DAG(s) 'pipeline_simple' retrieved from /opt/airflow/dags/pipeline_simple_dag.py
[2026-02-27T21:42:48.316+0000] {logging_mixin.py:188} INFO - [2026-02-27T21:42:48.316+0000] {dag.py:3096} INFO - Sync 1 DAGs
[2026-02-27T21:42:48.351+0000] {logging_mixin.py:188} INFO - [2026-02-27T21:42:48.351+0000] {dag.py:3954} INFO - Setting next_dagrun for pipeline_simple to 2026-02-26 00:00:00+00:00, run_after=2026-02-27 00:00:00+00:00
[2026-02-27T21:42:48.393+0000] {processor.py:183} INFO - Processing /opt/airflow/dags/pipeline_simple_dag.py took 0.183 seconds
[2026-02-27T21:43:18.685+0000] {processor.py:161} INFO - Started process (PID=222) to work on /opt/airflow/dags/pipeline_simple_dag.py
[2026-02-27T21:43:18.687+0000] {processor.py:830} INFO - Processing file /opt/airflow/dags/pipeline_simple_dag.py for tasks to queue
[2026-02-27T21:43:18.689+0000] {logging_mixin.py:188} INFO - [2026-02-27T21:43:18.688+0000] {dagbag.py:540} INFO - Filling up the DagBag from /opt/airflow/dags/pipeline_simple_dag.py
[2026-02-27T21:43:18.732+0000] {processor.py:840} INFO - DAG(s) 'pipeline_simple' retrieved from /opt/airflow/dags/pipeline_simple_dag.py
[2026-02-27T21:43:18.781+0000] {logging_mixin.py:188} INFO - [2026-02-27T21:43:18.781+0000] {dag.py:3096} INFO - Sync 1 DAGs
[2026-02-27T21:43:18.810+0000] {logging_mixin.py:188} INFO - [2026-02-27T21:43:18.810+0000] {dag.py:3954} INFO - Setting next_dagrun for pipeline_simple to 2026-02-26 00:00:00+00:00, run_after=2026-02-27 00:00:00+00:00
[2026-02-27T21:43:18.840+0000] {processor.py:183} INFO - Processing /opt/airflow/dags/pipeline_simple_dag.py took 0.163 seconds
[2026-02-27T21:43:49.044+0000] {processor.py:161} INFO - Started process (PID=230) to work on /opt/airflow/dags/pipeline_simple_dag.py
[2026-02-27T21:43:49.046+0000] {processor.py:830} INFO - Processing file /opt/airflow/dags/pipeline_simple_dag.py for tasks to queue
[2026-02-27T21:43:49.048+0000] {logging_mixin.py:188} INFO - [2026-02-27T21:43:49.048+0000] {dagbag.py:540} INFO - Filling up the DagBag from /opt/airflow/dags/pipeline_simple_dag.py
[2026-02-27T21:43:49.093+0000] {processor.py:840} INFO - DAG(s) 'pipeline_simple' retrieved from /opt/airflow/dags/pipeline_simple_dag.py
[2026-02-27T21:43:49.142+0000] {logging_mixin.py:188} INFO - [2026-02-27T21:43:49.142+0000] {dag.py:3096} INFO - Sync 1 DAGs
[2026-02-27T21:43:49.176+0000] {logging_mixin.py:188} INFO - [2026-02-27T21:43:49.175+0000] {dag.py:3954} INFO - Setting next_dagrun for pipeline_simple to 2026-02-26 00:00:00+00:00, run_after=2026-02-27 00:00:00+00:00
[2026-02-27T21:43:49.209+0000] {processor.py:183} INFO - Processing /opt/airflow/dags/pipeline_simple_dag.py took 0.173 seconds
[2026-02-27T21:44:19.519+0000] {processor.py:161} INFO - Started process (PID=238) to work on /opt/airflow/dags/pipeline_simple_dag.py
[2026-02-27T21:44:19.521+0000] {processor.py:830} INFO - Processing file /opt/airflow/dags/pipeline_simple_dag.py for tasks to queue
[2026-02-27T21:44:19.523+0000] {logging_mixin.py:188} INFO - [2026-02-27T21:44:19.523+0000] {dagbag.py:540} INFO - Filling up the DagBag from /opt/airflow/dags/pipeline_simple_dag.py
[2026-02-27T21:44:19.567+0000] {processor.py:840} INFO - DAG(s) 'pipeline_simple' retrieved from /opt/airflow/dags/pipeline_simple_dag.py
[2026-02-27T21:44:19.609+0000] {logging_mixin.py:188} INFO - [2026-02-27T21:44:19.608+0000] {dag.py:3096} INFO - Sync 1 DAGs
[2026-02-27T21:44:19.644+0000] {logging_mixin.py:188} INFO - [2026-02-27T21:44:19.643+0000] {dag.py:3954} INFO - Setting next_dagrun for pipeline_simple to 2026-02-26 00:00:00+00:00, run_after=2026-02-27 00:00:00+00:00
[2026-02-27T21:44:19.678+0000] {processor.py:183} INFO - Processing /opt/airflow/dags/pipeline_simple_dag.py took 0.169 seconds
[2026-02-27T21:44:49.778+0000] {processor.py:161} INFO - Started process (PID=246) to work on /opt/airflow/dags/pipeline_simple_dag.py
[2026-02-27T21:44:49.781+0000] {processor.py:830} INFO - Processing file /opt/airflow/dags/pipeline_simple_dag.py for tasks to queue
[2026-02-27T21:44:49.782+0000] {logging_mixin.py:188} INFO - [2026-02-27T21:44:49.782+0000] {dagbag.py:540} INFO - Filling up the DagBag from /opt/airflow/dags/pipeline_simple_dag.py
[2026-02-27T21:44:49.839+0000] {processor.py:840} INFO - DAG(s) 'pipeline_simple' retrieved from /opt/airflow/dags/pipeline_simple_dag.py
[2026-02-27T21:44:49.889+0000] {logging_mixin.py:188} INFO - [2026-02-27T21:44:49.888+0000] {dag.py:3096} INFO - Sync 1 DAGs
[2026-02-27T21:44:49.925+0000] {logging_mixin.py:188} INFO - [2026-02-27T21:44:49.925+0000] {dag.py:3954} INFO - Setting next_dagrun for pipeline_simple to 2026-02-26 00:00:00+00:00, run_after=2026-02-27 00:00:00+00:00
[2026-02-27T21:44:49.959+0000] {processor.py:183} INFO - Processing /opt/airflow/dags/pipeline_simple_dag.py took 0.194 seconds
[2026-02-27T21:45:20.085+0000] {processor.py:161} INFO - Started process (PID=254) to work on /opt/airflow/dags/pipeline_simple_dag.py
[2026-02-27T21:45:20.087+0000] {processor.py:830} INFO - Processing file /opt/airflow/dags/pipeline_simple_dag.py for tasks to queue
[2026-02-27T21:45:20.089+0000] {logging_mixin.py:188} INFO - [2026-02-27T21:45:20.088+0000] {dagbag.py:540} INFO - Filling up the DagBag from /opt/airflow/dags/pipeline_simple_dag.py
[2026-02-27T21:45:20.127+0000] {processor.py:840} INFO - DAG(s) 'pipeline_simple' retrieved from /opt/airflow/dags/pipeline_simple_dag.py
[2026-02-27T21:45:20.175+0000] {logging_mixin.py:188} INFO - [2026-02-27T21:45:20.174+0000] {dag.py:3096} INFO - Sync 1 DAGs
[2026-02-27T21:45:20.215+0000] {logging_mixin.py:188} INFO - [2026-02-27T21:45:20.215+0000] {dag.py:3954} INFO - Setting next_dagrun for pipeline_simple to 2026-02-26 00:00:00+00:00, run_after=2026-02-27 00:00:00+00:00
[2026-02-27T21:45:20.260+0000] {processor.py:183} INFO - Processing /opt/airflow/dags/pipeline_simple_dag.py took 0.185 seconds
[2026-02-27T21:45:50.544+0000] {processor.py:161} INFO - Started process (PID=262) to work on /opt/airflow/dags/pipeline_simple_dag.py
[2026-02-27T21:45:50.546+0000] {processor.py:830} INFO - Processing file /opt/airflow/dags/pipeline_simple_dag.py for tasks to queue
[2026-02-27T21:45:50.548+0000] {logging_mixin.py:188} INFO - [2026-02-27T21:45:50.547+0000] {dagbag.py:540} INFO - Filling up the DagBag from /opt/airflow/dags/pipeline_simple_dag.py
[2026-02-27T21:45:50.609+0000] {processor.py:840} INFO - DAG(s) 'pipeline_simple' retrieved from /opt/airflow/dags/pipeline_simple_dag.py
[2026-02-27T21:45:50.661+0000] {logging_mixin.py:188} INFO - [2026-02-27T21:45:50.660+0000] {dag.py:3096} INFO - Sync 1 DAGs
[2026-02-27T21:45:50.698+0000] {logging_mixin.py:188} INFO - [2026-02-27T21:45:50.697+0000] {dag.py:3954} INFO - Setting next_dagrun for pipeline_simple to 2026-02-26 00:00:00+00:00, run_after=2026-02-27 00:00:00+00:00
[2026-02-27T21:45:50.739+0000] {processor.py:183} INFO - Processing /opt/airflow/dags/pipeline_simple_dag.py took 0.211 seconds
[2026-02-27T21:46:21.014+0000] {processor.py:161} INFO - Started process (PID=270) to work on /opt/airflow/dags/pipeline_simple_dag.py
[2026-02-27T21:46:21.016+0000] {processor.py:830} INFO - Processing file /opt/airflow/dags/pipeline_simple_dag.py for tasks to queue
[2026-02-27T21:46:21.017+0000] {logging_mixin.py:188} INFO - [2026-02-27T21:46:21.017+0000] {dagbag.py:540} INFO - Filling up the DagBag from /opt/airflow/dags/pipeline_simple_dag.py
[2026-02-27T21:46:21.061+0000] {processor.py:840} INFO - DAG(s) 'pipeline_simple' retrieved from /opt/airflow/dags/pipeline_simple_dag.py
[2026-02-27T21:46:21.108+0000] {logging_mixin.py:188} INFO - [2026-02-27T21:46:21.108+0000] {dag.py:3096} INFO - Sync 1 DAGs
[2026-02-27T21:46:21.143+0000] {logging_mixin.py:188} INFO - [2026-02-27T21:46:21.142+0000] {dag.py:3954} INFO - Setting next_dagrun for pipeline_simple to 2026-02-26 00:00:00+00:00, run_after=2026-02-27 00:00:00+00:00
[2026-02-27T21:46:21.178+0000] {processor.py:183} INFO - Processing /opt/airflow/dags/pipeline_simple_dag.py took 0.172 seconds
[2026-02-27T21:46:51.700+0000] {processor.py:161} INFO - Started process (PID=278) to work on /opt/airflow/dags/pipeline_simple_dag.py
[2026-02-27T21:46:51.703+0000] {processor.py:830} INFO - Processing file /opt/airflow/dags/pipeline_simple_dag.py for tasks to queue
[2026-02-27T21:46:51.705+0000] {logging_mixin.py:188} INFO - [2026-02-27T21:46:51.704+0000] {dagbag.py:540} INFO - Filling up the DagBag from /opt/airflow/dags/pipeline_simple_dag.py
[2026-02-27T21:46:51.761+0000] {processor.py:840} INFO - DAG(s) 'pipeline_simple' retrieved from /opt/airflow/dags/pipeline_simple_dag.py
[2026-02-27T21:46:51.829+0000] {logging_mixin.py:188} INFO - [2026-02-27T21:46:51.828+0000] {dag.py:3096} INFO - Sync 1 DAGs
[2026-02-27T21:46:51.908+0000] {logging_mixin.py:188} INFO - [2026-02-27T21:46:51.907+0000] {dag.py:3954} INFO - Setting next_dagrun for pipeline_simple to 2026-02-26 00:00:00+00:00, run_after=2026-02-27 00:00:00+00:00
[2026-02-27T21:46:51.952+0000] {processor.py:183} INFO - Processing /opt/airflow/dags/pipeline_simple_dag.py took 0.266 seconds
[2026-02-27T21:47:22.254+0000] {processor.py:161} INFO - Started process (PID=286) to work on /opt/airflow/dags/pipeline_simple_dag.py
[2026-02-27T21:47:22.256+0000] {processor.py:830} INFO - Processing file /opt/airflow/dags/pipeline_simple_dag.py for tasks to queue
[2026-02-27T21:47:22.260+0000] {logging_mixin.py:188} INFO - [2026-02-27T21:47:22.259+0000] {dagbag.py:540} INFO - Filling up the DagBag from /opt/airflow/dags/pipeline_simple_dag.py
[2026-02-27T21:47:22.307+0000] {processor.py:840} INFO - DAG(s) 'pipeline_simple' retrieved from /opt/airflow/dags/pipeline_simple_dag.py
[2026-02-27T21:47:22.360+0000] {logging_mixin.py:188} INFO - [2026-02-27T21:47:22.359+0000] {dag.py:3096} INFO - Sync 1 DAGs
[2026-02-27T21:47:22.402+0000] {logging_mixin.py:188} INFO - [2026-02-27T21:47:22.401+0000] {dag.py:3954} INFO - Setting next_dagrun for pipeline_simple to 2026-02-26 00:00:00+00:00, run_after=2026-02-27 00:00:00+00:00
[2026-02-27T21:47:22.433+0000] {processor.py:183} INFO - Processing /opt/airflow/dags/pipeline_simple_dag.py took 0.192 seconds
[2026-02-27T21:47:52.612+0000] {processor.py:161} INFO - Started process (PID=294) to work on /opt/airflow/dags/pipeline_simple_dag.py
[2026-02-27T21:47:52.614+0000] {processor.py:830} INFO - Processing file /opt/airflow/dags/pipeline_simple_dag.py for tasks to queue
[2026-02-27T21:47:52.616+0000] {logging_mixin.py:188} INFO - [2026-02-27T21:47:52.615+0000] {dagbag.py:540} INFO - Filling up the DagBag from /opt/airflow/dags/pipeline_simple_dag.py
[2026-02-27T21:47:52.660+0000] {processor.py:840} INFO - DAG(s) 'pipeline_simple' retrieved from /opt/airflow/dags/pipeline_simple_dag.py
[2026-02-27T21:47:52.706+0000] {logging_mixin.py:188} INFO - [2026-02-27T21:47:52.705+0000] {dag.py:3096} INFO - Sync 1 DAGs
[2026-02-27T21:47:52.737+0000] {logging_mixin.py:188} INFO - [2026-02-27T21:47:52.737+0000] {dag.py:3954} INFO - Setting next_dagrun for pipeline_simple to 2026-02-26 00:00:00+00:00, run_after=2026-02-27 00:00:00+00:00
[2026-02-27T21:47:52.763+0000] {processor.py:183} INFO - Processing /opt/airflow/dags/pipeline_simple_dag.py took 0.161 seconds
[2026-02-27T21:48:23.055+0000] {processor.py:161} INFO - Started process (PID=302) to work on /opt/airflow/dags/pipeline_simple_dag.py
[2026-02-27T21:48:23.057+0000] {processor.py:830} INFO - Processing file /opt/airflow/dags/pipeline_simple_dag.py for tasks to queue
[2026-02-27T21:48:23.059+0000] {logging_mixin.py:188} INFO - [2026-02-27T21:48:23.058+0000] {dagbag.py:540} INFO - Filling up the DagBag from /opt/airflow/dags/pipeline_simple_dag.py
[2026-02-27T21:48:23.103+0000] {processor.py:840} INFO - DAG(s) 'pipeline_simple' retrieved from /opt/airflow/dags/pipeline_simple_dag.py
[2026-02-27T21:48:23.148+0000] {logging_mixin.py:188} INFO - [2026-02-27T21:48:23.148+0000] {dag.py:3096} INFO - Sync 1 DAGs
[2026-02-27T21:48:23.181+0000] {logging_mixin.py:188} INFO - [2026-02-27T21:48:23.180+0000] {dag.py:3954} INFO - Setting next_dagrun for pipeline_simple to 2026-02-26 00:00:00+00:00, run_after=2026-02-27 00:00:00+00:00
[2026-02-27T21:48:23.217+0000] {processor.py:183} INFO - Processing /opt/airflow/dags/pipeline_simple_dag.py took 0.171 seconds
[2026-02-27T21:48:53.529+0000] {processor.py:161} INFO - Started process (PID=310) to work on /opt/airflow/dags/pipeline_simple_dag.py
[2026-02-27T21:48:53.531+0000] {processor.py:830} INFO - Processing file /opt/airflow/dags/pipeline_simple_dag.py for tasks to queue
[2026-02-27T21:48:53.534+0000] {logging_mixin.py:188} INFO - [2026-02-27T21:48:53.533+0000] {dagbag.py:540} INFO - Filling up the DagBag from /opt/airflow/dags/pipeline_simple_dag.py
[2026-02-27T21:48:53.574+0000] {processor.py:840} INFO - DAG(s) 'pipeline_simple' retrieved from /opt/airflow/dags/pipeline_simple_dag.py
[2026-02-27T21:48:53.619+0000] {logging_mixin.py:188} INFO - [2026-02-27T21:48:53.618+0000] {dag.py:3096} INFO - Sync 1 DAGs
[2026-02-27T21:48:53.654+0000] {logging_mixin.py:188} INFO - [2026-02-27T21:48:53.653+0000] {dag.py:3954} INFO - Setting next_dagrun for pipeline_simple to 2026-02-26 00:00:00+00:00, run_after=2026-02-27 00:00:00+00:00
[2026-02-27T21:48:53.692+0000] {processor.py:183} INFO - Processing /opt/airflow/dags/pipeline_simple_dag.py took 0.173 seconds
[2026-02-27T21:49:23.866+0000] {processor.py:161} INFO - Started process (PID=318) to work on /opt/airflow/dags/pipeline_simple_dag.py
[2026-02-27T21:49:23.868+0000] {processor.py:830} INFO - Processing file /opt/airflow/dags/pipeline_simple_dag.py for tasks to queue
[2026-02-27T21:49:23.869+0000] {logging_mixin.py:188} INFO - [2026-02-27T21:49:23.869+0000] {dagbag.py:540} INFO - Filling up the DagBag from /opt/airflow/dags/pipeline_simple_dag.py
[2026-02-27T21:49:23.917+0000] {processor.py:840} INFO - DAG(s) 'pipeline_simple' retrieved from /opt/airflow/dags/pipeline_simple_dag.py
[2026-02-27T21:49:23.979+0000] {logging_mixin.py:188} INFO - [2026-02-27T21:49:23.978+0000] {dag.py:3096} INFO - Sync 1 DAGs
[2026-02-27T21:49:24.014+0000] {logging_mixin.py:188} INFO - [2026-02-27T21:49:24.014+0000] {dag.py:3954} INFO - Setting next_dagrun for pipeline_simple to 2026-02-26 00:00:00+00:00, run_after=2026-02-27 00:00:00+00:00
[2026-02-27T21:49:24.053+0000] {processor.py:183} INFO - Processing /opt/airflow/dags/pipeline_simple_dag.py took 0.196 seconds
[2026-02-27T21:49:54.283+0000] {processor.py:161} INFO - Started process (PID=326) to work on /opt/airflow/dags/pipeline_simple_dag.py
[2026-02-27T21:49:54.287+0000] {processor.py:830} INFO - Processing file /opt/airflow/dags/pipeline_simple_dag.py for tasks to queue
[2026-02-27T21:49:54.289+0000] {logging_mixin.py:188} INFO - [2026-02-27T21:49:54.288+0000] {dagbag.py:540} INFO - Filling up the DagBag from /opt/airflow/dags/pipeline_simple_dag.py
[2026-02-27T21:49:54.338+0000] {processor.py:840} INFO - DAG(s) 'pipeline_simple' retrieved from /opt/airflow/dags/pipeline_simple_dag.py
[2026-02-27T21:49:54.383+0000] {logging_mixin.py:188} INFO - [2026-02-27T21:49:54.382+0000] {dag.py:3096} INFO - Sync 1 DAGs
[2026-02-27T21:49:54.418+0000] {logging_mixin.py:188} INFO - [2026-02-27T21:49:54.418+0000] {dag.py:3954} INFO - Setting next_dagrun for pipeline_simple to 2026-02-26 00:00:00+00:00, run_after=2026-02-27 00:00:00+00:00
[2026-02-27T21:49:54.460+0000] {processor.py:183} INFO - Processing /opt/airflow/dags/pipeline_simple_dag.py took 0.188 seconds
[2026-02-27T21:50:24.820+0000] {processor.py:161} INFO - Started process (PID=334) to work on /opt/airflow/dags/pipeline_simple_dag.py
[2026-02-27T21:50:24.824+0000] {processor.py:830} INFO - Processing file /opt/airflow/dags/pipeline_simple_dag.py for tasks to queue
[2026-02-27T21:50:24.827+0000] {logging_mixin.py:188} INFO - [2026-02-27T21:50:24.826+0000] {dagbag.py:540} INFO - Filling up the DagBag from /opt/airflow/dags/pipeline_simple_dag.py
[2026-02-27T21:50:24.918+0000] {processor.py:840} INFO - DAG(s) 'pipeline_simple' retrieved from /opt/airflow/dags/pipeline_simple_dag.py
[2026-02-27T21:50:25.020+0000] {logging_mixin.py:188} INFO - [2026-02-27T21:50:25.019+0000] {dag.py:3096} INFO - Sync 1 DAGs
[2026-02-27T21:50:25.087+0000] {logging_mixin.py:188} INFO - [2026-02-27T21:50:25.087+0000] {dag.py:3954} INFO - Setting next_dagrun for pipeline_simple to 2026-02-26 00:00:00+00:00, run_after=2026-02-27 00:00:00+00:00
[2026-02-27T21:50:25.137+0000] {processor.py:183} INFO - Processing /opt/airflow/dags/pipeline_simple_dag.py took 0.340 seconds
[2026-02-27T21:50:55.361+0000] {processor.py:161} INFO - Started process (PID=342) to work on /opt/airflow/dags/pipeline_simple_dag.py
[2026-02-27T21:50:55.363+0000] {processor.py:830} INFO - Processing file /opt/airflow/dags/pipeline_simple_dag.py for tasks to queue
[2026-02-27T21:50:55.365+0000] {logging_mixin.py:188} INFO - [2026-02-27T21:50:55.365+0000] {dagbag.py:540} INFO - Filling up the DagBag from /opt/airflow/dags/pipeline_simple_dag.py
[2026-02-27T21:50:55.408+0000] {processor.py:840} INFO - DAG(s) 'pipeline_simple' retrieved from /opt/airflow/dags/pipeline_simple_dag.py
[2026-02-27T21:50:55.460+0000] {logging_mixin.py:188} INFO - [2026-02-27T21:50:55.459+0000] {dag.py:3096} INFO - Sync 1 DAGs
[2026-02-27T21:50:55.503+0000] {logging_mixin.py:188} INFO - [2026-02-27T21:50:55.502+0000] {dag.py:3954} INFO - Setting next_dagrun for pipeline_simple to 2026-02-26 00:00:00+00:00, run_after=2026-02-27 00:00:00+00:00
[2026-02-27T21:50:55.549+0000] {processor.py:183} INFO - Processing /opt/airflow/dags/pipeline_simple_dag.py took 0.200 seconds
[2026-02-27T21:51:25.834+0000] {processor.py:161} INFO - Started process (PID=350) to work on /opt/airflow/dags/pipeline_simple_dag.py
[2026-02-27T21:51:25.836+0000] {processor.py:830} INFO - Processing file /opt/airflow/dags/pipeline_simple_dag.py for tasks to queue
[2026-02-27T21:51:25.838+0000] {logging_mixin.py:188} INFO - [2026-02-27T21:51:25.837+0000] {dagbag.py:540} INFO - Filling up the DagBag from /opt/airflow/dags/pipeline_simple_dag.py
[2026-02-27T21:51:25.894+0000] {processor.py:840} INFO - DAG(s) 'pipeline_simple' retrieved from /opt/airflow/dags/pipeline_simple_dag.py
[2026-02-27T21:51:25.940+0000] {logging_mixin.py:188} INFO - [2026-02-27T21:51:25.940+0000] {dag.py:3096} INFO - Sync 1 DAGs
[2026-02-27T21:51:25.982+0000] {logging_mixin.py:188} INFO - [2026-02-27T21:51:25.982+0000] {dag.py:3954} INFO - Setting next_dagrun for pipeline_simple to 2026-02-26 00:00:00+00:00, run_after=2026-02-27 00:00:00+00:00
[2026-02-27T21:51:26.017+0000] {processor.py:183} INFO - Processing /opt/airflow/dags/pipeline_simple_dag.py took 0.193 seconds
[2026-02-27T21:51:56.852+0000] {processor.py:161} INFO - Started process (PID=358) to work on /opt/airflow/dags/pipeline_simple_dag.py
[2026-02-27T21:51:56.855+0000] {processor.py:830} INFO - Processing file /opt/airflow/dags/pipeline_simple_dag.py for tasks to queue
[2026-02-27T21:51:56.857+0000] {logging_mixin.py:188} INFO - [2026-02-27T21:51:56.856+0000] {dagbag.py:540} INFO - Filling up the DagBag from /opt/airflow/dags/pipeline_simple_dag.py
[2026-02-27T21:51:56.924+0000] {processor.py:840} INFO - DAG(s) 'pipeline_simple' retrieved from /opt/airflow/dags/pipeline_simple_dag.py
[2026-02-27T21:51:56.974+0000] {logging_mixin.py:188} INFO - [2026-02-27T21:51:56.974+0000] {dag.py:3096} INFO - Sync 1 DAGs
[2026-02-27T21:51:57.012+0000] {logging_mixin.py:188} INFO - [2026-02-27T21:51:57.012+0000] {dag.py:3954} INFO - Setting next_dagrun for pipeline_simple to 2026-02-26 00:00:00+00:00, run_after=2026-02-27 00:00:00+00:00
[2026-02-27T21:51:57.048+0000] {processor.py:183} INFO - Processing /opt/airflow/dags/pipeline_simple_dag.py took 0.215 seconds
[2026-02-27T21:52:27.784+0000] {processor.py:161} INFO - Started process (PID=366) to work on /opt/airflow/dags/pipeline_simple_dag.py
[2026-02-27T21:52:27.786+0000] {processor.py:830} INFO - Processing file /opt/airflow/dags/pipeline_simple_dag.py for tasks to queue
[2026-02-27T21:52:27.789+0000] {logging_mixin.py:188} INFO - [2026-02-27T21:52:27.788+0000] {dagbag.py:540} INFO - Filling up the DagBag from /opt/airflow/dags/pipeline_simple_dag.py
[2026-02-27T21:52:27.843+0000] {processor.py:840} INFO - DAG(s) 'pipeline_simple' retrieved from /opt/airflow/dags/pipeline_simple_dag.py
[2026-02-27T21:52:27.891+0000] {logging_mixin.py:188} INFO - [2026-02-27T21:52:27.891+0000] {dag.py:3096} INFO - Sync 1 DAGs
[2026-02-27T21:52:27.929+0000] {logging_mixin.py:188} INFO - [2026-02-27T21:52:27.928+0000] {dag.py:3954} INFO - Setting next_dagrun for pipeline_simple to 2026-02-26 00:00:00+00:00, run_after=2026-02-27 00:00:00+00:00
[2026-02-27T21:52:27.966+0000] {processor.py:183} INFO - Processing /opt/airflow/dags/pipeline_simple_dag.py took 0.192 seconds
[2026-02-27T21:52:58.282+0000] {processor.py:161} INFO - Started process (PID=374) to work on /opt/airflow/dags/pipeline_simple_dag.py
[2026-02-27T21:52:58.284+0000] {processor.py:830} INFO - Processing file /opt/airflow/dags/pipeline_simple_dag.py for tasks to queue
[2026-02-27T21:52:58.285+0000] {logging_mixin.py:188} INFO - [2026-02-27T21:52:58.285+0000] {dagbag.py:540} INFO - Filling up the DagBag from /opt/airflow/dags/pipeline_simple_dag.py
[2026-02-27T21:52:58.331+0000] {processor.py:840} INFO - DAG(s) 'pipeline_simple' retrieved from /opt/airflow/dags/pipeline_simple_dag.py
[2026-02-27T21:52:58.377+0000] {logging_mixin.py:188} INFO - [2026-02-27T21:52:58.376+0000] {dag.py:3096} INFO - Sync 1 DAGs
[2026-02-27T21:52:58.422+0000] {logging_mixin.py:188} INFO - [2026-02-27T21:52:58.422+0000] {dag.py:3954} INFO - Setting next_dagrun for pipeline_simple to 2026-02-26 00:00:00+00:00, run_after=2026-02-27 00:00:00+00:00
[2026-02-27T21:52:58.460+0000] {processor.py:183} INFO - Processing /opt/airflow/dags/pipeline_simple_dag.py took 0.190 seconds
[2026-02-27T21:53:28.776+0000] {processor.py:161} INFO - Started process (PID=382) to work on /opt/airflow/dags/pipeline_simple_dag.py
[2026-02-27T21:53:28.778+0000] {processor.py:830} INFO - Processing file /opt/airflow/dags/pipeline_simple_dag.py for tasks to queue
[2026-02-27T21:53:28.780+0000] {logging_mixin.py:188} INFO - [2026-02-27T21:53:28.779+0000] {dagbag.py:540} INFO - Filling up the DagBag from /opt/airflow/dags/pipeline_simple_dag.py
[2026-02-27T21:53:28.830+0000] {processor.py:840} INFO - DAG(s) 'pipeline_simple' retrieved from /opt/airflow/dags/pipeline_simple_dag.py
[2026-02-27T21:53:28.874+0000] {logging_mixin.py:188} INFO - [2026-02-27T21:53:28.874+0000] {dag.py:3096} INFO - Sync 1 DAGs
[2026-02-27T21:53:28.905+0000] {logging_mixin.py:188} INFO - [2026-02-27T21:53:28.905+0000] {dag.py:3954} INFO - Setting next_dagrun for pipeline_simple to 2026-02-26 00:00:00+00:00, run_after=2026-02-27 00:00:00+00:00
[2026-02-27T21:53:28.937+0000] {processor.py:183} INFO - Processing /opt/airflow/dags/pipeline_simple_dag.py took 0.170 seconds
[2026-02-27T21:53:59.345+0000] {processor.py:161} INFO - Started process (PID=390) to work on /opt/airflow/dags/pipeline_simple_dag.py
[2026-02-27T21:53:59.346+0000] {processor.py:830} INFO - Processing file /opt/airflow/dags/pipeline_simple_dag.py for tasks to queue
[2026-02-27T21:53:59.348+0000] {logging_mixin.py:188} INFO - [2026-02-27T21:53:59.348+0000] {dagbag.py:540} INFO - Filling up the DagBag from /opt/airflow/dags/pipeline_simple_dag.py
[2026-02-27T21:53:59.393+0000] {processor.py:840} INFO - DAG(s) 'pipeline_simple' retrieved from /opt/airflow/dags/pipeline_simple_dag.py
[2026-02-27T21:53:59.442+0000] {logging_mixin.py:188} INFO - [2026-02-27T21:53:59.442+0000] {dag.py:3096} INFO - Sync 1 DAGs
[2026-02-27T21:53:59.480+0000] {logging_mixin.py:188} INFO - [2026-02-27T21:53:59.479+0000] {dag.py:3954} INFO - Setting next_dagrun for pipeline_simple to 2026-02-26 00:00:00+00:00, run_after=2026-02-27 00:00:00+00:00
[2026-02-27T21:53:59.515+0000] {processor.py:183} INFO - Processing /opt/airflow/dags/pipeline_simple_dag.py took 0.181 seconds
[2026-02-27T21:54:29.748+0000] {processor.py:161} INFO - Started process (PID=398) to work on /opt/airflow/dags/pipeline_simple_dag.py
[2026-02-27T21:54:29.750+0000] {processor.py:830} INFO - Processing file /opt/airflow/dags/pipeline_simple_dag.py for tasks to queue
[2026-02-27T21:54:29.753+0000] {logging_mixin.py:188} INFO - [2026-02-27T21:54:29.752+0000] {dagbag.py:540} INFO - Filling up the DagBag from /opt/airflow/dags/pipeline_simple_dag.py
[2026-02-27T21:54:29.806+0000] {processor.py:840} INFO - DAG(s) 'pipeline_simple' retrieved from /opt/airflow/dags/pipeline_simple_dag.py
[2026-02-27T21:54:29.855+0000] {logging_mixin.py:188} INFO - [2026-02-27T21:54:29.855+0000] {dag.py:3096} INFO - Sync 1 DAGs
[2026-02-27T21:54:29.888+0000] {logging_mixin.py:188} INFO - [2026-02-27T21:54:29.887+0000] {dag.py:3954} INFO - Setting next_dagrun for pipeline_simple to 2026-02-26 00:00:00+00:00, run_after=2026-02-27 00:00:00+00:00
[2026-02-27T21:54:29.921+0000] {processor.py:183} INFO - Processing /opt/airflow/dags/pipeline_simple_dag.py took 0.183 seconds
[2026-02-27T21:55:00.211+0000] {processor.py:161} INFO - Started process (PID=406) to work on /opt/airflow/dags/pipeline_simple_dag.py
[2026-02-27T21:55:00.213+0000] {processor.py:830} INFO - Processing file /opt/airflow/dags/pipeline_simple_dag.py for tasks to queue
[2026-02-27T21:55:00.215+0000] {logging_mixin.py:188} INFO - [2026-02-27T21:55:00.214+0000] {dagbag.py:540} INFO - Filling up the DagBag from /opt/airflow/dags/pipeline_simple_dag.py
[2026-02-27T21:55:00.280+0000] {processor.py:840} INFO - DAG(s) 'pipeline_simple' retrieved from /opt/airflow/dags/pipeline_simple_dag.py
[2026-02-27T21:55:00.342+0000] {logging_mixin.py:188} INFO - [2026-02-27T21:55:00.342+0000] {dag.py:3096} INFO - Sync 1 DAGs
[2026-02-27T21:55:00.388+0000] {logging_mixin.py:188} INFO - [2026-02-27T21:55:00.387+0000] {dag.py:3954} INFO - Setting next_dagrun for pipeline_simple to 2026-02-26 00:00:00+00:00, run_after=2026-02-27 00:00:00+00:00
[2026-02-27T21:55:00.425+0000] {processor.py:183} INFO - Processing /opt/airflow/dags/pipeline_simple_dag.py took 0.222 seconds
[2026-02-27T21:55:30.786+0000] {processor.py:161} INFO - Started process (PID=414) to work on /opt/airflow/dags/pipeline_simple_dag.py
[2026-02-27T21:55:30.787+0000] {processor.py:830} INFO - Processing file /opt/airflow/dags/pipeline_simple_dag.py for tasks to queue
[2026-02-27T21:55:30.790+0000] {logging_mixin.py:188} INFO - [2026-02-27T21:55:30.789+0000] {dagbag.py:540} INFO - Filling up the DagBag from /opt/airflow/dags/pipeline_simple_dag.py
[2026-02-27T21:55:30.831+0000] {processor.py:840} INFO - DAG(s) 'pipeline_simple' retrieved from /opt/airflow/dags/pipeline_simple_dag.py
[2026-02-27T21:55:30.873+0000] {logging_mixin.py:188} INFO - [2026-02-27T21:55:30.873+0000] {dag.py:3096} INFO - Sync 1 DAGs
[2026-02-27T21:55:30.906+0000] {logging_mixin.py:188} INFO - [2026-02-27T21:55:30.905+0000] {dag.py:3954} INFO - Setting next_dagrun for pipeline_simple to 2026-02-26 00:00:00+00:00, run_after=2026-02-27 00:00:00+00:00
[2026-02-27T21:55:30.936+0000] {processor.py:183} INFO - Processing /opt/airflow/dags/pipeline_simple_dag.py took 0.159 seconds
[2026-02-27T21:56:01.379+0000] {processor.py:161} INFO - Started process (PID=422) to work on /opt/airflow/dags/pipeline_simple_dag.py
[2026-02-27T21:56:01.380+0000] {processor.py:830} INFO - Processing file /opt/airflow/dags/pipeline_simple_dag.py for tasks to queue
[2026-02-27T21:56:01.382+0000] {logging_mixin.py:188} INFO - [2026-02-27T21:56:01.382+0000] {dagbag.py:540} INFO - Filling up the DagBag from /opt/airflow/dags/pipeline_simple_dag.py
[2026-02-27T21:56:01.433+0000] {processor.py:840} INFO - DAG(s) 'pipeline_simple' retrieved from /opt/airflow/dags/pipeline_simple_dag.py
[2026-02-27T21:56:01.494+0000] {logging_mixin.py:188} INFO - [2026-02-27T21:56:01.493+0000] {dag.py:3096} INFO - Sync 1 DAGs
[2026-02-27T21:56:01.535+0000] {logging_mixin.py:188} INFO - [2026-02-27T21:56:01.534+0000] {dag.py:3954} INFO - Setting next_dagrun for pipeline_simple to 2026-02-26 00:00:00+00:00, run_after=2026-02-27 00:00:00+00:00
[2026-02-27T21:56:01.574+0000] {processor.py:183} INFO - Processing /opt/airflow/dags/pipeline_simple_dag.py took 0.205 seconds
[2026-02-27T21:56:31.865+0000] {processor.py:161} INFO - Started process (PID=430) to work on /opt/airflow/dags/pipeline_simple_dag.py
[2026-02-27T21:56:31.866+0000] {processor.py:830} INFO - Processing file /opt/airflow/dags/pipeline_simple_dag.py for tasks to queue
[2026-02-27T21:56:31.868+0000] {logging_mixin.py:188} INFO - [2026-02-27T21:56:31.868+0000] {dagbag.py:540} INFO - Filling up the DagBag from /opt/airflow/dags/pipeline_simple_dag.py
[2026-02-27T21:56:31.903+0000] {processor.py:840} INFO - DAG(s) 'pipeline_simple' retrieved from /opt/airflow/dags/pipeline_simple_dag.py
[2026-02-27T21:56:31.951+0000] {logging_mixin.py:188} INFO - [2026-02-27T21:56:31.951+0000] {dag.py:3096} INFO - Sync 1 DAGs
[2026-02-27T21:56:31.988+0000] {logging_mixin.py:188} INFO - [2026-02-27T21:56:31.987+0000] {dag.py:3954} INFO - Setting next_dagrun for pipeline_simple to 2026-02-26 00:00:00+00:00, run_after=2026-02-27 00:00:00+00:00
[2026-02-27T21:56:32.029+0000] {processor.py:183} INFO - Processing /opt/airflow/dags/pipeline_simple_dag.py took 0.174 seconds
[2026-02-27T21:57:02.683+0000] {processor.py:161} INFO - Started process (PID=438) to work on /opt/airflow/dags/pipeline_simple_dag.py
[2026-02-27T21:57:02.685+0000] {processor.py:830} INFO - Processing file /opt/airflow/dags/pipeline_simple_dag.py for tasks to queue
[2026-02-27T21:57:02.686+0000] {logging_mixin.py:188} INFO - [2026-02-27T21:57:02.686+0000] {dagbag.py:540} INFO - Filling up the DagBag from /opt/airflow/dags/pipeline_simple_dag.py
[2026-02-27T21:57:02.724+0000] {processor.py:840} INFO - DAG(s) 'pipeline_simple' retrieved from /opt/airflow/dags/pipeline_simple_dag.py
[2026-02-27T21:57:02.778+0000] {logging_mixin.py:188} INFO - [2026-02-27T21:57:02.777+0000] {dag.py:3096} INFO - Sync 1 DAGs
[2026-02-27T21:57:02.815+0000] {logging_mixin.py:188} INFO - [2026-02-27T21:57:02.815+0000] {dag.py:3954} INFO - Setting next_dagrun for pipeline_simple to 2026-02-26 00:00:00+00:00, run_after=2026-02-27 00:00:00+00:00
[2026-02-27T21:57:02.849+0000] {processor.py:183} INFO - Processing /opt/airflow/dags/pipeline_simple_dag.py took 0.175 seconds
[2026-02-27T21:57:33.141+0000] {processor.py:161} INFO - Started process (PID=446) to work on /opt/airflow/dags/pipeline_simple_dag.py
[2026-02-27T21:57:33.143+0000] {processor.py:830} INFO - Processing file /opt/airflow/dags/pipeline_simple_dag.py for tasks to queue
[2026-02-27T21:57:33.146+0000] {logging_mixin.py:188} INFO - [2026-02-27T21:57:33.145+0000] {dagbag.py:540} INFO - Filling up the DagBag from /opt/airflow/dags/pipeline_simple_dag.py
[2026-02-27T21:57:33.192+0000] {processor.py:840} INFO - DAG(s) 'pipeline_simple' retrieved from /opt/airflow/dags/pipeline_simple_dag.py
[2026-02-27T21:57:33.234+0000] {logging_mixin.py:188} INFO - [2026-02-27T21:57:33.234+0000] {dag.py:3096} INFO - Sync 1 DAGs
[2026-02-27T21:57:33.265+0000] {logging_mixin.py:188} INFO - [2026-02-27T21:57:33.265+0000] {dag.py:3954} INFO - Setting next_dagrun for pipeline_simple to 2026-02-26 00:00:00+00:00, run_after=2026-02-27 00:00:00+00:00
[2026-02-27T21:57:33.292+0000] {processor.py:183} INFO - Processing /opt/airflow/dags/pipeline_simple_dag.py took 0.162 seconds
[2026-02-27T21:58:03.516+0000] {processor.py:161} INFO - Started process (PID=454) to work on /opt/airflow/dags/pipeline_simple_dag.py
[2026-02-27T21:58:03.518+0000] {processor.py:830} INFO - Processing file /opt/airflow/dags/pipeline_simple_dag.py for tasks to queue
[2026-02-27T21:58:03.519+0000] {logging_mixin.py:188} INFO - [2026-02-27T21:58:03.519+0000] {dagbag.py:540} INFO - Filling up the DagBag from /opt/airflow/dags/pipeline_simple_dag.py
[2026-02-27T21:58:03.560+0000] {processor.py:840} INFO - DAG(s) 'pipeline_simple' retrieved from /opt/airflow/dags/pipeline_simple_dag.py
[2026-02-27T21:58:03.605+0000] {logging_mixin.py:188} INFO - [2026-02-27T21:58:03.604+0000] {dag.py:3096} INFO - Sync 1 DAGs
[2026-02-27T21:58:03.636+0000] {logging_mixin.py:188} INFO - [2026-02-27T21:58:03.636+0000] {dag.py:3954} INFO - Setting next_dagrun for pipeline_simple to 2026-02-26 00:00:00+00:00, run_after=2026-02-27 00:00:00+00:00
[2026-02-27T21:58:03.667+0000] {processor.py:183} INFO - Processing /opt/airflow/dags/pipeline_simple_dag.py took 0.160 seconds
[2026-02-27T21:58:33.927+0000] {processor.py:161} INFO - Started process (PID=462) to work on /opt/airflow/dags/pipeline_simple_dag.py
[2026-02-27T21:58:33.931+0000] {processor.py:830} INFO - Processing file /opt/airflow/dags/pipeline_simple_dag.py for tasks to queue
[2026-02-27T21:58:33.933+0000] {logging_mixin.py:188} INFO - [2026-02-27T21:58:33.932+0000] {dagbag.py:540} INFO - Filling up the DagBag from /opt/airflow/dags/pipeline_simple_dag.py
[2026-02-27T21:58:33.981+0000] {processor.py:840} INFO - DAG(s) 'pipeline_simple' retrieved from /opt/airflow/dags/pipeline_simple_dag.py
[2026-02-27T21:58:34.035+0000] {logging_mixin.py:188} INFO - [2026-02-27T21:58:34.034+0000] {dag.py:3096} INFO - Sync 1 DAGs
[2026-02-27T21:58:34.067+0000] {logging_mixin.py:188} INFO - [2026-02-27T21:58:34.067+0000] {dag.py:3954} INFO - Setting next_dagrun for pipeline_simple to 2026-02-26 00:00:00+00:00, run_after=2026-02-27 00:00:00+00:00
[2026-02-27T21:58:34.110+0000] {processor.py:183} INFO - Processing /opt/airflow/dags/pipeline_simple_dag.py took 0.195 seconds
[2026-02-27T21:59:04.546+0000] {processor.py:161} INFO - Started process (PID=470) to work on /opt/airflow/dags/pipeline_simple_dag.py
[2026-02-27T21:59:04.550+0000] {processor.py:830} INFO - Processing file /opt/airflow/dags/pipeline_simple_dag.py for tasks to queue
[2026-02-27T21:59:04.552+0000] {logging_mixin.py:188} INFO - [2026-02-27T21:59:04.551+0000] {dagbag.py:540} INFO - Filling up the DagBag from /opt/airflow/dags/pipeline_simple_dag.py
[2026-02-27T21:59:04.604+0000] {processor.py:840} INFO - DAG(s) 'pipeline_simple' retrieved from /opt/airflow/dags/pipeline_simple_dag.py
[2026-02-27T21:59:04.648+0000] {logging_mixin.py:188} INFO - [2026-02-27T21:59:04.647+0000] {dag.py:3096} INFO - Sync 1 DAGs
[2026-02-27T21:59:04.682+0000] {logging_mixin.py:188} INFO - [2026-02-27T21:59:04.682+0000] {dag.py:3954} INFO - Setting next_dagrun for pipeline_simple to 2026-02-26 00:00:00+00:00, run_after=2026-02-27 00:00:00+00:00
[2026-02-27T21:59:04.712+0000] {processor.py:183} INFO - Processing /opt/airflow/dags/pipeline_simple_dag.py took 0.192 seconds
[2026-02-27T21:59:34.974+0000] {processor.py:161} INFO - Started process (PID=478) to work on /opt/airflow/dags/pipeline_simple_dag.py
[2026-02-27T21:59:34.977+0000] {processor.py:830} INFO - Processing file /opt/airflow/dags/pipeline_simple_dag.py for tasks to queue
[2026-02-27T21:59:34.979+0000] {logging_mixin.py:188} INFO - [2026-02-27T21:59:34.979+0000] {dagbag.py:540} INFO - Filling up the DagBag from /opt/airflow/dags/pipeline_simple_dag.py
[2026-02-27T21:59:35.034+0000] {processor.py:840} INFO - DAG(s) 'pipeline_simple' retrieved from /opt/airflow/dags/pipeline_simple_dag.py
[2026-02-27T21:59:35.093+0000] {logging_mixin.py:188} INFO - [2026-02-27T21:59:35.093+0000] {dag.py:3096} INFO - Sync 1 DAGs
[2026-02-27T21:59:35.133+0000] {logging_mixin.py:188} INFO - [2026-02-27T21:59:35.132+0000] {dag.py:3954} INFO - Setting next_dagrun for pipeline_simple to 2026-02-26 00:00:00+00:00, run_after=2026-02-27 00:00:00+00:00
[2026-02-27T21:59:35.170+0000] {processor.py:183} INFO - Processing /opt/airflow/dags/pipeline_simple_dag.py took 0.212 seconds
[2026-02-27T22:00:05.563+0000] {processor.py:161} INFO - Started process (PID=486) to work on /opt/airflow/dags/pipeline_simple_dag.py
[2026-02-27T22:00:05.565+0000] {processor.py:830} INFO - Processing file /opt/airflow/dags/pipeline_simple_dag.py for tasks to queue
[2026-02-27T22:00:05.567+0000] {logging_mixin.py:188} INFO - [2026-02-27T22:00:05.566+0000] {dagbag.py:540} INFO - Filling up the DagBag from /opt/airflow/dags/pipeline_simple_dag.py
[2026-02-27T22:00:05.604+0000] {processor.py:840} INFO - DAG(s) 'pipeline_simple' retrieved from /opt/airflow/dags/pipeline_simple_dag.py
[2026-02-27T22:00:05.646+0000] {logging_mixin.py:188} INFO - [2026-02-27T22:00:05.645+0000] {dag.py:3096} INFO - Sync 1 DAGs
[2026-02-27T22:00:05.677+0000] {logging_mixin.py:188} INFO - [2026-02-27T22:00:05.677+0000] {dag.py:3954} INFO - Setting next_dagrun for pipeline_simple to 2026-02-26 00:00:00+00:00, run_after=2026-02-27 00:00:00+00:00
[2026-02-27T22:00:05.708+0000] {processor.py:183} INFO - Processing /opt/airflow/dags/pipeline_simple_dag.py took 0.156 seconds
[2026-02-27T22:00:36.017+0000] {processor.py:161} INFO - Started process (PID=494) to work on /opt/airflow/dags/pipeline_simple_dag.py
[2026-02-27T22:00:36.019+0000] {processor.py:830} INFO - Processing file /opt/airflow/dags/pipeline_simple_dag.py for tasks to queue
[2026-02-27T22:00:36.020+0000] {logging_mixin.py:188} INFO - [2026-02-27T22:00:36.020+0000] {dagbag.py:540} INFO - Filling up the DagBag from /opt/airflow/dags/pipeline_simple_dag.py
[2026-02-27T22:00:36.065+0000] {processor.py:840} INFO - DAG(s) 'pipeline_simple' retrieved from /opt/airflow/dags/pipeline_simple_dag.py
[2026-02-27T22:00:36.117+0000] {logging_mixin.py:188} INFO - [2026-02-27T22:00:36.116+0000] {dag.py:3096} INFO - Sync 1 DAGs
[2026-02-27T22:00:36.151+0000] {logging_mixin.py:188} INFO - [2026-02-27T22:00:36.151+0000] {dag.py:3954} INFO - Setting next_dagrun for pipeline_simple to 2026-02-26 00:00:00+00:00, run_after=2026-02-27 00:00:00+00:00
[2026-02-27T22:00:36.180+0000] {processor.py:183} INFO - Processing /opt/airflow/dags/pipeline_simple_dag.py took 0.174 seconds
[2026-02-27T22:01:06.483+0000] {processor.py:161} INFO - Started process (PID=502) to work on /opt/airflow/dags/pipeline_simple_dag.py
[2026-02-27T22:01:06.484+0000] {processor.py:830} INFO - Processing file /opt/airflow/dags/pipeline_simple_dag.py for tasks to queue
[2026-02-27T22:01:06.487+0000] {logging_mixin.py:188} INFO - [2026-02-27T22:01:06.486+0000] {dagbag.py:540} INFO - Filling up the DagBag from /opt/airflow/dags/pipeline_simple_dag.py
[2026-02-27T22:01:06.526+0000] {processor.py:840} INFO - DAG(s) 'pipeline_simple' retrieved from /opt/airflow/dags/pipeline_simple_dag.py
[2026-02-27T22:01:06.574+0000] {logging_mixin.py:188} INFO - [2026-02-27T22:01:06.573+0000] {dag.py:3096} INFO - Sync 1 DAGs
[2026-02-27T22:01:06.627+0000] {logging_mixin.py:188} INFO - [2026-02-27T22:01:06.626+0000] {dag.py:3954} INFO - Setting next_dagrun for pipeline_simple to 2026-02-26 00:00:00+00:00, run_after=2026-02-27 00:00:00+00:00
[2026-02-27T22:01:06.667+0000] {processor.py:183} INFO - Processing /opt/airflow/dags/pipeline_simple_dag.py took 0.193 seconds
[2026-02-27T22:01:36.921+0000] {processor.py:161} INFO - Started process (PID=511) to work on /opt/airflow/dags/pipeline_simple_dag.py
[2026-02-27T22:01:36.923+0000] {processor.py:830} INFO - Processing file /opt/airflow/dags/pipeline_simple_dag.py for tasks to queue
[2026-02-27T22:01:36.925+0000] {logging_mixin.py:188} INFO - [2026-02-27T22:01:36.924+0000] {dagbag.py:540} INFO - Filling up the DagBag from /opt/airflow/dags/pipeline_simple_dag.py
[2026-02-27T22:01:36.975+0000] {processor.py:840} INFO - DAG(s) 'pipeline_simple' retrieved from /opt/airflow/dags/pipeline_simple_dag.py
[2026-02-27T22:01:37.035+0000] {logging_mixin.py:188} INFO - [2026-02-27T22:01:37.034+0000] {dag.py:3096} INFO - Sync 1 DAGs
[2026-02-27T22:01:37.083+0000] {logging_mixin.py:188} INFO - [2026-02-27T22:01:37.082+0000] {dag.py:3954} INFO - Setting next_dagrun for pipeline_simple to 2026-02-26 00:00:00+00:00, run_after=2026-02-27 00:00:00+00:00
[2026-02-27T22:01:37.135+0000] {processor.py:183} INFO - Processing /opt/airflow/dags/pipeline_simple_dag.py took 0.225 seconds
[2026-02-27T22:02:07.521+0000] {processor.py:161} INFO - Started process (PID=519) to work on /opt/airflow/dags/pipeline_simple_dag.py
[2026-02-27T22:02:07.523+0000] {processor.py:830} INFO - Processing file /opt/airflow/dags/pipeline_simple_dag.py for tasks to queue
[2026-02-27T22:02:07.526+0000] {logging_mixin.py:188} INFO - [2026-02-27T22:02:07.525+0000] {dagbag.py:540} INFO - Filling up the DagBag from /opt/airflow/dags/pipeline_simple_dag.py
[2026-02-27T22:02:07.557+0000] {processor.py:840} INFO - DAG(s) 'pipeline_simple' retrieved from /opt/airflow/dags/pipeline_simple_dag.py
[2026-02-27T22:02:07.600+0000] {logging_mixin.py:188} INFO - [2026-02-27T22:02:07.600+0000] {dag.py:3096} INFO - Sync 1 DAGs
[2026-02-27T22:02:07.629+0000] {logging_mixin.py:188} INFO - [2026-02-27T22:02:07.629+0000] {dag.py:3954} INFO - Setting next_dagrun for pipeline_simple to 2026-02-26 00:00:00+00:00, run_after=2026-02-27 00:00:00+00:00
[2026-02-27T22:02:07.677+0000] {processor.py:183} INFO - Processing /opt/airflow/dags/pipeline_simple_dag.py took 0.166 seconds
[2026-02-27T22:02:37.927+0000] {processor.py:161} INFO - Started process (PID=527) to work on /opt/airflow/dags/pipeline_simple_dag.py
[2026-02-27T22:02:37.930+0000] {processor.py:830} INFO - Processing file /opt/airflow/dags/pipeline_simple_dag.py for tasks to queue
[2026-02-27T22:02:37.931+0000] {logging_mixin.py:188} INFO - [2026-02-27T22:02:37.931+0000] {dagbag.py:540} INFO - Filling up the DagBag from /opt/airflow/dags/pipeline_simple_dag.py
[2026-02-27T22:02:37.966+0000] {processor.py:840} INFO - DAG(s) 'pipeline_simple' retrieved from /opt/airflow/dags/pipeline_simple_dag.py
[2026-02-27T22:02:38.008+0000] {logging_mixin.py:188} INFO - [2026-02-27T22:02:38.008+0000] {dag.py:3096} INFO - Sync 1 DAGs
[2026-02-27T22:02:38.038+0000] {logging_mixin.py:188} INFO - [2026-02-27T22:02:38.037+0000] {dag.py:3954} INFO - Setting next_dagrun for pipeline_simple to 2026-02-26 00:00:00+00:00, run_after=2026-02-27 00:00:00+00:00
[2026-02-27T22:02:38.074+0000] {processor.py:183} INFO - Processing /opt/airflow/dags/pipeline_simple_dag.py took 0.158 seconds
[2026-02-27T22:03:08.295+0000] {processor.py:161} INFO - Started process (PID=535) to work on /opt/airflow/dags/pipeline_simple_dag.py
[2026-02-27T22:03:08.297+0000] {processor.py:830} INFO - Processing file /opt/airflow/dags/pipeline_simple_dag.py for tasks to queue
[2026-02-27T22:03:08.299+0000] {logging_mixin.py:188} INFO - [2026-02-27T22:03:08.298+0000] {dagbag.py:540} INFO - Filling up the DagBag from /opt/airflow/dags/pipeline_simple_dag.py
[2026-02-27T22:03:08.350+0000] {processor.py:840} INFO - DAG(s) 'pipeline_simple' retrieved from /opt/airflow/dags/pipeline_simple_dag.py
[2026-02-27T22:03:08.402+0000] {logging_mixin.py:188} INFO - [2026-02-27T22:03:08.402+0000] {dag.py:3096} INFO - Sync 1 DAGs
[2026-02-27T22:03:08.440+0000] {logging_mixin.py:188} INFO - [2026-02-27T22:03:08.439+0000] {dag.py:3954} INFO - Setting next_dagrun for pipeline_simple to 2026-02-26 00:00:00+00:00, run_after=2026-02-27 00:00:00+00:00
[2026-02-27T22:03:08.466+0000] {processor.py:183} INFO - Processing /opt/airflow/dags/pipeline_simple_dag.py took 0.180 seconds
[2026-02-27T22:03:38.622+0000] {processor.py:161} INFO - Started process (PID=542) to work on /opt/airflow/dags/pipeline_simple_dag.py
[2026-02-27T22:03:38.624+0000] {processor.py:830} INFO - Processing file /opt/airflow/dags/pipeline_simple_dag.py for tasks to queue
[2026-02-27T22:03:38.626+0000] {logging_mixin.py:188} INFO - [2026-02-27T22:03:38.625+0000] {dagbag.py:540} INFO - Filling up the DagBag from /opt/airflow/dags/pipeline_simple_dag.py
[2026-02-27T22:03:38.671+0000] {processor.py:840} INFO - DAG(s) 'pipeline_simple' retrieved from /opt/airflow/dags/pipeline_simple_dag.py
[2026-02-27T22:03:38.726+0000] {logging_mixin.py:188} INFO - [2026-02-27T22:03:38.726+0000] {dag.py:3096} INFO - Sync 1 DAGs
[2026-02-27T22:03:38.764+0000] {logging_mixin.py:188} INFO - [2026-02-27T22:03:38.764+0000] {dag.py:3954} INFO - Setting next_dagrun for pipeline_simple to 2026-02-26 00:00:00+00:00, run_after=2026-02-27 00:00:00+00:00
[2026-02-27T22:03:38.792+0000] {processor.py:183} INFO - Processing /opt/airflow/dags/pipeline_simple_dag.py took 0.180 seconds
[2026-02-27T22:04:09.098+0000] {processor.py:161} INFO - Started process (PID=550) to work on /opt/airflow/dags/pipeline_simple_dag.py
[2026-02-27T22:04:09.100+0000] {processor.py:830} INFO - Processing file /opt/airflow/dags/pipeline_simple_dag.py for tasks to queue
[2026-02-27T22:04:09.102+0000] {logging_mixin.py:188} INFO - [2026-02-27T22:04:09.101+0000] {dagbag.py:540} INFO - Filling up the DagBag from /opt/airflow/dags/pipeline_simple_dag.py
[2026-02-27T22:04:09.149+0000] {processor.py:840} INFO - DAG(s) 'pipeline_simple' retrieved from /opt/airflow/dags/pipeline_simple_dag.py
[2026-02-27T22:04:09.195+0000] {logging_mixin.py:188} INFO - [2026-02-27T22:04:09.195+0000] {dag.py:3096} INFO - Sync 1 DAGs
[2026-02-27T22:04:09.226+0000] {logging_mixin.py:188} INFO - [2026-02-27T22:04:09.226+0000] {dag.py:3954} INFO - Setting next_dagrun for pipeline_simple to 2026-02-26 00:00:00+00:00, run_after=2026-02-27 00:00:00+00:00
[2026-02-27T22:04:09.263+0000] {processor.py:183} INFO - Processing /opt/airflow/dags/pipeline_simple_dag.py took 0.182 seconds
[2026-02-27T22:04:39.452+0000] {processor.py:161} INFO - Started process (PID=559) to work on /opt/airflow/dags/pipeline_simple_dag.py
[2026-02-27T22:04:39.455+0000] {processor.py:830} INFO - Processing file /opt/airflow/dags/pipeline_simple_dag.py for tasks to queue
[2026-02-27T22:04:39.456+0000] {logging_mixin.py:188} INFO - [2026-02-27T22:04:39.456+0000] {dagbag.py:540} INFO - Filling up the DagBag from /opt/airflow/dags/pipeline_simple_dag.py
[2026-02-27T22:04:39.505+0000] {processor.py:840} INFO - DAG(s) 'pipeline_simple' retrieved from /opt/airflow/dags/pipeline_simple_dag.py
[2026-02-27T22:04:39.549+0000] {logging_mixin.py:188} INFO - [2026-02-27T22:04:39.549+0000] {dag.py:3096} INFO - Sync 1 DAGs
[2026-02-27T22:04:39.584+0000] {logging_mixin.py:188} INFO - [2026-02-27T22:04:39.584+0000] {dag.py:3954} INFO - Setting next_dagrun for pipeline_simple to 2026-02-26 00:00:00+00:00, run_after=2026-02-27 00:00:00+00:00
[2026-02-27T22:04:39.644+0000] {processor.py:183} INFO - Processing /opt/airflow/dags/pipeline_simple_dag.py took 0.201 seconds
[2026-02-27T22:05:10.072+0000] {processor.py:161} INFO - Started process (PID=567) to work on /opt/airflow/dags/pipeline_simple_dag.py
[2026-02-27T22:05:10.074+0000] {processor.py:830} INFO - Processing file /opt/airflow/dags/pipeline_simple_dag.py for tasks to queue
[2026-02-27T22:05:10.076+0000] {logging_mixin.py:188} INFO - [2026-02-27T22:05:10.075+0000] {dagbag.py:540} INFO - Filling up the DagBag from /opt/airflow/dags/pipeline_simple_dag.py
[2026-02-27T22:05:10.112+0000] {processor.py:840} INFO - DAG(s) 'pipeline_simple' retrieved from /opt/airflow/dags/pipeline_simple_dag.py
[2026-02-27T22:05:10.154+0000] {logging_mixin.py:188} INFO - [2026-02-27T22:05:10.153+0000] {dag.py:3096} INFO - Sync 1 DAGs
[2026-02-27T22:05:10.185+0000] {logging_mixin.py:188} INFO - [2026-02-27T22:05:10.185+0000] {dag.py:3954} INFO - Setting next_dagrun for pipeline_simple to 2026-02-26 00:00:00+00:00, run_after=2026-02-27 00:00:00+00:00
[2026-02-27T22:05:10.220+0000] {processor.py:183} INFO - Processing /opt/airflow/dags/pipeline_simple_dag.py took 0.157 seconds
[2026-02-27T22:05:40.332+0000] {processor.py:161} INFO - Started process (PID=574) to work on /opt/airflow/dags/pipeline_simple_dag.py
[2026-02-27T22:05:40.334+0000] {processor.py:830} INFO - Processing file /opt/airflow/dags/pipeline_simple_dag.py for tasks to queue
[2026-02-27T22:05:40.336+0000] {logging_mixin.py:188} INFO - [2026-02-27T22:05:40.336+0000] {dagbag.py:540} INFO - Filling up the DagBag from /opt/airflow/dags/pipeline_simple_dag.py
[2026-02-27T22:05:40.379+0000] {processor.py:840} INFO - DAG(s) 'pipeline_simple' retrieved from /opt/airflow/dags/pipeline_simple_dag.py
[2026-02-27T22:05:40.423+0000] {logging_mixin.py:188} INFO - [2026-02-27T22:05:40.422+0000] {dag.py:3096} INFO - Sync 1 DAGs
[2026-02-27T22:05:40.458+0000] {logging_mixin.py:188} INFO - [2026-02-27T22:05:40.457+0000] {dag.py:3954} INFO - Setting next_dagrun for pipeline_simple to 2026-02-26 00:00:00+00:00, run_after=2026-02-27 00:00:00+00:00
[2026-02-27T22:05:40.496+0000] {processor.py:183} INFO - Processing /opt/airflow/dags/pipeline_simple_dag.py took 0.172 seconds
[2026-02-27T22:06:10.747+0000] {processor.py:161} INFO - Started process (PID=582) to work on /opt/airflow/dags/pipeline_simple_dag.py
[2026-02-27T22:06:10.749+0000] {processor.py:830} INFO - Processing file /opt/airflow/dags/pipeline_simple_dag.py for tasks to queue
[2026-02-27T22:06:10.751+0000] {logging_mixin.py:188} INFO - [2026-02-27T22:06:10.750+0000] {dagbag.py:540} INFO - Filling up the DagBag from /opt/airflow/dags/pipeline_simple_dag.py
[2026-02-27T22:06:10.809+0000] {processor.py:840} INFO - DAG(s) 'pipeline_simple' retrieved from /opt/airflow/dags/pipeline_simple_dag.py
[2026-02-27T22:06:10.870+0000] {logging_mixin.py:188} INFO - [2026-02-27T22:06:10.870+0000] {dag.py:3096} INFO - Sync 1 DAGs
[2026-02-27T22:06:10.912+0000] {logging_mixin.py:188} INFO - [2026-02-27T22:06:10.911+0000] {dag.py:3954} INFO - Setting next_dagrun for pipeline_simple to 2026-02-26 00:00:00+00:00, run_after=2026-02-27 00:00:00+00:00
[2026-02-27T22:06:10.951+0000] {processor.py:183} INFO - Processing /opt/airflow/dags/pipeline_simple_dag.py took 0.215 seconds
[2026-02-27T22:06:41.419+0000] {processor.py:161} INFO - Started process (PID=590) to work on /opt/airflow/dags/pipeline_simple_dag.py
[2026-02-27T22:06:41.420+0000] {processor.py:830} INFO - Processing file /opt/airflow/dags/pipeline_simple_dag.py for tasks to queue
[2026-02-27T22:06:41.422+0000] {logging_mixin.py:188} INFO - [2026-02-27T22:06:41.421+0000] {dagbag.py:540} INFO - Filling up the DagBag from /opt/airflow/dags/pipeline_simple_dag.py
[2026-02-27T22:06:41.455+0000] {processor.py:840} INFO - DAG(s) 'pipeline_simple' retrieved from /opt/airflow/dags/pipeline_simple_dag.py
[2026-02-27T22:06:41.499+0000] {logging_mixin.py:188} INFO - [2026-02-27T22:06:41.499+0000] {dag.py:3096} INFO - Sync 1 DAGs
[2026-02-27T22:06:41.536+0000] {logging_mixin.py:188} INFO - [2026-02-27T22:06:41.536+0000] {dag.py:3954} INFO - Setting next_dagrun for pipeline_simple to 2026-02-26 00:00:00+00:00, run_after=2026-02-27 00:00:00+00:00
[2026-02-27T22:06:41.576+0000] {processor.py:183} INFO - Processing /opt/airflow/dags/pipeline_simple_dag.py took 0.167 seconds
[2026-02-27T22:07:11.717+0000] {processor.py:161} INFO - Started process (PID=598) to work on /opt/airflow/dags/pipeline_simple_dag.py
[2026-02-27T22:07:11.719+0000] {processor.py:830} INFO - Processing file /opt/airflow/dags/pipeline_simple_dag.py for tasks to queue
[2026-02-27T22:07:11.721+0000] {logging_mixin.py:188} INFO - [2026-02-27T22:07:11.720+0000] {dagbag.py:540} INFO - Filling up the DagBag from /opt/airflow/dags/pipeline_simple_dag.py
[2026-02-27T22:07:11.762+0000] {processor.py:840} INFO - DAG(s) 'pipeline_simple' retrieved from /opt/airflow/dags/pipeline_simple_dag.py
[2026-02-27T22:07:11.821+0000] {logging_mixin.py:188} INFO - [2026-02-27T22:07:11.821+0000] {dag.py:3096} INFO - Sync 1 DAGs
[2026-02-27T22:07:11.860+0000] {logging_mixin.py:188} INFO - [2026-02-27T22:07:11.859+0000] {dag.py:3954} INFO - Setting next_dagrun for pipeline_simple to 2026-02-26 00:00:00+00:00, run_after=2026-02-27 00:00:00+00:00
[2026-02-27T22:07:11.892+0000] {processor.py:183} INFO - Processing /opt/airflow/dags/pipeline_simple_dag.py took 0.185 seconds
[2026-02-27T22:07:42.256+0000] {processor.py:161} INFO - Started process (PID=606) to work on /opt/airflow/dags/pipeline_simple_dag.py
[2026-02-27T22:07:42.258+0000] {processor.py:830} INFO - Processing file /opt/airflow/dags/pipeline_simple_dag.py for tasks to queue
[2026-02-27T22:07:42.260+0000] {logging_mixin.py:188} INFO - [2026-02-27T22:07:42.260+0000] {dagbag.py:540} INFO - Filling up the DagBag from /opt/airflow/dags/pipeline_simple_dag.py
[2026-02-27T22:07:42.308+0000] {processor.py:840} INFO - DAG(s) 'pipeline_simple' retrieved from /opt/airflow/dags/pipeline_simple_dag.py
[2026-02-27T22:07:42.362+0000] {logging_mixin.py:188} INFO - [2026-02-27T22:07:42.361+0000] {dag.py:3096} INFO - Sync 1 DAGs
[2026-02-27T22:07:42.408+0000] {logging_mixin.py:188} INFO - [2026-02-27T22:07:42.408+0000] {dag.py:3954} INFO - Setting next_dagrun for pipeline_simple to 2026-02-26 00:00:00+00:00, run_after=2026-02-27 00:00:00+00:00
[2026-02-27T22:07:42.453+0000] {processor.py:183} INFO - Processing /opt/airflow/dags/pipeline_simple_dag.py took 0.206 seconds
[2026-02-27T22:08:12.695+0000] {processor.py:161} INFO - Started process (PID=614) to work on /opt/airflow/dags/pipeline_simple_dag.py
[2026-02-27T22:08:12.698+0000] {processor.py:830} INFO - Processing file /opt/airflow/dags/pipeline_simple_dag.py for tasks to queue
[2026-02-27T22:08:12.700+0000] {logging_mixin.py:188} INFO - [2026-02-27T22:08:12.699+0000] {dagbag.py:540} INFO - Filling up the DagBag from /opt/airflow/dags/pipeline_simple_dag.py
[2026-02-27T22:08:12.752+0000] {processor.py:840} INFO - DAG(s) 'pipeline_simple' retrieved from /opt/airflow/dags/pipeline_simple_dag.py
[2026-02-27T22:08:12.811+0000] {logging_mixin.py:188} INFO - [2026-02-27T22:08:12.810+0000] {dag.py:3096} INFO - Sync 1 DAGs
[2026-02-27T22:08:12.865+0000] {logging_mixin.py:188} INFO - [2026-02-27T22:08:12.865+0000] {dag.py:3954} INFO - Setting next_dagrun for pipeline_simple to 2026-02-26 00:00:00+00:00, run_after=2026-02-27 00:00:00+00:00
[2026-02-27T22:08:12.917+0000] {processor.py:183} INFO - Processing /opt/airflow/dags/pipeline_simple_dag.py took 0.237 seconds
[2026-02-27T22:08:43.172+0000] {processor.py:161} INFO - Started process (PID=622) to work on /opt/airflow/dags/pipeline_simple_dag.py
[2026-02-27T22:08:43.174+0000] {processor.py:830} INFO - Processing file /opt/airflow/dags/pipeline_simple_dag.py for tasks to queue
[2026-02-27T22:08:43.175+0000] {logging_mixin.py:188} INFO - [2026-02-27T22:08:43.175+0000] {dagbag.py:540} INFO - Filling up the DagBag from /opt/airflow/dags/pipeline_simple_dag.py
[2026-02-27T22:08:43.222+0000] {processor.py:840} INFO - DAG(s) 'pipeline_simple' retrieved from /opt/airflow/dags/pipeline_simple_dag.py
[2026-02-27T22:08:43.267+0000] {logging_mixin.py:188} INFO - [2026-02-27T22:08:43.267+0000] {dag.py:3096} INFO - Sync 1 DAGs
[2026-02-27T22:08:43.300+0000] {logging_mixin.py:188} INFO - [2026-02-27T22:08:43.300+0000] {dag.py:3954} INFO - Setting next_dagrun for pipeline_simple to 2026-02-26 00:00:00+00:00, run_after=2026-02-27 00:00:00+00:00
[2026-02-27T22:08:43.333+0000] {processor.py:183} INFO - Processing /opt/airflow/dags/pipeline_simple_dag.py took 0.170 seconds
[2026-02-27T22:09:13.661+0000] {processor.py:161} INFO - Started process (PID=630) to work on /opt/airflow/dags/pipeline_simple_dag.py
[2026-02-27T22:09:13.663+0000] {processor.py:830} INFO - Processing file /opt/airflow/dags/pipeline_simple_dag.py for tasks to queue
[2026-02-27T22:09:13.665+0000] {logging_mixin.py:188} INFO - [2026-02-27T22:09:13.664+0000] {dagbag.py:540} INFO - Filling up the DagBag from /opt/airflow/dags/pipeline_simple_dag.py
[2026-02-27T22:09:13.699+0000] {processor.py:840} INFO - DAG(s) 'pipeline_simple' retrieved from /opt/airflow/dags/pipeline_simple_dag.py
[2026-02-27T22:09:13.743+0000] {logging_mixin.py:188} INFO - [2026-02-27T22:09:13.743+0000] {dag.py:3096} INFO - Sync 1 DAGs
[2026-02-27T22:09:13.774+0000] {logging_mixin.py:188} INFO - [2026-02-27T22:09:13.773+0000] {dag.py:3954} INFO - Setting next_dagrun for pipeline_simple to 2026-02-26 00:00:00+00:00, run_after=2026-02-27 00:00:00+00:00
[2026-02-27T22:09:13.802+0000] {processor.py:183} INFO - Processing /opt/airflow/dags/pipeline_simple_dag.py took 0.149 seconds
[2026-02-27T22:09:44.119+0000] {processor.py:161} INFO - Started process (PID=638) to work on /opt/airflow/dags/pipeline_simple_dag.py
[2026-02-27T22:09:44.122+0000] {processor.py:830} INFO - Processing file /opt/airflow/dags/pipeline_simple_dag.py for tasks to queue
[2026-02-27T22:09:44.124+0000] {logging_mixin.py:188} INFO - [2026-02-27T22:09:44.124+0000] {dagbag.py:540} INFO - Filling up the DagBag from /opt/airflow/dags/pipeline_simple_dag.py
[2026-02-27T22:09:44.167+0000] {processor.py:840} INFO - DAG(s) 'pipeline_simple' retrieved from /opt/airflow/dags/pipeline_simple_dag.py
[2026-02-27T22:09:44.214+0000] {logging_mixin.py:188} INFO - [2026-02-27T22:09:44.213+0000] {dag.py:3096} INFO - Sync 1 DAGs
[2026-02-27T22:09:44.246+0000] {logging_mixin.py:188} INFO - [2026-02-27T22:09:44.246+0000] {dag.py:3954} INFO - Setting next_dagrun for pipeline_simple to 2026-02-26 00:00:00+00:00, run_after=2026-02-27 00:00:00+00:00
[2026-02-27T22:09:44.282+0000] {processor.py:183} INFO - Processing /opt/airflow/dags/pipeline_simple_dag.py took 0.172 seconds
[2026-02-27T22:10:14.430+0000] {processor.py:161} INFO - Started process (PID=646) to work on /opt/airflow/dags/pipeline_simple_dag.py
[2026-02-27T22:10:14.431+0000] {processor.py:830} INFO - Processing file /opt/airflow/dags/pipeline_simple_dag.py for tasks to queue
[2026-02-27T22:10:14.433+0000] {logging_mixin.py:188} INFO - [2026-02-27T22:10:14.432+0000] {dagbag.py:540} INFO - Filling up the DagBag from /opt/airflow/dags/pipeline_simple_dag.py
[2026-02-27T22:10:14.468+0000] {processor.py:840} INFO - DAG(s) 'pipeline_simple' retrieved from /opt/airflow/dags/pipeline_simple_dag.py
[2026-02-27T22:10:14.510+0000] {logging_mixin.py:188} INFO - [2026-02-27T22:10:14.509+0000] {dag.py:3096} INFO - Sync 1 DAGs
[2026-02-27T22:10:14.540+0000] {logging_mixin.py:188} INFO - [2026-02-27T22:10:14.540+0000] {dag.py:3954} INFO - Setting next_dagrun for pipeline_simple to 2026-02-26 00:00:00+00:00, run_after=2026-02-27 00:00:00+00:00
[2026-02-27T22:10:14.571+0000] {processor.py:183} INFO - Processing /opt/airflow/dags/pipeline_simple_dag.py took 0.149 seconds
[2026-02-27T22:10:44.825+0000] {processor.py:161} INFO - Started process (PID=654) to work on /opt/airflow/dags/pipeline_simple_dag.py
[2026-02-27T22:10:44.827+0000] {processor.py:830} INFO - Processing file /opt/airflow/dags/pipeline_simple_dag.py for tasks to queue
[2026-02-27T22:10:44.829+0000] {logging_mixin.py:188} INFO - [2026-02-27T22:10:44.829+0000] {dagbag.py:540} INFO - Filling up the DagBag from /opt/airflow/dags/pipeline_simple_dag.py
[2026-02-27T22:10:44.868+0000] {processor.py:840} INFO - DAG(s) 'pipeline_simple' retrieved from /opt/airflow/dags/pipeline_simple_dag.py
[2026-02-27T22:10:44.914+0000] {logging_mixin.py:188} INFO - [2026-02-27T22:10:44.914+0000] {dag.py:3096} INFO - Sync 1 DAGs
[2026-02-27T22:10:44.951+0000] {logging_mixin.py:188} INFO - [2026-02-27T22:10:44.950+0000] {dag.py:3954} INFO - Setting next_dagrun for pipeline_simple to 2026-02-26 00:00:00+00:00, run_after=2026-02-27 00:00:00+00:00
[2026-02-27T22:10:44.982+0000] {processor.py:183} INFO - Processing /opt/airflow/dags/pipeline_simple_dag.py took 0.167 seconds
[2026-02-27T22:11:15.253+0000] {processor.py:161} INFO - Started process (PID=662) to work on /opt/airflow/dags/pipeline_simple_dag.py
[2026-02-27T22:11:15.255+0000] {processor.py:830} INFO - Processing file /opt/airflow/dags/pipeline_simple_dag.py for tasks to queue
[2026-02-27T22:11:15.257+0000] {logging_mixin.py:188} INFO - [2026-02-27T22:11:15.256+0000] {dagbag.py:540} INFO - Filling up the DagBag from /opt/airflow/dags/pipeline_simple_dag.py
[2026-02-27T22:11:15.300+0000] {processor.py:840} INFO - DAG(s) 'pipeline_simple' retrieved from /opt/airflow/dags/pipeline_simple_dag.py
[2026-02-27T22:11:15.360+0000] {logging_mixin.py:188} INFO - [2026-02-27T22:11:15.360+0000] {dag.py:3096} INFO - Sync 1 DAGs
[2026-02-27T22:11:15.406+0000] {logging_mixin.py:188} INFO - [2026-02-27T22:11:15.406+0000] {dag.py:3954} INFO - Setting next_dagrun for pipeline_simple to 2026-02-26 00:00:00+00:00, run_after=2026-02-27 00:00:00+00:00
[2026-02-27T22:11:15.447+0000] {processor.py:183} INFO - Processing /opt/airflow/dags/pipeline_simple_dag.py took 0.203 seconds
[2026-02-27T22:11:46.076+0000] {processor.py:161} INFO - Started process (PID=670) to work on /opt/airflow/dags/pipeline_simple_dag.py
[2026-02-27T22:11:46.079+0000] {processor.py:830} INFO - Processing file /opt/airflow/dags/pipeline_simple_dag.py for tasks to queue
[2026-02-27T22:11:46.081+0000] {logging_mixin.py:188} INFO - [2026-02-27T22:11:46.080+0000] {dagbag.py:540} INFO - Filling up the DagBag from /opt/airflow/dags/pipeline_simple_dag.py
[2026-02-27T22:11:46.128+0000] {processor.py:840} INFO - DAG(s) 'pipeline_simple' retrieved from /opt/airflow/dags/pipeline_simple_dag.py
[2026-02-27T22:11:46.179+0000] {logging_mixin.py:188} INFO - [2026-02-27T22:11:46.179+0000] {dag.py:3096} INFO - Sync 1 DAGs
[2026-02-27T22:11:46.212+0000] {logging_mixin.py:188} INFO - [2026-02-27T22:11:46.212+0000] {dag.py:3954} INFO - Setting next_dagrun for pipeline_simple to 2026-02-26 00:00:00+00:00, run_after=2026-02-27 00:00:00+00:00
[2026-02-27T22:11:46.246+0000] {processor.py:183} INFO - Processing /opt/airflow/dags/pipeline_simple_dag.py took 0.185 seconds
[2026-02-27T22:12:16.397+0000] {processor.py:161} INFO - Started process (PID=678) to work on /opt/airflow/dags/pipeline_simple_dag.py
[2026-02-27T22:12:16.398+0000] {processor.py:830} INFO - Processing file /opt/airflow/dags/pipeline_simple_dag.py for tasks to queue
[2026-02-27T22:12:16.400+0000] {logging_mixin.py:188} INFO - [2026-02-27T22:12:16.400+0000] {dagbag.py:540} INFO - Filling up the DagBag from /opt/airflow/dags/pipeline_simple_dag.py
[2026-02-27T22:12:16.439+0000] {processor.py:840} INFO - DAG(s) 'pipeline_simple' retrieved from /opt/airflow/dags/pipeline_simple_dag.py
[2026-02-27T22:12:16.479+0000] {logging_mixin.py:188} INFO - [2026-02-27T22:12:16.479+0000] {dag.py:3096} INFO - Sync 1 DAGs
[2026-02-27T22:12:16.509+0000] {logging_mixin.py:188} INFO - [2026-02-27T22:12:16.509+0000] {dag.py:3954} INFO - Setting next_dagrun for pipeline_simple to 2026-02-26 00:00:00+00:00, run_after=2026-02-27 00:00:00+00:00
[2026-02-27T22:12:16.537+0000] {processor.py:183} INFO - Processing /opt/airflow/dags/pipeline_simple_dag.py took 0.150 seconds
[2026-02-27T22:12:46.802+0000] {processor.py:161} INFO - Started process (PID=686) to work on /opt/airflow/dags/pipeline_simple_dag.py
[2026-02-27T22:12:46.805+0000] {processor.py:830} INFO - Processing file /opt/airflow/dags/pipeline_simple_dag.py for tasks to queue
[2026-02-27T22:12:46.807+0000] {logging_mixin.py:188} INFO - [2026-02-27T22:12:46.806+0000] {dagbag.py:540} INFO - Filling up the DagBag from /opt/airflow/dags/pipeline_simple_dag.py
[2026-02-27T22:12:46.860+0000] {processor.py:840} INFO - DAG(s) 'pipeline_simple' retrieved from /opt/airflow/dags/pipeline_simple_dag.py
[2026-02-27T22:12:46.911+0000] {logging_mixin.py:188} INFO - [2026-02-27T22:12:46.910+0000] {dag.py:3096} INFO - Sync 1 DAGs
[2026-02-27T22:12:46.950+0000] {logging_mixin.py:188} INFO - [2026-02-27T22:12:46.950+0000] {dag.py:3954} INFO - Setting next_dagrun for pipeline_simple to 2026-02-26 00:00:00+00:00, run_after=2026-02-27 00:00:00+00:00
[2026-02-27T22:12:46.993+0000] {processor.py:183} INFO - Processing /opt/airflow/dags/pipeline_simple_dag.py took 0.204 seconds
[2026-02-27T22:13:17.343+0000] {processor.py:161} INFO - Started process (PID=694) to work on /opt/airflow/dags/pipeline_simple_dag.py
[2026-02-27T22:13:17.346+0000] {processor.py:830} INFO - Processing file /opt/airflow/dags/pipeline_simple_dag.py for tasks to queue
[2026-02-27T22:13:17.349+0000] {logging_mixin.py:188} INFO - [2026-02-27T22:13:17.348+0000] {dagbag.py:540} INFO - Filling up the DagBag from /opt/airflow/dags/pipeline_simple_dag.py
[2026-02-27T22:13:17.413+0000] {processor.py:840} INFO - DAG(s) 'pipeline_simple' retrieved from /opt/airflow/dags/pipeline_simple_dag.py
[2026-02-27T22:13:17.477+0000] {logging_mixin.py:188} INFO - [2026-02-27T22:13:17.476+0000] {dag.py:3096} INFO - Sync 1 DAGs
[2026-02-27T22:13:17.521+0000] {logging_mixin.py:188} INFO - [2026-02-27T22:13:17.520+0000] {dag.py:3954} INFO - Setting next_dagrun for pipeline_simple to 2026-02-26 00:00:00+00:00, run_after=2026-02-27 00:00:00+00:00
[2026-02-27T22:13:17.569+0000] {processor.py:183} INFO - Processing /opt/airflow/dags/pipeline_simple_dag.py took 0.237 seconds
[2026-02-27T22:13:47.961+0000] {processor.py:161} INFO - Started process (PID=702) to work on /opt/airflow/dags/pipeline_simple_dag.py
[2026-02-27T22:13:47.963+0000] {processor.py:830} INFO - Processing file /opt/airflow/dags/pipeline_simple_dag.py for tasks to queue
[2026-02-27T22:13:47.965+0000] {logging_mixin.py:188} INFO - [2026-02-27T22:13:47.965+0000] {dagbag.py:540} INFO - Filling up the DagBag from /opt/airflow/dags/pipeline_simple_dag.py
[2026-02-27T22:13:48.016+0000] {processor.py:840} INFO - DAG(s) 'pipeline_simple' retrieved from /opt/airflow/dags/pipeline_simple_dag.py
[2026-02-27T22:13:48.059+0000] {logging_mixin.py:188} INFO - [2026-02-27T22:13:48.059+0000] {dag.py:3096} INFO - Sync 1 DAGs
[2026-02-27T22:13:48.092+0000] {logging_mixin.py:188} INFO - [2026-02-27T22:13:48.092+0000] {dag.py:3954} INFO - Setting next_dagrun for pipeline_simple to 2026-02-26 00:00:00+00:00, run_after=2026-02-27 00:00:00+00:00
[2026-02-27T22:13:48.127+0000] {processor.py:183} INFO - Processing /opt/airflow/dags/pipeline_simple_dag.py took 0.174 seconds
[2026-02-27T22:14:18.297+0000] {processor.py:161} INFO - Started process (PID=710) to work on /opt/airflow/dags/pipeline_simple_dag.py
[2026-02-27T22:14:18.299+0000] {processor.py:830} INFO - Processing file /opt/airflow/dags/pipeline_simple_dag.py for tasks to queue
[2026-02-27T22:14:18.300+0000] {logging_mixin.py:188} INFO - [2026-02-27T22:14:18.300+0000] {dagbag.py:540} INFO - Filling up the DagBag from /opt/airflow/dags/pipeline_simple_dag.py
[2026-02-27T22:14:18.332+0000] {processor.py:840} INFO - DAG(s) 'pipeline_simple' retrieved from /opt/airflow/dags/pipeline_simple_dag.py
[2026-02-27T22:14:18.376+0000] {logging_mixin.py:188} INFO - [2026-02-27T22:14:18.375+0000] {dag.py:3096} INFO - Sync 1 DAGs
[2026-02-27T22:14:18.408+0000] {logging_mixin.py:188} INFO - [2026-02-27T22:14:18.408+0000] {dag.py:3954} INFO - Setting next_dagrun for pipeline_simple to 2026-02-26 00:00:00+00:00, run_after=2026-02-27 00:00:00+00:00
[2026-02-27T22:14:18.434+0000] {processor.py:183} INFO - Processing /opt/airflow/dags/pipeline_simple_dag.py took 0.146 seconds
[2026-02-27T22:14:48.726+0000] {processor.py:161} INFO - Started process (PID=718) to work on /opt/airflow/dags/pipeline_simple_dag.py
[2026-02-27T22:14:48.727+0000] {processor.py:830} INFO - Processing file /opt/airflow/dags/pipeline_simple_dag.py for tasks to queue
[2026-02-27T22:14:48.729+0000] {logging_mixin.py:188} INFO - [2026-02-27T22:14:48.728+0000] {dagbag.py:540} INFO - Filling up the DagBag from /opt/airflow/dags/pipeline_simple_dag.py
[2026-02-27T22:14:48.769+0000] {processor.py:840} INFO - DAG(s) 'pipeline_simple' retrieved from /opt/airflow/dags/pipeline_simple_dag.py
[2026-02-27T22:14:48.812+0000] {logging_mixin.py:188} INFO - [2026-02-27T22:14:48.811+0000] {dag.py:3096} INFO - Sync 1 DAGs
[2026-02-27T22:14:48.845+0000] {logging_mixin.py:188} INFO - [2026-02-27T22:14:48.845+0000] {dag.py:3954} INFO - Setting next_dagrun for pipeline_simple to 2026-02-26 00:00:00+00:00, run_after=2026-02-27 00:00:00+00:00
[2026-02-27T22:14:48.875+0000] {processor.py:183} INFO - Processing /opt/airflow/dags/pipeline_simple_dag.py took 0.157 seconds
[2026-02-27T22:15:19.064+0000] {processor.py:161} INFO - Started process (PID=726) to work on /opt/airflow/dags/pipeline_simple_dag.py
[2026-02-27T22:15:19.066+0000] {processor.py:830} INFO - Processing file /opt/airflow/dags/pipeline_simple_dag.py for tasks to queue
[2026-02-27T22:15:19.068+0000] {logging_mixin.py:188} INFO - [2026-02-27T22:15:19.067+0000] {dagbag.py:540} INFO - Filling up the DagBag from /opt/airflow/dags/pipeline_simple_dag.py
[2026-02-27T22:15:19.100+0000] {processor.py:840} INFO - DAG(s) 'pipeline_simple' retrieved from /opt/airflow/dags/pipeline_simple_dag.py
[2026-02-27T22:15:19.142+0000] {logging_mixin.py:188} INFO - [2026-02-27T22:15:19.142+0000] {dag.py:3096} INFO - Sync 1 DAGs
[2026-02-27T22:15:19.175+0000] {logging_mixin.py:188} INFO - [2026-02-27T22:15:19.175+0000] {dag.py:3954} INFO - Setting next_dagrun for pipeline_simple to 2026-02-26 00:00:00+00:00, run_after=2026-02-27 00:00:00+00:00
[2026-02-27T22:15:19.206+0000] {processor.py:183} INFO - Processing /opt/airflow/dags/pipeline_simple_dag.py took 0.152 seconds
[2026-02-27T22:15:49.567+0000] {processor.py:161} INFO - Started process (PID=735) to work on /opt/airflow/dags/pipeline_simple_dag.py
[2026-02-27T22:15:49.568+0000] {processor.py:830} INFO - Processing file /opt/airflow/dags/pipeline_simple_dag.py for tasks to queue
[2026-02-27T22:15:49.570+0000] {logging_mixin.py:188} INFO - [2026-02-27T22:15:49.570+0000] {dagbag.py:540} INFO - Filling up the DagBag from /opt/airflow/dags/pipeline_simple_dag.py
[2026-02-27T22:15:49.622+0000] {processor.py:840} INFO - DAG(s) 'pipeline_simple' retrieved from /opt/airflow/dags/pipeline_simple_dag.py
[2026-02-27T22:15:49.664+0000] {logging_mixin.py:188} INFO - [2026-02-27T22:15:49.663+0000] {dag.py:3096} INFO - Sync 1 DAGs
[2026-02-27T22:15:49.695+0000] {logging_mixin.py:188} INFO - [2026-02-27T22:15:49.695+0000] {dag.py:3954} INFO - Setting next_dagrun for pipeline_simple to 2026-02-26 00:00:00+00:00, run_after=2026-02-27 00:00:00+00:00
[2026-02-27T22:15:49.729+0000] {processor.py:183} INFO - Processing /opt/airflow/dags/pipeline_simple_dag.py took 0.171 seconds
[2026-02-27T22:16:19.933+0000] {processor.py:161} INFO - Started process (PID=742) to work on /opt/airflow/dags/pipeline_simple_dag.py
[2026-02-27T22:16:19.935+0000] {processor.py:830} INFO - Processing file /opt/airflow/dags/pipeline_simple_dag.py for tasks to queue
[2026-02-27T22:16:19.937+0000] {logging_mixin.py:188} INFO - [2026-02-27T22:16:19.937+0000] {dagbag.py:540} INFO - Filling up the DagBag from /opt/airflow/dags/pipeline_simple_dag.py
[2026-02-27T22:16:19.986+0000] {processor.py:840} INFO - DAG(s) 'pipeline_simple' retrieved from /opt/airflow/dags/pipeline_simple_dag.py
[2026-02-27T22:16:20.031+0000] {logging_mixin.py:188} INFO - [2026-02-27T22:16:20.030+0000] {dag.py:3096} INFO - Sync 1 DAGs
[2026-02-27T22:16:20.067+0000] {logging_mixin.py:188} INFO - [2026-02-27T22:16:20.067+0000] {dag.py:3954} INFO - Setting next_dagrun for pipeline_simple to 2026-02-26 00:00:00+00:00, run_after=2026-02-27 00:00:00+00:00
[2026-02-27T22:16:20.105+0000] {processor.py:183} INFO - Processing /opt/airflow/dags/pipeline_simple_dag.py took 0.185 seconds
[2026-02-27T22:16:50.441+0000] {processor.py:161} INFO - Started process (PID=750) to work on /opt/airflow/dags/pipeline_simple_dag.py
[2026-02-27T22:16:50.442+0000] {processor.py:830} INFO - Processing file /opt/airflow/dags/pipeline_simple_dag.py for tasks to queue
[2026-02-27T22:16:50.444+0000] {logging_mixin.py:188} INFO - [2026-02-27T22:16:50.443+0000] {dagbag.py:540} INFO - Filling up the DagBag from /opt/airflow/dags/pipeline_simple_dag.py
[2026-02-27T22:16:50.476+0000] {processor.py:840} INFO - DAG(s) 'pipeline_simple' retrieved from /opt/airflow/dags/pipeline_simple_dag.py
[2026-02-27T22:16:50.525+0000] {logging_mixin.py:188} INFO - [2026-02-27T22:16:50.525+0000] {dag.py:3096} INFO - Sync 1 DAGs
[2026-02-27T22:16:50.558+0000] {logging_mixin.py:188} INFO - [2026-02-27T22:16:50.557+0000] {dag.py:3954} INFO - Setting next_dagrun for pipeline_simple to 2026-02-26 00:00:00+00:00, run_after=2026-02-27 00:00:00+00:00
[2026-02-27T22:16:50.597+0000] {processor.py:183} INFO - Processing /opt/airflow/dags/pipeline_simple_dag.py took 0.166 seconds
[2026-02-27T22:17:20.837+0000] {processor.py:161} INFO - Started process (PID=758) to work on /opt/airflow/dags/pipeline_simple_dag.py
[2026-02-27T22:17:20.838+0000] {processor.py:830} INFO - Processing file /opt/airflow/dags/pipeline_simple_dag.py for tasks to queue
[2026-02-27T22:17:20.840+0000] {logging_mixin.py:188} INFO - [2026-02-27T22:17:20.840+0000] {dagbag.py:540} INFO - Filling up the DagBag from /opt/airflow/dags/pipeline_simple_dag.py
[2026-02-27T22:17:20.881+0000] {processor.py:840} INFO - DAG(s) 'pipeline_simple' retrieved from /opt/airflow/dags/pipeline_simple_dag.py
[2026-02-27T22:17:20.922+0000] {logging_mixin.py:188} INFO - [2026-02-27T22:17:20.921+0000] {dag.py:3096} INFO - Sync 1 DAGs
[2026-02-27T22:17:20.954+0000] {logging_mixin.py:188} INFO - [2026-02-27T22:17:20.954+0000] {dag.py:3954} INFO - Setting next_dagrun for pipeline_simple to 2026-02-26 00:00:00+00:00, run_after=2026-02-27 00:00:00+00:00
[2026-02-27T22:17:20.984+0000] {processor.py:183} INFO - Processing /opt/airflow/dags/pipeline_simple_dag.py took 0.156 seconds
[2026-02-27T22:17:51.279+0000] {processor.py:161} INFO - Started process (PID=766) to work on /opt/airflow/dags/pipeline_simple_dag.py
[2026-02-27T22:17:51.281+0000] {processor.py:830} INFO - Processing file /opt/airflow/dags/pipeline_simple_dag.py for tasks to queue
[2026-02-27T22:17:51.283+0000] {logging_mixin.py:188} INFO - [2026-02-27T22:17:51.282+0000] {dagbag.py:540} INFO - Filling up the DagBag from /opt/airflow/dags/pipeline_simple_dag.py
[2026-02-27T22:17:51.323+0000] {processor.py:840} INFO - DAG(s) 'pipeline_simple' retrieved from /opt/airflow/dags/pipeline_simple_dag.py
[2026-02-27T22:17:51.365+0000] {logging_mixin.py:188} INFO - [2026-02-27T22:17:51.365+0000] {dag.py:3096} INFO - Sync 1 DAGs
[2026-02-27T22:17:51.402+0000] {logging_mixin.py:188} INFO - [2026-02-27T22:17:51.402+0000] {dag.py:3954} INFO - Setting next_dagrun for pipeline_simple to 2026-02-26 00:00:00+00:00, run_after=2026-02-27 00:00:00+00:00
[2026-02-27T22:17:51.448+0000] {processor.py:183} INFO - Processing /opt/airflow/dags/pipeline_simple_dag.py took 0.179 seconds
[2026-02-27T22:18:21.634+0000] {processor.py:161} INFO - Started process (PID=775) to work on /opt/airflow/dags/pipeline_simple_dag.py
[2026-02-27T22:18:21.636+0000] {processor.py:830} INFO - Processing file /opt/airflow/dags/pipeline_simple_dag.py for tasks to queue
[2026-02-27T22:18:21.638+0000] {logging_mixin.py:188} INFO - [2026-02-27T22:18:21.637+0000] {dagbag.py:540} INFO - Filling up the DagBag from /opt/airflow/dags/pipeline_simple_dag.py
[2026-02-27T22:18:21.676+0000] {processor.py:840} INFO - DAG(s) 'pipeline_simple' retrieved from /opt/airflow/dags/pipeline_simple_dag.py
[2026-02-27T22:18:21.715+0000] {logging_mixin.py:188} INFO - [2026-02-27T22:18:21.715+0000] {dag.py:3096} INFO - Sync 1 DAGs
[2026-02-27T22:18:21.748+0000] {logging_mixin.py:188} INFO - [2026-02-27T22:18:21.748+0000] {dag.py:3954} INFO - Setting next_dagrun for pipeline_simple to 2026-02-26 00:00:00+00:00, run_after=2026-02-27 00:00:00+00:00
[2026-02-27T22:18:21.777+0000] {processor.py:183} INFO - Processing /opt/airflow/dags/pipeline_simple_dag.py took 0.153 seconds
[2026-02-27T22:18:51.946+0000] {processor.py:161} INFO - Started process (PID=782) to work on /opt/airflow/dags/pipeline_simple_dag.py
[2026-02-27T22:18:51.949+0000] {processor.py:830} INFO - Processing file /opt/airflow/dags/pipeline_simple_dag.py for tasks to queue
[2026-02-27T22:18:51.951+0000] {logging_mixin.py:188} INFO - [2026-02-27T22:18:51.951+0000] {dagbag.py:540} INFO - Filling up the DagBag from /opt/airflow/dags/pipeline_simple_dag.py
[2026-02-27T22:18:52.005+0000] {processor.py:840} INFO - DAG(s) 'pipeline_simple' retrieved from /opt/airflow/dags/pipeline_simple_dag.py
[2026-02-27T22:18:52.061+0000] {logging_mixin.py:188} INFO - [2026-02-27T22:18:52.061+0000] {dag.py:3096} INFO - Sync 1 DAGs
[2026-02-27T22:18:52.101+0000] {logging_mixin.py:188} INFO - [2026-02-27T22:18:52.101+0000] {dag.py:3954} INFO - Setting next_dagrun for pipeline_simple to 2026-02-26 00:00:00+00:00, run_after=2026-02-27 00:00:00+00:00
[2026-02-27T22:18:52.136+0000] {processor.py:183} INFO - Processing /opt/airflow/dags/pipeline_simple_dag.py took 0.201 seconds
[2026-02-27T22:19:22.413+0000] {processor.py:161} INFO - Started process (PID=790) to work on /opt/airflow/dags/pipeline_simple_dag.py
[2026-02-27T22:19:22.415+0000] {processor.py:830} INFO - Processing file /opt/airflow/dags/pipeline_simple_dag.py for tasks to queue
[2026-02-27T22:19:22.417+0000] {logging_mixin.py:188} INFO - [2026-02-27T22:19:22.417+0000] {dagbag.py:540} INFO - Filling up the DagBag from /opt/airflow/dags/pipeline_simple_dag.py
[2026-02-27T22:19:22.460+0000] {processor.py:840} INFO - DAG(s) 'pipeline_simple' retrieved from /opt/airflow/dags/pipeline_simple_dag.py
[2026-02-27T22:19:22.524+0000] {logging_mixin.py:188} INFO - [2026-02-27T22:19:22.524+0000] {dag.py:3096} INFO - Sync 1 DAGs
[2026-02-27T22:19:22.570+0000] {logging_mixin.py:188} INFO - [2026-02-27T22:19:22.569+0000] {dag.py:3954} INFO - Setting next_dagrun for pipeline_simple to 2026-02-26 00:00:00+00:00, run_after=2026-02-27 00:00:00+00:00
[2026-02-27T22:19:22.625+0000] {processor.py:183} INFO - Processing /opt/airflow/dags/pipeline_simple_dag.py took 0.223 seconds
[2026-02-27T22:19:52.948+0000] {processor.py:161} INFO - Started process (PID=798) to work on /opt/airflow/dags/pipeline_simple_dag.py
[2026-02-27T22:19:52.950+0000] {processor.py:830} INFO - Processing file /opt/airflow/dags/pipeline_simple_dag.py for tasks to queue
[2026-02-27T22:19:52.952+0000] {logging_mixin.py:188} INFO - [2026-02-27T22:19:52.952+0000] {dagbag.py:540} INFO - Filling up the DagBag from /opt/airflow/dags/pipeline_simple_dag.py
[2026-02-27T22:19:53.006+0000] {processor.py:840} INFO - DAG(s) 'pipeline_simple' retrieved from /opt/airflow/dags/pipeline_simple_dag.py
[2026-02-27T22:19:53.061+0000] {logging_mixin.py:188} INFO - [2026-02-27T22:19:53.061+0000] {dag.py:3096} INFO - Sync 1 DAGs
[2026-02-27T22:19:53.097+0000] {logging_mixin.py:188} INFO - [2026-02-27T22:19:53.097+0000] {dag.py:3954} INFO - Setting next_dagrun for pipeline_simple to 2026-02-26 00:00:00+00:00, run_after=2026-02-27 00:00:00+00:00
[2026-02-27T22:19:53.129+0000] {processor.py:183} INFO - Processing /opt/airflow/dags/pipeline_simple_dag.py took 0.193 seconds
[2026-02-27T22:20:23.596+0000] {processor.py:161} INFO - Started process (PID=806) to work on /opt/airflow/dags/pipeline_simple_dag.py
[2026-02-27T22:20:23.601+0000] {processor.py:830} INFO - Processing file /opt/airflow/dags/pipeline_simple_dag.py for tasks to queue
[2026-02-27T22:20:23.603+0000] {logging_mixin.py:188} INFO - [2026-02-27T22:20:23.603+0000] {dagbag.py:540} INFO - Filling up the DagBag from /opt/airflow/dags/pipeline_simple_dag.py
[2026-02-27T22:20:23.640+0000] {processor.py:840} INFO - DAG(s) 'pipeline_simple' retrieved from /opt/airflow/dags/pipeline_simple_dag.py
[2026-02-27T22:20:23.683+0000] {logging_mixin.py:188} INFO - [2026-02-27T22:20:23.683+0000] {dag.py:3096} INFO - Sync 1 DAGs
[2026-02-27T22:20:23.716+0000] {logging_mixin.py:188} INFO - [2026-02-27T22:20:23.715+0000] {dag.py:3954} INFO - Setting next_dagrun for pipeline_simple to 2026-02-26 00:00:00+00:00, run_after=2026-02-27 00:00:00+00:00
[2026-02-27T22:20:23.745+0000] {processor.py:183} INFO - Processing /opt/airflow/dags/pipeline_simple_dag.py took 0.158 seconds
[2026-02-27T22:20:54.257+0000] {processor.py:161} INFO - Started process (PID=814) to work on /opt/airflow/dags/pipeline_simple_dag.py
[2026-02-27T22:20:54.259+0000] {processor.py:830} INFO - Processing file /opt/airflow/dags/pipeline_simple_dag.py for tasks to queue
[2026-02-27T22:20:54.261+0000] {logging_mixin.py:188} INFO - [2026-02-27T22:20:54.261+0000] {dagbag.py:540} INFO - Filling up the DagBag from /opt/airflow/dags/pipeline_simple_dag.py
[2026-02-27T22:20:54.316+0000] {processor.py:840} INFO - DAG(s) 'pipeline_simple' retrieved from /opt/airflow/dags/pipeline_simple_dag.py
[2026-02-27T22:20:54.364+0000] {logging_mixin.py:188} INFO - [2026-02-27T22:20:54.363+0000] {dag.py:3096} INFO - Sync 1 DAGs
[2026-02-27T22:20:54.401+0000] {logging_mixin.py:188} INFO - [2026-02-27T22:20:54.401+0000] {dag.py:3954} INFO - Setting next_dagrun for pipeline_simple to 2026-02-26 00:00:00+00:00, run_after=2026-02-27 00:00:00+00:00
[2026-02-27T22:20:54.442+0000] {processor.py:183} INFO - Processing /opt/airflow/dags/pipeline_simple_dag.py took 0.196 seconds
[2026-02-27T22:21:24.597+0000] {processor.py:161} INFO - Started process (PID=822) to work on /opt/airflow/dags/pipeline_simple_dag.py
[2026-02-27T22:21:24.599+0000] {processor.py:830} INFO - Processing file /opt/airflow/dags/pipeline_simple_dag.py for tasks to queue
[2026-02-27T22:21:24.601+0000] {logging_mixin.py:188} INFO - [2026-02-27T22:21:24.600+0000] {dagbag.py:540} INFO - Filling up the DagBag from /opt/airflow/dags/pipeline_simple_dag.py
[2026-02-27T22:21:24.639+0000] {processor.py:840} INFO - DAG(s) 'pipeline_simple' retrieved from /opt/airflow/dags/pipeline_simple_dag.py
[2026-02-27T22:21:24.681+0000] {logging_mixin.py:188} INFO - [2026-02-27T22:21:24.681+0000] {dag.py:3096} INFO - Sync 1 DAGs
[2026-02-27T22:21:24.710+0000] {logging_mixin.py:188} INFO - [2026-02-27T22:21:24.710+0000] {dag.py:3954} INFO - Setting next_dagrun for pipeline_simple to 2026-02-26 00:00:00+00:00, run_after=2026-02-27 00:00:00+00:00
[2026-02-27T22:21:24.743+0000] {processor.py:183} INFO - Processing /opt/airflow/dags/pipeline_simple_dag.py took 0.153 seconds
[2026-02-27T22:21:55.501+0000] {processor.py:161} INFO - Started process (PID=830) to work on /opt/airflow/dags/pipeline_simple_dag.py
[2026-02-27T22:21:55.503+0000] {processor.py:830} INFO - Processing file /opt/airflow/dags/pipeline_simple_dag.py for tasks to queue
[2026-02-27T22:21:55.505+0000] {logging_mixin.py:188} INFO - [2026-02-27T22:21:55.504+0000] {dagbag.py:540} INFO - Filling up the DagBag from /opt/airflow/dags/pipeline_simple_dag.py
[2026-02-27T22:21:55.545+0000] {processor.py:840} INFO - DAG(s) 'pipeline_simple' retrieved from /opt/airflow/dags/pipeline_simple_dag.py
[2026-02-27T22:21:55.587+0000] {logging_mixin.py:188} INFO - [2026-02-27T22:21:55.587+0000] {dag.py:3096} INFO - Sync 1 DAGs
[2026-02-27T22:21:55.643+0000] {logging_mixin.py:188} INFO - [2026-02-27T22:21:55.642+0000] {dag.py:3954} INFO - Setting next_dagrun for pipeline_simple to 2026-02-26 00:00:00+00:00, run_after=2026-02-27 00:00:00+00:00
[2026-02-27T22:21:55.684+0000] {processor.py:183} INFO - Processing /opt/airflow/dags/pipeline_simple_dag.py took 0.194 seconds
[2026-02-27T22:22:26.202+0000] {processor.py:161} INFO - Started process (PID=838) to work on /opt/airflow/dags/pipeline_simple_dag.py
[2026-02-27T22:22:26.205+0000] {processor.py:830} INFO - Processing file /opt/airflow/dags/pipeline_simple_dag.py for tasks to queue
[2026-02-27T22:22:26.207+0000] {logging_mixin.py:188} INFO - [2026-02-27T22:22:26.206+0000] {dagbag.py:540} INFO - Filling up the DagBag from /opt/airflow/dags/pipeline_simple_dag.py
[2026-02-27T22:22:26.258+0000] {processor.py:840} INFO - DAG(s) 'pipeline_simple' retrieved from /opt/airflow/dags/pipeline_simple_dag.py
[2026-02-27T22:22:26.305+0000] {logging_mixin.py:188} INFO - [2026-02-27T22:22:26.304+0000] {dag.py:3096} INFO - Sync 1 DAGs
[2026-02-27T22:22:26.345+0000] {logging_mixin.py:188} INFO - [2026-02-27T22:22:26.345+0000] {dag.py:3954} INFO - Setting next_dagrun for pipeline_simple to 2026-02-26 00:00:00+00:00, run_after=2026-02-27 00:00:00+00:00
[2026-02-27T22:22:26.386+0000] {processor.py:183} INFO - Processing /opt/airflow/dags/pipeline_simple_dag.py took 0.197 seconds
[2026-02-27T22:22:56.759+0000] {processor.py:161} INFO - Started process (PID=846) to work on /opt/airflow/dags/pipeline_simple_dag.py
[2026-02-27T22:22:56.761+0000] {processor.py:830} INFO - Processing file /opt/airflow/dags/pipeline_simple_dag.py for tasks to queue
[2026-02-27T22:22:56.763+0000] {logging_mixin.py:188} INFO - [2026-02-27T22:22:56.763+0000] {dagbag.py:540} INFO - Filling up the DagBag from /opt/airflow/dags/pipeline_simple_dag.py
[2026-02-27T22:22:56.813+0000] {processor.py:840} INFO - DAG(s) 'pipeline_simple' retrieved from /opt/airflow/dags/pipeline_simple_dag.py
[2026-02-27T22:22:56.862+0000] {logging_mixin.py:188} INFO - [2026-02-27T22:22:56.862+0000] {dag.py:3096} INFO - Sync 1 DAGs
[2026-02-27T22:22:56.907+0000] {logging_mixin.py:188} INFO - [2026-02-27T22:22:56.907+0000] {dag.py:3954} INFO - Setting next_dagrun for pipeline_simple to 2026-02-26 00:00:00+00:00, run_after=2026-02-27 00:00:00+00:00
[2026-02-27T22:22:56.958+0000] {processor.py:183} INFO - Processing /opt/airflow/dags/pipeline_simple_dag.py took 0.210 seconds
[2026-02-27T22:23:27.187+0000] {processor.py:161} INFO - Started process (PID=855) to work on /opt/airflow/dags/pipeline_simple_dag.py
[2026-02-27T22:23:27.188+0000] {processor.py:830} INFO - Processing file /opt/airflow/dags/pipeline_simple_dag.py for tasks to queue
[2026-02-27T22:23:27.190+0000] {logging_mixin.py:188} INFO - [2026-02-27T22:23:27.189+0000] {dagbag.py:540} INFO - Filling up the DagBag from /opt/airflow/dags/pipeline_simple_dag.py
[2026-02-27T22:23:27.240+0000] {processor.py:840} INFO - DAG(s) 'pipeline_simple' retrieved from /opt/airflow/dags/pipeline_simple_dag.py
[2026-02-27T22:23:27.278+0000] {logging_mixin.py:188} INFO - [2026-02-27T22:23:27.278+0000] {dag.py:3096} INFO - Sync 1 DAGs
[2026-02-27T22:23:27.311+0000] {logging_mixin.py:188} INFO - [2026-02-27T22:23:27.311+0000] {dag.py:3954} INFO - Setting next_dagrun for pipeline_simple to 2026-02-26 00:00:00+00:00, run_after=2026-02-27 00:00:00+00:00
[2026-02-27T22:23:27.353+0000] {processor.py:183} INFO - Processing /opt/airflow/dags/pipeline_simple_dag.py took 0.175 seconds
[2026-02-27T22:23:57.516+0000] {processor.py:161} INFO - Started process (PID=862) to work on /opt/airflow/dags/pipeline_simple_dag.py
[2026-02-27T22:23:57.518+0000] {processor.py:830} INFO - Processing file /opt/airflow/dags/pipeline_simple_dag.py for tasks to queue
[2026-02-27T22:23:57.520+0000] {logging_mixin.py:188} INFO - [2026-02-27T22:23:57.519+0000] {dagbag.py:540} INFO - Filling up the DagBag from /opt/airflow/dags/pipeline_simple_dag.py
[2026-02-27T22:23:57.571+0000] {processor.py:840} INFO - DAG(s) 'pipeline_simple' retrieved from /opt/airflow/dags/pipeline_simple_dag.py
[2026-02-27T22:23:57.622+0000] {logging_mixin.py:188} INFO - [2026-02-27T22:23:57.622+0000] {dag.py:3096} INFO - Sync 1 DAGs
[2026-02-27T22:23:57.662+0000] {logging_mixin.py:188} INFO - [2026-02-27T22:23:57.662+0000] {dag.py:3954} INFO - Setting next_dagrun for pipeline_simple to 2026-02-26 00:00:00+00:00, run_after=2026-02-27 00:00:00+00:00
[2026-02-27T22:23:57.701+0000] {processor.py:183} INFO - Processing /opt/airflow/dags/pipeline_simple_dag.py took 0.197 seconds
[2026-02-27T22:24:28.142+0000] {processor.py:161} INFO - Started process (PID=870) to work on /opt/airflow/dags/pipeline_simple_dag.py
[2026-02-27T22:24:28.145+0000] {processor.py:830} INFO - Processing file /opt/airflow/dags/pipeline_simple_dag.py for tasks to queue
[2026-02-27T22:24:28.147+0000] {logging_mixin.py:188} INFO - [2026-02-27T22:24:28.146+0000] {dagbag.py:540} INFO - Filling up the DagBag from /opt/airflow/dags/pipeline_simple_dag.py
[2026-02-27T22:24:28.205+0000] {processor.py:840} INFO - DAG(s) 'pipeline_simple' retrieved from /opt/airflow/dags/pipeline_simple_dag.py
[2026-02-27T22:24:28.261+0000] {logging_mixin.py:188} INFO - [2026-02-27T22:24:28.261+0000] {dag.py:3096} INFO - Sync 1 DAGs
[2026-02-27T22:24:28.298+0000] {logging_mixin.py:188} INFO - [2026-02-27T22:24:28.297+0000] {dag.py:3954} INFO - Setting next_dagrun for pipeline_simple to 2026-02-26 00:00:00+00:00, run_after=2026-02-27 00:00:00+00:00
[2026-02-27T22:24:28.334+0000] {processor.py:183} INFO - Processing /opt/airflow/dags/pipeline_simple_dag.py took 0.209 seconds
[2026-02-27T22:24:58.635+0000] {processor.py:161} INFO - Started process (PID=878) to work on /opt/airflow/dags/pipeline_simple_dag.py
[2026-02-27T22:24:58.637+0000] {processor.py:830} INFO - Processing file /opt/airflow/dags/pipeline_simple_dag.py for tasks to queue
[2026-02-27T22:24:58.639+0000] {logging_mixin.py:188} INFO - [2026-02-27T22:24:58.638+0000] {dagbag.py:540} INFO - Filling up the DagBag from /opt/airflow/dags/pipeline_simple_dag.py
[2026-02-27T22:24:58.674+0000] {processor.py:840} INFO - DAG(s) 'pipeline_simple' retrieved from /opt/airflow/dags/pipeline_simple_dag.py
[2026-02-27T22:24:58.719+0000] {logging_mixin.py:188} INFO - [2026-02-27T22:24:58.718+0000] {dag.py:3096} INFO - Sync 1 DAGs
[2026-02-27T22:24:58.753+0000] {logging_mixin.py:188} INFO - [2026-02-27T22:24:58.752+0000] {dag.py:3954} INFO - Setting next_dagrun for pipeline_simple to 2026-02-26 00:00:00+00:00, run_after=2026-02-27 00:00:00+00:00
[2026-02-27T22:24:58.786+0000] {processor.py:183} INFO - Processing /opt/airflow/dags/pipeline_simple_dag.py took 0.159 seconds
[2026-02-27T22:25:29.055+0000] {processor.py:161} INFO - Started process (PID=886) to work on /opt/airflow/dags/pipeline_simple_dag.py
[2026-02-27T22:25:29.057+0000] {processor.py:830} INFO - Processing file /opt/airflow/dags/pipeline_simple_dag.py for tasks to queue
[2026-02-27T22:25:29.059+0000] {logging_mixin.py:188} INFO - [2026-02-27T22:25:29.059+0000] {dagbag.py:540} INFO - Filling up the DagBag from /opt/airflow/dags/pipeline_simple_dag.py
[2026-02-27T22:25:29.106+0000] {processor.py:840} INFO - DAG(s) 'pipeline_simple' retrieved from /opt/airflow/dags/pipeline_simple_dag.py
[2026-02-27T22:25:29.150+0000] {logging_mixin.py:188} INFO - [2026-02-27T22:25:29.150+0000] {dag.py:3096} INFO - Sync 1 DAGs
[2026-02-27T22:25:29.180+0000] {logging_mixin.py:188} INFO - [2026-02-27T22:25:29.180+0000] {dag.py:3954} INFO - Setting next_dagrun for pipeline_simple to 2026-02-26 00:00:00+00:00, run_after=2026-02-27 00:00:00+00:00
[2026-02-27T22:25:29.212+0000] {processor.py:183} INFO - Processing /opt/airflow/dags/pipeline_simple_dag.py took 0.171 seconds
[2026-02-27T22:25:59.481+0000] {processor.py:161} INFO - Started process (PID=894) to work on /opt/airflow/dags/pipeline_simple_dag.py
[2026-02-27T22:25:59.482+0000] {processor.py:830} INFO - Processing file /opt/airflow/dags/pipeline_simple_dag.py for tasks to queue
[2026-02-27T22:25:59.484+0000] {logging_mixin.py:188} INFO - [2026-02-27T22:25:59.483+0000] {dagbag.py:540} INFO - Filling up the DagBag from /opt/airflow/dags/pipeline_simple_dag.py
[2026-02-27T22:25:59.527+0000] {processor.py:840} INFO - DAG(s) 'pipeline_simple' retrieved from /opt/airflow/dags/pipeline_simple_dag.py
[2026-02-27T22:25:59.572+0000] {logging_mixin.py:188} INFO - [2026-02-27T22:25:59.571+0000] {dag.py:3096} INFO - Sync 1 DAGs
[2026-02-27T22:25:59.606+0000] {logging_mixin.py:188} INFO - [2026-02-27T22:25:59.606+0000] {dag.py:3954} INFO - Setting next_dagrun for pipeline_simple to 2026-02-26 00:00:00+00:00, run_after=2026-02-27 00:00:00+00:00
[2026-02-27T22:25:59.637+0000] {processor.py:183} INFO - Processing /opt/airflow/dags/pipeline_simple_dag.py took 0.165 seconds
[2026-02-27T22:26:29.898+0000] {processor.py:161} INFO - Started process (PID=902) to work on /opt/airflow/dags/pipeline_simple_dag.py
[2026-02-27T22:26:29.900+0000] {processor.py:830} INFO - Processing file /opt/airflow/dags/pipeline_simple_dag.py for tasks to queue
[2026-02-27T22:26:29.901+0000] {logging_mixin.py:188} INFO - [2026-02-27T22:26:29.901+0000] {dagbag.py:540} INFO - Filling up the DagBag from /opt/airflow/dags/pipeline_simple_dag.py
[2026-02-27T22:26:29.934+0000] {processor.py:840} INFO - DAG(s) 'pipeline_simple' retrieved from /opt/airflow/dags/pipeline_simple_dag.py
[2026-02-27T22:26:29.976+0000] {logging_mixin.py:188} INFO - [2026-02-27T22:26:29.976+0000] {dag.py:3096} INFO - Sync 1 DAGs
[2026-02-27T22:26:30.013+0000] {logging_mixin.py:188} INFO - [2026-02-27T22:26:30.013+0000] {dag.py:3954} INFO - Setting next_dagrun for pipeline_simple to 2026-02-26 00:00:00+00:00, run_after=2026-02-27 00:00:00+00:00
[2026-02-27T22:26:30.044+0000] {processor.py:183} INFO - Processing /opt/airflow/dags/pipeline_simple_dag.py took 0.156 seconds
[2026-02-27T22:27:00.451+0000] {processor.py:161} INFO - Started process (PID=910) to work on /opt/airflow/dags/pipeline_simple_dag.py
[2026-02-27T22:27:00.453+0000] {processor.py:830} INFO - Processing file /opt/airflow/dags/pipeline_simple_dag.py for tasks to queue
[2026-02-27T22:27:00.455+0000] {logging_mixin.py:188} INFO - [2026-02-27T22:27:00.454+0000] {dagbag.py:540} INFO - Filling up the DagBag from /opt/airflow/dags/pipeline_simple_dag.py
[2026-02-27T22:27:00.489+0000] {processor.py:840} INFO - DAG(s) 'pipeline_simple' retrieved from /opt/airflow/dags/pipeline_simple_dag.py
[2026-02-27T22:27:00.529+0000] {logging_mixin.py:188} INFO - [2026-02-27T22:27:00.529+0000] {dag.py:3096} INFO - Sync 1 DAGs
[2026-02-27T22:27:00.569+0000] {logging_mixin.py:188} INFO - [2026-02-27T22:27:00.568+0000] {dag.py:3954} INFO - Setting next_dagrun for pipeline_simple to 2026-02-26 00:00:00+00:00, run_after=2026-02-27 00:00:00+00:00
[2026-02-27T22:27:00.609+0000] {processor.py:183} INFO - Processing /opt/airflow/dags/pipeline_simple_dag.py took 0.166 seconds
[2026-02-27T22:27:30.892+0000] {processor.py:161} INFO - Started process (PID=918) to work on /opt/airflow/dags/pipeline_simple_dag.py
[2026-02-27T22:27:30.894+0000] {processor.py:830} INFO - Processing file /opt/airflow/dags/pipeline_simple_dag.py for tasks to queue
[2026-02-27T22:27:30.896+0000] {logging_mixin.py:188} INFO - [2026-02-27T22:27:30.895+0000] {dagbag.py:540} INFO - Filling up the DagBag from /opt/airflow/dags/pipeline_simple_dag.py
[2026-02-27T22:27:30.944+0000] {processor.py:840} INFO - DAG(s) 'pipeline_simple' retrieved from /opt/airflow/dags/pipeline_simple_dag.py
[2026-02-27T22:27:30.985+0000] {logging_mixin.py:188} INFO - [2026-02-27T22:27:30.985+0000] {dag.py:3096} INFO - Sync 1 DAGs
[2026-02-27T22:27:31.017+0000] {logging_mixin.py:188} INFO - [2026-02-27T22:27:31.016+0000] {dag.py:3954} INFO - Setting next_dagrun for pipeline_simple to 2026-02-26 00:00:00+00:00, run_after=2026-02-27 00:00:00+00:00
[2026-02-27T22:27:31.044+0000] {processor.py:183} INFO - Processing /opt/airflow/dags/pipeline_simple_dag.py took 0.165 seconds
[2026-02-27T22:28:01.305+0000] {processor.py:161} INFO - Started process (PID=926) to work on /opt/airflow/dags/pipeline_simple_dag.py
[2026-02-27T22:28:01.308+0000] {processor.py:830} INFO - Processing file /opt/airflow/dags/pipeline_simple_dag.py for tasks to queue
[2026-02-27T22:28:01.310+0000] {logging_mixin.py:188} INFO - [2026-02-27T22:28:01.309+0000] {dagbag.py:540} INFO - Filling up the DagBag from /opt/airflow/dags/pipeline_simple_dag.py
[2026-02-27T22:28:01.386+0000] {processor.py:840} INFO - DAG(s) 'pipeline_simple' retrieved from /opt/airflow/dags/pipeline_simple_dag.py
[2026-02-27T22:28:01.446+0000] {logging_mixin.py:188} INFO - [2026-02-27T22:28:01.446+0000] {dag.py:3096} INFO - Sync 1 DAGs
[2026-02-27T22:28:01.479+0000] {logging_mixin.py:188} INFO - [2026-02-27T22:28:01.478+0000] {dag.py:3954} INFO - Setting next_dagrun for pipeline_simple to 2026-02-26 00:00:00+00:00, run_after=2026-02-27 00:00:00+00:00
[2026-02-27T22:28:01.507+0000] {processor.py:183} INFO - Processing /opt/airflow/dags/pipeline_simple_dag.py took 0.214 seconds
[2026-02-27T22:28:31.690+0000] {processor.py:161} INFO - Started process (PID=934) to work on /opt/airflow/dags/pipeline_simple_dag.py
[2026-02-27T22:28:31.692+0000] {processor.py:830} INFO - Processing file /opt/airflow/dags/pipeline_simple_dag.py for tasks to queue
[2026-02-27T22:28:31.694+0000] {logging_mixin.py:188} INFO - [2026-02-27T22:28:31.693+0000] {dagbag.py:540} INFO - Filling up the DagBag from /opt/airflow/dags/pipeline_simple_dag.py
[2026-02-27T22:28:31.735+0000] {processor.py:840} INFO - DAG(s) 'pipeline_simple' retrieved from /opt/airflow/dags/pipeline_simple_dag.py
[2026-02-27T22:28:31.795+0000] {logging_mixin.py:188} INFO - [2026-02-27T22:28:31.794+0000] {dag.py:3096} INFO - Sync 1 DAGs
[2026-02-27T22:28:31.840+0000] {logging_mixin.py:188} INFO - [2026-02-27T22:28:31.840+0000] {dag.py:3954} INFO - Setting next_dagrun for pipeline_simple to 2026-02-26 00:00:00+00:00, run_after=2026-02-27 00:00:00+00:00
[2026-02-27T22:28:31.874+0000] {processor.py:183} INFO - Processing /opt/airflow/dags/pipeline_simple_dag.py took 0.193 seconds
[2026-02-27T22:29:02.153+0000] {processor.py:161} INFO - Started process (PID=942) to work on /opt/airflow/dags/pipeline_simple_dag.py
[2026-02-27T22:29:02.155+0000] {processor.py:830} INFO - Processing file /opt/airflow/dags/pipeline_simple_dag.py for tasks to queue
[2026-02-27T22:29:02.156+0000] {logging_mixin.py:188} INFO - [2026-02-27T22:29:02.156+0000] {dagbag.py:540} INFO - Filling up the DagBag from /opt/airflow/dags/pipeline_simple_dag.py
[2026-02-27T22:29:02.204+0000] {processor.py:840} INFO - DAG(s) 'pipeline_simple' retrieved from /opt/airflow/dags/pipeline_simple_dag.py
[2026-02-27T22:29:02.257+0000] {logging_mixin.py:188} INFO - [2026-02-27T22:29:02.257+0000] {dag.py:3096} INFO - Sync 1 DAGs
[2026-02-27T22:29:02.295+0000] {logging_mixin.py:188} INFO - [2026-02-27T22:29:02.295+0000] {dag.py:3954} INFO - Setting next_dagrun for pipeline_simple to 2026-02-26 00:00:00+00:00, run_after=2026-02-27 00:00:00+00:00
[2026-02-27T22:29:02.329+0000] {processor.py:183} INFO - Processing /opt/airflow/dags/pipeline_simple_dag.py took 0.190 seconds
[2026-02-27T22:29:32.664+0000] {processor.py:161} INFO - Started process (PID=950) to work on /opt/airflow/dags/pipeline_simple_dag.py
[2026-02-27T22:29:32.666+0000] {processor.py:830} INFO - Processing file /opt/airflow/dags/pipeline_simple_dag.py for tasks to queue
[2026-02-27T22:29:32.667+0000] {logging_mixin.py:188} INFO - [2026-02-27T22:29:32.667+0000] {dagbag.py:540} INFO - Filling up the DagBag from /opt/airflow/dags/pipeline_simple_dag.py
[2026-02-27T22:29:32.711+0000] {processor.py:840} INFO - DAG(s) 'pipeline_simple' retrieved from /opt/airflow/dags/pipeline_simple_dag.py
[2026-02-27T22:29:32.752+0000] {logging_mixin.py:188} INFO - [2026-02-27T22:29:32.751+0000] {dag.py:3096} INFO - Sync 1 DAGs
[2026-02-27T22:29:32.785+0000] {logging_mixin.py:188} INFO - [2026-02-27T22:29:32.785+0000] {dag.py:3954} INFO - Setting next_dagrun for pipeline_simple to 2026-02-26 00:00:00+00:00, run_after=2026-02-27 00:00:00+00:00
[2026-02-27T22:29:32.820+0000] {processor.py:183} INFO - Processing /opt/airflow/dags/pipeline_simple_dag.py took 0.165 seconds
[2026-02-27T22:30:03.000+0000] {processor.py:161} INFO - Started process (PID=958) to work on /opt/airflow/dags/pipeline_simple_dag.py
[2026-02-27T22:30:03.001+0000] {processor.py:830} INFO - Processing file /opt/airflow/dags/pipeline_simple_dag.py for tasks to queue
[2026-02-27T22:30:03.004+0000] {logging_mixin.py:188} INFO - [2026-02-27T22:30:03.003+0000] {dagbag.py:540} INFO - Filling up the DagBag from /opt/airflow/dags/pipeline_simple_dag.py
[2026-02-27T22:30:03.044+0000] {processor.py:840} INFO - DAG(s) 'pipeline_simple' retrieved from /opt/airflow/dags/pipeline_simple_dag.py
[2026-02-27T22:30:03.092+0000] {logging_mixin.py:188} INFO - [2026-02-27T22:30:03.092+0000] {dag.py:3096} INFO - Sync 1 DAGs
[2026-02-27T22:30:03.128+0000] {logging_mixin.py:188} INFO - [2026-02-27T22:30:03.128+0000] {dag.py:3954} INFO - Setting next_dagrun for pipeline_simple to 2026-02-26 00:00:00+00:00, run_after=2026-02-27 00:00:00+00:00
[2026-02-27T22:30:03.155+0000] {processor.py:183} INFO - Processing /opt/airflow/dags/pipeline_simple_dag.py took 0.166 seconds
[2026-02-27T22:30:33.424+0000] {processor.py:161} INFO - Started process (PID=966) to work on /opt/airflow/dags/pipeline_simple_dag.py
[2026-02-27T22:30:33.426+0000] {processor.py:830} INFO - Processing file /opt/airflow/dags/pipeline_simple_dag.py for tasks to queue
[2026-02-27T22:30:33.428+0000] {logging_mixin.py:188} INFO - [2026-02-27T22:30:33.427+0000] {dagbag.py:540} INFO - Filling up the DagBag from /opt/airflow/dags/pipeline_simple_dag.py
[2026-02-27T22:30:33.469+0000] {processor.py:840} INFO - DAG(s) 'pipeline_simple' retrieved from /opt/airflow/dags/pipeline_simple_dag.py
[2026-02-27T22:30:33.523+0000] {logging_mixin.py:188} INFO - [2026-02-27T22:30:33.523+0000] {dag.py:3096} INFO - Sync 1 DAGs
[2026-02-27T22:30:33.562+0000] {logging_mixin.py:188} INFO - [2026-02-27T22:30:33.562+0000] {dag.py:3954} INFO - Setting next_dagrun for pipeline_simple to 2026-02-26 00:00:00+00:00, run_after=2026-02-27 00:00:00+00:00
[2026-02-27T22:30:33.595+0000] {processor.py:183} INFO - Processing /opt/airflow/dags/pipeline_simple_dag.py took 0.182 seconds
[2026-02-27T22:31:03.875+0000] {processor.py:161} INFO - Started process (PID=974) to work on /opt/airflow/dags/pipeline_simple_dag.py
[2026-02-27T22:31:03.878+0000] {processor.py:830} INFO - Processing file /opt/airflow/dags/pipeline_simple_dag.py for tasks to queue
[2026-02-27T22:31:03.880+0000] {logging_mixin.py:188} INFO - [2026-02-27T22:31:03.879+0000] {dagbag.py:540} INFO - Filling up the DagBag from /opt/airflow/dags/pipeline_simple_dag.py
[2026-02-27T22:31:03.938+0000] {processor.py:840} INFO - DAG(s) 'pipeline_simple' retrieved from /opt/airflow/dags/pipeline_simple_dag.py
[2026-02-27T22:31:04.001+0000] {logging_mixin.py:188} INFO - [2026-02-27T22:31:04.000+0000] {dag.py:3096} INFO - Sync 1 DAGs
[2026-02-27T22:31:04.039+0000] {logging_mixin.py:188} INFO - [2026-02-27T22:31:04.038+0000] {dag.py:3954} INFO - Setting next_dagrun for pipeline_simple to 2026-02-26 00:00:00+00:00, run_after=2026-02-27 00:00:00+00:00
[2026-02-27T22:31:04.072+0000] {processor.py:183} INFO - Processing /opt/airflow/dags/pipeline_simple_dag.py took 0.215 seconds
[2026-02-27T22:31:34.304+0000] {processor.py:161} INFO - Started process (PID=982) to work on /opt/airflow/dags/pipeline_simple_dag.py
[2026-02-27T22:31:34.306+0000] {processor.py:830} INFO - Processing file /opt/airflow/dags/pipeline_simple_dag.py for tasks to queue
[2026-02-27T22:31:34.309+0000] {logging_mixin.py:188} INFO - [2026-02-27T22:31:34.308+0000] {dagbag.py:540} INFO - Filling up the DagBag from /opt/airflow/dags/pipeline_simple_dag.py
[2026-02-27T22:31:34.346+0000] {processor.py:840} INFO - DAG(s) 'pipeline_simple' retrieved from /opt/airflow/dags/pipeline_simple_dag.py
[2026-02-27T22:31:34.387+0000] {logging_mixin.py:188} INFO - [2026-02-27T22:31:34.387+0000] {dag.py:3096} INFO - Sync 1 DAGs
[2026-02-27T22:31:34.420+0000] {logging_mixin.py:188} INFO - [2026-02-27T22:31:34.419+0000] {dag.py:3954} INFO - Setting next_dagrun for pipeline_simple to 2026-02-26 00:00:00+00:00, run_after=2026-02-27 00:00:00+00:00
[2026-02-27T22:31:34.454+0000] {processor.py:183} INFO - Processing /opt/airflow/dags/pipeline_simple_dag.py took 0.161 seconds
[2026-02-27T22:32:05.000+0000] {processor.py:161} INFO - Started process (PID=990) to work on /opt/airflow/dags/pipeline_simple_dag.py
[2026-02-27T22:32:05.005+0000] {processor.py:830} INFO - Processing file /opt/airflow/dags/pipeline_simple_dag.py for tasks to queue
[2026-02-27T22:32:05.007+0000] {logging_mixin.py:188} INFO - [2026-02-27T22:32:05.006+0000] {dagbag.py:540} INFO - Filling up the DagBag from /opt/airflow/dags/pipeline_simple_dag.py
[2026-02-27T22:32:05.050+0000] {processor.py:840} INFO - DAG(s) 'pipeline_simple' retrieved from /opt/airflow/dags/pipeline_simple_dag.py
[2026-02-27T22:32:05.091+0000] {logging_mixin.py:188} INFO - [2026-02-27T22:32:05.091+0000] {dag.py:3096} INFO - Sync 1 DAGs
[2026-02-27T22:32:05.121+0000] {logging_mixin.py:188} INFO - [2026-02-27T22:32:05.120+0000] {dag.py:3954} INFO - Setting next_dagrun for pipeline_simple to 2026-02-26 00:00:00+00:00, run_after=2026-02-27 00:00:00+00:00
[2026-02-27T22:32:05.150+0000] {processor.py:183} INFO - Processing /opt/airflow/dags/pipeline_simple_dag.py took 0.161 seconds
[2026-02-27T22:32:35.401+0000] {processor.py:161} INFO - Started process (PID=999) to work on /opt/airflow/dags/pipeline_simple_dag.py
[2026-02-27T22:32:35.403+0000] {processor.py:830} INFO - Processing file /opt/airflow/dags/pipeline_simple_dag.py for tasks to queue
[2026-02-27T22:32:35.406+0000] {logging_mixin.py:188} INFO - [2026-02-27T22:32:35.405+0000] {dagbag.py:540} INFO - Filling up the DagBag from /opt/airflow/dags/pipeline_simple_dag.py
[2026-02-27T22:32:35.453+0000] {processor.py:840} INFO - DAG(s) 'pipeline_simple' retrieved from /opt/airflow/dags/pipeline_simple_dag.py
[2026-02-27T22:32:35.493+0000] {logging_mixin.py:188} INFO - [2026-02-27T22:32:35.493+0000] {dag.py:3096} INFO - Sync 1 DAGs
[2026-02-27T22:32:35.528+0000] {logging_mixin.py:188} INFO - [2026-02-27T22:32:35.528+0000] {dag.py:3954} INFO - Setting next_dagrun for pipeline_simple to 2026-02-26 00:00:00+00:00, run_after=2026-02-27 00:00:00+00:00
[2026-02-27T22:32:35.563+0000] {processor.py:183} INFO - Processing /opt/airflow/dags/pipeline_simple_dag.py took 0.172 seconds
[2026-02-27T22:33:05.772+0000] {processor.py:161} INFO - Started process (PID=1006) to work on /opt/airflow/dags/pipeline_simple_dag.py
[2026-02-27T22:33:05.773+0000] {processor.py:830} INFO - Processing file /opt/airflow/dags/pipeline_simple_dag.py for tasks to queue
[2026-02-27T22:33:05.775+0000] {logging_mixin.py:188} INFO - [2026-02-27T22:33:05.774+0000] {dagbag.py:540} INFO - Filling up the DagBag from /opt/airflow/dags/pipeline_simple_dag.py
[2026-02-27T22:33:05.821+0000] {processor.py:840} INFO - DAG(s) 'pipeline_simple' retrieved from /opt/airflow/dags/pipeline_simple_dag.py
[2026-02-27T22:33:05.874+0000] {logging_mixin.py:188} INFO - [2026-02-27T22:33:05.873+0000] {dag.py:3096} INFO - Sync 1 DAGs
[2026-02-27T22:33:05.912+0000] {logging_mixin.py:188} INFO - [2026-02-27T22:33:05.912+0000] {dag.py:3954} INFO - Setting next_dagrun for pipeline_simple to 2026-02-26 00:00:00+00:00, run_after=2026-02-27 00:00:00+00:00
[2026-02-27T22:33:05.949+0000] {processor.py:183} INFO - Processing /opt/airflow/dags/pipeline_simple_dag.py took 0.186 seconds
[2026-02-27T22:33:36.257+0000] {processor.py:161} INFO - Started process (PID=1014) to work on /opt/airflow/dags/pipeline_simple_dag.py
[2026-02-27T22:33:36.259+0000] {processor.py:830} INFO - Processing file /opt/airflow/dags/pipeline_simple_dag.py for tasks to queue
[2026-02-27T22:33:36.263+0000] {logging_mixin.py:188} INFO - [2026-02-27T22:33:36.261+0000] {dagbag.py:540} INFO - Filling up the DagBag from /opt/airflow/dags/pipeline_simple_dag.py
[2026-02-27T22:33:36.309+0000] {processor.py:840} INFO - DAG(s) 'pipeline_simple' retrieved from /opt/airflow/dags/pipeline_simple_dag.py
[2026-02-27T22:33:36.352+0000] {logging_mixin.py:188} INFO - [2026-02-27T22:33:36.351+0000] {dag.py:3096} INFO - Sync 1 DAGs
[2026-02-27T22:33:36.388+0000] {logging_mixin.py:188} INFO - [2026-02-27T22:33:36.387+0000] {dag.py:3954} INFO - Setting next_dagrun for pipeline_simple to 2026-02-26 00:00:00+00:00, run_after=2026-02-27 00:00:00+00:00
[2026-02-27T22:33:36.423+0000] {processor.py:183} INFO - Processing /opt/airflow/dags/pipeline_simple_dag.py took 0.179 seconds
[2026-02-27T22:34:06.820+0000] {processor.py:161} INFO - Started process (PID=1022) to work on /opt/airflow/dags/pipeline_simple_dag.py
[2026-02-27T22:34:06.823+0000] {processor.py:830} INFO - Processing file /opt/airflow/dags/pipeline_simple_dag.py for tasks to queue
[2026-02-27T22:34:06.825+0000] {logging_mixin.py:188} INFO - [2026-02-27T22:34:06.825+0000] {dagbag.py:540} INFO - Filling up the DagBag from /opt/airflow/dags/pipeline_simple_dag.py
[2026-02-27T22:34:06.876+0000] {processor.py:840} INFO - DAG(s) 'pipeline_simple' retrieved from /opt/airflow/dags/pipeline_simple_dag.py
[2026-02-27T22:34:06.924+0000] {logging_mixin.py:188} INFO - [2026-02-27T22:34:06.924+0000] {dag.py:3096} INFO - Sync 1 DAGs
[2026-02-27T22:34:06.975+0000] {logging_mixin.py:188} INFO - [2026-02-27T22:34:06.974+0000] {dag.py:3954} INFO - Setting next_dagrun for pipeline_simple to 2026-02-26 00:00:00+00:00, run_after=2026-02-27 00:00:00+00:00
[2026-02-27T22:34:07.016+0000] {processor.py:183} INFO - Processing /opt/airflow/dags/pipeline_simple_dag.py took 0.209 seconds
[2026-02-27T22:34:37.296+0000] {processor.py:161} INFO - Started process (PID=1030) to work on /opt/airflow/dags/pipeline_simple_dag.py
[2026-02-27T22:34:37.298+0000] {processor.py:830} INFO - Processing file /opt/airflow/dags/pipeline_simple_dag.py for tasks to queue
[2026-02-27T22:34:37.299+0000] {logging_mixin.py:188} INFO - [2026-02-27T22:34:37.299+0000] {dagbag.py:540} INFO - Filling up the DagBag from /opt/airflow/dags/pipeline_simple_dag.py
[2026-02-27T22:34:37.339+0000] {processor.py:840} INFO - DAG(s) 'pipeline_simple' retrieved from /opt/airflow/dags/pipeline_simple_dag.py
[2026-02-27T22:34:37.381+0000] {logging_mixin.py:188} INFO - [2026-02-27T22:34:37.380+0000] {dag.py:3096} INFO - Sync 1 DAGs
[2026-02-27T22:34:37.411+0000] {logging_mixin.py:188} INFO - [2026-02-27T22:34:37.411+0000] {dag.py:3954} INFO - Setting next_dagrun for pipeline_simple to 2026-02-26 00:00:00+00:00, run_after=2026-02-27 00:00:00+00:00
[2026-02-27T22:34:37.442+0000] {processor.py:183} INFO - Processing /opt/airflow/dags/pipeline_simple_dag.py took 0.154 seconds
[2026-02-27T22:35:07.714+0000] {processor.py:161} INFO - Started process (PID=1038) to work on /opt/airflow/dags/pipeline_simple_dag.py
[2026-02-27T22:35:07.716+0000] {processor.py:830} INFO - Processing file /opt/airflow/dags/pipeline_simple_dag.py for tasks to queue
[2026-02-27T22:35:07.718+0000] {logging_mixin.py:188} INFO - [2026-02-27T22:35:07.717+0000] {dagbag.py:540} INFO - Filling up the DagBag from /opt/airflow/dags/pipeline_simple_dag.py
[2026-02-27T22:35:07.767+0000] {processor.py:840} INFO - DAG(s) 'pipeline_simple' retrieved from /opt/airflow/dags/pipeline_simple_dag.py
[2026-02-27T22:35:07.814+0000] {logging_mixin.py:188} INFO - [2026-02-27T22:35:07.814+0000] {dag.py:3096} INFO - Sync 1 DAGs
[2026-02-27T22:35:07.847+0000] {logging_mixin.py:188} INFO - [2026-02-27T22:35:07.847+0000] {dag.py:3954} INFO - Setting next_dagrun for pipeline_simple to 2026-02-26 00:00:00+00:00, run_after=2026-02-27 00:00:00+00:00
[2026-02-27T22:35:07.889+0000] {processor.py:183} INFO - Processing /opt/airflow/dags/pipeline_simple_dag.py took 0.182 seconds
[2026-02-27T22:35:38.178+0000] {processor.py:161} INFO - Started process (PID=1046) to work on /opt/airflow/dags/pipeline_simple_dag.py
[2026-02-27T22:35:38.180+0000] {processor.py:830} INFO - Processing file /opt/airflow/dags/pipeline_simple_dag.py for tasks to queue
[2026-02-27T22:35:38.181+0000] {logging_mixin.py:188} INFO - [2026-02-27T22:35:38.181+0000] {dagbag.py:540} INFO - Filling up the DagBag from /opt/airflow/dags/pipeline_simple_dag.py
[2026-02-27T22:35:38.222+0000] {processor.py:840} INFO - DAG(s) 'pipeline_simple' retrieved from /opt/airflow/dags/pipeline_simple_dag.py
[2026-02-27T22:35:38.299+0000] {logging_mixin.py:188} INFO - [2026-02-27T22:35:38.298+0000] {dag.py:3096} INFO - Sync 1 DAGs
[2026-02-27T22:35:38.339+0000] {logging_mixin.py:188} INFO - [2026-02-27T22:35:38.338+0000] {dag.py:3954} INFO - Setting next_dagrun for pipeline_simple to 2026-02-26 00:00:00+00:00, run_after=2026-02-27 00:00:00+00:00
[2026-02-27T22:35:38.381+0000] {processor.py:183} INFO - Processing /opt/airflow/dags/pipeline_simple_dag.py took 0.211 seconds
[2026-02-27T22:36:08.608+0000] {processor.py:161} INFO - Started process (PID=1054) to work on /opt/airflow/dags/pipeline_simple_dag.py
[2026-02-27T22:36:08.609+0000] {processor.py:830} INFO - Processing file /opt/airflow/dags/pipeline_simple_dag.py for tasks to queue
[2026-02-27T22:36:08.611+0000] {logging_mixin.py:188} INFO - [2026-02-27T22:36:08.610+0000] {dagbag.py:540} INFO - Filling up the DagBag from /opt/airflow/dags/pipeline_simple_dag.py
[2026-02-27T22:36:08.651+0000] {processor.py:840} INFO - DAG(s) 'pipeline_simple' retrieved from /opt/airflow/dags/pipeline_simple_dag.py
[2026-02-27T22:36:08.693+0000] {logging_mixin.py:188} INFO - [2026-02-27T22:36:08.693+0000] {dag.py:3096} INFO - Sync 1 DAGs
[2026-02-27T22:36:08.727+0000] {logging_mixin.py:188} INFO - [2026-02-27T22:36:08.727+0000] {dag.py:3954} INFO - Setting next_dagrun for pipeline_simple to 2026-02-26 00:00:00+00:00, run_after=2026-02-27 00:00:00+00:00
[2026-02-27T22:36:08.754+0000] {processor.py:183} INFO - Processing /opt/airflow/dags/pipeline_simple_dag.py took 0.157 seconds
[2026-02-27T22:36:39.033+0000] {processor.py:161} INFO - Started process (PID=1062) to work on /opt/airflow/dags/pipeline_simple_dag.py
[2026-02-27T22:36:39.035+0000] {processor.py:830} INFO - Processing file /opt/airflow/dags/pipeline_simple_dag.py for tasks to queue
[2026-02-27T22:36:39.036+0000] {logging_mixin.py:188} INFO - [2026-02-27T22:36:39.036+0000] {dagbag.py:540} INFO - Filling up the DagBag from /opt/airflow/dags/pipeline_simple_dag.py
[2026-02-27T22:36:39.083+0000] {processor.py:840} INFO - DAG(s) 'pipeline_simple' retrieved from /opt/airflow/dags/pipeline_simple_dag.py
[2026-02-27T22:36:39.133+0000] {logging_mixin.py:188} INFO - [2026-02-27T22:36:39.133+0000] {dag.py:3096} INFO - Sync 1 DAGs
[2026-02-27T22:36:39.171+0000] {logging_mixin.py:188} INFO - [2026-02-27T22:36:39.170+0000] {dag.py:3954} INFO - Setting next_dagrun for pipeline_simple to 2026-02-26 00:00:00+00:00, run_after=2026-02-27 00:00:00+00:00
[2026-02-27T22:36:39.201+0000] {processor.py:183} INFO - Processing /opt/airflow/dags/pipeline_simple_dag.py took 0.179 seconds
[2026-02-27T22:37:09.714+0000] {processor.py:161} INFO - Started process (PID=1070) to work on /opt/airflow/dags/pipeline_simple_dag.py
[2026-02-27T22:37:09.716+0000] {processor.py:830} INFO - Processing file /opt/airflow/dags/pipeline_simple_dag.py for tasks to queue
[2026-02-27T22:37:09.718+0000] {logging_mixin.py:188} INFO - [2026-02-27T22:37:09.717+0000] {dagbag.py:540} INFO - Filling up the DagBag from /opt/airflow/dags/pipeline_simple_dag.py
[2026-02-27T22:37:09.759+0000] {processor.py:840} INFO - DAG(s) 'pipeline_simple' retrieved from /opt/airflow/dags/pipeline_simple_dag.py
[2026-02-27T22:37:09.808+0000] {logging_mixin.py:188} INFO - [2026-02-27T22:37:09.807+0000] {dag.py:3096} INFO - Sync 1 DAGs
[2026-02-27T22:37:09.841+0000] {logging_mixin.py:188} INFO - [2026-02-27T22:37:09.841+0000] {dag.py:3954} INFO - Setting next_dagrun for pipeline_simple to 2026-02-26 00:00:00+00:00, run_after=2026-02-27 00:00:00+00:00
[2026-02-27T22:37:09.875+0000] {processor.py:183} INFO - Processing /opt/airflow/dags/pipeline_simple_dag.py took 0.170 seconds
[2026-02-27T22:37:39.996+0000] {processor.py:161} INFO - Started process (PID=1078) to work on /opt/airflow/dags/pipeline_simple_dag.py
[2026-02-27T22:37:39.998+0000] {processor.py:830} INFO - Processing file /opt/airflow/dags/pipeline_simple_dag.py for tasks to queue
[2026-02-27T22:37:40.000+0000] {logging_mixin.py:188} INFO - [2026-02-27T22:37:40.000+0000] {dagbag.py:540} INFO - Filling up the DagBag from /opt/airflow/dags/pipeline_simple_dag.py
[2026-02-27T22:37:40.047+0000] {processor.py:840} INFO - DAG(s) 'pipeline_simple' retrieved from /opt/airflow/dags/pipeline_simple_dag.py
[2026-02-27T22:37:40.093+0000] {logging_mixin.py:188} INFO - [2026-02-27T22:37:40.093+0000] {dag.py:3096} INFO - Sync 1 DAGs
[2026-02-27T22:37:40.125+0000] {logging_mixin.py:188} INFO - [2026-02-27T22:37:40.125+0000] {dag.py:3954} INFO - Setting next_dagrun for pipeline_simple to 2026-02-26 00:00:00+00:00, run_after=2026-02-27 00:00:00+00:00
[2026-02-27T22:37:40.151+0000] {processor.py:183} INFO - Processing /opt/airflow/dags/pipeline_simple_dag.py took 0.167 seconds
[2026-02-27T22:38:10.511+0000] {processor.py:161} INFO - Started process (PID=1086) to work on /opt/airflow/dags/pipeline_simple_dag.py
[2026-02-27T22:38:10.514+0000] {processor.py:830} INFO - Processing file /opt/airflow/dags/pipeline_simple_dag.py for tasks to queue
[2026-02-27T22:38:10.516+0000] {logging_mixin.py:188} INFO - [2026-02-27T22:38:10.515+0000] {dagbag.py:540} INFO - Filling up the DagBag from /opt/airflow/dags/pipeline_simple_dag.py
[2026-02-27T22:38:10.563+0000] {processor.py:840} INFO - DAG(s) 'pipeline_simple' retrieved from /opt/airflow/dags/pipeline_simple_dag.py
[2026-02-27T22:38:10.611+0000] {logging_mixin.py:188} INFO - [2026-02-27T22:38:10.610+0000] {dag.py:3096} INFO - Sync 1 DAGs
[2026-02-27T22:38:10.657+0000] {logging_mixin.py:188} INFO - [2026-02-27T22:38:10.657+0000] {dag.py:3954} INFO - Setting next_dagrun for pipeline_simple to 2026-02-26 00:00:00+00:00, run_after=2026-02-27 00:00:00+00:00
[2026-02-27T22:38:10.694+0000] {processor.py:183} INFO - Processing /opt/airflow/dags/pipeline_simple_dag.py took 0.191 seconds
[2026-02-27T22:38:41.028+0000] {processor.py:161} INFO - Started process (PID=1094) to work on /opt/airflow/dags/pipeline_simple_dag.py
[2026-02-27T22:38:41.029+0000] {processor.py:830} INFO - Processing file /opt/airflow/dags/pipeline_simple_dag.py for tasks to queue
[2026-02-27T22:38:41.031+0000] {logging_mixin.py:188} INFO - [2026-02-27T22:38:41.030+0000] {dagbag.py:540} INFO - Filling up the DagBag from /opt/airflow/dags/pipeline_simple_dag.py
[2026-02-27T22:38:41.065+0000] {processor.py:840} INFO - DAG(s) 'pipeline_simple' retrieved from /opt/airflow/dags/pipeline_simple_dag.py
[2026-02-27T22:38:41.107+0000] {logging_mixin.py:188} INFO - [2026-02-27T22:38:41.106+0000] {dag.py:3096} INFO - Sync 1 DAGs
[2026-02-27T22:38:41.143+0000] {logging_mixin.py:188} INFO - [2026-02-27T22:38:41.143+0000] {dag.py:3954} INFO - Setting next_dagrun for pipeline_simple to 2026-02-26 00:00:00+00:00, run_after=2026-02-27 00:00:00+00:00
[2026-02-27T22:38:41.171+0000] {processor.py:183} INFO - Processing /opt/airflow/dags/pipeline_simple_dag.py took 0.151 seconds
[2026-02-27T22:39:11.568+0000] {processor.py:161} INFO - Started process (PID=1102) to work on /opt/airflow/dags/pipeline_simple_dag.py
[2026-02-27T22:39:11.570+0000] {processor.py:830} INFO - Processing file /opt/airflow/dags/pipeline_simple_dag.py for tasks to queue
[2026-02-27T22:39:11.572+0000] {logging_mixin.py:188} INFO - [2026-02-27T22:39:11.571+0000] {dagbag.py:540} INFO - Filling up the DagBag from /opt/airflow/dags/pipeline_simple_dag.py
[2026-02-27T22:39:11.619+0000] {processor.py:840} INFO - DAG(s) 'pipeline_simple' retrieved from /opt/airflow/dags/pipeline_simple_dag.py
[2026-02-27T22:39:11.667+0000] {logging_mixin.py:188} INFO - [2026-02-27T22:39:11.667+0000] {dag.py:3096} INFO - Sync 1 DAGs
[2026-02-27T22:39:11.707+0000] {logging_mixin.py:188} INFO - [2026-02-27T22:39:11.707+0000] {dag.py:3954} INFO - Setting next_dagrun for pipeline_simple to 2026-02-26 00:00:00+00:00, run_after=2026-02-27 00:00:00+00:00
[2026-02-27T22:39:11.755+0000] {processor.py:183} INFO - Processing /opt/airflow/dags/pipeline_simple_dag.py took 0.196 seconds
[2026-02-27T22:39:41.984+0000] {processor.py:161} INFO - Started process (PID=1110) to work on /opt/airflow/dags/pipeline_simple_dag.py
[2026-02-27T22:39:41.986+0000] {processor.py:830} INFO - Processing file /opt/airflow/dags/pipeline_simple_dag.py for tasks to queue
[2026-02-27T22:39:41.988+0000] {logging_mixin.py:188} INFO - [2026-02-27T22:39:41.987+0000] {dagbag.py:540} INFO - Filling up the DagBag from /opt/airflow/dags/pipeline_simple_dag.py
[2026-02-27T22:39:42.034+0000] {processor.py:840} INFO - DAG(s) 'pipeline_simple' retrieved from /opt/airflow/dags/pipeline_simple_dag.py
[2026-02-27T22:39:42.100+0000] {logging_mixin.py:188} INFO - [2026-02-27T22:39:42.099+0000] {dag.py:3096} INFO - Sync 1 DAGs
[2026-02-27T22:39:42.149+0000] {logging_mixin.py:188} INFO - [2026-02-27T22:39:42.148+0000] {dag.py:3954} INFO - Setting next_dagrun for pipeline_simple to 2026-02-26 00:00:00+00:00, run_after=2026-02-27 00:00:00+00:00
[2026-02-27T22:39:42.187+0000] {processor.py:183} INFO - Processing /opt/airflow/dags/pipeline_simple_dag.py took 0.210 seconds
[2026-02-27T22:40:12.738+0000] {processor.py:161} INFO - Started process (PID=1118) to work on /opt/airflow/dags/pipeline_simple_dag.py
[2026-02-27T22:40:12.740+0000] {processor.py:830} INFO - Processing file /opt/airflow/dags/pipeline_simple_dag.py for tasks to queue
[2026-02-27T22:40:12.742+0000] {logging_mixin.py:188} INFO - [2026-02-27T22:40:12.741+0000] {dagbag.py:540} INFO - Filling up the DagBag from /opt/airflow/dags/pipeline_simple_dag.py
[2026-02-27T22:40:12.785+0000] {processor.py:840} INFO - DAG(s) 'pipeline_simple' retrieved from /opt/airflow/dags/pipeline_simple_dag.py
[2026-02-27T22:40:12.840+0000] {logging_mixin.py:188} INFO - [2026-02-27T22:40:12.840+0000] {dag.py:3096} INFO - Sync 1 DAGs
[2026-02-27T22:40:12.883+0000] {logging_mixin.py:188} INFO - [2026-02-27T22:40:12.883+0000] {dag.py:3954} INFO - Setting next_dagrun for pipeline_simple to 2026-02-26 00:00:00+00:00, run_after=2026-02-27 00:00:00+00:00
[2026-02-27T22:40:12.921+0000] {processor.py:183} INFO - Processing /opt/airflow/dags/pipeline_simple_dag.py took 0.194 seconds
[2026-02-27T22:40:43.125+0000] {processor.py:161} INFO - Started process (PID=1126) to work on /opt/airflow/dags/pipeline_simple_dag.py
[2026-02-27T22:40:43.127+0000] {processor.py:830} INFO - Processing file /opt/airflow/dags/pipeline_simple_dag.py for tasks to queue
[2026-02-27T22:40:43.130+0000] {logging_mixin.py:188} INFO - [2026-02-27T22:40:43.129+0000] {dagbag.py:540} INFO - Filling up the DagBag from /opt/airflow/dags/pipeline_simple_dag.py
[2026-02-27T22:40:43.177+0000] {processor.py:840} INFO - DAG(s) 'pipeline_simple' retrieved from /opt/airflow/dags/pipeline_simple_dag.py
[2026-02-27T22:40:43.222+0000] {logging_mixin.py:188} INFO - [2026-02-27T22:40:43.221+0000] {dag.py:3096} INFO - Sync 1 DAGs
[2026-02-27T22:40:43.255+0000] {logging_mixin.py:188} INFO - [2026-02-27T22:40:43.255+0000] {dag.py:3954} INFO - Setting next_dagrun for pipeline_simple to 2026-02-26 00:00:00+00:00, run_after=2026-02-27 00:00:00+00:00
[2026-02-27T22:40:43.294+0000] {processor.py:183} INFO - Processing /opt/airflow/dags/pipeline_simple_dag.py took 0.182 seconds
[2026-02-27T22:41:13.913+0000] {processor.py:161} INFO - Started process (PID=1134) to work on /opt/airflow/dags/pipeline_simple_dag.py
[2026-02-27T22:41:13.915+0000] {processor.py:830} INFO - Processing file /opt/airflow/dags/pipeline_simple_dag.py for tasks to queue
[2026-02-27T22:41:13.917+0000] {logging_mixin.py:188} INFO - [2026-02-27T22:41:13.916+0000] {dagbag.py:540} INFO - Filling up the DagBag from /opt/airflow/dags/pipeline_simple_dag.py
[2026-02-27T22:41:13.964+0000] {processor.py:840} INFO - DAG(s) 'pipeline_simple' retrieved from /opt/airflow/dags/pipeline_simple_dag.py
[2026-02-27T22:41:14.006+0000] {logging_mixin.py:188} INFO - [2026-02-27T22:41:14.006+0000] {dag.py:3096} INFO - Sync 1 DAGs
[2026-02-27T22:41:14.036+0000] {logging_mixin.py:188} INFO - [2026-02-27T22:41:14.036+0000] {dag.py:3954} INFO - Setting next_dagrun for pipeline_simple to 2026-02-26 00:00:00+00:00, run_after=2026-02-27 00:00:00+00:00
[2026-02-27T22:41:14.076+0000] {processor.py:183} INFO - Processing /opt/airflow/dags/pipeline_simple_dag.py took 0.172 seconds
[2026-02-27T22:41:45.214+0000] {processor.py:161} INFO - Started process (PID=1143) to work on /opt/airflow/dags/pipeline_simple_dag.py
[2026-02-27T22:41:45.216+0000] {processor.py:830} INFO - Processing file /opt/airflow/dags/pipeline_simple_dag.py for tasks to queue
[2026-02-27T22:41:45.218+0000] {logging_mixin.py:188} INFO - [2026-02-27T22:41:45.217+0000] {dagbag.py:540} INFO - Filling up the DagBag from /opt/airflow/dags/pipeline_simple_dag.py
[2026-02-27T22:41:45.256+0000] {processor.py:840} INFO - DAG(s) 'pipeline_simple' retrieved from /opt/airflow/dags/pipeline_simple_dag.py
[2026-02-27T22:41:45.300+0000] {logging_mixin.py:188} INFO - [2026-02-27T22:41:45.299+0000] {dag.py:3096} INFO - Sync 1 DAGs
[2026-02-27T22:41:45.331+0000] {logging_mixin.py:188} INFO - [2026-02-27T22:41:45.330+0000] {dag.py:3954} INFO - Setting next_dagrun for pipeline_simple to 2026-02-26 00:00:00+00:00, run_after=2026-02-27 00:00:00+00:00
[2026-02-27T22:41:45.368+0000] {processor.py:183} INFO - Processing /opt/airflow/dags/pipeline_simple_dag.py took 0.162 seconds
[2026-02-27T22:42:16.209+0000] {processor.py:161} INFO - Started process (PID=1152) to work on /opt/airflow/dags/pipeline_simple_dag.py
[2026-02-27T22:42:16.212+0000] {processor.py:830} INFO - Processing file /opt/airflow/dags/pipeline_simple_dag.py for tasks to queue
[2026-02-27T22:42:16.215+0000] {logging_mixin.py:188} INFO - [2026-02-27T22:42:16.215+0000] {dagbag.py:540} INFO - Filling up the DagBag from /opt/airflow/dags/pipeline_simple_dag.py
[2026-02-27T22:42:16.261+0000] {processor.py:840} INFO - DAG(s) 'pipeline_simple' retrieved from /opt/airflow/dags/pipeline_simple_dag.py
[2026-02-27T22:42:16.317+0000] {logging_mixin.py:188} INFO - [2026-02-27T22:42:16.316+0000] {dag.py:3096} INFO - Sync 1 DAGs
[2026-02-27T22:42:16.359+0000] {logging_mixin.py:188} INFO - [2026-02-27T22:42:16.358+0000] {dag.py:3954} INFO - Setting next_dagrun for pipeline_simple to 2026-02-26 00:00:00+00:00, run_after=2026-02-27 00:00:00+00:00
[2026-02-27T22:42:16.403+0000] {processor.py:183} INFO - Processing /opt/airflow/dags/pipeline_simple_dag.py took 0.204 seconds
[2026-02-27T22:42:46.792+0000] {processor.py:161} INFO - Started process (PID=1161) to work on /opt/airflow/dags/pipeline_simple_dag.py
[2026-02-27T22:42:46.794+0000] {processor.py:830} INFO - Processing file /opt/airflow/dags/pipeline_simple_dag.py for tasks to queue
[2026-02-27T22:42:46.796+0000] {logging_mixin.py:188} INFO - [2026-02-27T22:42:46.795+0000] {dagbag.py:540} INFO - Filling up the DagBag from /opt/airflow/dags/pipeline_simple_dag.py
[2026-02-27T22:42:46.841+0000] {processor.py:840} INFO - DAG(s) 'pipeline_simple' retrieved from /opt/airflow/dags/pipeline_simple_dag.py
[2026-02-27T22:42:46.880+0000] {logging_mixin.py:188} INFO - [2026-02-27T22:42:46.880+0000] {dag.py:3096} INFO - Sync 1 DAGs
[2026-02-27T22:42:46.913+0000] {logging_mixin.py:188} INFO - [2026-02-27T22:42:46.913+0000] {dag.py:3954} INFO - Setting next_dagrun for pipeline_simple to 2026-02-26 00:00:00+00:00, run_after=2026-02-27 00:00:00+00:00
[2026-02-27T22:42:46.951+0000] {processor.py:183} INFO - Processing /opt/airflow/dags/pipeline_simple_dag.py took 0.167 seconds
[2026-02-27T22:43:17.656+0000] {processor.py:161} INFO - Started process (PID=1170) to work on /opt/airflow/dags/pipeline_simple_dag.py
[2026-02-27T22:43:17.659+0000] {processor.py:830} INFO - Processing file /opt/airflow/dags/pipeline_simple_dag.py for tasks to queue
[2026-02-27T22:43:17.662+0000] {logging_mixin.py:188} INFO - [2026-02-27T22:43:17.661+0000] {dagbag.py:540} INFO - Filling up the DagBag from /opt/airflow/dags/pipeline_simple_dag.py
[2026-02-27T22:43:17.727+0000] {processor.py:840} INFO - DAG(s) 'pipeline_simple' retrieved from /opt/airflow/dags/pipeline_simple_dag.py
[2026-02-27T22:43:17.792+0000] {logging_mixin.py:188} INFO - [2026-02-27T22:43:17.792+0000] {dag.py:3096} INFO - Sync 1 DAGs
[2026-02-27T22:43:17.842+0000] {logging_mixin.py:188} INFO - [2026-02-27T22:43:17.842+0000] {dag.py:3954} INFO - Setting next_dagrun for pipeline_simple to 2026-02-26 00:00:00+00:00, run_after=2026-02-27 00:00:00+00:00
[2026-02-27T22:43:17.884+0000] {processor.py:183} INFO - Processing /opt/airflow/dags/pipeline_simple_dag.py took 0.239 seconds
[2026-02-27T22:43:48.546+0000] {processor.py:161} INFO - Started process (PID=1179) to work on /opt/airflow/dags/pipeline_simple_dag.py
[2026-02-27T22:43:48.548+0000] {processor.py:830} INFO - Processing file /opt/airflow/dags/pipeline_simple_dag.py for tasks to queue
[2026-02-27T22:43:48.550+0000] {logging_mixin.py:188} INFO - [2026-02-27T22:43:48.550+0000] {dagbag.py:540} INFO - Filling up the DagBag from /opt/airflow/dags/pipeline_simple_dag.py
[2026-02-27T22:43:48.595+0000] {processor.py:840} INFO - DAG(s) 'pipeline_simple' retrieved from /opt/airflow/dags/pipeline_simple_dag.py
[2026-02-27T22:43:48.652+0000] {logging_mixin.py:188} INFO - [2026-02-27T22:43:48.651+0000] {dag.py:3096} INFO - Sync 1 DAGs
[2026-02-27T22:43:48.703+0000] {logging_mixin.py:188} INFO - [2026-02-27T22:43:48.703+0000] {dag.py:3954} INFO - Setting next_dagrun for pipeline_simple to 2026-02-26 00:00:00+00:00, run_after=2026-02-27 00:00:00+00:00
[2026-02-27T22:43:48.751+0000] {processor.py:183} INFO - Processing /opt/airflow/dags/pipeline_simple_dag.py took 0.213 seconds
[2026-02-27T22:44:19.430+0000] {processor.py:161} INFO - Started process (PID=1188) to work on /opt/airflow/dags/pipeline_simple_dag.py
[2026-02-27T22:44:19.433+0000] {processor.py:830} INFO - Processing file /opt/airflow/dags/pipeline_simple_dag.py for tasks to queue
[2026-02-27T22:44:19.436+0000] {logging_mixin.py:188} INFO - [2026-02-27T22:44:19.435+0000] {dagbag.py:540} INFO - Filling up the DagBag from /opt/airflow/dags/pipeline_simple_dag.py
[2026-02-27T22:44:19.478+0000] {processor.py:840} INFO - DAG(s) 'pipeline_simple' retrieved from /opt/airflow/dags/pipeline_simple_dag.py
[2026-02-27T22:44:19.523+0000] {logging_mixin.py:188} INFO - [2026-02-27T22:44:19.523+0000] {dag.py:3096} INFO - Sync 1 DAGs
[2026-02-27T22:44:19.557+0000] {logging_mixin.py:188} INFO - [2026-02-27T22:44:19.557+0000] {dag.py:3954} INFO - Setting next_dagrun for pipeline_simple to 2026-02-26 00:00:00+00:00, run_after=2026-02-27 00:00:00+00:00
[2026-02-27T22:44:19.595+0000] {processor.py:183} INFO - Processing /opt/airflow/dags/pipeline_simple_dag.py took 0.175 seconds
[2026-02-27T22:44:49.958+0000] {processor.py:161} INFO - Started process (PID=1197) to work on /opt/airflow/dags/pipeline_simple_dag.py
[2026-02-27T22:44:49.960+0000] {processor.py:830} INFO - Processing file /opt/airflow/dags/pipeline_simple_dag.py for tasks to queue
[2026-02-27T22:44:49.961+0000] {logging_mixin.py:188} INFO - [2026-02-27T22:44:49.961+0000] {dagbag.py:540} INFO - Filling up the DagBag from /opt/airflow/dags/pipeline_simple_dag.py
[2026-02-27T22:44:49.994+0000] {processor.py:840} INFO - DAG(s) 'pipeline_simple' retrieved from /opt/airflow/dags/pipeline_simple_dag.py
[2026-02-27T22:44:50.034+0000] {logging_mixin.py:188} INFO - [2026-02-27T22:44:50.034+0000] {dag.py:3096} INFO - Sync 1 DAGs
[2026-02-27T22:44:50.064+0000] {logging_mixin.py:188} INFO - [2026-02-27T22:44:50.063+0000] {dag.py:3954} INFO - Setting next_dagrun for pipeline_simple to 2026-02-26 00:00:00+00:00, run_after=2026-02-27 00:00:00+00:00
[2026-02-27T22:44:50.094+0000] {processor.py:183} INFO - Processing /opt/airflow/dags/pipeline_simple_dag.py took 0.145 seconds
[2026-02-27T22:45:20.817+0000] {processor.py:161} INFO - Started process (PID=1206) to work on /opt/airflow/dags/pipeline_simple_dag.py
[2026-02-27T22:45:20.819+0000] {processor.py:830} INFO - Processing file /opt/airflow/dags/pipeline_simple_dag.py for tasks to queue
[2026-02-27T22:45:20.821+0000] {logging_mixin.py:188} INFO - [2026-02-27T22:45:20.820+0000] {dagbag.py:540} INFO - Filling up the DagBag from /opt/airflow/dags/pipeline_simple_dag.py
[2026-02-27T22:45:20.881+0000] {processor.py:840} INFO - DAG(s) 'pipeline_simple' retrieved from /opt/airflow/dags/pipeline_simple_dag.py
[2026-02-27T22:45:20.938+0000] {logging_mixin.py:188} INFO - [2026-02-27T22:45:20.937+0000] {dag.py:3096} INFO - Sync 1 DAGs
[2026-02-27T22:45:20.973+0000] {logging_mixin.py:188} INFO - [2026-02-27T22:45:20.973+0000] {dag.py:3954} INFO - Setting next_dagrun for pipeline_simple to 2026-02-26 00:00:00+00:00, run_after=2026-02-27 00:00:00+00:00
[2026-02-27T22:45:21.014+0000] {processor.py:183} INFO - Processing /opt/airflow/dags/pipeline_simple_dag.py took 0.209 seconds
[2026-02-27T22:45:51.512+0000] {processor.py:161} INFO - Started process (PID=1215) to work on /opt/airflow/dags/pipeline_simple_dag.py
[2026-02-27T22:45:51.514+0000] {processor.py:830} INFO - Processing file /opt/airflow/dags/pipeline_simple_dag.py for tasks to queue
[2026-02-27T22:45:51.516+0000] {logging_mixin.py:188} INFO - [2026-02-27T22:45:51.515+0000] {dagbag.py:540} INFO - Filling up the DagBag from /opt/airflow/dags/pipeline_simple_dag.py
[2026-02-27T22:45:51.549+0000] {processor.py:840} INFO - DAG(s) 'pipeline_simple' retrieved from /opt/airflow/dags/pipeline_simple_dag.py
[2026-02-27T22:45:51.596+0000] {logging_mixin.py:188} INFO - [2026-02-27T22:45:51.596+0000] {dag.py:3096} INFO - Sync 1 DAGs
[2026-02-27T22:45:51.634+0000] {logging_mixin.py:188} INFO - [2026-02-27T22:45:51.633+0000] {dag.py:3954} INFO - Setting next_dagrun for pipeline_simple to 2026-02-26 00:00:00+00:00, run_after=2026-02-27 00:00:00+00:00
[2026-02-27T22:45:51.665+0000] {processor.py:183} INFO - Processing /opt/airflow/dags/pipeline_simple_dag.py took 0.162 seconds
[2026-02-27T22:46:22.487+0000] {processor.py:161} INFO - Started process (PID=1224) to work on /opt/airflow/dags/pipeline_simple_dag.py
[2026-02-27T22:46:22.491+0000] {processor.py:830} INFO - Processing file /opt/airflow/dags/pipeline_simple_dag.py for tasks to queue
[2026-02-27T22:46:22.495+0000] {logging_mixin.py:188} INFO - [2026-02-27T22:46:22.494+0000] {dagbag.py:540} INFO - Filling up the DagBag from /opt/airflow/dags/pipeline_simple_dag.py
[2026-02-27T22:46:22.569+0000] {processor.py:840} INFO - DAG(s) 'pipeline_simple' retrieved from /opt/airflow/dags/pipeline_simple_dag.py
[2026-02-27T22:46:22.639+0000] {logging_mixin.py:188} INFO - [2026-02-27T22:46:22.638+0000] {dag.py:3096} INFO - Sync 1 DAGs
[2026-02-27T22:46:22.676+0000] {logging_mixin.py:188} INFO - [2026-02-27T22:46:22.675+0000] {dag.py:3954} INFO - Setting next_dagrun for pipeline_simple to 2026-02-26 00:00:00+00:00, run_after=2026-02-27 00:00:00+00:00
[2026-02-27T22:46:22.717+0000] {processor.py:183} INFO - Processing /opt/airflow/dags/pipeline_simple_dag.py took 0.248 seconds
[2026-02-27T22:46:52.912+0000] {processor.py:161} INFO - Started process (PID=1233) to work on /opt/airflow/dags/pipeline_simple_dag.py
[2026-02-27T22:46:52.914+0000] {processor.py:830} INFO - Processing file /opt/airflow/dags/pipeline_simple_dag.py for tasks to queue
[2026-02-27T22:46:52.916+0000] {logging_mixin.py:188} INFO - [2026-02-27T22:46:52.915+0000] {dagbag.py:540} INFO - Filling up the DagBag from /opt/airflow/dags/pipeline_simple_dag.py
[2026-02-27T22:46:52.963+0000] {processor.py:840} INFO - DAG(s) 'pipeline_simple' retrieved from /opt/airflow/dags/pipeline_simple_dag.py
[2026-02-27T22:46:53.015+0000] {logging_mixin.py:188} INFO - [2026-02-27T22:46:53.014+0000] {dag.py:3096} INFO - Sync 1 DAGs
[2026-02-27T22:46:53.055+0000] {logging_mixin.py:188} INFO - [2026-02-27T22:46:53.055+0000] {dag.py:3954} INFO - Setting next_dagrun for pipeline_simple to 2026-02-26 00:00:00+00:00, run_after=2026-02-27 00:00:00+00:00
[2026-02-27T22:46:53.098+0000] {processor.py:183} INFO - Processing /opt/airflow/dags/pipeline_simple_dag.py took 0.196 seconds
[2026-02-27T22:47:23.872+0000] {processor.py:161} INFO - Started process (PID=1242) to work on /opt/airflow/dags/pipeline_simple_dag.py
[2026-02-27T22:47:23.874+0000] {processor.py:830} INFO - Processing file /opt/airflow/dags/pipeline_simple_dag.py for tasks to queue
[2026-02-27T22:47:23.875+0000] {logging_mixin.py:188} INFO - [2026-02-27T22:47:23.875+0000] {dagbag.py:540} INFO - Filling up the DagBag from /opt/airflow/dags/pipeline_simple_dag.py
[2026-02-27T22:47:23.916+0000] {processor.py:840} INFO - DAG(s) 'pipeline_simple' retrieved from /opt/airflow/dags/pipeline_simple_dag.py
[2026-02-27T22:47:23.965+0000] {logging_mixin.py:188} INFO - [2026-02-27T22:47:23.964+0000] {dag.py:3096} INFO - Sync 1 DAGs
[2026-02-27T22:47:24.012+0000] {logging_mixin.py:188} INFO - [2026-02-27T22:47:24.012+0000] {dag.py:3954} INFO - Setting next_dagrun for pipeline_simple to 2026-02-26 00:00:00+00:00, run_after=2026-02-27 00:00:00+00:00
[2026-02-27T22:47:24.063+0000] {processor.py:183} INFO - Processing /opt/airflow/dags/pipeline_simple_dag.py took 0.202 seconds
[2026-02-27T22:47:55.027+0000] {processor.py:161} INFO - Started process (PID=1252) to work on /opt/airflow/dags/pipeline_simple_dag.py
[2026-02-27T22:47:55.029+0000] {processor.py:830} INFO - Processing file /opt/airflow/dags/pipeline_simple_dag.py for tasks to queue
[2026-02-27T22:47:55.030+0000] {logging_mixin.py:188} INFO - [2026-02-27T22:47:55.030+0000] {dagbag.py:540} INFO - Filling up the DagBag from /opt/airflow/dags/pipeline_simple_dag.py
[2026-02-27T22:47:55.070+0000] {processor.py:840} INFO - DAG(s) 'pipeline_simple' retrieved from /opt/airflow/dags/pipeline_simple_dag.py
[2026-02-27T22:47:55.112+0000] {logging_mixin.py:188} INFO - [2026-02-27T22:47:55.112+0000] {dag.py:3096} INFO - Sync 1 DAGs
[2026-02-27T22:47:55.142+0000] {logging_mixin.py:188} INFO - [2026-02-27T22:47:55.142+0000] {dag.py:3954} INFO - Setting next_dagrun for pipeline_simple to 2026-02-26 00:00:00+00:00, run_after=2026-02-27 00:00:00+00:00
[2026-02-27T22:47:55.167+0000] {processor.py:183} INFO - Processing /opt/airflow/dags/pipeline_simple_dag.py took 0.150 seconds
[2026-02-27T22:48:25.985+0000] {processor.py:161} INFO - Started process (PID=1261) to work on /opt/airflow/dags/pipeline_simple_dag.py
[2026-02-27T22:48:25.986+0000] {processor.py:830} INFO - Processing file /opt/airflow/dags/pipeline_simple_dag.py for tasks to queue
[2026-02-27T22:48:25.988+0000] {logging_mixin.py:188} INFO - [2026-02-27T22:48:25.987+0000] {dagbag.py:540} INFO - Filling up the DagBag from /opt/airflow/dags/pipeline_simple_dag.py
[2026-02-27T22:48:26.022+0000] {processor.py:840} INFO - DAG(s) 'pipeline_simple' retrieved from /opt/airflow/dags/pipeline_simple_dag.py
[2026-02-27T22:48:26.064+0000] {logging_mixin.py:188} INFO - [2026-02-27T22:48:26.064+0000] {dag.py:3096} INFO - Sync 1 DAGs
[2026-02-27T22:48:26.099+0000] {logging_mixin.py:188} INFO - [2026-02-27T22:48:26.099+0000] {dag.py:3954} INFO - Setting next_dagrun for pipeline_simple to 2026-02-26 00:00:00+00:00, run_after=2026-02-27 00:00:00+00:00
[2026-02-27T22:48:26.128+0000] {processor.py:183} INFO - Processing /opt/airflow/dags/pipeline_simple_dag.py took 0.153 seconds
[2026-02-27T22:48:56.703+0000] {processor.py:161} INFO - Started process (PID=1269) to work on /opt/airflow/dags/pipeline_simple_dag.py
[2026-02-27T22:48:56.705+0000] {processor.py:830} INFO - Processing file /opt/airflow/dags/pipeline_simple_dag.py for tasks to queue
[2026-02-27T22:48:56.707+0000] {logging_mixin.py:188} INFO - [2026-02-27T22:48:56.707+0000] {dagbag.py:540} INFO - Filling up the DagBag from /opt/airflow/dags/pipeline_simple_dag.py
[2026-02-27T22:48:56.748+0000] {processor.py:840} INFO - DAG(s) 'pipeline_simple' retrieved from /opt/airflow/dags/pipeline_simple_dag.py
[2026-02-27T22:48:56.791+0000] {logging_mixin.py:188} INFO - [2026-02-27T22:48:56.790+0000] {dag.py:3096} INFO - Sync 1 DAGs
[2026-02-27T22:48:56.859+0000] {logging_mixin.py:188} INFO - [2026-02-27T22:48:56.858+0000] {dag.py:3954} INFO - Setting next_dagrun for pipeline_simple to 2026-02-26 00:00:00+00:00, run_after=2026-02-27 00:00:00+00:00
[2026-02-27T22:48:56.913+0000] {processor.py:183} INFO - Processing /opt/airflow/dags/pipeline_simple_dag.py took 0.220 seconds
[2026-02-27T22:49:27.872+0000] {processor.py:161} INFO - Started process (PID=1279) to work on /opt/airflow/dags/pipeline_simple_dag.py
[2026-02-27T22:49:27.874+0000] {processor.py:830} INFO - Processing file /opt/airflow/dags/pipeline_simple_dag.py for tasks to queue
[2026-02-27T22:49:27.876+0000] {logging_mixin.py:188} INFO - [2026-02-27T22:49:27.875+0000] {dagbag.py:540} INFO - Filling up the DagBag from /opt/airflow/dags/pipeline_simple_dag.py
[2026-02-27T22:49:27.926+0000] {processor.py:840} INFO - DAG(s) 'pipeline_simple' retrieved from /opt/airflow/dags/pipeline_simple_dag.py
[2026-02-27T22:49:27.969+0000] {logging_mixin.py:188} INFO - [2026-02-27T22:49:27.968+0000] {dag.py:3096} INFO - Sync 1 DAGs
[2026-02-27T22:49:28.003+0000] {logging_mixin.py:188} INFO - [2026-02-27T22:49:28.002+0000] {dag.py:3954} INFO - Setting next_dagrun for pipeline_simple to 2026-02-26 00:00:00+00:00, run_after=2026-02-27 00:00:00+00:00
[2026-02-27T22:49:28.041+0000] {processor.py:183} INFO - Processing /opt/airflow/dags/pipeline_simple_dag.py took 0.178 seconds
[2026-02-27T22:49:58.816+0000] {processor.py:161} INFO - Started process (PID=1288) to work on /opt/airflow/dags/pipeline_simple_dag.py
[2026-02-27T22:49:58.819+0000] {processor.py:830} INFO - Processing file /opt/airflow/dags/pipeline_simple_dag.py for tasks to queue
[2026-02-27T22:49:58.821+0000] {logging_mixin.py:188} INFO - [2026-02-27T22:49:58.821+0000] {dagbag.py:540} INFO - Filling up the DagBag from /opt/airflow/dags/pipeline_simple_dag.py
[2026-02-27T22:49:58.876+0000] {processor.py:840} INFO - DAG(s) 'pipeline_simple' retrieved from /opt/airflow/dags/pipeline_simple_dag.py
[2026-02-27T22:49:58.933+0000] {logging_mixin.py:188} INFO - [2026-02-27T22:49:58.932+0000] {dag.py:3096} INFO - Sync 1 DAGs
[2026-02-27T22:49:58.987+0000] {logging_mixin.py:188} INFO - [2026-02-27T22:49:58.986+0000] {dag.py:3954} INFO - Setting next_dagrun for pipeline_simple to 2026-02-26 00:00:00+00:00, run_after=2026-02-27 00:00:00+00:00
[2026-02-27T22:49:59.033+0000] {processor.py:183} INFO - Processing /opt/airflow/dags/pipeline_simple_dag.py took 0.230 seconds
[2026-02-27T22:50:29.777+0000] {processor.py:161} INFO - Started process (PID=1297) to work on /opt/airflow/dags/pipeline_simple_dag.py
[2026-02-27T22:50:29.779+0000] {processor.py:830} INFO - Processing file /opt/airflow/dags/pipeline_simple_dag.py for tasks to queue
[2026-02-27T22:50:29.782+0000] {logging_mixin.py:188} INFO - [2026-02-27T22:50:29.781+0000] {dagbag.py:540} INFO - Filling up the DagBag from /opt/airflow/dags/pipeline_simple_dag.py
[2026-02-27T22:50:29.829+0000] {processor.py:840} INFO - DAG(s) 'pipeline_simple' retrieved from /opt/airflow/dags/pipeline_simple_dag.py
[2026-02-27T22:50:29.879+0000] {logging_mixin.py:188} INFO - [2026-02-27T22:50:29.879+0000] {dag.py:3096} INFO - Sync 1 DAGs
[2026-02-27T22:50:29.919+0000] {logging_mixin.py:188} INFO - [2026-02-27T22:50:29.918+0000] {dag.py:3954} INFO - Setting next_dagrun for pipeline_simple to 2026-02-26 00:00:00+00:00, run_after=2026-02-27 00:00:00+00:00
[2026-02-27T22:50:29.960+0000] {processor.py:183} INFO - Processing /opt/airflow/dags/pipeline_simple_dag.py took 0.192 seconds
[2026-02-27T22:51:00.569+0000] {processor.py:161} INFO - Started process (PID=1305) to work on /opt/airflow/dags/pipeline_simple_dag.py
[2026-02-27T22:51:00.572+0000] {processor.py:830} INFO - Processing file /opt/airflow/dags/pipeline_simple_dag.py for tasks to queue
[2026-02-27T22:51:00.574+0000] {logging_mixin.py:188} INFO - [2026-02-27T22:51:00.573+0000] {dagbag.py:540} INFO - Filling up the DagBag from /opt/airflow/dags/pipeline_simple_dag.py
[2026-02-27T22:51:00.613+0000] {processor.py:840} INFO - DAG(s) 'pipeline_simple' retrieved from /opt/airflow/dags/pipeline_simple_dag.py
[2026-02-27T22:51:00.656+0000] {logging_mixin.py:188} INFO - [2026-02-27T22:51:00.656+0000] {dag.py:3096} INFO - Sync 1 DAGs
[2026-02-27T22:51:00.697+0000] {logging_mixin.py:188} INFO - [2026-02-27T22:51:00.697+0000] {dag.py:3954} INFO - Setting next_dagrun for pipeline_simple to 2026-02-26 00:00:00+00:00, run_after=2026-02-27 00:00:00+00:00
[2026-02-27T22:51:00.747+0000] {processor.py:183} INFO - Processing /opt/airflow/dags/pipeline_simple_dag.py took 0.187 seconds
[2026-02-27T22:51:30.944+0000] {processor.py:161} INFO - Started process (PID=1314) to work on /opt/airflow/dags/pipeline_simple_dag.py
[2026-02-27T22:51:30.946+0000] {processor.py:830} INFO - Processing file /opt/airflow/dags/pipeline_simple_dag.py for tasks to queue
[2026-02-27T22:51:30.947+0000] {logging_mixin.py:188} INFO - [2026-02-27T22:51:30.947+0000] {dagbag.py:540} INFO - Filling up the DagBag from /opt/airflow/dags/pipeline_simple_dag.py
[2026-02-27T22:51:30.989+0000] {processor.py:840} INFO - DAG(s) 'pipeline_simple' retrieved from /opt/airflow/dags/pipeline_simple_dag.py
[2026-02-27T22:51:31.047+0000] {logging_mixin.py:188} INFO - [2026-02-27T22:51:31.046+0000] {dag.py:3096} INFO - Sync 1 DAGs
[2026-02-27T22:51:31.094+0000] {logging_mixin.py:188} INFO - [2026-02-27T22:51:31.093+0000] {dag.py:3954} INFO - Setting next_dagrun for pipeline_simple to 2026-02-26 00:00:00+00:00, run_after=2026-02-27 00:00:00+00:00
[2026-02-27T22:51:31.142+0000] {processor.py:183} INFO - Processing /opt/airflow/dags/pipeline_simple_dag.py took 0.207 seconds
[2026-02-27T22:52:50.224+0000] {processor.py:161} INFO - Started process (PID=38) to work on /opt/airflow/dags/pipeline_simple_dag.py
[2026-02-27T22:52:50.227+0000] {processor.py:830} INFO - Processing file /opt/airflow/dags/pipeline_simple_dag.py for tasks to queue
[2026-02-27T22:52:50.230+0000] {logging_mixin.py:188} INFO - [2026-02-27T22:52:50.229+0000] {dagbag.py:540} INFO - Filling up the DagBag from /opt/airflow/dags/pipeline_simple_dag.py
[2026-02-27T22:52:50.279+0000] {processor.py:840} INFO - DAG(s) 'pipeline_simple' retrieved from /opt/airflow/dags/pipeline_simple_dag.py
[2026-02-27T22:52:50.344+0000] {logging_mixin.py:188} INFO - [2026-02-27T22:52:50.343+0000] {dag.py:3096} INFO - Sync 1 DAGs
[2026-02-27T22:52:50.401+0000] {logging_mixin.py:188} INFO - [2026-02-27T22:52:50.400+0000] {dag.py:3954} INFO - Setting next_dagrun for pipeline_simple to 2026-02-26 00:00:00+00:00, run_after=2026-02-27 00:00:00+00:00
[2026-02-27T22:52:50.444+0000] {processor.py:183} INFO - Processing /opt/airflow/dags/pipeline_simple_dag.py took 0.230 seconds
[2026-02-27T22:53:20.895+0000] {processor.py:161} INFO - Started process (PID=47) to work on /opt/airflow/dags/pipeline_simple_dag.py
[2026-02-27T22:53:20.897+0000] {processor.py:830} INFO - Processing file /opt/airflow/dags/pipeline_simple_dag.py for tasks to queue
[2026-02-27T22:53:20.899+0000] {logging_mixin.py:188} INFO - [2026-02-27T22:53:20.898+0000] {dagbag.py:540} INFO - Filling up the DagBag from /opt/airflow/dags/pipeline_simple_dag.py
[2026-02-27T22:53:20.974+0000] {processor.py:840} INFO - DAG(s) 'pipeline_simple' retrieved from /opt/airflow/dags/pipeline_simple_dag.py
[2026-02-27T22:53:21.050+0000] {logging_mixin.py:188} INFO - [2026-02-27T22:53:21.049+0000] {dag.py:3096} INFO - Sync 1 DAGs
[2026-02-27T22:53:21.096+0000] {logging_mixin.py:188} INFO - [2026-02-27T22:53:21.096+0000] {dag.py:3954} INFO - Setting next_dagrun for pipeline_simple to 2026-02-26 00:00:00+00:00, run_after=2026-02-27 00:00:00+00:00
[2026-02-27T22:53:21.135+0000] {processor.py:183} INFO - Processing /opt/airflow/dags/pipeline_simple_dag.py took 0.252 seconds
[2026-02-27T22:53:51.783+0000] {processor.py:161} INFO - Started process (PID=56) to work on /opt/airflow/dags/pipeline_simple_dag.py
[2026-02-27T22:53:51.785+0000] {processor.py:830} INFO - Processing file /opt/airflow/dags/pipeline_simple_dag.py for tasks to queue
[2026-02-27T22:53:51.788+0000] {logging_mixin.py:188} INFO - [2026-02-27T22:53:51.787+0000] {dagbag.py:540} INFO - Filling up the DagBag from /opt/airflow/dags/pipeline_simple_dag.py
[2026-02-27T22:53:51.839+0000] {processor.py:840} INFO - DAG(s) 'pipeline_simple' retrieved from /opt/airflow/dags/pipeline_simple_dag.py
[2026-02-27T22:53:51.886+0000] {logging_mixin.py:188} INFO - [2026-02-27T22:53:51.886+0000] {dag.py:3096} INFO - Sync 1 DAGs
[2026-02-27T22:53:51.922+0000] {logging_mixin.py:188} INFO - [2026-02-27T22:53:51.922+0000] {dag.py:3954} INFO - Setting next_dagrun for pipeline_simple to 2026-02-26 00:00:00+00:00, run_after=2026-02-27 00:00:00+00:00
[2026-02-27T22:53:51.962+0000] {processor.py:183} INFO - Processing /opt/airflow/dags/pipeline_simple_dag.py took 0.191 seconds
[2026-02-27T22:54:23.021+0000] {processor.py:161} INFO - Started process (PID=65) to work on /opt/airflow/dags/pipeline_simple_dag.py
[2026-02-27T22:54:23.025+0000] {processor.py:830} INFO - Processing file /opt/airflow/dags/pipeline_simple_dag.py for tasks to queue
[2026-02-27T22:54:23.028+0000] {logging_mixin.py:188} INFO - [2026-02-27T22:54:23.027+0000] {dagbag.py:540} INFO - Filling up the DagBag from /opt/airflow/dags/pipeline_simple_dag.py
[2026-02-27T22:54:23.083+0000] {processor.py:840} INFO - DAG(s) 'pipeline_simple' retrieved from /opt/airflow/dags/pipeline_simple_dag.py
[2026-02-27T22:54:23.131+0000] {logging_mixin.py:188} INFO - [2026-02-27T22:54:23.131+0000] {dag.py:3096} INFO - Sync 1 DAGs
[2026-02-27T22:54:23.167+0000] {logging_mixin.py:188} INFO - [2026-02-27T22:54:23.167+0000] {dag.py:3954} INFO - Setting next_dagrun for pipeline_simple to 2026-02-26 00:00:00+00:00, run_after=2026-02-27 00:00:00+00:00
[2026-02-27T22:54:23.209+0000] {processor.py:183} INFO - Processing /opt/airflow/dags/pipeline_simple_dag.py took 0.205 seconds
[2026-02-27T22:54:53.761+0000] {processor.py:161} INFO - Started process (PID=74) to work on /opt/airflow/dags/pipeline_simple_dag.py
[2026-02-27T22:54:53.764+0000] {processor.py:830} INFO - Processing file /opt/airflow/dags/pipeline_simple_dag.py for tasks to queue
[2026-02-27T22:54:53.766+0000] {logging_mixin.py:188} INFO - [2026-02-27T22:54:53.765+0000] {dagbag.py:540} INFO - Filling up the DagBag from /opt/airflow/dags/pipeline_simple_dag.py
[2026-02-27T22:54:53.816+0000] {processor.py:840} INFO - DAG(s) 'pipeline_simple' retrieved from /opt/airflow/dags/pipeline_simple_dag.py
[2026-02-27T22:54:53.879+0000] {logging_mixin.py:188} INFO - [2026-02-27T22:54:53.879+0000] {dag.py:3096} INFO - Sync 1 DAGs
[2026-02-27T22:54:53.915+0000] {logging_mixin.py:188} INFO - [2026-02-27T22:54:53.915+0000] {dag.py:3954} INFO - Setting next_dagrun for pipeline_simple to 2026-02-26 00:00:00+00:00, run_after=2026-02-27 00:00:00+00:00
[2026-02-27T22:54:53.948+0000] {processor.py:183} INFO - Processing /opt/airflow/dags/pipeline_simple_dag.py took 0.200 seconds
[2026-02-27T22:55:24.392+0000] {processor.py:161} INFO - Started process (PID=83) to work on /opt/airflow/dags/pipeline_simple_dag.py
[2026-02-27T22:55:24.393+0000] {processor.py:830} INFO - Processing file /opt/airflow/dags/pipeline_simple_dag.py for tasks to queue
[2026-02-27T22:55:24.395+0000] {logging_mixin.py:188} INFO - [2026-02-27T22:55:24.395+0000] {dagbag.py:540} INFO - Filling up the DagBag from /opt/airflow/dags/pipeline_simple_dag.py
[2026-02-27T22:55:24.435+0000] {processor.py:840} INFO - DAG(s) 'pipeline_simple' retrieved from /opt/airflow/dags/pipeline_simple_dag.py
[2026-02-27T22:55:24.487+0000] {logging_mixin.py:188} INFO - [2026-02-27T22:55:24.486+0000] {dag.py:3096} INFO - Sync 1 DAGs
[2026-02-27T22:55:24.525+0000] {logging_mixin.py:188} INFO - [2026-02-27T22:55:24.525+0000] {dag.py:3954} INFO - Setting next_dagrun for pipeline_simple to 2026-02-26 00:00:00+00:00, run_after=2026-02-27 00:00:00+00:00
[2026-02-27T22:55:24.558+0000] {processor.py:183} INFO - Processing /opt/airflow/dags/pipeline_simple_dag.py took 0.176 seconds
[2026-02-27T22:55:54.947+0000] {processor.py:161} INFO - Started process (PID=92) to work on /opt/airflow/dags/pipeline_simple_dag.py
[2026-02-27T22:55:54.949+0000] {processor.py:830} INFO - Processing file /opt/airflow/dags/pipeline_simple_dag.py for tasks to queue
[2026-02-27T22:55:54.951+0000] {logging_mixin.py:188} INFO - [2026-02-27T22:55:54.950+0000] {dagbag.py:540} INFO - Filling up the DagBag from /opt/airflow/dags/pipeline_simple_dag.py
[2026-02-27T22:55:55.002+0000] {processor.py:840} INFO - DAG(s) 'pipeline_simple' retrieved from /opt/airflow/dags/pipeline_simple_dag.py
[2026-02-27T22:55:55.055+0000] {logging_mixin.py:188} INFO - [2026-02-27T22:55:55.055+0000] {dag.py:3096} INFO - Sync 1 DAGs
[2026-02-27T22:55:55.098+0000] {logging_mixin.py:188} INFO - [2026-02-27T22:55:55.097+0000] {dag.py:3954} INFO - Setting next_dagrun for pipeline_simple to 2026-02-26 00:00:00+00:00, run_after=2026-02-27 00:00:00+00:00
[2026-02-27T22:55:55.148+0000] {processor.py:183} INFO - Processing /opt/airflow/dags/pipeline_simple_dag.py took 0.211 seconds
[2026-02-27T22:56:25.715+0000] {processor.py:161} INFO - Started process (PID=101) to work on /opt/airflow/dags/pipeline_simple_dag.py
[2026-02-27T22:56:25.717+0000] {processor.py:830} INFO - Processing file /opt/airflow/dags/pipeline_simple_dag.py for tasks to queue
[2026-02-27T22:56:25.719+0000] {logging_mixin.py:188} INFO - [2026-02-27T22:56:25.718+0000] {dagbag.py:540} INFO - Filling up the DagBag from /opt/airflow/dags/pipeline_simple_dag.py
[2026-02-27T22:56:25.767+0000] {processor.py:840} INFO - DAG(s) 'pipeline_simple' retrieved from /opt/airflow/dags/pipeline_simple_dag.py
[2026-02-27T22:56:25.809+0000] {logging_mixin.py:188} INFO - [2026-02-27T22:56:25.808+0000] {dag.py:3096} INFO - Sync 1 DAGs
[2026-02-27T22:56:25.840+0000] {logging_mixin.py:188} INFO - [2026-02-27T22:56:25.839+0000] {dag.py:3954} INFO - Setting next_dagrun for pipeline_simple to 2026-02-26 00:00:00+00:00, run_after=2026-02-27 00:00:00+00:00
[2026-02-27T22:56:25.877+0000] {processor.py:183} INFO - Processing /opt/airflow/dags/pipeline_simple_dag.py took 0.171 seconds
[2026-02-27T22:56:56.588+0000] {processor.py:161} INFO - Started process (PID=111) to work on /opt/airflow/dags/pipeline_simple_dag.py
[2026-02-27T22:56:56.591+0000] {processor.py:830} INFO - Processing file /opt/airflow/dags/pipeline_simple_dag.py for tasks to queue
[2026-02-27T22:56:56.594+0000] {logging_mixin.py:188} INFO - [2026-02-27T22:56:56.593+0000] {dagbag.py:540} INFO - Filling up the DagBag from /opt/airflow/dags/pipeline_simple_dag.py
[2026-02-27T22:56:56.644+0000] {processor.py:840} INFO - DAG(s) 'pipeline_simple' retrieved from /opt/airflow/dags/pipeline_simple_dag.py
[2026-02-27T22:56:56.687+0000] {logging_mixin.py:188} INFO - [2026-02-27T22:56:56.686+0000] {dag.py:3096} INFO - Sync 1 DAGs
[2026-02-27T22:56:56.716+0000] {logging_mixin.py:188} INFO - [2026-02-27T22:56:56.715+0000] {dag.py:3954} INFO - Setting next_dagrun for pipeline_simple to 2026-02-26 00:00:00+00:00, run_after=2026-02-27 00:00:00+00:00
[2026-02-27T22:56:56.754+0000] {processor.py:183} INFO - Processing /opt/airflow/dags/pipeline_simple_dag.py took 0.177 seconds
[2026-02-27T22:57:27.539+0000] {processor.py:161} INFO - Started process (PID=120) to work on /opt/airflow/dags/pipeline_simple_dag.py
[2026-02-27T22:57:27.540+0000] {processor.py:830} INFO - Processing file /opt/airflow/dags/pipeline_simple_dag.py for tasks to queue
[2026-02-27T22:57:27.542+0000] {logging_mixin.py:188} INFO - [2026-02-27T22:57:27.541+0000] {dagbag.py:540} INFO - Filling up the DagBag from /opt/airflow/dags/pipeline_simple_dag.py
[2026-02-27T22:57:27.576+0000] {processor.py:840} INFO - DAG(s) 'pipeline_simple' retrieved from /opt/airflow/dags/pipeline_simple_dag.py
[2026-02-27T22:57:27.615+0000] {logging_mixin.py:188} INFO - [2026-02-27T22:57:27.615+0000] {dag.py:3096} INFO - Sync 1 DAGs
[2026-02-27T22:57:27.651+0000] {logging_mixin.py:188} INFO - [2026-02-27T22:57:27.650+0000] {dag.py:3954} INFO - Setting next_dagrun for pipeline_simple to 2026-02-26 00:00:00+00:00, run_after=2026-02-27 00:00:00+00:00
[2026-02-27T22:57:27.691+0000] {processor.py:183} INFO - Processing /opt/airflow/dags/pipeline_simple_dag.py took 0.160 seconds
[2026-02-27T22:57:57.812+0000] {processor.py:161} INFO - Started process (PID=129) to work on /opt/airflow/dags/pipeline_simple_dag.py
[2026-02-27T22:57:57.813+0000] {processor.py:830} INFO - Processing file /opt/airflow/dags/pipeline_simple_dag.py for tasks to queue
[2026-02-27T22:57:57.815+0000] {logging_mixin.py:188} INFO - [2026-02-27T22:57:57.815+0000] {dagbag.py:540} INFO - Filling up the DagBag from /opt/airflow/dags/pipeline_simple_dag.py
[2026-02-27T22:57:57.885+0000] {processor.py:840} INFO - DAG(s) 'pipeline_simple' retrieved from /opt/airflow/dags/pipeline_simple_dag.py
[2026-02-27T22:57:57.944+0000] {logging_mixin.py:188} INFO - [2026-02-27T22:57:57.943+0000] {dag.py:3096} INFO - Sync 1 DAGs
[2026-02-27T22:57:57.979+0000] {logging_mixin.py:188} INFO - [2026-02-27T22:57:57.979+0000] {dag.py:3954} INFO - Setting next_dagrun for pipeline_simple to 2026-02-26 00:00:00+00:00, run_after=2026-02-27 00:00:00+00:00
[2026-02-27T22:57:58.014+0000] {processor.py:183} INFO - Processing /opt/airflow/dags/pipeline_simple_dag.py took 0.212 seconds
[2026-02-27T22:58:29.063+0000] {processor.py:161} INFO - Started process (PID=138) to work on /opt/airflow/dags/pipeline_simple_dag.py
[2026-02-27T22:58:29.065+0000] {processor.py:830} INFO - Processing file /opt/airflow/dags/pipeline_simple_dag.py for tasks to queue
[2026-02-27T22:58:29.066+0000] {logging_mixin.py:188} INFO - [2026-02-27T22:58:29.066+0000] {dagbag.py:540} INFO - Filling up the DagBag from /opt/airflow/dags/pipeline_simple_dag.py
[2026-02-27T22:58:29.106+0000] {processor.py:840} INFO - DAG(s) 'pipeline_simple' retrieved from /opt/airflow/dags/pipeline_simple_dag.py
[2026-02-27T22:58:29.154+0000] {logging_mixin.py:188} INFO - [2026-02-27T22:58:29.154+0000] {dag.py:3096} INFO - Sync 1 DAGs
[2026-02-27T22:58:29.191+0000] {logging_mixin.py:188} INFO - [2026-02-27T22:58:29.191+0000] {dag.py:3954} INFO - Setting next_dagrun for pipeline_simple to 2026-02-26 00:00:00+00:00, run_after=2026-02-27 00:00:00+00:00
[2026-02-27T22:58:29.216+0000] {processor.py:183} INFO - Processing /opt/airflow/dags/pipeline_simple_dag.py took 0.163 seconds
[2026-02-27T22:58:59.770+0000] {processor.py:161} INFO - Started process (PID=147) to work on /opt/airflow/dags/pipeline_simple_dag.py
[2026-02-27T22:58:59.772+0000] {processor.py:830} INFO - Processing file /opt/airflow/dags/pipeline_simple_dag.py for tasks to queue
[2026-02-27T22:58:59.774+0000] {logging_mixin.py:188} INFO - [2026-02-27T22:58:59.773+0000] {dagbag.py:540} INFO - Filling up the DagBag from /opt/airflow/dags/pipeline_simple_dag.py
[2026-02-27T22:58:59.847+0000] {processor.py:840} INFO - DAG(s) 'pipeline_simple' retrieved from /opt/airflow/dags/pipeline_simple_dag.py
[2026-02-27T22:58:59.900+0000] {logging_mixin.py:188} INFO - [2026-02-27T22:58:59.900+0000] {dag.py:3096} INFO - Sync 1 DAGs
[2026-02-27T22:58:59.935+0000] {logging_mixin.py:188} INFO - [2026-02-27T22:58:59.934+0000] {dag.py:3954} INFO - Setting next_dagrun for pipeline_simple to 2026-02-26 00:00:00+00:00, run_after=2026-02-27 00:00:00+00:00
[2026-02-27T22:58:59.964+0000] {processor.py:183} INFO - Processing /opt/airflow/dags/pipeline_simple_dag.py took 0.205 seconds
[2026-02-27T22:59:30.481+0000] {processor.py:161} INFO - Started process (PID=156) to work on /opt/airflow/dags/pipeline_simple_dag.py
[2026-02-27T22:59:30.484+0000] {processor.py:830} INFO - Processing file /opt/airflow/dags/pipeline_simple_dag.py for tasks to queue
[2026-02-27T22:59:30.486+0000] {logging_mixin.py:188} INFO - [2026-02-27T22:59:30.486+0000] {dagbag.py:540} INFO - Filling up the DagBag from /opt/airflow/dags/pipeline_simple_dag.py
[2026-02-27T22:59:30.535+0000] {processor.py:840} INFO - DAG(s) 'pipeline_simple' retrieved from /opt/airflow/dags/pipeline_simple_dag.py
[2026-02-27T22:59:30.580+0000] {logging_mixin.py:188} INFO - [2026-02-27T22:59:30.579+0000] {dag.py:3096} INFO - Sync 1 DAGs
[2026-02-27T22:59:30.614+0000] {logging_mixin.py:188} INFO - [2026-02-27T22:59:30.613+0000] {dag.py:3954} INFO - Setting next_dagrun for pipeline_simple to 2026-02-26 00:00:00+00:00, run_after=2026-02-27 00:00:00+00:00
[2026-02-27T22:59:30.646+0000] {processor.py:183} INFO - Processing /opt/airflow/dags/pipeline_simple_dag.py took 0.177 seconds
[2026-02-27T23:00:01.030+0000] {processor.py:161} INFO - Started process (PID=165) to work on /opt/airflow/dags/pipeline_simple_dag.py
[2026-02-27T23:00:01.032+0000] {processor.py:830} INFO - Processing file /opt/airflow/dags/pipeline_simple_dag.py for tasks to queue
[2026-02-27T23:00:01.034+0000] {logging_mixin.py:188} INFO - [2026-02-27T23:00:01.034+0000] {dagbag.py:540} INFO - Filling up the DagBag from /opt/airflow/dags/pipeline_simple_dag.py
[2026-02-27T23:00:01.078+0000] {processor.py:840} INFO - DAG(s) 'pipeline_simple' retrieved from /opt/airflow/dags/pipeline_simple_dag.py
[2026-02-27T23:00:01.131+0000] {logging_mixin.py:188} INFO - [2026-02-27T23:00:01.131+0000] {dag.py:3096} INFO - Sync 1 DAGs
[2026-02-27T23:00:01.170+0000] {logging_mixin.py:188} INFO - [2026-02-27T23:00:01.169+0000] {dag.py:3954} INFO - Setting next_dagrun for pipeline_simple to 2026-02-26 00:00:00+00:00, run_after=2026-02-27 00:00:00+00:00
[2026-02-27T23:00:01.197+0000] {processor.py:183} INFO - Processing /opt/airflow/dags/pipeline_simple_dag.py took 0.178 seconds
[2026-02-27T23:00:31.528+0000] {processor.py:161} INFO - Started process (PID=174) to work on /opt/airflow/dags/pipeline_simple_dag.py
[2026-02-27T23:00:31.530+0000] {processor.py:830} INFO - Processing file /opt/airflow/dags/pipeline_simple_dag.py for tasks to queue
[2026-02-27T23:00:31.532+0000] {logging_mixin.py:188} INFO - [2026-02-27T23:00:31.532+0000] {dagbag.py:540} INFO - Filling up the DagBag from /opt/airflow/dags/pipeline_simple_dag.py
[2026-02-27T23:00:31.579+0000] {processor.py:840} INFO - DAG(s) 'pipeline_simple' retrieved from /opt/airflow/dags/pipeline_simple_dag.py
[2026-02-27T23:00:31.622+0000] {logging_mixin.py:188} INFO - [2026-02-27T23:00:31.622+0000] {dag.py:3096} INFO - Sync 1 DAGs
[2026-02-27T23:00:31.654+0000] {logging_mixin.py:188} INFO - [2026-02-27T23:00:31.653+0000] {dag.py:3954} INFO - Setting next_dagrun for pipeline_simple to 2026-02-26 00:00:00+00:00, run_after=2026-02-27 00:00:00+00:00
[2026-02-27T23:00:31.683+0000] {processor.py:183} INFO - Processing /opt/airflow/dags/pipeline_simple_dag.py took 0.167 seconds
[2026-02-27T23:01:02.104+0000] {processor.py:161} INFO - Started process (PID=183) to work on /opt/airflow/dags/pipeline_simple_dag.py
[2026-02-27T23:01:02.106+0000] {processor.py:830} INFO - Processing file /opt/airflow/dags/pipeline_simple_dag.py for tasks to queue
[2026-02-27T23:01:02.109+0000] {logging_mixin.py:188} INFO - [2026-02-27T23:01:02.108+0000] {dagbag.py:540} INFO - Filling up the DagBag from /opt/airflow/dags/pipeline_simple_dag.py
[2026-02-27T23:01:02.154+0000] {processor.py:840} INFO - DAG(s) 'pipeline_simple' retrieved from /opt/airflow/dags/pipeline_simple_dag.py
[2026-02-27T23:01:02.201+0000] {logging_mixin.py:188} INFO - [2026-02-27T23:01:02.201+0000] {dag.py:3096} INFO - Sync 1 DAGs
[2026-02-27T23:01:02.232+0000] {logging_mixin.py:188} INFO - [2026-02-27T23:01:02.232+0000] {dag.py:3954} INFO - Setting next_dagrun for pipeline_simple to 2026-02-26 00:00:00+00:00, run_after=2026-02-27 00:00:00+00:00
[2026-02-27T23:01:02.265+0000] {processor.py:183} INFO - Processing /opt/airflow/dags/pipeline_simple_dag.py took 0.174 seconds
[2026-02-27T23:01:32.728+0000] {processor.py:161} INFO - Started process (PID=192) to work on /opt/airflow/dags/pipeline_simple_dag.py
[2026-02-27T23:01:32.730+0000] {processor.py:830} INFO - Processing file /opt/airflow/dags/pipeline_simple_dag.py for tasks to queue
[2026-02-27T23:01:32.733+0000] {logging_mixin.py:188} INFO - [2026-02-27T23:01:32.732+0000] {dagbag.py:540} INFO - Filling up the DagBag from /opt/airflow/dags/pipeline_simple_dag.py
[2026-02-27T23:01:32.779+0000] {processor.py:840} INFO - DAG(s) 'pipeline_simple' retrieved from /opt/airflow/dags/pipeline_simple_dag.py
[2026-02-27T23:01:32.817+0000] {logging_mixin.py:188} INFO - [2026-02-27T23:01:32.817+0000] {dag.py:3096} INFO - Sync 1 DAGs
[2026-02-27T23:01:32.848+0000] {logging_mixin.py:188} INFO - [2026-02-27T23:01:32.848+0000] {dag.py:3954} INFO - Setting next_dagrun for pipeline_simple to 2026-02-26 00:00:00+00:00, run_after=2026-02-27 00:00:00+00:00
[2026-02-27T23:01:32.877+0000] {processor.py:183} INFO - Processing /opt/airflow/dags/pipeline_simple_dag.py took 0.160 seconds
[2026-02-27T23:02:03.170+0000] {processor.py:161} INFO - Started process (PID=201) to work on /opt/airflow/dags/pipeline_simple_dag.py
[2026-02-27T23:02:03.172+0000] {processor.py:830} INFO - Processing file /opt/airflow/dags/pipeline_simple_dag.py for tasks to queue
[2026-02-27T23:02:03.174+0000] {logging_mixin.py:188} INFO - [2026-02-27T23:02:03.173+0000] {dagbag.py:540} INFO - Filling up the DagBag from /opt/airflow/dags/pipeline_simple_dag.py
[2026-02-27T23:02:03.218+0000] {processor.py:840} INFO - DAG(s) 'pipeline_simple' retrieved from /opt/airflow/dags/pipeline_simple_dag.py
[2026-02-27T23:02:03.266+0000] {logging_mixin.py:188} INFO - [2026-02-27T23:02:03.265+0000] {dag.py:3096} INFO - Sync 1 DAGs
[2026-02-27T23:02:03.316+0000] {logging_mixin.py:188} INFO - [2026-02-27T23:02:03.315+0000] {dag.py:3954} INFO - Setting next_dagrun for pipeline_simple to 2026-02-26 00:00:00+00:00, run_after=2026-02-27 00:00:00+00:00
[2026-02-27T23:02:03.358+0000] {processor.py:183} INFO - Processing /opt/airflow/dags/pipeline_simple_dag.py took 0.198 seconds
[2026-02-27T23:02:33.737+0000] {processor.py:161} INFO - Started process (PID=210) to work on /opt/airflow/dags/pipeline_simple_dag.py
[2026-02-27T23:02:33.742+0000] {processor.py:830} INFO - Processing file /opt/airflow/dags/pipeline_simple_dag.py for tasks to queue
[2026-02-27T23:02:33.744+0000] {logging_mixin.py:188} INFO - [2026-02-27T23:02:33.743+0000] {dagbag.py:540} INFO - Filling up the DagBag from /opt/airflow/dags/pipeline_simple_dag.py
[2026-02-27T23:02:33.801+0000] {processor.py:840} INFO - DAG(s) 'pipeline_simple' retrieved from /opt/airflow/dags/pipeline_simple_dag.py
[2026-02-27T23:02:33.848+0000] {logging_mixin.py:188} INFO - [2026-02-27T23:02:33.848+0000] {dag.py:3096} INFO - Sync 1 DAGs
[2026-02-27T23:02:33.893+0000] {logging_mixin.py:188} INFO - [2026-02-27T23:02:33.892+0000] {dag.py:3954} INFO - Setting next_dagrun for pipeline_simple to 2026-02-26 00:00:00+00:00, run_after=2026-02-27 00:00:00+00:00
[2026-02-27T23:02:33.924+0000] {processor.py:183} INFO - Processing /opt/airflow/dags/pipeline_simple_dag.py took 0.200 seconds
[2026-02-27T23:03:04.261+0000] {processor.py:161} INFO - Started process (PID=219) to work on /opt/airflow/dags/pipeline_simple_dag.py
[2026-02-27T23:03:04.263+0000] {processor.py:830} INFO - Processing file /opt/airflow/dags/pipeline_simple_dag.py for tasks to queue
[2026-02-27T23:03:04.266+0000] {logging_mixin.py:188} INFO - [2026-02-27T23:03:04.265+0000] {dagbag.py:540} INFO - Filling up the DagBag from /opt/airflow/dags/pipeline_simple_dag.py
[2026-02-27T23:03:04.314+0000] {processor.py:840} INFO - DAG(s) 'pipeline_simple' retrieved from /opt/airflow/dags/pipeline_simple_dag.py
[2026-02-27T23:03:04.362+0000] {logging_mixin.py:188} INFO - [2026-02-27T23:03:04.361+0000] {dag.py:3096} INFO - Sync 1 DAGs
[2026-02-27T23:03:04.395+0000] {logging_mixin.py:188} INFO - [2026-02-27T23:03:04.395+0000] {dag.py:3954} INFO - Setting next_dagrun for pipeline_simple to 2026-02-26 00:00:00+00:00, run_after=2026-02-27 00:00:00+00:00
[2026-02-27T23:03:04.423+0000] {processor.py:183} INFO - Processing /opt/airflow/dags/pipeline_simple_dag.py took 0.173 seconds
[2026-02-27T23:03:34.698+0000] {processor.py:161} INFO - Started process (PID=228) to work on /opt/airflow/dags/pipeline_simple_dag.py
[2026-02-27T23:03:34.701+0000] {processor.py:830} INFO - Processing file /opt/airflow/dags/pipeline_simple_dag.py for tasks to queue
[2026-02-27T23:03:34.702+0000] {logging_mixin.py:188} INFO - [2026-02-27T23:03:34.702+0000] {dagbag.py:540} INFO - Filling up the DagBag from /opt/airflow/dags/pipeline_simple_dag.py
[2026-02-27T23:03:34.746+0000] {processor.py:840} INFO - DAG(s) 'pipeline_simple' retrieved from /opt/airflow/dags/pipeline_simple_dag.py
[2026-02-27T23:03:34.791+0000] {logging_mixin.py:188} INFO - [2026-02-27T23:03:34.790+0000] {dag.py:3096} INFO - Sync 1 DAGs
[2026-02-27T23:03:34.829+0000] {logging_mixin.py:188} INFO - [2026-02-27T23:03:34.829+0000] {dag.py:3954} INFO - Setting next_dagrun for pipeline_simple to 2026-02-26 00:00:00+00:00, run_after=2026-02-27 00:00:00+00:00
[2026-02-27T23:03:34.863+0000] {processor.py:183} INFO - Processing /opt/airflow/dags/pipeline_simple_dag.py took 0.177 seconds
[2026-02-27T23:04:05.190+0000] {processor.py:161} INFO - Started process (PID=237) to work on /opt/airflow/dags/pipeline_simple_dag.py
[2026-02-27T23:04:05.192+0000] {processor.py:830} INFO - Processing file /opt/airflow/dags/pipeline_simple_dag.py for tasks to queue
[2026-02-27T23:04:05.195+0000] {logging_mixin.py:188} INFO - [2026-02-27T23:04:05.194+0000] {dagbag.py:540} INFO - Filling up the DagBag from /opt/airflow/dags/pipeline_simple_dag.py
[2026-02-27T23:04:05.254+0000] {processor.py:840} INFO - DAG(s) 'pipeline_simple' retrieved from /opt/airflow/dags/pipeline_simple_dag.py
[2026-02-27T23:04:05.316+0000] {logging_mixin.py:188} INFO - [2026-02-27T23:04:05.316+0000] {dag.py:3096} INFO - Sync 1 DAGs
[2026-02-27T23:04:05.358+0000] {logging_mixin.py:188} INFO - [2026-02-27T23:04:05.358+0000] {dag.py:3954} INFO - Setting next_dagrun for pipeline_simple to 2026-02-26 00:00:00+00:00, run_after=2026-02-27 00:00:00+00:00
[2026-02-27T23:04:05.402+0000] {processor.py:183} INFO - Processing /opt/airflow/dags/pipeline_simple_dag.py took 0.223 seconds
[2026-02-27T23:04:35.650+0000] {processor.py:161} INFO - Started process (PID=246) to work on /opt/airflow/dags/pipeline_simple_dag.py
[2026-02-27T23:04:35.652+0000] {processor.py:830} INFO - Processing file /opt/airflow/dags/pipeline_simple_dag.py for tasks to queue
[2026-02-27T23:04:35.654+0000] {logging_mixin.py:188} INFO - [2026-02-27T23:04:35.653+0000] {dagbag.py:540} INFO - Filling up the DagBag from /opt/airflow/dags/pipeline_simple_dag.py
[2026-02-27T23:04:35.698+0000] {processor.py:840} INFO - DAG(s) 'pipeline_simple' retrieved from /opt/airflow/dags/pipeline_simple_dag.py
[2026-02-27T23:04:35.741+0000] {logging_mixin.py:188} INFO - [2026-02-27T23:04:35.741+0000] {dag.py:3096} INFO - Sync 1 DAGs
[2026-02-27T23:04:35.773+0000] {logging_mixin.py:188} INFO - [2026-02-27T23:04:35.773+0000] {dag.py:3954} INFO - Setting next_dagrun for pipeline_simple to 2026-02-26 00:00:00+00:00, run_after=2026-02-27 00:00:00+00:00
[2026-02-27T23:04:35.796+0000] {processor.py:183} INFO - Processing /opt/airflow/dags/pipeline_simple_dag.py took 0.155 seconds
[2026-02-27T23:05:06.049+0000] {processor.py:161} INFO - Started process (PID=255) to work on /opt/airflow/dags/pipeline_simple_dag.py
[2026-02-27T23:05:06.051+0000] {processor.py:830} INFO - Processing file /opt/airflow/dags/pipeline_simple_dag.py for tasks to queue
[2026-02-27T23:05:06.053+0000] {logging_mixin.py:188} INFO - [2026-02-27T23:05:06.053+0000] {dagbag.py:540} INFO - Filling up the DagBag from /opt/airflow/dags/pipeline_simple_dag.py
[2026-02-27T23:05:06.100+0000] {processor.py:840} INFO - DAG(s) 'pipeline_simple' retrieved from /opt/airflow/dags/pipeline_simple_dag.py
[2026-02-27T23:05:06.146+0000] {logging_mixin.py:188} INFO - [2026-02-27T23:05:06.145+0000] {dag.py:3096} INFO - Sync 1 DAGs
[2026-02-27T23:05:06.182+0000] {logging_mixin.py:188} INFO - [2026-02-27T23:05:06.182+0000] {dag.py:3954} INFO - Setting next_dagrun for pipeline_simple to 2026-02-26 00:00:00+00:00, run_after=2026-02-27 00:00:00+00:00
[2026-02-27T23:05:06.228+0000] {processor.py:183} INFO - Processing /opt/airflow/dags/pipeline_simple_dag.py took 0.189 seconds
[2026-02-27T23:05:36.699+0000] {processor.py:161} INFO - Started process (PID=264) to work on /opt/airflow/dags/pipeline_simple_dag.py
[2026-02-27T23:05:36.701+0000] {processor.py:830} INFO - Processing file /opt/airflow/dags/pipeline_simple_dag.py for tasks to queue
[2026-02-27T23:05:36.702+0000] {logging_mixin.py:188} INFO - [2026-02-27T23:05:36.702+0000] {dagbag.py:540} INFO - Filling up the DagBag from /opt/airflow/dags/pipeline_simple_dag.py
[2026-02-27T23:05:36.747+0000] {processor.py:840} INFO - DAG(s) 'pipeline_simple' retrieved from /opt/airflow/dags/pipeline_simple_dag.py
[2026-02-27T23:05:36.786+0000] {logging_mixin.py:188} INFO - [2026-02-27T23:05:36.786+0000] {dag.py:3096} INFO - Sync 1 DAGs
[2026-02-27T23:05:36.818+0000] {logging_mixin.py:188} INFO - [2026-02-27T23:05:36.818+0000] {dag.py:3954} INFO - Setting next_dagrun for pipeline_simple to 2026-02-26 00:00:00+00:00, run_after=2026-02-27 00:00:00+00:00
[2026-02-27T23:05:36.849+0000] {processor.py:183} INFO - Processing /opt/airflow/dags/pipeline_simple_dag.py took 0.159 seconds
[2026-02-27T23:06:07.818+0000] {processor.py:161} INFO - Started process (PID=273) to work on /opt/airflow/dags/pipeline_simple_dag.py
[2026-02-27T23:06:07.822+0000] {processor.py:830} INFO - Processing file /opt/airflow/dags/pipeline_simple_dag.py for tasks to queue
[2026-02-27T23:06:07.826+0000] {logging_mixin.py:188} INFO - [2026-02-27T23:06:07.825+0000] {dagbag.py:540} INFO - Filling up the DagBag from /opt/airflow/dags/pipeline_simple_dag.py
[2026-02-27T23:06:07.913+0000] {processor.py:840} INFO - DAG(s) 'pipeline_simple' retrieved from /opt/airflow/dags/pipeline_simple_dag.py
[2026-02-27T23:06:08.010+0000] {logging_mixin.py:188} INFO - [2026-02-27T23:06:08.010+0000] {dag.py:3096} INFO - Sync 1 DAGs
[2026-02-27T23:06:08.101+0000] {logging_mixin.py:188} INFO - [2026-02-27T23:06:08.100+0000] {dag.py:3954} INFO - Setting next_dagrun for pipeline_simple to 2026-02-26 00:00:00+00:00, run_after=2026-02-27 00:00:00+00:00
[2026-02-27T23:06:08.156+0000] {processor.py:183} INFO - Processing /opt/airflow/dags/pipeline_simple_dag.py took 0.363 seconds
[2026-02-27T23:11:35.224+0000] {processor.py:161} INFO - Started process (PID=39) to work on /opt/airflow/dags/pipeline_simple_dag.py
[2026-02-27T23:11:35.227+0000] {processor.py:830} INFO - Processing file /opt/airflow/dags/pipeline_simple_dag.py for tasks to queue
[2026-02-27T23:11:35.230+0000] {logging_mixin.py:188} INFO - [2026-02-27T23:11:35.229+0000] {dagbag.py:540} INFO - Filling up the DagBag from /opt/airflow/dags/pipeline_simple_dag.py
[2026-02-27T23:11:35.288+0000] {processor.py:840} INFO - DAG(s) 'pipeline_simple' retrieved from /opt/airflow/dags/pipeline_simple_dag.py
[2026-02-27T23:11:35.380+0000] {logging_mixin.py:188} INFO - [2026-02-27T23:11:35.379+0000] {dag.py:3096} INFO - Sync 1 DAGs
[2026-02-27T23:11:35.451+0000] {logging_mixin.py:188} INFO - [2026-02-27T23:11:35.450+0000] {dag.py:3954} INFO - Setting next_dagrun for pipeline_simple to 2026-02-26 00:00:00+00:00, run_after=2026-02-27 00:00:00+00:00
[2026-02-27T23:11:35.511+0000] {processor.py:183} INFO - Processing /opt/airflow/dags/pipeline_simple_dag.py took 0.306 seconds
[2026-02-27T23:12:05.769+0000] {processor.py:161} INFO - Started process (PID=47) to work on /opt/airflow/dags/pipeline_simple_dag.py
[2026-02-27T23:12:05.771+0000] {processor.py:830} INFO - Processing file /opt/airflow/dags/pipeline_simple_dag.py for tasks to queue
[2026-02-27T23:12:05.772+0000] {logging_mixin.py:188} INFO - [2026-02-27T23:12:05.772+0000] {dagbag.py:540} INFO - Filling up the DagBag from /opt/airflow/dags/pipeline_simple_dag.py
[2026-02-27T23:12:05.820+0000] {processor.py:840} INFO - DAG(s) 'pipeline_simple' retrieved from /opt/airflow/dags/pipeline_simple_dag.py
[2026-02-27T23:12:05.883+0000] {logging_mixin.py:188} INFO - [2026-02-27T23:12:05.882+0000] {dag.py:3096} INFO - Sync 1 DAGs
[2026-02-27T23:12:05.931+0000] {logging_mixin.py:188} INFO - [2026-02-27T23:12:05.930+0000] {dag.py:3954} INFO - Setting next_dagrun for pipeline_simple to 2026-02-26 00:00:00+00:00, run_after=2026-02-27 00:00:00+00:00
[2026-02-27T23:12:06.009+0000] {processor.py:183} INFO - Processing /opt/airflow/dags/pipeline_simple_dag.py took 0.250 seconds
[2026-02-27T23:12:36.983+0000] {processor.py:161} INFO - Started process (PID=56) to work on /opt/airflow/dags/pipeline_simple_dag.py
[2026-02-27T23:12:36.984+0000] {processor.py:830} INFO - Processing file /opt/airflow/dags/pipeline_simple_dag.py for tasks to queue
[2026-02-27T23:12:36.986+0000] {logging_mixin.py:188} INFO - [2026-02-27T23:12:36.985+0000] {dagbag.py:540} INFO - Filling up the DagBag from /opt/airflow/dags/pipeline_simple_dag.py
[2026-02-27T23:12:37.021+0000] {processor.py:840} INFO - DAG(s) 'pipeline_simple' retrieved from /opt/airflow/dags/pipeline_simple_dag.py
[2026-02-27T23:12:37.074+0000] {logging_mixin.py:188} INFO - [2026-02-27T23:12:37.074+0000] {dag.py:3096} INFO - Sync 1 DAGs
[2026-02-27T23:12:37.104+0000] {logging_mixin.py:188} INFO - [2026-02-27T23:12:37.104+0000] {dag.py:3954} INFO - Setting next_dagrun for pipeline_simple to 2026-02-26 00:00:00+00:00, run_after=2026-02-27 00:00:00+00:00
[2026-02-27T23:12:37.141+0000] {processor.py:183} INFO - Processing /opt/airflow/dags/pipeline_simple_dag.py took 0.167 seconds
[2026-02-27T23:13:07.852+0000] {processor.py:161} INFO - Started process (PID=65) to work on /opt/airflow/dags/pipeline_simple_dag.py
[2026-02-27T23:13:07.854+0000] {processor.py:830} INFO - Processing file /opt/airflow/dags/pipeline_simple_dag.py for tasks to queue
[2026-02-27T23:13:07.856+0000] {logging_mixin.py:188} INFO - [2026-02-27T23:13:07.855+0000] {dagbag.py:540} INFO - Filling up the DagBag from /opt/airflow/dags/pipeline_simple_dag.py
[2026-02-27T23:13:07.895+0000] {processor.py:840} INFO - DAG(s) 'pipeline_simple' retrieved from /opt/airflow/dags/pipeline_simple_dag.py
[2026-02-27T23:13:07.937+0000] {logging_mixin.py:188} INFO - [2026-02-27T23:13:07.936+0000] {dag.py:3096} INFO - Sync 1 DAGs
[2026-02-27T23:13:07.967+0000] {logging_mixin.py:188} INFO - [2026-02-27T23:13:07.966+0000] {dag.py:3954} INFO - Setting next_dagrun for pipeline_simple to 2026-02-26 00:00:00+00:00, run_after=2026-02-27 00:00:00+00:00
[2026-02-27T23:13:07.995+0000] {processor.py:183} INFO - Processing /opt/airflow/dags/pipeline_simple_dag.py took 0.152 seconds
[2026-02-27T23:13:38.856+0000] {processor.py:161} INFO - Started process (PID=74) to work on /opt/airflow/dags/pipeline_simple_dag.py
[2026-02-27T23:13:38.857+0000] {processor.py:830} INFO - Processing file /opt/airflow/dags/pipeline_simple_dag.py for tasks to queue
[2026-02-27T23:13:38.860+0000] {logging_mixin.py:188} INFO - [2026-02-27T23:13:38.859+0000] {dagbag.py:540} INFO - Filling up the DagBag from /opt/airflow/dags/pipeline_simple_dag.py
[2026-02-27T23:13:38.915+0000] {processor.py:840} INFO - DAG(s) 'pipeline_simple' retrieved from /opt/airflow/dags/pipeline_simple_dag.py
[2026-02-27T23:13:38.962+0000] {logging_mixin.py:188} INFO - [2026-02-27T23:13:38.961+0000] {dag.py:3096} INFO - Sync 1 DAGs
[2026-02-27T23:13:38.995+0000] {logging_mixin.py:188} INFO - [2026-02-27T23:13:38.994+0000] {dag.py:3954} INFO - Setting next_dagrun for pipeline_simple to 2026-02-26 00:00:00+00:00, run_after=2026-02-27 00:00:00+00:00
[2026-02-27T23:13:39.044+0000] {processor.py:183} INFO - Processing /opt/airflow/dags/pipeline_simple_dag.py took 0.199 seconds
[2026-02-27T23:14:09.821+0000] {processor.py:161} INFO - Started process (PID=83) to work on /opt/airflow/dags/pipeline_simple_dag.py
[2026-02-27T23:14:09.823+0000] {processor.py:830} INFO - Processing file /opt/airflow/dags/pipeline_simple_dag.py for tasks to queue
[2026-02-27T23:14:09.825+0000] {logging_mixin.py:188} INFO - [2026-02-27T23:14:09.825+0000] {dagbag.py:540} INFO - Filling up the DagBag from /opt/airflow/dags/pipeline_simple_dag.py
[2026-02-27T23:14:09.871+0000] {processor.py:840} INFO - DAG(s) 'pipeline_simple' retrieved from /opt/airflow/dags/pipeline_simple_dag.py
[2026-02-27T23:14:09.920+0000] {logging_mixin.py:188} INFO - [2026-02-27T23:14:09.920+0000] {dag.py:3096} INFO - Sync 1 DAGs
[2026-02-27T23:14:09.958+0000] {logging_mixin.py:188} INFO - [2026-02-27T23:14:09.957+0000] {dag.py:3954} INFO - Setting next_dagrun for pipeline_simple to 2026-02-26 00:00:00+00:00, run_after=2026-02-27 00:00:00+00:00
[2026-02-27T23:14:10.010+0000] {processor.py:183} INFO - Processing /opt/airflow/dags/pipeline_simple_dag.py took 0.198 seconds
[2026-02-27T23:14:40.870+0000] {processor.py:161} INFO - Started process (PID=92) to work on /opt/airflow/dags/pipeline_simple_dag.py
[2026-02-27T23:14:40.871+0000] {processor.py:830} INFO - Processing file /opt/airflow/dags/pipeline_simple_dag.py for tasks to queue
[2026-02-27T23:14:40.873+0000] {logging_mixin.py:188} INFO - [2026-02-27T23:14:40.872+0000] {dagbag.py:540} INFO - Filling up the DagBag from /opt/airflow/dags/pipeline_simple_dag.py
[2026-02-27T23:14:40.913+0000] {processor.py:840} INFO - DAG(s) 'pipeline_simple' retrieved from /opt/airflow/dags/pipeline_simple_dag.py
[2026-02-27T23:14:40.966+0000] {logging_mixin.py:188} INFO - [2026-02-27T23:14:40.965+0000] {dag.py:3096} INFO - Sync 1 DAGs
[2026-02-27T23:14:41.003+0000] {logging_mixin.py:188} INFO - [2026-02-27T23:14:41.003+0000] {dag.py:3954} INFO - Setting next_dagrun for pipeline_simple to 2026-02-26 00:00:00+00:00, run_after=2026-02-27 00:00:00+00:00
[2026-02-27T23:14:41.045+0000] {processor.py:183} INFO - Processing /opt/airflow/dags/pipeline_simple_dag.py took 0.185 seconds
[2026-02-27T23:15:11.610+0000] {processor.py:161} INFO - Started process (PID=102) to work on /opt/airflow/dags/pipeline_simple_dag.py
[2026-02-27T23:15:11.611+0000] {processor.py:830} INFO - Processing file /opt/airflow/dags/pipeline_simple_dag.py for tasks to queue
[2026-02-27T23:15:11.613+0000] {logging_mixin.py:188} INFO - [2026-02-27T23:15:11.612+0000] {dagbag.py:540} INFO - Filling up the DagBag from /opt/airflow/dags/pipeline_simple_dag.py
[2026-02-27T23:15:11.644+0000] {processor.py:840} INFO - DAG(s) 'pipeline_simple' retrieved from /opt/airflow/dags/pipeline_simple_dag.py
[2026-02-27T23:15:11.686+0000] {logging_mixin.py:188} INFO - [2026-02-27T23:15:11.686+0000] {dag.py:3096} INFO - Sync 1 DAGs
[2026-02-27T23:15:11.718+0000] {logging_mixin.py:188} INFO - [2026-02-27T23:15:11.717+0000] {dag.py:3954} INFO - Setting next_dagrun for pipeline_simple to 2026-02-26 00:00:00+00:00, run_after=2026-02-27 00:00:00+00:00
[2026-02-27T23:15:11.744+0000] {processor.py:183} INFO - Processing /opt/airflow/dags/pipeline_simple_dag.py took 0.148 seconds
[2026-02-27T23:15:43.001+0000] {processor.py:161} INFO - Started process (PID=115) to work on /opt/airflow/dags/pipeline_simple_dag.py
[2026-02-27T23:15:43.004+0000] {processor.py:830} INFO - Processing file /opt/airflow/dags/pipeline_simple_dag.py for tasks to queue
[2026-02-27T23:15:43.007+0000] {logging_mixin.py:188} INFO - [2026-02-27T23:15:43.006+0000] {dagbag.py:540} INFO - Filling up the DagBag from /opt/airflow/dags/pipeline_simple_dag.py
[2026-02-27T23:15:43.102+0000] {processor.py:840} INFO - DAG(s) 'pipeline_simple' retrieved from /opt/airflow/dags/pipeline_simple_dag.py
[2026-02-27T23:15:43.229+0000] {logging_mixin.py:188} INFO - [2026-02-27T23:15:43.228+0000] {dag.py:3096} INFO - Sync 1 DAGs
[2026-02-27T23:15:43.308+0000] {logging_mixin.py:188} INFO - [2026-02-27T23:15:43.307+0000] {dag.py:3954} INFO - Setting next_dagrun for pipeline_simple to 2026-02-26 00:00:00+00:00, run_after=2026-02-27 00:00:00+00:00
[2026-02-27T23:15:43.367+0000] {processor.py:183} INFO - Processing /opt/airflow/dags/pipeline_simple_dag.py took 0.386 seconds
[2026-02-27T23:16:13.884+0000] {processor.py:161} INFO - Started process (PID=128) to work on /opt/airflow/dags/pipeline_simple_dag.py
[2026-02-27T23:16:13.886+0000] {processor.py:830} INFO - Processing file /opt/airflow/dags/pipeline_simple_dag.py for tasks to queue
[2026-02-27T23:16:13.888+0000] {logging_mixin.py:188} INFO - [2026-02-27T23:16:13.887+0000] {dagbag.py:540} INFO - Filling up the DagBag from /opt/airflow/dags/pipeline_simple_dag.py
[2026-02-27T23:16:13.925+0000] {processor.py:840} INFO - DAG(s) 'pipeline_simple' retrieved from /opt/airflow/dags/pipeline_simple_dag.py
[2026-02-27T23:16:13.970+0000] {logging_mixin.py:188} INFO - [2026-02-27T23:16:13.969+0000] {dag.py:3096} INFO - Sync 1 DAGs
[2026-02-27T23:16:14.008+0000] {logging_mixin.py:188} INFO - [2026-02-27T23:16:14.007+0000] {dag.py:3954} INFO - Setting next_dagrun for pipeline_simple to 2026-02-27 00:00:00+00:00, run_after=2026-02-28 00:00:00+00:00
[2026-02-27T23:16:14.043+0000] {processor.py:183} INFO - Processing /opt/airflow/dags/pipeline_simple_dag.py took 0.170 seconds
[2026-02-27T23:16:44.266+0000] {processor.py:161} INFO - Started process (PID=137) to work on /opt/airflow/dags/pipeline_simple_dag.py
[2026-02-27T23:16:44.270+0000] {processor.py:830} INFO - Processing file /opt/airflow/dags/pipeline_simple_dag.py for tasks to queue
[2026-02-27T23:16:44.272+0000] {logging_mixin.py:188} INFO - [2026-02-27T23:16:44.271+0000] {dagbag.py:540} INFO - Filling up the DagBag from /opt/airflow/dags/pipeline_simple_dag.py
[2026-02-27T23:16:44.324+0000] {processor.py:840} INFO - DAG(s) 'pipeline_simple' retrieved from /opt/airflow/dags/pipeline_simple_dag.py
[2026-02-27T23:16:44.376+0000] {logging_mixin.py:188} INFO - [2026-02-27T23:16:44.376+0000] {dag.py:3096} INFO - Sync 1 DAGs
[2026-02-27T23:16:44.419+0000] {logging_mixin.py:188} INFO - [2026-02-27T23:16:44.418+0000] {dag.py:3954} INFO - Setting next_dagrun for pipeline_simple to 2026-02-27 00:00:00+00:00, run_after=2026-02-28 00:00:00+00:00
[2026-02-27T23:16:44.456+0000] {processor.py:183} INFO - Processing /opt/airflow/dags/pipeline_simple_dag.py took 0.201 seconds
[2026-02-27T23:17:15.394+0000] {processor.py:161} INFO - Started process (PID=146) to work on /opt/airflow/dags/pipeline_simple_dag.py
[2026-02-27T23:17:15.395+0000] {processor.py:830} INFO - Processing file /opt/airflow/dags/pipeline_simple_dag.py for tasks to queue
[2026-02-27T23:17:15.397+0000] {logging_mixin.py:188} INFO - [2026-02-27T23:17:15.397+0000] {dagbag.py:540} INFO - Filling up the DagBag from /opt/airflow/dags/pipeline_simple_dag.py
[2026-02-27T23:17:15.442+0000] {processor.py:840} INFO - DAG(s) 'pipeline_simple' retrieved from /opt/airflow/dags/pipeline_simple_dag.py
[2026-02-27T23:17:15.486+0000] {logging_mixin.py:188} INFO - [2026-02-27T23:17:15.486+0000] {dag.py:3096} INFO - Sync 1 DAGs
[2026-02-27T23:17:15.517+0000] {logging_mixin.py:188} INFO - [2026-02-27T23:17:15.517+0000] {dag.py:3954} INFO - Setting next_dagrun for pipeline_simple to 2026-02-27 00:00:00+00:00, run_after=2026-02-28 00:00:00+00:00
[2026-02-27T23:17:15.547+0000] {processor.py:183} INFO - Processing /opt/airflow/dags/pipeline_simple_dag.py took 0.164 seconds
[2026-02-27T23:17:46.008+0000] {processor.py:161} INFO - Started process (PID=155) to work on /opt/airflow/dags/pipeline_simple_dag.py
[2026-02-27T23:17:46.009+0000] {processor.py:830} INFO - Processing file /opt/airflow/dags/pipeline_simple_dag.py for tasks to queue
[2026-02-27T23:17:46.011+0000] {logging_mixin.py:188} INFO - [2026-02-27T23:17:46.010+0000] {dagbag.py:540} INFO - Filling up the DagBag from /opt/airflow/dags/pipeline_simple_dag.py
[2026-02-27T23:17:46.049+0000] {processor.py:840} INFO - DAG(s) 'pipeline_simple' retrieved from /opt/airflow/dags/pipeline_simple_dag.py
[2026-02-27T23:17:46.096+0000] {logging_mixin.py:188} INFO - [2026-02-27T23:17:46.095+0000] {dag.py:3096} INFO - Sync 1 DAGs
[2026-02-27T23:17:46.133+0000] {logging_mixin.py:188} INFO - [2026-02-27T23:17:46.132+0000] {dag.py:3954} INFO - Setting next_dagrun for pipeline_simple to 2026-02-27 00:00:00+00:00, run_after=2026-02-28 00:00:00+00:00
[2026-02-27T23:17:46.174+0000] {processor.py:183} INFO - Processing /opt/airflow/dags/pipeline_simple_dag.py took 0.178 seconds
[2026-02-27T23:18:16.711+0000] {processor.py:161} INFO - Started process (PID=164) to work on /opt/airflow/dags/pipeline_simple_dag.py
[2026-02-27T23:18:16.713+0000] {processor.py:830} INFO - Processing file /opt/airflow/dags/pipeline_simple_dag.py for tasks to queue
[2026-02-27T23:18:16.715+0000] {logging_mixin.py:188} INFO - [2026-02-27T23:18:16.714+0000] {dagbag.py:540} INFO - Filling up the DagBag from /opt/airflow/dags/pipeline_simple_dag.py
[2026-02-27T23:18:16.753+0000] {processor.py:840} INFO - DAG(s) 'pipeline_simple' retrieved from /opt/airflow/dags/pipeline_simple_dag.py
[2026-02-27T23:18:16.802+0000] {logging_mixin.py:188} INFO - [2026-02-27T23:18:16.802+0000] {dag.py:3096} INFO - Sync 1 DAGs
[2026-02-27T23:18:16.841+0000] {logging_mixin.py:188} INFO - [2026-02-27T23:18:16.841+0000] {dag.py:3954} INFO - Setting next_dagrun for pipeline_simple to 2026-02-27 00:00:00+00:00, run_after=2026-02-28 00:00:00+00:00
[2026-02-27T23:18:16.875+0000] {processor.py:183} INFO - Processing /opt/airflow/dags/pipeline_simple_dag.py took 0.178 seconds
[2026-02-27T23:18:47.943+0000] {processor.py:161} INFO - Started process (PID=173) to work on /opt/airflow/dags/pipeline_simple_dag.py
[2026-02-27T23:18:47.946+0000] {processor.py:830} INFO - Processing file /opt/airflow/dags/pipeline_simple_dag.py for tasks to queue
[2026-02-27T23:18:47.948+0000] {logging_mixin.py:188} INFO - [2026-02-27T23:18:47.947+0000] {dagbag.py:540} INFO - Filling up the DagBag from /opt/airflow/dags/pipeline_simple_dag.py
[2026-02-27T23:18:48.000+0000] {processor.py:840} INFO - DAG(s) 'pipeline_simple' retrieved from /opt/airflow/dags/pipeline_simple_dag.py
[2026-02-27T23:18:48.066+0000] {logging_mixin.py:188} INFO - [2026-02-27T23:18:48.066+0000] {dag.py:3096} INFO - Sync 1 DAGs
[2026-02-27T23:18:48.104+0000] {logging_mixin.py:188} INFO - [2026-02-27T23:18:48.104+0000] {dag.py:3954} INFO - Setting next_dagrun for pipeline_simple to 2026-02-27 00:00:00+00:00, run_after=2026-02-28 00:00:00+00:00
[2026-02-27T23:18:48.138+0000] {processor.py:183} INFO - Processing /opt/airflow/dags/pipeline_simple_dag.py took 0.212 seconds
[2026-02-27T23:19:18.967+0000] {processor.py:161} INFO - Started process (PID=182) to work on /opt/airflow/dags/pipeline_simple_dag.py
[2026-02-27T23:19:18.969+0000] {processor.py:830} INFO - Processing file /opt/airflow/dags/pipeline_simple_dag.py for tasks to queue
[2026-02-27T23:19:18.970+0000] {logging_mixin.py:188} INFO - [2026-02-27T23:19:18.970+0000] {dagbag.py:540} INFO - Filling up the DagBag from /opt/airflow/dags/pipeline_simple_dag.py
[2026-02-27T23:19:19.005+0000] {processor.py:840} INFO - DAG(s) 'pipeline_simple' retrieved from /opt/airflow/dags/pipeline_simple_dag.py
[2026-02-27T23:19:19.057+0000] {logging_mixin.py:188} INFO - [2026-02-27T23:19:19.056+0000] {dag.py:3096} INFO - Sync 1 DAGs
[2026-02-27T23:19:19.095+0000] {logging_mixin.py:188} INFO - [2026-02-27T23:19:19.095+0000] {dag.py:3954} INFO - Setting next_dagrun for pipeline_simple to 2026-02-27 00:00:00+00:00, run_after=2026-02-28 00:00:00+00:00
[2026-02-27T23:19:19.139+0000] {processor.py:183} INFO - Processing /opt/airflow/dags/pipeline_simple_dag.py took 0.184 seconds
[2026-02-27T23:19:49.547+0000] {processor.py:161} INFO - Started process (PID=191) to work on /opt/airflow/dags/pipeline_simple_dag.py
[2026-02-27T23:19:49.550+0000] {processor.py:830} INFO - Processing file /opt/airflow/dags/pipeline_simple_dag.py for tasks to queue
[2026-02-27T23:19:49.555+0000] {logging_mixin.py:188} INFO - [2026-02-27T23:19:49.553+0000] {dagbag.py:540} INFO - Filling up the DagBag from /opt/airflow/dags/pipeline_simple_dag.py
[2026-02-27T23:19:49.611+0000] {processor.py:840} INFO - DAG(s) 'pipeline_simple' retrieved from /opt/airflow/dags/pipeline_simple_dag.py
[2026-02-27T23:19:49.669+0000] {logging_mixin.py:188} INFO - [2026-02-27T23:19:49.669+0000] {dag.py:3096} INFO - Sync 1 DAGs
[2026-02-27T23:19:49.707+0000] {logging_mixin.py:188} INFO - [2026-02-27T23:19:49.707+0000] {dag.py:3954} INFO - Setting next_dagrun for pipeline_simple to 2026-02-27 00:00:00+00:00, run_after=2026-02-28 00:00:00+00:00
[2026-02-27T23:19:49.741+0000] {processor.py:183} INFO - Processing /opt/airflow/dags/pipeline_simple_dag.py took 0.210 seconds
[2026-02-27T23:20:20.395+0000] {processor.py:161} INFO - Started process (PID=200) to work on /opt/airflow/dags/pipeline_simple_dag.py
[2026-02-27T23:20:20.397+0000] {processor.py:830} INFO - Processing file /opt/airflow/dags/pipeline_simple_dag.py for tasks to queue
[2026-02-27T23:20:20.399+0000] {logging_mixin.py:188} INFO - [2026-02-27T23:20:20.398+0000] {dagbag.py:540} INFO - Filling up the DagBag from /opt/airflow/dags/pipeline_simple_dag.py
[2026-02-27T23:20:20.446+0000] {processor.py:840} INFO - DAG(s) 'pipeline_simple' retrieved from /opt/airflow/dags/pipeline_simple_dag.py
[2026-02-27T23:20:20.490+0000] {logging_mixin.py:188} INFO - [2026-02-27T23:20:20.490+0000] {dag.py:3096} INFO - Sync 1 DAGs
[2026-02-27T23:20:20.521+0000] {logging_mixin.py:188} INFO - [2026-02-27T23:20:20.521+0000] {dag.py:3954} INFO - Setting next_dagrun for pipeline_simple to 2026-02-27 00:00:00+00:00, run_after=2026-02-28 00:00:00+00:00
[2026-02-27T23:20:20.549+0000] {processor.py:183} INFO - Processing /opt/airflow/dags/pipeline_simple_dag.py took 0.165 seconds
[2026-02-27T23:20:51.286+0000] {processor.py:161} INFO - Started process (PID=209) to work on /opt/airflow/dags/pipeline_simple_dag.py
[2026-02-27T23:20:51.288+0000] {processor.py:830} INFO - Processing file /opt/airflow/dags/pipeline_simple_dag.py for tasks to queue
[2026-02-27T23:20:51.290+0000] {logging_mixin.py:188} INFO - [2026-02-27T23:20:51.289+0000] {dagbag.py:540} INFO - Filling up the DagBag from /opt/airflow/dags/pipeline_simple_dag.py
[2026-02-27T23:20:51.332+0000] {processor.py:840} INFO - DAG(s) 'pipeline_simple' retrieved from /opt/airflow/dags/pipeline_simple_dag.py
[2026-02-27T23:20:51.379+0000] {logging_mixin.py:188} INFO - [2026-02-27T23:20:51.379+0000] {dag.py:3096} INFO - Sync 1 DAGs
[2026-02-27T23:20:51.414+0000] {logging_mixin.py:188} INFO - [2026-02-27T23:20:51.413+0000] {dag.py:3954} INFO - Setting next_dagrun for pipeline_simple to 2026-02-27 00:00:00+00:00, run_after=2026-02-28 00:00:00+00:00
[2026-02-27T23:20:51.453+0000] {processor.py:183} INFO - Processing /opt/airflow/dags/pipeline_simple_dag.py took 0.182 seconds
[2026-02-27T23:21:22.102+0000] {processor.py:161} INFO - Started process (PID=218) to work on /opt/airflow/dags/pipeline_simple_dag.py
[2026-02-27T23:21:22.104+0000] {processor.py:830} INFO - Processing file /opt/airflow/dags/pipeline_simple_dag.py for tasks to queue
[2026-02-27T23:21:22.106+0000] {logging_mixin.py:188} INFO - [2026-02-27T23:21:22.106+0000] {dagbag.py:540} INFO - Filling up the DagBag from /opt/airflow/dags/pipeline_simple_dag.py
[2026-02-27T23:21:22.164+0000] {processor.py:840} INFO - DAG(s) 'pipeline_simple' retrieved from /opt/airflow/dags/pipeline_simple_dag.py
[2026-02-27T23:21:22.219+0000] {logging_mixin.py:188} INFO - [2026-02-27T23:21:22.218+0000] {dag.py:3096} INFO - Sync 1 DAGs
[2026-02-27T23:21:22.259+0000] {logging_mixin.py:188} INFO - [2026-02-27T23:21:22.259+0000] {dag.py:3954} INFO - Setting next_dagrun for pipeline_simple to 2026-02-27 00:00:00+00:00, run_after=2026-02-28 00:00:00+00:00
[2026-02-27T23:21:22.299+0000] {processor.py:183} INFO - Processing /opt/airflow/dags/pipeline_simple_dag.py took 0.216 seconds
[2026-02-27T23:21:52.576+0000] {processor.py:161} INFO - Started process (PID=227) to work on /opt/airflow/dags/pipeline_simple_dag.py
[2026-02-27T23:21:52.578+0000] {processor.py:830} INFO - Processing file /opt/airflow/dags/pipeline_simple_dag.py for tasks to queue
[2026-02-27T23:21:52.581+0000] {logging_mixin.py:188} INFO - [2026-02-27T23:21:52.580+0000] {dagbag.py:540} INFO - Filling up the DagBag from /opt/airflow/dags/pipeline_simple_dag.py
[2026-02-27T23:21:52.635+0000] {processor.py:840} INFO - DAG(s) 'pipeline_simple' retrieved from /opt/airflow/dags/pipeline_simple_dag.py
[2026-02-27T23:21:52.687+0000] {logging_mixin.py:188} INFO - [2026-02-27T23:21:52.686+0000] {dag.py:3096} INFO - Sync 1 DAGs
[2026-02-27T23:21:52.725+0000] {logging_mixin.py:188} INFO - [2026-02-27T23:21:52.724+0000] {dag.py:3954} INFO - Setting next_dagrun for pipeline_simple to 2026-02-27 00:00:00+00:00, run_after=2026-02-28 00:00:00+00:00
[2026-02-27T23:21:52.761+0000] {processor.py:183} INFO - Processing /opt/airflow/dags/pipeline_simple_dag.py took 0.197 seconds
[2026-02-27T23:22:23.654+0000] {processor.py:161} INFO - Started process (PID=236) to work on /opt/airflow/dags/pipeline_simple_dag.py
[2026-02-27T23:22:23.656+0000] {processor.py:830} INFO - Processing file /opt/airflow/dags/pipeline_simple_dag.py for tasks to queue
[2026-02-27T23:22:23.657+0000] {logging_mixin.py:188} INFO - [2026-02-27T23:22:23.657+0000] {dagbag.py:540} INFO - Filling up the DagBag from /opt/airflow/dags/pipeline_simple_dag.py
[2026-02-27T23:22:23.695+0000] {processor.py:840} INFO - DAG(s) 'pipeline_simple' retrieved from /opt/airflow/dags/pipeline_simple_dag.py
[2026-02-27T23:22:23.737+0000] {logging_mixin.py:188} INFO - [2026-02-27T23:22:23.736+0000] {dag.py:3096} INFO - Sync 1 DAGs
[2026-02-27T23:22:23.772+0000] {logging_mixin.py:188} INFO - [2026-02-27T23:22:23.772+0000] {dag.py:3954} INFO - Setting next_dagrun for pipeline_simple to 2026-02-27 00:00:00+00:00, run_after=2026-02-28 00:00:00+00:00
[2026-02-27T23:22:23.804+0000] {processor.py:183} INFO - Processing /opt/airflow/dags/pipeline_simple_dag.py took 0.162 seconds
[2026-02-27T23:22:54.182+0000] {processor.py:161} INFO - Started process (PID=245) to work on /opt/airflow/dags/pipeline_simple_dag.py
[2026-02-27T23:22:54.184+0000] {processor.py:830} INFO - Processing file /opt/airflow/dags/pipeline_simple_dag.py for tasks to queue
[2026-02-27T23:22:54.186+0000] {logging_mixin.py:188} INFO - [2026-02-27T23:22:54.186+0000] {dagbag.py:540} INFO - Filling up the DagBag from /opt/airflow/dags/pipeline_simple_dag.py
[2026-02-27T23:22:54.234+0000] {processor.py:840} INFO - DAG(s) 'pipeline_simple' retrieved from /opt/airflow/dags/pipeline_simple_dag.py
[2026-02-27T23:22:54.279+0000] {logging_mixin.py:188} INFO - [2026-02-27T23:22:54.279+0000] {dag.py:3096} INFO - Sync 1 DAGs
[2026-02-27T23:22:54.317+0000] {logging_mixin.py:188} INFO - [2026-02-27T23:22:54.317+0000] {dag.py:3954} INFO - Setting next_dagrun for pipeline_simple to 2026-02-27 00:00:00+00:00, run_after=2026-02-28 00:00:00+00:00
[2026-02-27T23:22:54.349+0000] {processor.py:183} INFO - Processing /opt/airflow/dags/pipeline_simple_dag.py took 0.176 seconds
[2026-02-27T23:23:24.849+0000] {processor.py:161} INFO - Started process (PID=254) to work on /opt/airflow/dags/pipeline_simple_dag.py
[2026-02-27T23:23:24.851+0000] {processor.py:830} INFO - Processing file /opt/airflow/dags/pipeline_simple_dag.py for tasks to queue
[2026-02-27T23:23:24.853+0000] {logging_mixin.py:188} INFO - [2026-02-27T23:23:24.852+0000] {dagbag.py:540} INFO - Filling up the DagBag from /opt/airflow/dags/pipeline_simple_dag.py
[2026-02-27T23:23:24.903+0000] {processor.py:840} INFO - DAG(s) 'pipeline_simple' retrieved from /opt/airflow/dags/pipeline_simple_dag.py
[2026-02-27T23:23:24.964+0000] {logging_mixin.py:188} INFO - [2026-02-27T23:23:24.963+0000] {dag.py:3096} INFO - Sync 1 DAGs
[2026-02-27T23:23:25.005+0000] {logging_mixin.py:188} INFO - [2026-02-27T23:23:25.004+0000] {dag.py:3954} INFO - Setting next_dagrun for pipeline_simple to 2026-02-27 00:00:00+00:00, run_after=2026-02-28 00:00:00+00:00
[2026-02-27T23:23:25.037+0000] {processor.py:183} INFO - Processing /opt/airflow/dags/pipeline_simple_dag.py took 0.198 seconds
[2026-02-27T23:23:55.710+0000] {processor.py:161} INFO - Started process (PID=263) to work on /opt/airflow/dags/pipeline_simple_dag.py
[2026-02-27T23:23:55.712+0000] {processor.py:830} INFO - Processing file /opt/airflow/dags/pipeline_simple_dag.py for tasks to queue
[2026-02-27T23:23:55.713+0000] {logging_mixin.py:188} INFO - [2026-02-27T23:23:55.713+0000] {dagbag.py:540} INFO - Filling up the DagBag from /opt/airflow/dags/pipeline_simple_dag.py
[2026-02-27T23:23:55.749+0000] {processor.py:840} INFO - DAG(s) 'pipeline_simple' retrieved from /opt/airflow/dags/pipeline_simple_dag.py
[2026-02-27T23:23:55.797+0000] {logging_mixin.py:188} INFO - [2026-02-27T23:23:55.797+0000] {dag.py:3096} INFO - Sync 1 DAGs
[2026-02-27T23:23:55.833+0000] {logging_mixin.py:188} INFO - [2026-02-27T23:23:55.833+0000] {dag.py:3954} INFO - Setting next_dagrun for pipeline_simple to 2026-02-27 00:00:00+00:00, run_after=2026-02-28 00:00:00+00:00
[2026-02-27T23:23:55.872+0000] {processor.py:183} INFO - Processing /opt/airflow/dags/pipeline_simple_dag.py took 0.173 seconds
[2026-02-27T23:24:26.353+0000] {processor.py:161} INFO - Started process (PID=272) to work on /opt/airflow/dags/pipeline_simple_dag.py
[2026-02-27T23:24:26.356+0000] {processor.py:830} INFO - Processing file /opt/airflow/dags/pipeline_simple_dag.py for tasks to queue
[2026-02-27T23:24:26.358+0000] {logging_mixin.py:188} INFO - [2026-02-27T23:24:26.357+0000] {dagbag.py:540} INFO - Filling up the DagBag from /opt/airflow/dags/pipeline_simple_dag.py
[2026-02-27T23:24:26.400+0000] {processor.py:840} INFO - DAG(s) 'pipeline_simple' retrieved from /opt/airflow/dags/pipeline_simple_dag.py
[2026-02-27T23:24:26.441+0000] {logging_mixin.py:188} INFO - [2026-02-27T23:24:26.441+0000] {dag.py:3096} INFO - Sync 1 DAGs
[2026-02-27T23:24:26.473+0000] {logging_mixin.py:188} INFO - [2026-02-27T23:24:26.472+0000] {dag.py:3954} INFO - Setting next_dagrun for pipeline_simple to 2026-02-27 00:00:00+00:00, run_after=2026-02-28 00:00:00+00:00
[2026-02-27T23:24:26.534+0000] {processor.py:183} INFO - Processing /opt/airflow/dags/pipeline_simple_dag.py took 0.194 seconds
[2026-02-27T23:24:57.750+0000] {processor.py:161} INFO - Started process (PID=281) to work on /opt/airflow/dags/pipeline_simple_dag.py
[2026-02-27T23:24:57.754+0000] {processor.py:830} INFO - Processing file /opt/airflow/dags/pipeline_simple_dag.py for tasks to queue
[2026-02-27T23:24:57.756+0000] {logging_mixin.py:188} INFO - [2026-02-27T23:24:57.755+0000] {dagbag.py:540} INFO - Filling up the DagBag from /opt/airflow/dags/pipeline_simple_dag.py
[2026-02-27T23:24:57.805+0000] {processor.py:840} INFO - DAG(s) 'pipeline_simple' retrieved from /opt/airflow/dags/pipeline_simple_dag.py
[2026-02-27T23:24:57.855+0000] {logging_mixin.py:188} INFO - [2026-02-27T23:24:57.855+0000] {dag.py:3096} INFO - Sync 1 DAGs
[2026-02-27T23:24:57.904+0000] {logging_mixin.py:188} INFO - [2026-02-27T23:24:57.904+0000] {dag.py:3954} INFO - Setting next_dagrun for pipeline_simple to 2026-02-27 00:00:00+00:00, run_after=2026-02-28 00:00:00+00:00
[2026-02-27T23:24:57.960+0000] {processor.py:183} INFO - Processing /opt/airflow/dags/pipeline_simple_dag.py took 0.222 seconds
[2026-02-27T23:25:28.647+0000] {processor.py:161} INFO - Started process (PID=291) to work on /opt/airflow/dags/pipeline_simple_dag.py
[2026-02-27T23:25:28.650+0000] {processor.py:830} INFO - Processing file /opt/airflow/dags/pipeline_simple_dag.py for tasks to queue
[2026-02-27T23:25:28.652+0000] {logging_mixin.py:188} INFO - [2026-02-27T23:25:28.651+0000] {dagbag.py:540} INFO - Filling up the DagBag from /opt/airflow/dags/pipeline_simple_dag.py
[2026-02-27T23:25:28.694+0000] {processor.py:840} INFO - DAG(s) 'pipeline_simple' retrieved from /opt/airflow/dags/pipeline_simple_dag.py
[2026-02-27T23:25:28.744+0000] {logging_mixin.py:188} INFO - [2026-02-27T23:25:28.744+0000] {dag.py:3096} INFO - Sync 1 DAGs
[2026-02-27T23:25:28.779+0000] {logging_mixin.py:188} INFO - [2026-02-27T23:25:28.779+0000] {dag.py:3954} INFO - Setting next_dagrun for pipeline_simple to 2026-02-27 00:00:00+00:00, run_after=2026-02-28 00:00:00+00:00
[2026-02-27T23:25:28.808+0000] {processor.py:183} INFO - Processing /opt/airflow/dags/pipeline_simple_dag.py took 0.173 seconds
[2026-02-27T23:25:59.281+0000] {processor.py:161} INFO - Started process (PID=299) to work on /opt/airflow/dags/pipeline_simple_dag.py
[2026-02-27T23:25:59.283+0000] {processor.py:830} INFO - Processing file /opt/airflow/dags/pipeline_simple_dag.py for tasks to queue
[2026-02-27T23:25:59.285+0000] {logging_mixin.py:188} INFO - [2026-02-27T23:25:59.284+0000] {dagbag.py:540} INFO - Filling up the DagBag from /opt/airflow/dags/pipeline_simple_dag.py
[2026-02-27T23:25:59.362+0000] {processor.py:840} INFO - DAG(s) 'pipeline_simple' retrieved from /opt/airflow/dags/pipeline_simple_dag.py
[2026-02-27T23:25:59.425+0000] {logging_mixin.py:188} INFO - [2026-02-27T23:25:59.424+0000] {dag.py:3096} INFO - Sync 1 DAGs
[2026-02-27T23:25:59.463+0000] {logging_mixin.py:188} INFO - [2026-02-27T23:25:59.462+0000] {dag.py:3954} INFO - Setting next_dagrun for pipeline_simple to 2026-02-27 00:00:00+00:00, run_after=2026-02-28 00:00:00+00:00
[2026-02-27T23:25:59.504+0000] {processor.py:183} INFO - Processing /opt/airflow/dags/pipeline_simple_dag.py took 0.235 seconds
[2026-02-27T23:26:30.652+0000] {processor.py:161} INFO - Started process (PID=309) to work on /opt/airflow/dags/pipeline_simple_dag.py
[2026-02-27T23:26:30.654+0000] {processor.py:830} INFO - Processing file /opt/airflow/dags/pipeline_simple_dag.py for tasks to queue
[2026-02-27T23:26:30.655+0000] {logging_mixin.py:188} INFO - [2026-02-27T23:26:30.655+0000] {dagbag.py:540} INFO - Filling up the DagBag from /opt/airflow/dags/pipeline_simple_dag.py
[2026-02-27T23:26:30.694+0000] {processor.py:840} INFO - DAG(s) 'pipeline_simple' retrieved from /opt/airflow/dags/pipeline_simple_dag.py
[2026-02-27T23:26:30.739+0000] {logging_mixin.py:188} INFO - [2026-02-27T23:26:30.738+0000] {dag.py:3096} INFO - Sync 1 DAGs
[2026-02-27T23:26:30.773+0000] {logging_mixin.py:188} INFO - [2026-02-27T23:26:30.773+0000] {dag.py:3954} INFO - Setting next_dagrun for pipeline_simple to 2026-02-27 00:00:00+00:00, run_after=2026-02-28 00:00:00+00:00
[2026-02-27T23:26:30.807+0000] {processor.py:183} INFO - Processing /opt/airflow/dags/pipeline_simple_dag.py took 0.167 seconds
[2026-02-27T23:27:01.088+0000] {processor.py:161} INFO - Started process (PID=319) to work on /opt/airflow/dags/pipeline_simple_dag.py
[2026-02-27T23:27:01.090+0000] {processor.py:830} INFO - Processing file /opt/airflow/dags/pipeline_simple_dag.py for tasks to queue
[2026-02-27T23:27:01.093+0000] {logging_mixin.py:188} INFO - [2026-02-27T23:27:01.092+0000] {dagbag.py:540} INFO - Filling up the DagBag from /opt/airflow/dags/pipeline_simple_dag.py
[2026-02-27T23:27:01.143+0000] {processor.py:840} INFO - DAG(s) 'pipeline_simple' retrieved from /opt/airflow/dags/pipeline_simple_dag.py
[2026-02-27T23:27:01.190+0000] {logging_mixin.py:188} INFO - [2026-02-27T23:27:01.189+0000] {dag.py:3096} INFO - Sync 1 DAGs
[2026-02-27T23:27:01.220+0000] {logging_mixin.py:188} INFO - [2026-02-27T23:27:01.220+0000] {dag.py:3954} INFO - Setting next_dagrun for pipeline_simple to 2026-02-27 00:00:00+00:00, run_after=2026-02-28 00:00:00+00:00
[2026-02-27T23:27:01.251+0000] {processor.py:183} INFO - Processing /opt/airflow/dags/pipeline_simple_dag.py took 0.176 seconds
[2026-02-27T23:27:32.014+0000] {processor.py:161} INFO - Started process (PID=327) to work on /opt/airflow/dags/pipeline_simple_dag.py
[2026-02-27T23:27:32.016+0000] {processor.py:830} INFO - Processing file /opt/airflow/dags/pipeline_simple_dag.py for tasks to queue
[2026-02-27T23:27:32.017+0000] {logging_mixin.py:188} INFO - [2026-02-27T23:27:32.017+0000] {dagbag.py:540} INFO - Filling up the DagBag from /opt/airflow/dags/pipeline_simple_dag.py
[2026-02-27T23:27:32.054+0000] {processor.py:840} INFO - DAG(s) 'pipeline_simple' retrieved from /opt/airflow/dags/pipeline_simple_dag.py
[2026-02-27T23:27:32.097+0000] {logging_mixin.py:188} INFO - [2026-02-27T23:27:32.096+0000] {dag.py:3096} INFO - Sync 1 DAGs
[2026-02-27T23:27:32.141+0000] {logging_mixin.py:188} INFO - [2026-02-27T23:27:32.141+0000] {dag.py:3954} INFO - Setting next_dagrun for pipeline_simple to 2026-02-27 00:00:00+00:00, run_after=2026-02-28 00:00:00+00:00
[2026-02-27T23:27:32.179+0000] {processor.py:183} INFO - Processing /opt/airflow/dags/pipeline_simple_dag.py took 0.174 seconds
[2026-02-27T23:28:03.192+0000] {processor.py:161} INFO - Started process (PID=337) to work on /opt/airflow/dags/pipeline_simple_dag.py
[2026-02-27T23:28:03.194+0000] {processor.py:830} INFO - Processing file /opt/airflow/dags/pipeline_simple_dag.py for tasks to queue
[2026-02-27T23:28:03.196+0000] {logging_mixin.py:188} INFO - [2026-02-27T23:28:03.196+0000] {dagbag.py:540} INFO - Filling up the DagBag from /opt/airflow/dags/pipeline_simple_dag.py
[2026-02-27T23:28:03.263+0000] {processor.py:840} INFO - DAG(s) 'pipeline_simple' retrieved from /opt/airflow/dags/pipeline_simple_dag.py
[2026-02-27T23:28:03.311+0000] {logging_mixin.py:188} INFO - [2026-02-27T23:28:03.310+0000] {dag.py:3096} INFO - Sync 1 DAGs
[2026-02-27T23:28:03.346+0000] {logging_mixin.py:188} INFO - [2026-02-27T23:28:03.346+0000] {dag.py:3954} INFO - Setting next_dagrun for pipeline_simple to 2026-02-27 00:00:00+00:00, run_after=2026-02-28 00:00:00+00:00
[2026-02-27T23:28:03.383+0000] {processor.py:183} INFO - Processing /opt/airflow/dags/pipeline_simple_dag.py took 0.204 seconds
[2026-02-27T23:28:33.822+0000] {processor.py:161} INFO - Started process (PID=345) to work on /opt/airflow/dags/pipeline_simple_dag.py
[2026-02-27T23:28:33.824+0000] {processor.py:830} INFO - Processing file /opt/airflow/dags/pipeline_simple_dag.py for tasks to queue
[2026-02-27T23:28:33.825+0000] {logging_mixin.py:188} INFO - [2026-02-27T23:28:33.825+0000] {dagbag.py:540} INFO - Filling up the DagBag from /opt/airflow/dags/pipeline_simple_dag.py
[2026-02-27T23:28:33.857+0000] {processor.py:840} INFO - DAG(s) 'pipeline_simple' retrieved from /opt/airflow/dags/pipeline_simple_dag.py
[2026-02-27T23:28:33.902+0000] {logging_mixin.py:188} INFO - [2026-02-27T23:28:33.902+0000] {dag.py:3096} INFO - Sync 1 DAGs
[2026-02-27T23:28:33.934+0000] {logging_mixin.py:188} INFO - [2026-02-27T23:28:33.934+0000] {dag.py:3954} INFO - Setting next_dagrun for pipeline_simple to 2026-02-27 00:00:00+00:00, run_after=2026-02-28 00:00:00+00:00
[2026-02-27T23:28:33.963+0000] {processor.py:183} INFO - Processing /opt/airflow/dags/pipeline_simple_dag.py took 0.153 seconds
[2026-02-27T23:29:04.497+0000] {processor.py:161} INFO - Started process (PID=353) to work on /opt/airflow/dags/pipeline_simple_dag.py
[2026-02-27T23:29:04.499+0000] {processor.py:830} INFO - Processing file /opt/airflow/dags/pipeline_simple_dag.py for tasks to queue
[2026-02-27T23:29:04.501+0000] {logging_mixin.py:188} INFO - [2026-02-27T23:29:04.500+0000] {dagbag.py:540} INFO - Filling up the DagBag from /opt/airflow/dags/pipeline_simple_dag.py
[2026-02-27T23:29:04.541+0000] {processor.py:840} INFO - DAG(s) 'pipeline_simple' retrieved from /opt/airflow/dags/pipeline_simple_dag.py
[2026-02-27T23:29:04.589+0000] {logging_mixin.py:188} INFO - [2026-02-27T23:29:04.589+0000] {dag.py:3096} INFO - Sync 1 DAGs
[2026-02-27T23:29:04.622+0000] {logging_mixin.py:188} INFO - [2026-02-27T23:29:04.621+0000] {dag.py:3954} INFO - Setting next_dagrun for pipeline_simple to 2026-02-27 00:00:00+00:00, run_after=2026-02-28 00:00:00+00:00
[2026-02-27T23:29:04.657+0000] {processor.py:183} INFO - Processing /opt/airflow/dags/pipeline_simple_dag.py took 0.174 seconds
[2026-02-27T23:29:35.154+0000] {processor.py:161} INFO - Started process (PID=362) to work on /opt/airflow/dags/pipeline_simple_dag.py
[2026-02-27T23:29:35.155+0000] {processor.py:830} INFO - Processing file /opt/airflow/dags/pipeline_simple_dag.py for tasks to queue
[2026-02-27T23:29:35.157+0000] {logging_mixin.py:188} INFO - [2026-02-27T23:29:35.156+0000] {dagbag.py:540} INFO - Filling up the DagBag from /opt/airflow/dags/pipeline_simple_dag.py
[2026-02-27T23:29:35.198+0000] {processor.py:840} INFO - DAG(s) 'pipeline_simple' retrieved from /opt/airflow/dags/pipeline_simple_dag.py
[2026-02-27T23:29:35.241+0000] {logging_mixin.py:188} INFO - [2026-02-27T23:29:35.240+0000] {dag.py:3096} INFO - Sync 1 DAGs
[2026-02-27T23:29:35.285+0000] {logging_mixin.py:188} INFO - [2026-02-27T23:29:35.284+0000] {dag.py:3954} INFO - Setting next_dagrun for pipeline_simple to 2026-02-27 00:00:00+00:00, run_after=2026-02-28 00:00:00+00:00
[2026-02-27T23:29:35.326+0000] {processor.py:183} INFO - Processing /opt/airflow/dags/pipeline_simple_dag.py took 0.186 seconds
[2026-02-27T23:30:06.375+0000] {processor.py:161} INFO - Started process (PID=372) to work on /opt/airflow/dags/pipeline_simple_dag.py
[2026-02-27T23:30:06.377+0000] {processor.py:830} INFO - Processing file /opt/airflow/dags/pipeline_simple_dag.py for tasks to queue
[2026-02-27T23:30:06.379+0000] {logging_mixin.py:188} INFO - [2026-02-27T23:30:06.379+0000] {dagbag.py:540} INFO - Filling up the DagBag from /opt/airflow/dags/pipeline_simple_dag.py
[2026-02-27T23:30:06.428+0000] {processor.py:840} INFO - DAG(s) 'pipeline_simple' retrieved from /opt/airflow/dags/pipeline_simple_dag.py
[2026-02-27T23:30:06.473+0000] {logging_mixin.py:188} INFO - [2026-02-27T23:30:06.472+0000] {dag.py:3096} INFO - Sync 1 DAGs
[2026-02-27T23:30:06.506+0000] {logging_mixin.py:188} INFO - [2026-02-27T23:30:06.505+0000] {dag.py:3954} INFO - Setting next_dagrun for pipeline_simple to 2026-02-27 00:00:00+00:00, run_after=2026-02-28 00:00:00+00:00
[2026-02-27T23:30:06.536+0000] {processor.py:183} INFO - Processing /opt/airflow/dags/pipeline_simple_dag.py took 0.171 seconds
[2026-02-27T23:30:36.969+0000] {processor.py:161} INFO - Started process (PID=381) to work on /opt/airflow/dags/pipeline_simple_dag.py
[2026-02-27T23:30:36.971+0000] {processor.py:830} INFO - Processing file /opt/airflow/dags/pipeline_simple_dag.py for tasks to queue
[2026-02-27T23:30:36.973+0000] {logging_mixin.py:188} INFO - [2026-02-27T23:30:36.972+0000] {dagbag.py:540} INFO - Filling up the DagBag from /opt/airflow/dags/pipeline_simple_dag.py
[2026-02-27T23:30:37.011+0000] {processor.py:840} INFO - DAG(s) 'pipeline_simple' retrieved from /opt/airflow/dags/pipeline_simple_dag.py
[2026-02-27T23:30:37.052+0000] {logging_mixin.py:188} INFO - [2026-02-27T23:30:37.051+0000] {dag.py:3096} INFO - Sync 1 DAGs
[2026-02-27T23:30:37.084+0000] {logging_mixin.py:188} INFO - [2026-02-27T23:30:37.083+0000] {dag.py:3954} INFO - Setting next_dagrun for pipeline_simple to 2026-02-27 00:00:00+00:00, run_after=2026-02-28 00:00:00+00:00
[2026-02-27T23:30:37.110+0000] {processor.py:183} INFO - Processing /opt/airflow/dags/pipeline_simple_dag.py took 0.152 seconds
[2026-02-27T23:31:07.588+0000] {processor.py:161} INFO - Started process (PID=389) to work on /opt/airflow/dags/pipeline_simple_dag.py
[2026-02-27T23:31:07.589+0000] {processor.py:830} INFO - Processing file /opt/airflow/dags/pipeline_simple_dag.py for tasks to queue
[2026-02-27T23:31:07.592+0000] {logging_mixin.py:188} INFO - [2026-02-27T23:31:07.591+0000] {dagbag.py:540} INFO - Filling up the DagBag from /opt/airflow/dags/pipeline_simple_dag.py
[2026-02-27T23:31:07.642+0000] {processor.py:840} INFO - DAG(s) 'pipeline_simple' retrieved from /opt/airflow/dags/pipeline_simple_dag.py
[2026-02-27T23:31:07.698+0000] {logging_mixin.py:188} INFO - [2026-02-27T23:31:07.698+0000] {dag.py:3096} INFO - Sync 1 DAGs
[2026-02-27T23:31:07.747+0000] {logging_mixin.py:188} INFO - [2026-02-27T23:31:07.746+0000] {dag.py:3954} INFO - Setting next_dagrun for pipeline_simple to 2026-02-27 00:00:00+00:00, run_after=2026-02-28 00:00:00+00:00
[2026-02-27T23:31:07.811+0000] {processor.py:183} INFO - Processing /opt/airflow/dags/pipeline_simple_dag.py took 0.234 seconds
[2026-02-27T23:31:38.662+0000] {processor.py:161} INFO - Started process (PID=398) to work on /opt/airflow/dags/pipeline_simple_dag.py
[2026-02-27T23:31:38.664+0000] {processor.py:830} INFO - Processing file /opt/airflow/dags/pipeline_simple_dag.py for tasks to queue
[2026-02-27T23:31:38.666+0000] {logging_mixin.py:188} INFO - [2026-02-27T23:31:38.665+0000] {dagbag.py:540} INFO - Filling up the DagBag from /opt/airflow/dags/pipeline_simple_dag.py
[2026-02-27T23:31:38.724+0000] {processor.py:840} INFO - DAG(s) 'pipeline_simple' retrieved from /opt/airflow/dags/pipeline_simple_dag.py
[2026-02-27T23:31:38.770+0000] {logging_mixin.py:188} INFO - [2026-02-27T23:31:38.769+0000] {dag.py:3096} INFO - Sync 1 DAGs
[2026-02-27T23:31:38.800+0000] {logging_mixin.py:188} INFO - [2026-02-27T23:31:38.800+0000] {dag.py:3954} INFO - Setting next_dagrun for pipeline_simple to 2026-02-27 00:00:00+00:00, run_after=2026-02-28 00:00:00+00:00
[2026-02-27T23:31:38.842+0000] {processor.py:183} INFO - Processing /opt/airflow/dags/pipeline_simple_dag.py took 0.196 seconds
[2026-02-27T23:32:11.086+0000] {processor.py:161} INFO - Started process (PID=407) to work on /opt/airflow/dags/pipeline_simple_dag.py
[2026-02-27T23:32:11.091+0000] {processor.py:830} INFO - Processing file /opt/airflow/dags/pipeline_simple_dag.py for tasks to queue
[2026-02-27T23:32:11.096+0000] {logging_mixin.py:188} INFO - [2026-02-27T23:32:11.095+0000] {dagbag.py:540} INFO - Filling up the DagBag from /opt/airflow/dags/pipeline_simple_dag.py
[2026-02-27T23:32:11.268+0000] {processor.py:840} INFO - DAG(s) 'pipeline_simple' retrieved from /opt/airflow/dags/pipeline_simple_dag.py
[2026-02-27T23:32:11.326+0000] {logging_mixin.py:188} INFO - [2026-02-27T23:32:11.325+0000] {dag.py:3096} INFO - Sync 1 DAGs
[2026-02-27T23:32:11.383+0000] {logging_mixin.py:188} INFO - [2026-02-27T23:32:11.383+0000] {dag.py:3954} INFO - Setting next_dagrun for pipeline_simple to 2026-02-27 00:00:00+00:00, run_after=2026-02-28 00:00:00+00:00
[2026-02-27T23:32:11.438+0000] {processor.py:183} INFO - Processing /opt/airflow/dags/pipeline_simple_dag.py took 0.365 seconds
[2026-02-27T23:32:42.569+0000] {processor.py:161} INFO - Started process (PID=417) to work on /opt/airflow/dags/pipeline_simple_dag.py
[2026-02-27T23:32:42.571+0000] {processor.py:830} INFO - Processing file /opt/airflow/dags/pipeline_simple_dag.py for tasks to queue
[2026-02-27T23:32:42.573+0000] {logging_mixin.py:188} INFO - [2026-02-27T23:32:42.572+0000] {dagbag.py:540} INFO - Filling up the DagBag from /opt/airflow/dags/pipeline_simple_dag.py
[2026-02-27T23:32:42.630+0000] {processor.py:840} INFO - DAG(s) 'pipeline_simple' retrieved from /opt/airflow/dags/pipeline_simple_dag.py
[2026-02-27T23:32:42.669+0000] {logging_mixin.py:188} INFO - [2026-02-27T23:32:42.668+0000] {dag.py:3096} INFO - Sync 1 DAGs
[2026-02-27T23:32:42.704+0000] {logging_mixin.py:188} INFO - [2026-02-27T23:32:42.704+0000] {dag.py:3954} INFO - Setting next_dagrun for pipeline_simple to 2026-02-27 00:00:00+00:00, run_after=2026-02-28 00:00:00+00:00
[2026-02-27T23:32:42.728+0000] {processor.py:183} INFO - Processing /opt/airflow/dags/pipeline_simple_dag.py took 0.176 seconds
[2026-02-27T23:33:13.141+0000] {processor.py:161} INFO - Started process (PID=426) to work on /opt/airflow/dags/pipeline_simple_dag.py
[2026-02-27T23:33:13.143+0000] {processor.py:830} INFO - Processing file /opt/airflow/dags/pipeline_simple_dag.py for tasks to queue
[2026-02-27T23:33:13.144+0000] {logging_mixin.py:188} INFO - [2026-02-27T23:33:13.144+0000] {dagbag.py:540} INFO - Filling up the DagBag from /opt/airflow/dags/pipeline_simple_dag.py
[2026-02-27T23:33:13.184+0000] {processor.py:840} INFO - DAG(s) 'pipeline_simple' retrieved from /opt/airflow/dags/pipeline_simple_dag.py
[2026-02-27T23:33:13.223+0000] {logging_mixin.py:188} INFO - [2026-02-27T23:33:13.223+0000] {dag.py:3096} INFO - Sync 1 DAGs
[2026-02-27T23:33:13.255+0000] {logging_mixin.py:188} INFO - [2026-02-27T23:33:13.255+0000] {dag.py:3954} INFO - Setting next_dagrun for pipeline_simple to 2026-02-27 00:00:00+00:00, run_after=2026-02-28 00:00:00+00:00
[2026-02-27T23:33:13.295+0000] {processor.py:183} INFO - Processing /opt/airflow/dags/pipeline_simple_dag.py took 0.162 seconds
[2026-02-27T23:33:43.735+0000] {processor.py:161} INFO - Started process (PID=435) to work on /opt/airflow/dags/pipeline_simple_dag.py
[2026-02-27T23:33:43.738+0000] {processor.py:830} INFO - Processing file /opt/airflow/dags/pipeline_simple_dag.py for tasks to queue
[2026-02-27T23:33:43.740+0000] {logging_mixin.py:188} INFO - [2026-02-27T23:33:43.739+0000] {dagbag.py:540} INFO - Filling up the DagBag from /opt/airflow/dags/pipeline_simple_dag.py
[2026-02-27T23:33:43.788+0000] {processor.py:840} INFO - DAG(s) 'pipeline_simple' retrieved from /opt/airflow/dags/pipeline_simple_dag.py
[2026-02-27T23:33:43.841+0000] {logging_mixin.py:188} INFO - [2026-02-27T23:33:43.841+0000] {dag.py:3096} INFO - Sync 1 DAGs
[2026-02-27T23:33:43.873+0000] {logging_mixin.py:188} INFO - [2026-02-27T23:33:43.873+0000] {dag.py:3954} INFO - Setting next_dagrun for pipeline_simple to 2026-02-27 00:00:00+00:00, run_after=2026-02-28 00:00:00+00:00
[2026-02-27T23:33:43.918+0000] {processor.py:183} INFO - Processing /opt/airflow/dags/pipeline_simple_dag.py took 0.194 seconds
[2026-02-27T23:34:14.416+0000] {processor.py:161} INFO - Started process (PID=444) to work on /opt/airflow/dags/pipeline_simple_dag.py
[2026-02-27T23:34:14.420+0000] {processor.py:830} INFO - Processing file /opt/airflow/dags/pipeline_simple_dag.py for tasks to queue
[2026-02-27T23:34:14.425+0000] {logging_mixin.py:188} INFO - [2026-02-27T23:34:14.424+0000] {dagbag.py:540} INFO - Filling up the DagBag from /opt/airflow/dags/pipeline_simple_dag.py
[2026-02-27T23:34:14.474+0000] {processor.py:840} INFO - DAG(s) 'pipeline_simple' retrieved from /opt/airflow/dags/pipeline_simple_dag.py
[2026-02-27T23:34:14.516+0000] {logging_mixin.py:188} INFO - [2026-02-27T23:34:14.516+0000] {dag.py:3096} INFO - Sync 1 DAGs
[2026-02-27T23:34:14.553+0000] {logging_mixin.py:188} INFO - [2026-02-27T23:34:14.553+0000] {dag.py:3954} INFO - Setting next_dagrun for pipeline_simple to 2026-02-27 00:00:00+00:00, run_after=2026-02-28 00:00:00+00:00
[2026-02-27T23:34:14.582+0000] {processor.py:183} INFO - Processing /opt/airflow/dags/pipeline_simple_dag.py took 0.183 seconds
[2026-02-27T23:34:44.948+0000] {processor.py:161} INFO - Started process (PID=453) to work on /opt/airflow/dags/pipeline_simple_dag.py
[2026-02-27T23:34:44.950+0000] {processor.py:830} INFO - Processing file /opt/airflow/dags/pipeline_simple_dag.py for tasks to queue
[2026-02-27T23:34:44.954+0000] {logging_mixin.py:188} INFO - [2026-02-27T23:34:44.952+0000] {dagbag.py:540} INFO - Filling up the DagBag from /opt/airflow/dags/pipeline_simple_dag.py
[2026-02-27T23:34:45.019+0000] {processor.py:840} INFO - DAG(s) 'pipeline_simple' retrieved from /opt/airflow/dags/pipeline_simple_dag.py
[2026-02-27T23:34:45.057+0000] {logging_mixin.py:188} INFO - [2026-02-27T23:34:45.056+0000] {dag.py:3096} INFO - Sync 1 DAGs
[2026-02-27T23:34:45.085+0000] {logging_mixin.py:188} INFO - [2026-02-27T23:34:45.084+0000] {dag.py:3954} INFO - Setting next_dagrun for pipeline_simple to 2026-02-27 00:00:00+00:00, run_after=2026-02-28 00:00:00+00:00
[2026-02-27T23:34:45.120+0000] {processor.py:183} INFO - Processing /opt/airflow/dags/pipeline_simple_dag.py took 0.187 seconds
[2026-02-27T23:35:15.819+0000] {processor.py:161} INFO - Started process (PID=462) to work on /opt/airflow/dags/pipeline_simple_dag.py
[2026-02-27T23:35:15.827+0000] {processor.py:830} INFO - Processing file /opt/airflow/dags/pipeline_simple_dag.py for tasks to queue
[2026-02-27T23:35:15.830+0000] {logging_mixin.py:188} INFO - [2026-02-27T23:35:15.829+0000] {dagbag.py:540} INFO - Filling up the DagBag from /opt/airflow/dags/pipeline_simple_dag.py
[2026-02-27T23:35:15.929+0000] {processor.py:840} INFO - DAG(s) 'pipeline_simple' retrieved from /opt/airflow/dags/pipeline_simple_dag.py
[2026-02-27T23:35:16.008+0000] {logging_mixin.py:188} INFO - [2026-02-27T23:35:16.007+0000] {dag.py:3096} INFO - Sync 1 DAGs
[2026-02-27T23:35:16.059+0000] {logging_mixin.py:188} INFO - [2026-02-27T23:35:16.058+0000] {dag.py:3954} INFO - Setting next_dagrun for pipeline_simple to 2026-02-27 00:00:00+00:00, run_after=2026-02-28 00:00:00+00:00
[2026-02-27T23:35:16.102+0000] {processor.py:183} INFO - Processing /opt/airflow/dags/pipeline_simple_dag.py took 0.298 seconds
[2026-02-27T23:35:46.387+0000] {processor.py:161} INFO - Started process (PID=471) to work on /opt/airflow/dags/pipeline_simple_dag.py
[2026-02-27T23:35:46.388+0000] {processor.py:830} INFO - Processing file /opt/airflow/dags/pipeline_simple_dag.py for tasks to queue
[2026-02-27T23:35:46.390+0000] {logging_mixin.py:188} INFO - [2026-02-27T23:35:46.389+0000] {dagbag.py:540} INFO - Filling up the DagBag from /opt/airflow/dags/pipeline_simple_dag.py
[2026-02-27T23:35:46.431+0000] {processor.py:840} INFO - DAG(s) 'pipeline_simple' retrieved from /opt/airflow/dags/pipeline_simple_dag.py
[2026-02-27T23:35:46.478+0000] {logging_mixin.py:188} INFO - [2026-02-27T23:35:46.478+0000] {dag.py:3096} INFO - Sync 1 DAGs
[2026-02-27T23:35:46.510+0000] {logging_mixin.py:188} INFO - [2026-02-27T23:35:46.510+0000] {dag.py:3954} INFO - Setting next_dagrun for pipeline_simple to 2026-02-27 00:00:00+00:00, run_after=2026-02-28 00:00:00+00:00
[2026-02-27T23:35:46.540+0000] {processor.py:183} INFO - Processing /opt/airflow/dags/pipeline_simple_dag.py took 0.162 seconds
[2026-02-27T23:36:17.242+0000] {processor.py:161} INFO - Started process (PID=480) to work on /opt/airflow/dags/pipeline_simple_dag.py
[2026-02-27T23:36:17.245+0000] {processor.py:830} INFO - Processing file /opt/airflow/dags/pipeline_simple_dag.py for tasks to queue
[2026-02-27T23:36:17.247+0000] {logging_mixin.py:188} INFO - [2026-02-27T23:36:17.247+0000] {dagbag.py:540} INFO - Filling up the DagBag from /opt/airflow/dags/pipeline_simple_dag.py
[2026-02-27T23:36:17.302+0000] {processor.py:840} INFO - DAG(s) 'pipeline_simple' retrieved from /opt/airflow/dags/pipeline_simple_dag.py
[2026-02-27T23:36:17.349+0000] {logging_mixin.py:188} INFO - [2026-02-27T23:36:17.349+0000] {dag.py:3096} INFO - Sync 1 DAGs
[2026-02-27T23:36:17.375+0000] {logging_mixin.py:188} INFO - [2026-02-27T23:36:17.374+0000] {dag.py:3954} INFO - Setting next_dagrun for pipeline_simple to 2026-02-27 00:00:00+00:00, run_after=2026-02-28 00:00:00+00:00
[2026-02-27T23:36:17.395+0000] {processor.py:183} INFO - Processing /opt/airflow/dags/pipeline_simple_dag.py took 0.163 seconds
[2026-02-27T23:36:48.137+0000] {processor.py:161} INFO - Started process (PID=489) to work on /opt/airflow/dags/pipeline_simple_dag.py
[2026-02-27T23:36:48.139+0000] {processor.py:830} INFO - Processing file /opt/airflow/dags/pipeline_simple_dag.py for tasks to queue
[2026-02-27T23:36:48.142+0000] {logging_mixin.py:188} INFO - [2026-02-27T23:36:48.141+0000] {dagbag.py:540} INFO - Filling up the DagBag from /opt/airflow/dags/pipeline_simple_dag.py
[2026-02-27T23:36:48.189+0000] {processor.py:840} INFO - DAG(s) 'pipeline_simple' retrieved from /opt/airflow/dags/pipeline_simple_dag.py
[2026-02-27T23:36:48.228+0000] {logging_mixin.py:188} INFO - [2026-02-27T23:36:48.228+0000] {dag.py:3096} INFO - Sync 1 DAGs
[2026-02-27T23:36:48.259+0000] {logging_mixin.py:188} INFO - [2026-02-27T23:36:48.258+0000] {dag.py:3954} INFO - Setting next_dagrun for pipeline_simple to 2026-02-27 00:00:00+00:00, run_after=2026-02-28 00:00:00+00:00
[2026-02-27T23:36:48.284+0000] {processor.py:183} INFO - Processing /opt/airflow/dags/pipeline_simple_dag.py took 0.158 seconds
[2026-02-27T23:37:18.575+0000] {processor.py:161} INFO - Started process (PID=498) to work on /opt/airflow/dags/pipeline_simple_dag.py
[2026-02-27T23:37:18.576+0000] {processor.py:830} INFO - Processing file /opt/airflow/dags/pipeline_simple_dag.py for tasks to queue
[2026-02-27T23:37:18.578+0000] {logging_mixin.py:188} INFO - [2026-02-27T23:37:18.578+0000] {dagbag.py:540} INFO - Filling up the DagBag from /opt/airflow/dags/pipeline_simple_dag.py
[2026-02-27T23:37:18.616+0000] {processor.py:840} INFO - DAG(s) 'pipeline_simple' retrieved from /opt/airflow/dags/pipeline_simple_dag.py
[2026-02-27T23:37:18.653+0000] {logging_mixin.py:188} INFO - [2026-02-27T23:37:18.652+0000] {dag.py:3096} INFO - Sync 1 DAGs
[2026-02-27T23:37:18.679+0000] {logging_mixin.py:188} INFO - [2026-02-27T23:37:18.679+0000] {dag.py:3954} INFO - Setting next_dagrun for pipeline_simple to 2026-02-27 00:00:00+00:00, run_after=2026-02-28 00:00:00+00:00
[2026-02-27T23:37:18.699+0000] {processor.py:183} INFO - Processing /opt/airflow/dags/pipeline_simple_dag.py took 0.132 seconds
[2026-02-27T23:37:49.238+0000] {processor.py:161} INFO - Started process (PID=507) to work on /opt/airflow/dags/pipeline_simple_dag.py
[2026-02-27T23:37:49.239+0000] {processor.py:830} INFO - Processing file /opt/airflow/dags/pipeline_simple_dag.py for tasks to queue
[2026-02-27T23:37:49.241+0000] {logging_mixin.py:188} INFO - [2026-02-27T23:37:49.241+0000] {dagbag.py:540} INFO - Filling up the DagBag from /opt/airflow/dags/pipeline_simple_dag.py
[2026-02-27T23:37:49.312+0000] {processor.py:840} INFO - DAG(s) 'pipeline_simple' retrieved from /opt/airflow/dags/pipeline_simple_dag.py
[2026-02-27T23:37:49.354+0000] {logging_mixin.py:188} INFO - [2026-02-27T23:37:49.354+0000] {dag.py:3096} INFO - Sync 1 DAGs
[2026-02-27T23:37:49.384+0000] {logging_mixin.py:188} INFO - [2026-02-27T23:37:49.383+0000] {dag.py:3954} INFO - Setting next_dagrun for pipeline_simple to 2026-02-27 00:00:00+00:00, run_after=2026-02-28 00:00:00+00:00
[2026-02-27T23:37:49.424+0000] {processor.py:183} INFO - Processing /opt/airflow/dags/pipeline_simple_dag.py took 0.198 seconds
[2026-02-27T23:38:19.784+0000] {processor.py:161} INFO - Started process (PID=516) to work on /opt/airflow/dags/pipeline_simple_dag.py
[2026-02-27T23:38:19.786+0000] {processor.py:830} INFO - Processing file /opt/airflow/dags/pipeline_simple_dag.py for tasks to queue
[2026-02-27T23:38:19.788+0000] {logging_mixin.py:188} INFO - [2026-02-27T23:38:19.787+0000] {dagbag.py:540} INFO - Filling up the DagBag from /opt/airflow/dags/pipeline_simple_dag.py
[2026-02-27T23:38:19.823+0000] {processor.py:840} INFO - DAG(s) 'pipeline_simple' retrieved from /opt/airflow/dags/pipeline_simple_dag.py
[2026-02-27T23:38:19.859+0000] {logging_mixin.py:188} INFO - [2026-02-27T23:38:19.859+0000] {dag.py:3096} INFO - Sync 1 DAGs
[2026-02-27T23:38:19.888+0000] {logging_mixin.py:188} INFO - [2026-02-27T23:38:19.887+0000] {dag.py:3954} INFO - Setting next_dagrun for pipeline_simple to 2026-02-27 00:00:00+00:00, run_after=2026-02-28 00:00:00+00:00
[2026-02-27T23:38:19.909+0000] {processor.py:183} INFO - Processing /opt/airflow/dags/pipeline_simple_dag.py took 0.133 seconds
[2026-02-27T23:38:50.303+0000] {processor.py:161} INFO - Started process (PID=525) to work on /opt/airflow/dags/pipeline_simple_dag.py
[2026-02-27T23:38:50.304+0000] {processor.py:830} INFO - Processing file /opt/airflow/dags/pipeline_simple_dag.py for tasks to queue
[2026-02-27T23:38:50.306+0000] {logging_mixin.py:188} INFO - [2026-02-27T23:38:50.305+0000] {dagbag.py:540} INFO - Filling up the DagBag from /opt/airflow/dags/pipeline_simple_dag.py
[2026-02-27T23:38:50.341+0000] {processor.py:840} INFO - DAG(s) 'pipeline_simple' retrieved from /opt/airflow/dags/pipeline_simple_dag.py
[2026-02-27T23:38:50.383+0000] {logging_mixin.py:188} INFO - [2026-02-27T23:38:50.382+0000] {dag.py:3096} INFO - Sync 1 DAGs
[2026-02-27T23:38:50.416+0000] {logging_mixin.py:188} INFO - [2026-02-27T23:38:50.416+0000] {dag.py:3954} INFO - Setting next_dagrun for pipeline_simple to 2026-02-27 00:00:00+00:00, run_after=2026-02-28 00:00:00+00:00
[2026-02-27T23:38:50.451+0000] {processor.py:183} INFO - Processing /opt/airflow/dags/pipeline_simple_dag.py took 0.157 seconds
[2026-02-27T23:39:20.768+0000] {processor.py:161} INFO - Started process (PID=534) to work on /opt/airflow/dags/pipeline_simple_dag.py
[2026-02-27T23:39:20.772+0000] {processor.py:830} INFO - Processing file /opt/airflow/dags/pipeline_simple_dag.py for tasks to queue
[2026-02-27T23:39:20.775+0000] {logging_mixin.py:188} INFO - [2026-02-27T23:39:20.774+0000] {dagbag.py:540} INFO - Filling up the DagBag from /opt/airflow/dags/pipeline_simple_dag.py
[2026-02-27T23:39:20.833+0000] {processor.py:840} INFO - DAG(s) 'pipeline_simple' retrieved from /opt/airflow/dags/pipeline_simple_dag.py
[2026-02-27T23:39:20.873+0000] {logging_mixin.py:188} INFO - [2026-02-27T23:39:20.872+0000] {dag.py:3096} INFO - Sync 1 DAGs
[2026-02-27T23:39:20.897+0000] {logging_mixin.py:188} INFO - [2026-02-27T23:39:20.896+0000] {dag.py:3954} INFO - Setting next_dagrun for pipeline_simple to 2026-02-27 00:00:00+00:00, run_after=2026-02-28 00:00:00+00:00
[2026-02-27T23:39:20.916+0000] {processor.py:183} INFO - Processing /opt/airflow/dags/pipeline_simple_dag.py took 0.163 seconds
[2026-02-27T23:39:51.369+0000] {processor.py:161} INFO - Started process (PID=543) to work on /opt/airflow/dags/pipeline_simple_dag.py
[2026-02-27T23:39:51.371+0000] {processor.py:830} INFO - Processing file /opt/airflow/dags/pipeline_simple_dag.py for tasks to queue
[2026-02-27T23:39:51.373+0000] {logging_mixin.py:188} INFO - [2026-02-27T23:39:51.372+0000] {dagbag.py:540} INFO - Filling up the DagBag from /opt/airflow/dags/pipeline_simple_dag.py
[2026-02-27T23:39:51.408+0000] {processor.py:840} INFO - DAG(s) 'pipeline_simple' retrieved from /opt/airflow/dags/pipeline_simple_dag.py
[2026-02-27T23:39:51.452+0000] {logging_mixin.py:188} INFO - [2026-02-27T23:39:51.452+0000] {dag.py:3096} INFO - Sync 1 DAGs
[2026-02-27T23:39:51.480+0000] {logging_mixin.py:188} INFO - [2026-02-27T23:39:51.479+0000] {dag.py:3954} INFO - Setting next_dagrun for pipeline_simple to 2026-02-27 00:00:00+00:00, run_after=2026-02-28 00:00:00+00:00
[2026-02-27T23:39:51.500+0000] {processor.py:183} INFO - Processing /opt/airflow/dags/pipeline_simple_dag.py took 0.139 seconds
[2026-02-27T23:40:21.855+0000] {processor.py:161} INFO - Started process (PID=552) to work on /opt/airflow/dags/pipeline_simple_dag.py
[2026-02-27T23:40:21.858+0000] {processor.py:830} INFO - Processing file /opt/airflow/dags/pipeline_simple_dag.py for tasks to queue
[2026-02-27T23:40:21.860+0000] {logging_mixin.py:188} INFO - [2026-02-27T23:40:21.859+0000] {dagbag.py:540} INFO - Filling up the DagBag from /opt/airflow/dags/pipeline_simple_dag.py
[2026-02-27T23:40:21.920+0000] {processor.py:840} INFO - DAG(s) 'pipeline_simple' retrieved from /opt/airflow/dags/pipeline_simple_dag.py
[2026-02-27T23:40:21.973+0000] {logging_mixin.py:188} INFO - [2026-02-27T23:40:21.973+0000] {dag.py:3096} INFO - Sync 1 DAGs
[2026-02-27T23:40:21.999+0000] {logging_mixin.py:188} INFO - [2026-02-27T23:40:21.999+0000] {dag.py:3954} INFO - Setting next_dagrun for pipeline_simple to 2026-02-27 00:00:00+00:00, run_after=2026-02-28 00:00:00+00:00
[2026-02-27T23:40:22.021+0000] {processor.py:183} INFO - Processing /opt/airflow/dags/pipeline_simple_dag.py took 0.178 seconds
[2026-02-27T23:40:52.513+0000] {processor.py:161} INFO - Started process (PID=561) to work on /opt/airflow/dags/pipeline_simple_dag.py
[2026-02-27T23:40:52.514+0000] {processor.py:830} INFO - Processing file /opt/airflow/dags/pipeline_simple_dag.py for tasks to queue
[2026-02-27T23:40:52.516+0000] {logging_mixin.py:188} INFO - [2026-02-27T23:40:52.515+0000] {dagbag.py:540} INFO - Filling up the DagBag from /opt/airflow/dags/pipeline_simple_dag.py
[2026-02-27T23:40:52.569+0000] {processor.py:840} INFO - DAG(s) 'pipeline_simple' retrieved from /opt/airflow/dags/pipeline_simple_dag.py
[2026-02-27T23:40:52.613+0000] {logging_mixin.py:188} INFO - [2026-02-27T23:40:52.613+0000] {dag.py:3096} INFO - Sync 1 DAGs
[2026-02-27T23:40:52.646+0000] {logging_mixin.py:188} INFO - [2026-02-27T23:40:52.645+0000] {dag.py:3954} INFO - Setting next_dagrun for pipeline_simple to 2026-02-27 00:00:00+00:00, run_after=2026-02-28 00:00:00+00:00
[2026-02-27T23:40:52.677+0000] {processor.py:183} INFO - Processing /opt/airflow/dags/pipeline_simple_dag.py took 0.176 seconds
[2026-02-27T23:41:23.012+0000] {processor.py:161} INFO - Started process (PID=570) to work on /opt/airflow/dags/pipeline_simple_dag.py
[2026-02-27T23:41:23.016+0000] {processor.py:830} INFO - Processing file /opt/airflow/dags/pipeline_simple_dag.py for tasks to queue
[2026-02-27T23:41:23.019+0000] {logging_mixin.py:188} INFO - [2026-02-27T23:41:23.018+0000] {dagbag.py:540} INFO - Filling up the DagBag from /opt/airflow/dags/pipeline_simple_dag.py
[2026-02-27T23:41:23.079+0000] {processor.py:840} INFO - DAG(s) 'pipeline_simple' retrieved from /opt/airflow/dags/pipeline_simple_dag.py
[2026-02-27T23:41:23.112+0000] {logging_mixin.py:188} INFO - [2026-02-27T23:41:23.112+0000] {dag.py:3096} INFO - Sync 1 DAGs
[2026-02-27T23:41:23.136+0000] {logging_mixin.py:188} INFO - [2026-02-27T23:41:23.136+0000] {dag.py:3954} INFO - Setting next_dagrun for pipeline_simple to 2026-02-27 00:00:00+00:00, run_after=2026-02-28 00:00:00+00:00
[2026-02-27T23:41:23.155+0000] {processor.py:183} INFO - Processing /opt/airflow/dags/pipeline_simple_dag.py took 0.161 seconds
[2026-02-27T23:41:53.844+0000] {processor.py:161} INFO - Started process (PID=579) to work on /opt/airflow/dags/pipeline_simple_dag.py
[2026-02-27T23:41:53.846+0000] {processor.py:830} INFO - Processing file /opt/airflow/dags/pipeline_simple_dag.py for tasks to queue
[2026-02-27T23:41:53.847+0000] {logging_mixin.py:188} INFO - [2026-02-27T23:41:53.846+0000] {dagbag.py:540} INFO - Filling up the DagBag from /opt/airflow/dags/pipeline_simple_dag.py
[2026-02-27T23:41:53.885+0000] {processor.py:840} INFO - DAG(s) 'pipeline_simple' retrieved from /opt/airflow/dags/pipeline_simple_dag.py
[2026-02-27T23:41:53.916+0000] {logging_mixin.py:188} INFO - [2026-02-27T23:41:53.916+0000] {dag.py:3096} INFO - Sync 1 DAGs
[2026-02-27T23:41:53.937+0000] {logging_mixin.py:188} INFO - [2026-02-27T23:41:53.937+0000] {dag.py:3954} INFO - Setting next_dagrun for pipeline_simple to 2026-02-27 00:00:00+00:00, run_after=2026-02-28 00:00:00+00:00
[2026-02-27T23:41:53.958+0000] {processor.py:183} INFO - Processing /opt/airflow/dags/pipeline_simple_dag.py took 0.123 seconds
[2026-02-27T23:42:24.314+0000] {processor.py:161} INFO - Started process (PID=588) to work on /opt/airflow/dags/pipeline_simple_dag.py
[2026-02-27T23:42:24.316+0000] {processor.py:830} INFO - Processing file /opt/airflow/dags/pipeline_simple_dag.py for tasks to queue
[2026-02-27T23:42:24.318+0000] {logging_mixin.py:188} INFO - [2026-02-27T23:42:24.317+0000] {dagbag.py:540} INFO - Filling up the DagBag from /opt/airflow/dags/pipeline_simple_dag.py
[2026-02-27T23:42:24.353+0000] {processor.py:840} INFO - DAG(s) 'pipeline_simple' retrieved from /opt/airflow/dags/pipeline_simple_dag.py
[2026-02-27T23:42:24.387+0000] {logging_mixin.py:188} INFO - [2026-02-27T23:42:24.387+0000] {dag.py:3096} INFO - Sync 1 DAGs
[2026-02-27T23:42:24.413+0000] {logging_mixin.py:188} INFO - [2026-02-27T23:42:24.412+0000] {dag.py:3954} INFO - Setting next_dagrun for pipeline_simple to 2026-02-27 00:00:00+00:00, run_after=2026-02-28 00:00:00+00:00
[2026-02-27T23:42:24.432+0000] {processor.py:183} INFO - Processing /opt/airflow/dags/pipeline_simple_dag.py took 0.126 seconds
[2026-02-27T23:42:54.744+0000] {processor.py:161} INFO - Started process (PID=597) to work on /opt/airflow/dags/pipeline_simple_dag.py
[2026-02-27T23:42:54.746+0000] {processor.py:830} INFO - Processing file /opt/airflow/dags/pipeline_simple_dag.py for tasks to queue
[2026-02-27T23:42:54.748+0000] {logging_mixin.py:188} INFO - [2026-02-27T23:42:54.747+0000] {dagbag.py:540} INFO - Filling up the DagBag from /opt/airflow/dags/pipeline_simple_dag.py
[2026-02-27T23:42:54.785+0000] {processor.py:840} INFO - DAG(s) 'pipeline_simple' retrieved from /opt/airflow/dags/pipeline_simple_dag.py
[2026-02-27T23:42:54.815+0000] {logging_mixin.py:188} INFO - [2026-02-27T23:42:54.815+0000] {dag.py:3096} INFO - Sync 1 DAGs
[2026-02-27T23:42:54.842+0000] {logging_mixin.py:188} INFO - [2026-02-27T23:42:54.842+0000] {dag.py:3954} INFO - Setting next_dagrun for pipeline_simple to 2026-02-27 00:00:00+00:00, run_after=2026-02-28 00:00:00+00:00
[2026-02-27T23:42:54.865+0000] {processor.py:183} INFO - Processing /opt/airflow/dags/pipeline_simple_dag.py took 0.129 seconds
[2026-02-27T23:43:25.401+0000] {processor.py:161} INFO - Started process (PID=606) to work on /opt/airflow/dags/pipeline_simple_dag.py
[2026-02-27T23:43:25.403+0000] {processor.py:830} INFO - Processing file /opt/airflow/dags/pipeline_simple_dag.py for tasks to queue
[2026-02-27T23:43:25.406+0000] {logging_mixin.py:188} INFO - [2026-02-27T23:43:25.405+0000] {dagbag.py:540} INFO - Filling up the DagBag from /opt/airflow/dags/pipeline_simple_dag.py
[2026-02-27T23:43:25.446+0000] {processor.py:840} INFO - DAG(s) 'pipeline_simple' retrieved from /opt/airflow/dags/pipeline_simple_dag.py
[2026-02-27T23:43:25.479+0000] {logging_mixin.py:188} INFO - [2026-02-27T23:43:25.478+0000] {dag.py:3096} INFO - Sync 1 DAGs
[2026-02-27T23:43:25.503+0000] {logging_mixin.py:188} INFO - [2026-02-27T23:43:25.503+0000] {dag.py:3954} INFO - Setting next_dagrun for pipeline_simple to 2026-02-27 00:00:00+00:00, run_after=2026-02-28 00:00:00+00:00
[2026-02-27T23:43:25.523+0000] {processor.py:183} INFO - Processing /opt/airflow/dags/pipeline_simple_dag.py took 0.137 seconds
[2026-02-27T23:43:55.817+0000] {processor.py:161} INFO - Started process (PID=615) to work on /opt/airflow/dags/pipeline_simple_dag.py
[2026-02-27T23:43:55.819+0000] {processor.py:830} INFO - Processing file /opt/airflow/dags/pipeline_simple_dag.py for tasks to queue
[2026-02-27T23:43:55.820+0000] {logging_mixin.py:188} INFO - [2026-02-27T23:43:55.820+0000] {dagbag.py:540} INFO - Filling up the DagBag from /opt/airflow/dags/pipeline_simple_dag.py
[2026-02-27T23:43:55.855+0000] {processor.py:840} INFO - DAG(s) 'pipeline_simple' retrieved from /opt/airflow/dags/pipeline_simple_dag.py
[2026-02-27T23:43:55.886+0000] {logging_mixin.py:188} INFO - [2026-02-27T23:43:55.886+0000] {dag.py:3096} INFO - Sync 1 DAGs
[2026-02-27T23:43:55.910+0000] {logging_mixin.py:188} INFO - [2026-02-27T23:43:55.910+0000] {dag.py:3954} INFO - Setting next_dagrun for pipeline_simple to 2026-02-27 00:00:00+00:00, run_after=2026-02-28 00:00:00+00:00
[2026-02-27T23:43:55.929+0000] {processor.py:183} INFO - Processing /opt/airflow/dags/pipeline_simple_dag.py took 0.119 seconds
[2026-02-27T23:44:26.341+0000] {processor.py:161} INFO - Started process (PID=624) to work on /opt/airflow/dags/pipeline_simple_dag.py
[2026-02-27T23:44:26.344+0000] {processor.py:830} INFO - Processing file /opt/airflow/dags/pipeline_simple_dag.py for tasks to queue
[2026-02-27T23:44:26.346+0000] {logging_mixin.py:188} INFO - [2026-02-27T23:44:26.345+0000] {dagbag.py:540} INFO - Filling up the DagBag from /opt/airflow/dags/pipeline_simple_dag.py
[2026-02-27T23:44:26.387+0000] {processor.py:840} INFO - DAG(s) 'pipeline_simple' retrieved from /opt/airflow/dags/pipeline_simple_dag.py
[2026-02-27T23:44:26.427+0000] {logging_mixin.py:188} INFO - [2026-02-27T23:44:26.427+0000] {dag.py:3096} INFO - Sync 1 DAGs
[2026-02-27T23:44:26.454+0000] {logging_mixin.py:188} INFO - [2026-02-27T23:44:26.454+0000] {dag.py:3954} INFO - Setting next_dagrun for pipeline_simple to 2026-02-27 00:00:00+00:00, run_after=2026-02-28 00:00:00+00:00
[2026-02-27T23:44:26.482+0000] {processor.py:183} INFO - Processing /opt/airflow/dags/pipeline_simple_dag.py took 0.155 seconds
[2026-02-27T23:45:35.063+0000] {processor.py:161} INFO - Started process (PID=40) to work on /opt/airflow/dags/pipeline_simple_dag.py
[2026-02-27T23:45:35.065+0000] {processor.py:830} INFO - Processing file /opt/airflow/dags/pipeline_simple_dag.py for tasks to queue
[2026-02-27T23:45:35.067+0000] {logging_mixin.py:188} INFO - [2026-02-27T23:45:35.066+0000] {dagbag.py:540} INFO - Filling up the DagBag from /opt/airflow/dags/pipeline_simple_dag.py
[2026-02-27T23:45:35.114+0000] {processor.py:840} INFO - DAG(s) 'pipeline_simple' retrieved from /opt/airflow/dags/pipeline_simple_dag.py
[2026-02-27T23:45:35.161+0000] {logging_mixin.py:188} INFO - [2026-02-27T23:45:35.160+0000] {dag.py:3096} INFO - Sync 1 DAGs
[2026-02-27T23:45:35.205+0000] {logging_mixin.py:188} INFO - [2026-02-27T23:45:35.205+0000] {dag.py:3954} INFO - Setting next_dagrun for pipeline_simple to 2026-02-27 00:00:00+00:00, run_after=2026-02-28 00:00:00+00:00
[2026-02-27T23:45:35.242+0000] {processor.py:183} INFO - Processing /opt/airflow/dags/pipeline_simple_dag.py took 0.191 seconds
[2026-02-27T23:46:05.673+0000] {processor.py:161} INFO - Started process (PID=49) to work on /opt/airflow/dags/pipeline_simple_dag.py
[2026-02-27T23:46:05.674+0000] {processor.py:830} INFO - Processing file /opt/airflow/dags/pipeline_simple_dag.py for tasks to queue
[2026-02-27T23:46:05.675+0000] {logging_mixin.py:188} INFO - [2026-02-27T23:46:05.675+0000] {dagbag.py:540} INFO - Filling up the DagBag from /opt/airflow/dags/pipeline_simple_dag.py
[2026-02-27T23:46:05.704+0000] {processor.py:840} INFO - DAG(s) 'pipeline_simple' retrieved from /opt/airflow/dags/pipeline_simple_dag.py
[2026-02-27T23:46:05.736+0000] {logging_mixin.py:188} INFO - [2026-02-27T23:46:05.736+0000] {dag.py:3096} INFO - Sync 1 DAGs
[2026-02-27T23:46:05.763+0000] {logging_mixin.py:188} INFO - [2026-02-27T23:46:05.763+0000] {dag.py:3954} INFO - Setting next_dagrun for pipeline_simple to 2026-02-27 00:00:00+00:00, run_after=2026-02-28 00:00:00+00:00
[2026-02-27T23:46:05.785+0000] {processor.py:183} INFO - Processing /opt/airflow/dags/pipeline_simple_dag.py took 0.119 seconds
[2026-02-27T23:46:36.255+0000] {processor.py:161} INFO - Started process (PID=58) to work on /opt/airflow/dags/pipeline_simple_dag.py
[2026-02-27T23:46:36.257+0000] {processor.py:830} INFO - Processing file /opt/airflow/dags/pipeline_simple_dag.py for tasks to queue
[2026-02-27T23:46:36.258+0000] {logging_mixin.py:188} INFO - [2026-02-27T23:46:36.258+0000] {dagbag.py:540} INFO - Filling up the DagBag from /opt/airflow/dags/pipeline_simple_dag.py
[2026-02-27T23:46:36.287+0000] {processor.py:840} INFO - DAG(s) 'pipeline_simple' retrieved from /opt/airflow/dags/pipeline_simple_dag.py
[2026-02-27T23:46:36.323+0000] {logging_mixin.py:188} INFO - [2026-02-27T23:46:36.323+0000] {dag.py:3096} INFO - Sync 1 DAGs
[2026-02-27T23:46:36.349+0000] {logging_mixin.py:188} INFO - [2026-02-27T23:46:36.349+0000] {dag.py:3954} INFO - Setting next_dagrun for pipeline_simple to 2026-02-27 00:00:00+00:00, run_after=2026-02-28 00:00:00+00:00
[2026-02-27T23:46:36.373+0000] {processor.py:183} INFO - Processing /opt/airflow/dags/pipeline_simple_dag.py took 0.126 seconds
[2026-02-27T23:47:06.891+0000] {processor.py:161} INFO - Started process (PID=67) to work on /opt/airflow/dags/pipeline_simple_dag.py
[2026-02-27T23:47:06.892+0000] {processor.py:830} INFO - Processing file /opt/airflow/dags/pipeline_simple_dag.py for tasks to queue
[2026-02-27T23:47:06.893+0000] {logging_mixin.py:188} INFO - [2026-02-27T23:47:06.892+0000] {dagbag.py:540} INFO - Filling up the DagBag from /opt/airflow/dags/pipeline_simple_dag.py
[2026-02-27T23:47:06.921+0000] {processor.py:840} INFO - DAG(s) 'pipeline_simple' retrieved from /opt/airflow/dags/pipeline_simple_dag.py
[2026-02-27T23:47:06.957+0000] {logging_mixin.py:188} INFO - [2026-02-27T23:47:06.957+0000] {dag.py:3096} INFO - Sync 1 DAGs
[2026-02-27T23:47:06.997+0000] {logging_mixin.py:188} INFO - [2026-02-27T23:47:06.996+0000] {dag.py:3954} INFO - Setting next_dagrun for pipeline_simple to 2026-02-27 00:00:00+00:00, run_after=2026-02-28 00:00:00+00:00
[2026-02-27T23:47:07.031+0000] {processor.py:183} INFO - Processing /opt/airflow/dags/pipeline_simple_dag.py took 0.148 seconds
[2026-02-27T23:47:37.520+0000] {processor.py:161} INFO - Started process (PID=76) to work on /opt/airflow/dags/pipeline_simple_dag.py
[2026-02-27T23:47:37.522+0000] {processor.py:830} INFO - Processing file /opt/airflow/dags/pipeline_simple_dag.py for tasks to queue
[2026-02-27T23:47:37.523+0000] {logging_mixin.py:188} INFO - [2026-02-27T23:47:37.523+0000] {dagbag.py:540} INFO - Filling up the DagBag from /opt/airflow/dags/pipeline_simple_dag.py
[2026-02-27T23:47:37.557+0000] {processor.py:840} INFO - DAG(s) 'pipeline_simple' retrieved from /opt/airflow/dags/pipeline_simple_dag.py
[2026-02-27T23:47:37.589+0000] {logging_mixin.py:188} INFO - [2026-02-27T23:47:37.589+0000] {dag.py:3096} INFO - Sync 1 DAGs
[2026-02-27T23:47:37.616+0000] {logging_mixin.py:188} INFO - [2026-02-27T23:47:37.616+0000] {dag.py:3954} INFO - Setting next_dagrun for pipeline_simple to 2026-02-27 00:00:00+00:00, run_after=2026-02-28 00:00:00+00:00
[2026-02-27T23:47:37.639+0000] {processor.py:183} INFO - Processing /opt/airflow/dags/pipeline_simple_dag.py took 0.125 seconds
[2026-02-27T23:48:08.137+0000] {processor.py:161} INFO - Started process (PID=85) to work on /opt/airflow/dags/pipeline_simple_dag.py
[2026-02-27T23:48:08.138+0000] {processor.py:830} INFO - Processing file /opt/airflow/dags/pipeline_simple_dag.py for tasks to queue
[2026-02-27T23:48:08.140+0000] {logging_mixin.py:188} INFO - [2026-02-27T23:48:08.140+0000] {dagbag.py:540} INFO - Filling up the DagBag from /opt/airflow/dags/pipeline_simple_dag.py
[2026-02-27T23:48:08.186+0000] {processor.py:840} INFO - DAG(s) 'pipeline_simple' retrieved from /opt/airflow/dags/pipeline_simple_dag.py
[2026-02-27T23:48:08.222+0000] {logging_mixin.py:188} INFO - [2026-02-27T23:48:08.221+0000] {dag.py:3096} INFO - Sync 1 DAGs
[2026-02-27T23:48:08.250+0000] {logging_mixin.py:188} INFO - [2026-02-27T23:48:08.250+0000] {dag.py:3954} INFO - Setting next_dagrun for pipeline_simple to 2026-02-27 00:00:00+00:00, run_after=2026-02-28 00:00:00+00:00
[2026-02-27T23:48:08.274+0000] {processor.py:183} INFO - Processing /opt/airflow/dags/pipeline_simple_dag.py took 0.146 seconds
[2026-02-27T23:48:38.652+0000] {processor.py:161} INFO - Started process (PID=94) to work on /opt/airflow/dags/pipeline_simple_dag.py
[2026-02-27T23:48:38.654+0000] {processor.py:830} INFO - Processing file /opt/airflow/dags/pipeline_simple_dag.py for tasks to queue
[2026-02-27T23:48:38.655+0000] {logging_mixin.py:188} INFO - [2026-02-27T23:48:38.654+0000] {dagbag.py:540} INFO - Filling up the DagBag from /opt/airflow/dags/pipeline_simple_dag.py
[2026-02-27T23:48:38.684+0000] {processor.py:840} INFO - DAG(s) 'pipeline_simple' retrieved from /opt/airflow/dags/pipeline_simple_dag.py
[2026-02-27T23:48:38.717+0000] {logging_mixin.py:188} INFO - [2026-02-27T23:48:38.717+0000] {dag.py:3096} INFO - Sync 1 DAGs
[2026-02-27T23:48:38.741+0000] {logging_mixin.py:188} INFO - [2026-02-27T23:48:38.741+0000] {dag.py:3954} INFO - Setting next_dagrun for pipeline_simple to 2026-02-27 00:00:00+00:00, run_after=2026-02-28 00:00:00+00:00
[2026-02-27T23:48:38.765+0000] {processor.py:183} INFO - Processing /opt/airflow/dags/pipeline_simple_dag.py took 0.119 seconds
[2026-02-27T23:49:09.229+0000] {processor.py:161} INFO - Started process (PID=103) to work on /opt/airflow/dags/pipeline_simple_dag.py
[2026-02-27T23:49:09.231+0000] {processor.py:830} INFO - Processing file /opt/airflow/dags/pipeline_simple_dag.py for tasks to queue
[2026-02-27T23:49:09.233+0000] {logging_mixin.py:188} INFO - [2026-02-27T23:49:09.232+0000] {dagbag.py:540} INFO - Filling up the DagBag from /opt/airflow/dags/pipeline_simple_dag.py
[2026-02-27T23:49:09.271+0000] {processor.py:840} INFO - DAG(s) 'pipeline_simple' retrieved from /opt/airflow/dags/pipeline_simple_dag.py
[2026-02-27T23:49:09.323+0000] {logging_mixin.py:188} INFO - [2026-02-27T23:49:09.322+0000] {dag.py:3096} INFO - Sync 1 DAGs
[2026-02-27T23:49:09.364+0000] {logging_mixin.py:188} INFO - [2026-02-27T23:49:09.363+0000] {dag.py:3954} INFO - Setting next_dagrun for pipeline_simple to 2026-02-27 00:00:00+00:00, run_after=2026-02-28 00:00:00+00:00
[2026-02-27T23:49:09.401+0000] {processor.py:183} INFO - Processing /opt/airflow/dags/pipeline_simple_dag.py took 0.181 seconds
[2026-02-27T23:49:39.987+0000] {processor.py:161} INFO - Started process (PID=112) to work on /opt/airflow/dags/pipeline_simple_dag.py
[2026-02-27T23:49:39.989+0000] {processor.py:830} INFO - Processing file /opt/airflow/dags/pipeline_simple_dag.py for tasks to queue
[2026-02-27T23:49:39.991+0000] {logging_mixin.py:188} INFO - [2026-02-27T23:49:39.990+0000] {dagbag.py:540} INFO - Filling up the DagBag from /opt/airflow/dags/pipeline_simple_dag.py
[2026-02-27T23:49:40.024+0000] {processor.py:840} INFO - DAG(s) 'pipeline_simple' retrieved from /opt/airflow/dags/pipeline_simple_dag.py
[2026-02-27T23:49:40.057+0000] {logging_mixin.py:188} INFO - [2026-02-27T23:49:40.056+0000] {dag.py:3096} INFO - Sync 1 DAGs
[2026-02-27T23:49:40.084+0000] {logging_mixin.py:188} INFO - [2026-02-27T23:49:40.084+0000] {dag.py:3954} INFO - Setting next_dagrun for pipeline_simple to 2026-02-27 00:00:00+00:00, run_after=2026-02-28 00:00:00+00:00
[2026-02-27T23:49:40.115+0000] {processor.py:183} INFO - Processing /opt/airflow/dags/pipeline_simple_dag.py took 0.135 seconds
[2026-02-27T23:50:10.563+0000] {processor.py:161} INFO - Started process (PID=121) to work on /opt/airflow/dags/pipeline_simple_dag.py
[2026-02-27T23:50:10.564+0000] {processor.py:830} INFO - Processing file /opt/airflow/dags/pipeline_simple_dag.py for tasks to queue
[2026-02-27T23:50:10.567+0000] {logging_mixin.py:188} INFO - [2026-02-27T23:50:10.566+0000] {dagbag.py:540} INFO - Filling up the DagBag from /opt/airflow/dags/pipeline_simple_dag.py
[2026-02-27T23:50:10.609+0000] {processor.py:840} INFO - DAG(s) 'pipeline_simple' retrieved from /opt/airflow/dags/pipeline_simple_dag.py
[2026-02-27T23:50:10.640+0000] {logging_mixin.py:188} INFO - [2026-02-27T23:50:10.640+0000] {dag.py:3096} INFO - Sync 1 DAGs
[2026-02-27T23:50:10.665+0000] {logging_mixin.py:188} INFO - [2026-02-27T23:50:10.664+0000] {dag.py:3954} INFO - Setting next_dagrun for pipeline_simple to 2026-02-27 00:00:00+00:00, run_after=2026-02-28 00:00:00+00:00
[2026-02-27T23:50:10.692+0000] {processor.py:183} INFO - Processing /opt/airflow/dags/pipeline_simple_dag.py took 0.143 seconds
[2026-02-27T23:50:41.411+0000] {processor.py:161} INFO - Started process (PID=130) to work on /opt/airflow/dags/pipeline_simple_dag.py
[2026-02-27T23:50:41.412+0000] {processor.py:830} INFO - Processing file /opt/airflow/dags/pipeline_simple_dag.py for tasks to queue
[2026-02-27T23:50:41.413+0000] {logging_mixin.py:188} INFO - [2026-02-27T23:50:41.413+0000] {dagbag.py:540} INFO - Filling up the DagBag from /opt/airflow/dags/pipeline_simple_dag.py
[2026-02-27T23:50:41.447+0000] {processor.py:840} INFO - DAG(s) 'pipeline_simple' retrieved from /opt/airflow/dags/pipeline_simple_dag.py
[2026-02-27T23:50:41.484+0000] {logging_mixin.py:188} INFO - [2026-02-27T23:50:41.484+0000] {dag.py:3096} INFO - Sync 1 DAGs
[2026-02-27T23:50:41.512+0000] {logging_mixin.py:188} INFO - [2026-02-27T23:50:41.512+0000] {dag.py:3954} INFO - Setting next_dagrun for pipeline_simple to 2026-02-27 00:00:00+00:00, run_after=2026-02-28 00:00:00+00:00
[2026-02-27T23:50:41.546+0000] {processor.py:183} INFO - Processing /opt/airflow/dags/pipeline_simple_dag.py took 0.144 seconds
[2026-02-27T23:51:12.064+0000] {processor.py:161} INFO - Started process (PID=139) to work on /opt/airflow/dags/pipeline_simple_dag.py
[2026-02-27T23:51:12.066+0000] {processor.py:830} INFO - Processing file /opt/airflow/dags/pipeline_simple_dag.py for tasks to queue
[2026-02-27T23:51:12.067+0000] {logging_mixin.py:188} INFO - [2026-02-27T23:51:12.067+0000] {dagbag.py:540} INFO - Filling up the DagBag from /opt/airflow/dags/pipeline_simple_dag.py
[2026-02-27T23:51:12.098+0000] {processor.py:840} INFO - DAG(s) 'pipeline_simple' retrieved from /opt/airflow/dags/pipeline_simple_dag.py
[2026-02-27T23:51:12.129+0000] {logging_mixin.py:188} INFO - [2026-02-27T23:51:12.129+0000] {dag.py:3096} INFO - Sync 1 DAGs
[2026-02-27T23:51:12.152+0000] {logging_mixin.py:188} INFO - [2026-02-27T23:51:12.152+0000] {dag.py:3954} INFO - Setting next_dagrun for pipeline_simple to 2026-02-27 00:00:00+00:00, run_after=2026-02-28 00:00:00+00:00
[2026-02-27T23:51:12.178+0000] {processor.py:183} INFO - Processing /opt/airflow/dags/pipeline_simple_dag.py took 0.123 seconds
[2026-02-27T23:51:42.672+0000] {processor.py:161} INFO - Started process (PID=148) to work on /opt/airflow/dags/pipeline_simple_dag.py
[2026-02-27T23:51:42.673+0000] {processor.py:830} INFO - Processing file /opt/airflow/dags/pipeline_simple_dag.py for tasks to queue
[2026-02-27T23:51:42.675+0000] {logging_mixin.py:188} INFO - [2026-02-27T23:51:42.674+0000] {dagbag.py:540} INFO - Filling up the DagBag from /opt/airflow/dags/pipeline_simple_dag.py
[2026-02-27T23:51:42.714+0000] {processor.py:840} INFO - DAG(s) 'pipeline_simple' retrieved from /opt/airflow/dags/pipeline_simple_dag.py
[2026-02-27T23:51:42.753+0000] {logging_mixin.py:188} INFO - [2026-02-27T23:51:42.752+0000] {dag.py:3096} INFO - Sync 1 DAGs
[2026-02-27T23:51:42.782+0000] {logging_mixin.py:188} INFO - [2026-02-27T23:51:42.782+0000] {dag.py:3954} INFO - Setting next_dagrun for pipeline_simple to 2026-02-27 00:00:00+00:00, run_after=2026-02-28 00:00:00+00:00
[2026-02-27T23:51:42.817+0000] {processor.py:183} INFO - Processing /opt/airflow/dags/pipeline_simple_dag.py took 0.153 seconds
[2026-02-27T23:52:13.205+0000] {processor.py:161} INFO - Started process (PID=157) to work on /opt/airflow/dags/pipeline_simple_dag.py
[2026-02-27T23:52:13.207+0000] {processor.py:830} INFO - Processing file /opt/airflow/dags/pipeline_simple_dag.py for tasks to queue
[2026-02-27T23:52:13.208+0000] {logging_mixin.py:188} INFO - [2026-02-27T23:52:13.208+0000] {dagbag.py:540} INFO - Filling up the DagBag from /opt/airflow/dags/pipeline_simple_dag.py
[2026-02-27T23:52:13.239+0000] {processor.py:840} INFO - DAG(s) 'pipeline_simple' retrieved from /opt/airflow/dags/pipeline_simple_dag.py
[2026-02-27T23:52:13.272+0000] {logging_mixin.py:188} INFO - [2026-02-27T23:52:13.272+0000] {dag.py:3096} INFO - Sync 1 DAGs
[2026-02-27T23:52:13.297+0000] {logging_mixin.py:188} INFO - [2026-02-27T23:52:13.297+0000] {dag.py:3954} INFO - Setting next_dagrun for pipeline_simple to 2026-02-27 00:00:00+00:00, run_after=2026-02-28 00:00:00+00:00
[2026-02-27T23:52:13.326+0000] {processor.py:183} INFO - Processing /opt/airflow/dags/pipeline_simple_dag.py took 0.129 seconds
