[2026-02-27T21:13:34.481+0000] {processor.py:161} INFO - Started process (PID=81) to work on /opt/airflow/dags/pipeline_monitoring_demo.py
[2026-02-27T21:13:34.488+0000] {processor.py:830} INFO - Processing file /opt/airflow/dags/pipeline_monitoring_demo.py for tasks to queue
[2026-02-27T21:13:34.504+0000] {logging_mixin.py:188} INFO - [2026-02-27T21:13:34.501+0000] {dagbag.py:540} INFO - Filling up the DagBag from /opt/airflow/dags/pipeline_monitoring_demo.py
[2026-02-27T21:13:34.587+0000] {logging_mixin.py:188} INFO - [2026-02-27T21:13:34.570+0000] {dagbag.py:350} ERROR - Failed to import: /opt/airflow/dags/pipeline_monitoring_demo.py
Traceback (most recent call last):
  File "/home/airflow/.local/lib/python3.12/site-packages/airflow/models/dagbag.py", line 346, in parse
    loader.exec_module(new_module)
  File "<frozen importlib._bootstrap_external>", line 995, in exec_module
  File "<frozen importlib._bootstrap>", line 488, in _call_with_frames_removed
  File "/opt/airflow/dags/pipeline_monitoring_demo.py", line 3, in <module>
    from airflow.metrics import Stats
ImportError: cannot import name 'Stats' from 'airflow.metrics' (/home/airflow/.local/lib/python3.12/site-packages/airflow/metrics/__init__.py). Did you mean: 'stats'?
[2026-02-27T21:13:34.592+0000] {processor.py:842} WARNING - No viable dags retrieved from /opt/airflow/dags/pipeline_monitoring_demo.py
[2026-02-27T21:13:34.726+0000] {processor.py:183} INFO - Processing /opt/airflow/dags/pipeline_monitoring_demo.py took 0.285 seconds
[2026-02-27T21:14:04.883+0000] {processor.py:161} INFO - Started process (PID=89) to work on /opt/airflow/dags/pipeline_monitoring_demo.py
[2026-02-27T21:14:04.885+0000] {processor.py:830} INFO - Processing file /opt/airflow/dags/pipeline_monitoring_demo.py for tasks to queue
[2026-02-27T21:14:04.888+0000] {logging_mixin.py:188} INFO - [2026-02-27T21:14:04.887+0000] {dagbag.py:540} INFO - Filling up the DagBag from /opt/airflow/dags/pipeline_monitoring_demo.py
[2026-02-27T21:14:04.932+0000] {logging_mixin.py:188} INFO - [2026-02-27T21:14:04.923+0000] {dagbag.py:350} ERROR - Failed to import: /opt/airflow/dags/pipeline_monitoring_demo.py
Traceback (most recent call last):
  File "/home/airflow/.local/lib/python3.12/site-packages/airflow/models/dagbag.py", line 346, in parse
    loader.exec_module(new_module)
  File "<frozen importlib._bootstrap_external>", line 995, in exec_module
  File "<frozen importlib._bootstrap>", line 488, in _call_with_frames_removed
  File "/opt/airflow/dags/pipeline_monitoring_demo.py", line 3, in <module>
    from airflow.metrics import Stats
ImportError: cannot import name 'Stats' from 'airflow.metrics' (/home/airflow/.local/lib/python3.12/site-packages/airflow/metrics/__init__.py). Did you mean: 'stats'?
[2026-02-27T21:14:04.935+0000] {processor.py:842} WARNING - No viable dags retrieved from /opt/airflow/dags/pipeline_monitoring_demo.py
[2026-02-27T21:14:04.981+0000] {processor.py:183} INFO - Processing /opt/airflow/dags/pipeline_monitoring_demo.py took 0.110 seconds
[2026-02-27T21:14:35.595+0000] {processor.py:161} INFO - Started process (PID=97) to work on /opt/airflow/dags/pipeline_monitoring_demo.py
[2026-02-27T21:14:35.597+0000] {processor.py:830} INFO - Processing file /opt/airflow/dags/pipeline_monitoring_demo.py for tasks to queue
[2026-02-27T21:14:35.601+0000] {logging_mixin.py:188} INFO - [2026-02-27T21:14:35.600+0000] {dagbag.py:540} INFO - Filling up the DagBag from /opt/airflow/dags/pipeline_monitoring_demo.py
[2026-02-27T21:14:35.640+0000] {logging_mixin.py:188} INFO - [2026-02-27T21:14:35.629+0000] {dagbag.py:350} ERROR - Failed to import: /opt/airflow/dags/pipeline_monitoring_demo.py
Traceback (most recent call last):
  File "/home/airflow/.local/lib/python3.12/site-packages/airflow/models/dagbag.py", line 346, in parse
    loader.exec_module(new_module)
  File "<frozen importlib._bootstrap_external>", line 995, in exec_module
  File "<frozen importlib._bootstrap>", line 488, in _call_with_frames_removed
  File "/opt/airflow/dags/pipeline_monitoring_demo.py", line 3, in <module>
    from airflow.metrics import Stats
ImportError: cannot import name 'Stats' from 'airflow.metrics' (/home/airflow/.local/lib/python3.12/site-packages/airflow/metrics/__init__.py). Did you mean: 'stats'?
[2026-02-27T21:14:35.645+0000] {processor.py:842} WARNING - No viable dags retrieved from /opt/airflow/dags/pipeline_monitoring_demo.py
[2026-02-27T21:14:35.719+0000] {processor.py:183} INFO - Processing /opt/airflow/dags/pipeline_monitoring_demo.py took 0.145 seconds
[2026-02-27T21:15:05.898+0000] {processor.py:161} INFO - Started process (PID=105) to work on /opt/airflow/dags/pipeline_monitoring_demo.py
[2026-02-27T21:15:05.899+0000] {processor.py:830} INFO - Processing file /opt/airflow/dags/pipeline_monitoring_demo.py for tasks to queue
[2026-02-27T21:15:05.901+0000] {logging_mixin.py:188} INFO - [2026-02-27T21:15:05.901+0000] {dagbag.py:540} INFO - Filling up the DagBag from /opt/airflow/dags/pipeline_monitoring_demo.py
[2026-02-27T21:15:05.943+0000] {logging_mixin.py:188} INFO - [2026-02-27T21:15:05.934+0000] {dagbag.py:350} ERROR - Failed to import: /opt/airflow/dags/pipeline_monitoring_demo.py
Traceback (most recent call last):
  File "/home/airflow/.local/lib/python3.12/site-packages/airflow/models/dagbag.py", line 346, in parse
    loader.exec_module(new_module)
  File "<frozen importlib._bootstrap_external>", line 995, in exec_module
  File "<frozen importlib._bootstrap>", line 488, in _call_with_frames_removed
  File "/opt/airflow/dags/pipeline_monitoring_demo.py", line 3, in <module>
    from airflow.metrics import Stats
ImportError: cannot import name 'Stats' from 'airflow.metrics' (/home/airflow/.local/lib/python3.12/site-packages/airflow/metrics/__init__.py). Did you mean: 'stats'?
[2026-02-27T21:15:05.947+0000] {processor.py:842} WARNING - No viable dags retrieved from /opt/airflow/dags/pipeline_monitoring_demo.py
[2026-02-27T21:15:05.980+0000] {processor.py:183} INFO - Processing /opt/airflow/dags/pipeline_monitoring_demo.py took 0.091 seconds
[2026-02-27T21:15:36.162+0000] {processor.py:161} INFO - Started process (PID=113) to work on /opt/airflow/dags/pipeline_monitoring_demo.py
[2026-02-27T21:15:36.163+0000] {processor.py:830} INFO - Processing file /opt/airflow/dags/pipeline_monitoring_demo.py for tasks to queue
[2026-02-27T21:15:36.165+0000] {logging_mixin.py:188} INFO - [2026-02-27T21:15:36.164+0000] {dagbag.py:540} INFO - Filling up the DagBag from /opt/airflow/dags/pipeline_monitoring_demo.py
[2026-02-27T21:15:36.199+0000] {logging_mixin.py:188} INFO - [2026-02-27T21:15:36.191+0000] {dagbag.py:350} ERROR - Failed to import: /opt/airflow/dags/pipeline_monitoring_demo.py
Traceback (most recent call last):
  File "/home/airflow/.local/lib/python3.12/site-packages/airflow/models/dagbag.py", line 346, in parse
    loader.exec_module(new_module)
  File "<frozen importlib._bootstrap_external>", line 995, in exec_module
  File "<frozen importlib._bootstrap>", line 488, in _call_with_frames_removed
  File "/opt/airflow/dags/pipeline_monitoring_demo.py", line 3, in <module>
    from airflow.metrics import Stats
ImportError: cannot import name 'Stats' from 'airflow.metrics' (/home/airflow/.local/lib/python3.12/site-packages/airflow/metrics/__init__.py). Did you mean: 'stats'?
[2026-02-27T21:15:36.202+0000] {processor.py:842} WARNING - No viable dags retrieved from /opt/airflow/dags/pipeline_monitoring_demo.py
[2026-02-27T21:15:36.231+0000] {processor.py:183} INFO - Processing /opt/airflow/dags/pipeline_monitoring_demo.py took 0.079 seconds
[2026-02-27T21:16:06.438+0000] {processor.py:161} INFO - Started process (PID=121) to work on /opt/airflow/dags/pipeline_monitoring_demo.py
[2026-02-27T21:16:06.440+0000] {processor.py:830} INFO - Processing file /opt/airflow/dags/pipeline_monitoring_demo.py for tasks to queue
[2026-02-27T21:16:06.442+0000] {logging_mixin.py:188} INFO - [2026-02-27T21:16:06.441+0000] {dagbag.py:540} INFO - Filling up the DagBag from /opt/airflow/dags/pipeline_monitoring_demo.py
[2026-02-27T21:16:06.478+0000] {logging_mixin.py:188} INFO - [2026-02-27T21:16:06.469+0000] {dagbag.py:350} ERROR - Failed to import: /opt/airflow/dags/pipeline_monitoring_demo.py
Traceback (most recent call last):
  File "/home/airflow/.local/lib/python3.12/site-packages/airflow/models/dagbag.py", line 346, in parse
    loader.exec_module(new_module)
  File "<frozen importlib._bootstrap_external>", line 995, in exec_module
  File "<frozen importlib._bootstrap>", line 488, in _call_with_frames_removed
  File "/opt/airflow/dags/pipeline_monitoring_demo.py", line 3, in <module>
    from airflow.metrics import Stats
ImportError: cannot import name 'Stats' from 'airflow.metrics' (/home/airflow/.local/lib/python3.12/site-packages/airflow/metrics/__init__.py). Did you mean: 'stats'?
[2026-02-27T21:16:06.481+0000] {processor.py:842} WARNING - No viable dags retrieved from /opt/airflow/dags/pipeline_monitoring_demo.py
[2026-02-27T21:16:06.526+0000] {processor.py:183} INFO - Processing /opt/airflow/dags/pipeline_monitoring_demo.py took 0.097 seconds
[2026-02-27T21:16:36.743+0000] {processor.py:161} INFO - Started process (PID=129) to work on /opt/airflow/dags/pipeline_monitoring_demo.py
[2026-02-27T21:16:36.745+0000] {processor.py:830} INFO - Processing file /opt/airflow/dags/pipeline_monitoring_demo.py for tasks to queue
[2026-02-27T21:16:36.747+0000] {logging_mixin.py:188} INFO - [2026-02-27T21:16:36.746+0000] {dagbag.py:540} INFO - Filling up the DagBag from /opt/airflow/dags/pipeline_monitoring_demo.py
[2026-02-27T21:16:36.786+0000] {logging_mixin.py:188} INFO - [2026-02-27T21:16:36.777+0000] {dagbag.py:350} ERROR - Failed to import: /opt/airflow/dags/pipeline_monitoring_demo.py
Traceback (most recent call last):
  File "/home/airflow/.local/lib/python3.12/site-packages/airflow/models/dagbag.py", line 346, in parse
    loader.exec_module(new_module)
  File "<frozen importlib._bootstrap_external>", line 995, in exec_module
  File "<frozen importlib._bootstrap>", line 488, in _call_with_frames_removed
  File "/opt/airflow/dags/pipeline_monitoring_demo.py", line 3, in <module>
    from airflow.metrics import Stats
ImportError: cannot import name 'Stats' from 'airflow.metrics' (/home/airflow/.local/lib/python3.12/site-packages/airflow/metrics/__init__.py). Did you mean: 'stats'?
[2026-02-27T21:16:36.790+0000] {processor.py:842} WARNING - No viable dags retrieved from /opt/airflow/dags/pipeline_monitoring_demo.py
[2026-02-27T21:16:36.831+0000] {processor.py:183} INFO - Processing /opt/airflow/dags/pipeline_monitoring_demo.py took 0.097 seconds
[2026-02-27T21:17:07.026+0000] {processor.py:161} INFO - Started process (PID=137) to work on /opt/airflow/dags/pipeline_monitoring_demo.py
[2026-02-27T21:17:07.028+0000] {processor.py:830} INFO - Processing file /opt/airflow/dags/pipeline_monitoring_demo.py for tasks to queue
[2026-02-27T21:17:07.030+0000] {logging_mixin.py:188} INFO - [2026-02-27T21:17:07.029+0000] {dagbag.py:540} INFO - Filling up the DagBag from /opt/airflow/dags/pipeline_monitoring_demo.py
[2026-02-27T21:17:07.062+0000] {logging_mixin.py:188} INFO - [2026-02-27T21:17:07.055+0000] {dagbag.py:350} ERROR - Failed to import: /opt/airflow/dags/pipeline_monitoring_demo.py
Traceback (most recent call last):
  File "/home/airflow/.local/lib/python3.12/site-packages/airflow/models/dagbag.py", line 346, in parse
    loader.exec_module(new_module)
  File "<frozen importlib._bootstrap_external>", line 995, in exec_module
  File "<frozen importlib._bootstrap>", line 488, in _call_with_frames_removed
  File "/opt/airflow/dags/pipeline_monitoring_demo.py", line 3, in <module>
    from airflow.metrics import Stats
ImportError: cannot import name 'Stats' from 'airflow.metrics' (/home/airflow/.local/lib/python3.12/site-packages/airflow/metrics/__init__.py). Did you mean: 'stats'?
[2026-02-27T21:17:07.065+0000] {processor.py:842} WARNING - No viable dags retrieved from /opt/airflow/dags/pipeline_monitoring_demo.py
[2026-02-27T21:17:07.097+0000] {processor.py:183} INFO - Processing /opt/airflow/dags/pipeline_monitoring_demo.py took 0.080 seconds
[2026-02-27T21:17:37.414+0000] {processor.py:161} INFO - Started process (PID=145) to work on /opt/airflow/dags/pipeline_monitoring_demo.py
[2026-02-27T21:17:37.416+0000] {processor.py:830} INFO - Processing file /opt/airflow/dags/pipeline_monitoring_demo.py for tasks to queue
[2026-02-27T21:17:37.418+0000] {logging_mixin.py:188} INFO - [2026-02-27T21:17:37.418+0000] {dagbag.py:540} INFO - Filling up the DagBag from /opt/airflow/dags/pipeline_monitoring_demo.py
[2026-02-27T21:17:37.456+0000] {logging_mixin.py:188} INFO - [2026-02-27T21:17:37.446+0000] {dagbag.py:350} ERROR - Failed to import: /opt/airflow/dags/pipeline_monitoring_demo.py
Traceback (most recent call last):
  File "/home/airflow/.local/lib/python3.12/site-packages/airflow/models/dagbag.py", line 346, in parse
    loader.exec_module(new_module)
  File "<frozen importlib._bootstrap_external>", line 995, in exec_module
  File "<frozen importlib._bootstrap>", line 488, in _call_with_frames_removed
  File "/opt/airflow/dags/pipeline_monitoring_demo.py", line 3, in <module>
    from airflow.metrics import Stats
ImportError: cannot import name 'Stats' from 'airflow.metrics' (/home/airflow/.local/lib/python3.12/site-packages/airflow/metrics/__init__.py). Did you mean: 'stats'?
[2026-02-27T21:17:37.460+0000] {processor.py:842} WARNING - No viable dags retrieved from /opt/airflow/dags/pipeline_monitoring_demo.py
[2026-02-27T21:17:37.512+0000] {processor.py:183} INFO - Processing /opt/airflow/dags/pipeline_monitoring_demo.py took 0.108 seconds
[2026-02-27T21:18:07.734+0000] {processor.py:161} INFO - Started process (PID=153) to work on /opt/airflow/dags/pipeline_monitoring_demo.py
[2026-02-27T21:18:07.736+0000] {processor.py:830} INFO - Processing file /opt/airflow/dags/pipeline_monitoring_demo.py for tasks to queue
[2026-02-27T21:18:07.738+0000] {logging_mixin.py:188} INFO - [2026-02-27T21:18:07.737+0000] {dagbag.py:540} INFO - Filling up the DagBag from /opt/airflow/dags/pipeline_monitoring_demo.py
[2026-02-27T21:18:07.777+0000] {logging_mixin.py:188} INFO - [2026-02-27T21:18:07.765+0000] {dagbag.py:350} ERROR - Failed to import: /opt/airflow/dags/pipeline_monitoring_demo.py
Traceback (most recent call last):
  File "/home/airflow/.local/lib/python3.12/site-packages/airflow/models/dagbag.py", line 346, in parse
    loader.exec_module(new_module)
  File "<frozen importlib._bootstrap_external>", line 995, in exec_module
  File "<frozen importlib._bootstrap>", line 488, in _call_with_frames_removed
  File "/opt/airflow/dags/pipeline_monitoring_demo.py", line 3, in <module>
    from airflow.metrics import Stats
ImportError: cannot import name 'Stats' from 'airflow.metrics' (/home/airflow/.local/lib/python3.12/site-packages/airflow/metrics/__init__.py). Did you mean: 'stats'?
[2026-02-27T21:18:07.781+0000] {processor.py:842} WARNING - No viable dags retrieved from /opt/airflow/dags/pipeline_monitoring_demo.py
[2026-02-27T21:18:07.832+0000] {processor.py:183} INFO - Processing /opt/airflow/dags/pipeline_monitoring_demo.py took 0.108 seconds
[2026-02-27T21:18:38.447+0000] {processor.py:161} INFO - Started process (PID=161) to work on /opt/airflow/dags/pipeline_monitoring_demo.py
[2026-02-27T21:18:38.449+0000] {processor.py:830} INFO - Processing file /opt/airflow/dags/pipeline_monitoring_demo.py for tasks to queue
[2026-02-27T21:18:38.450+0000] {logging_mixin.py:188} INFO - [2026-02-27T21:18:38.450+0000] {dagbag.py:540} INFO - Filling up the DagBag from /opt/airflow/dags/pipeline_monitoring_demo.py
[2026-02-27T21:18:38.486+0000] {logging_mixin.py:188} INFO - [2026-02-27T21:18:38.476+0000] {dagbag.py:350} ERROR - Failed to import: /opt/airflow/dags/pipeline_monitoring_demo.py
Traceback (most recent call last):
  File "/home/airflow/.local/lib/python3.12/site-packages/airflow/models/dagbag.py", line 346, in parse
    loader.exec_module(new_module)
  File "<frozen importlib._bootstrap_external>", line 995, in exec_module
  File "<frozen importlib._bootstrap>", line 488, in _call_with_frames_removed
  File "/opt/airflow/dags/pipeline_monitoring_demo.py", line 3, in <module>
    from airflow.metrics import Stats
ImportError: cannot import name 'Stats' from 'airflow.metrics' (/home/airflow/.local/lib/python3.12/site-packages/airflow/metrics/__init__.py). Did you mean: 'stats'?
[2026-02-27T21:18:38.490+0000] {processor.py:842} WARNING - No viable dags retrieved from /opt/airflow/dags/pipeline_monitoring_demo.py
[2026-02-27T21:18:38.545+0000] {processor.py:183} INFO - Processing /opt/airflow/dags/pipeline_monitoring_demo.py took 0.109 seconds
[2026-02-27T21:19:08.709+0000] {processor.py:161} INFO - Started process (PID=169) to work on /opt/airflow/dags/pipeline_monitoring_demo.py
[2026-02-27T21:19:08.711+0000] {processor.py:830} INFO - Processing file /opt/airflow/dags/pipeline_monitoring_demo.py for tasks to queue
[2026-02-27T21:19:08.713+0000] {logging_mixin.py:188} INFO - [2026-02-27T21:19:08.712+0000] {dagbag.py:540} INFO - Filling up the DagBag from /opt/airflow/dags/pipeline_monitoring_demo.py
[2026-02-27T21:19:08.751+0000] {logging_mixin.py:188} INFO - [2026-02-27T21:19:08.742+0000] {dagbag.py:350} ERROR - Failed to import: /opt/airflow/dags/pipeline_monitoring_demo.py
Traceback (most recent call last):
  File "/home/airflow/.local/lib/python3.12/site-packages/airflow/models/dagbag.py", line 346, in parse
    loader.exec_module(new_module)
  File "<frozen importlib._bootstrap_external>", line 995, in exec_module
  File "<frozen importlib._bootstrap>", line 488, in _call_with_frames_removed
  File "/opt/airflow/dags/pipeline_monitoring_demo.py", line 3, in <module>
    from airflow.metrics import Stats
ImportError: cannot import name 'Stats' from 'airflow.metrics' (/home/airflow/.local/lib/python3.12/site-packages/airflow/metrics/__init__.py). Did you mean: 'stats'?
[2026-02-27T21:19:08.755+0000] {processor.py:842} WARNING - No viable dags retrieved from /opt/airflow/dags/pipeline_monitoring_demo.py
[2026-02-27T21:19:08.791+0000] {processor.py:183} INFO - Processing /opt/airflow/dags/pipeline_monitoring_demo.py took 0.107 seconds
[2026-02-27T21:19:39.176+0000] {processor.py:161} INFO - Started process (PID=177) to work on /opt/airflow/dags/pipeline_monitoring_demo.py
[2026-02-27T21:19:39.178+0000] {processor.py:830} INFO - Processing file /opt/airflow/dags/pipeline_monitoring_demo.py for tasks to queue
[2026-02-27T21:19:39.180+0000] {logging_mixin.py:188} INFO - [2026-02-27T21:19:39.179+0000] {dagbag.py:540} INFO - Filling up the DagBag from /opt/airflow/dags/pipeline_monitoring_demo.py
[2026-02-27T21:19:39.215+0000] {logging_mixin.py:188} INFO - [2026-02-27T21:19:39.205+0000] {dagbag.py:350} ERROR - Failed to import: /opt/airflow/dags/pipeline_monitoring_demo.py
Traceback (most recent call last):
  File "/home/airflow/.local/lib/python3.12/site-packages/airflow/models/dagbag.py", line 346, in parse
    loader.exec_module(new_module)
  File "<frozen importlib._bootstrap_external>", line 995, in exec_module
  File "<frozen importlib._bootstrap>", line 488, in _call_with_frames_removed
  File "/opt/airflow/dags/pipeline_monitoring_demo.py", line 3, in <module>
    from airflow.metrics import Stats
ImportError: cannot import name 'Stats' from 'airflow.metrics' (/home/airflow/.local/lib/python3.12/site-packages/airflow/metrics/__init__.py). Did you mean: 'stats'?
[2026-02-27T21:19:39.218+0000] {processor.py:842} WARNING - No viable dags retrieved from /opt/airflow/dags/pipeline_monitoring_demo.py
[2026-02-27T21:19:39.260+0000] {processor.py:183} INFO - Processing /opt/airflow/dags/pipeline_monitoring_demo.py took 0.093 seconds
[2026-02-27T21:20:09.480+0000] {processor.py:161} INFO - Started process (PID=185) to work on /opt/airflow/dags/pipeline_monitoring_demo.py
[2026-02-27T21:20:09.482+0000] {processor.py:830} INFO - Processing file /opt/airflow/dags/pipeline_monitoring_demo.py for tasks to queue
[2026-02-27T21:20:09.484+0000] {logging_mixin.py:188} INFO - [2026-02-27T21:20:09.483+0000] {dagbag.py:540} INFO - Filling up the DagBag from /opt/airflow/dags/pipeline_monitoring_demo.py
[2026-02-27T21:20:09.545+0000] {logging_mixin.py:188} INFO - [2026-02-27T21:20:09.529+0000] {dagbag.py:350} ERROR - Failed to import: /opt/airflow/dags/pipeline_monitoring_demo.py
Traceback (most recent call last):
  File "/home/airflow/.local/lib/python3.12/site-packages/airflow/models/dagbag.py", line 346, in parse
    loader.exec_module(new_module)
  File "<frozen importlib._bootstrap_external>", line 995, in exec_module
  File "<frozen importlib._bootstrap>", line 488, in _call_with_frames_removed
  File "/opt/airflow/dags/pipeline_monitoring_demo.py", line 3, in <module>
    from airflow.metrics import Stats
ImportError: cannot import name 'Stats' from 'airflow.metrics' (/home/airflow/.local/lib/python3.12/site-packages/airflow/metrics/__init__.py). Did you mean: 'stats'?
[2026-02-27T21:20:09.552+0000] {processor.py:842} WARNING - No viable dags retrieved from /opt/airflow/dags/pipeline_monitoring_demo.py
[2026-02-27T21:20:09.615+0000] {processor.py:183} INFO - Processing /opt/airflow/dags/pipeline_monitoring_demo.py took 0.151 seconds
[2026-02-27T21:20:40.000+0000] {processor.py:161} INFO - Started process (PID=193) to work on /opt/airflow/dags/pipeline_monitoring_demo.py
[2026-02-27T21:20:40.003+0000] {processor.py:830} INFO - Processing file /opt/airflow/dags/pipeline_monitoring_demo.py for tasks to queue
[2026-02-27T21:20:40.006+0000] {logging_mixin.py:188} INFO - [2026-02-27T21:20:40.005+0000] {dagbag.py:540} INFO - Filling up the DagBag from /opt/airflow/dags/pipeline_monitoring_demo.py
[2026-02-27T21:20:40.043+0000] {logging_mixin.py:188} INFO - [2026-02-27T21:20:40.034+0000] {dagbag.py:350} ERROR - Failed to import: /opt/airflow/dags/pipeline_monitoring_demo.py
Traceback (most recent call last):
  File "/home/airflow/.local/lib/python3.12/site-packages/airflow/models/dagbag.py", line 346, in parse
    loader.exec_module(new_module)
  File "<frozen importlib._bootstrap_external>", line 995, in exec_module
  File "<frozen importlib._bootstrap>", line 488, in _call_with_frames_removed
  File "/opt/airflow/dags/pipeline_monitoring_demo.py", line 3, in <module>
    from airflow.metrics import Stats
ImportError: cannot import name 'Stats' from 'airflow.metrics' (/home/airflow/.local/lib/python3.12/site-packages/airflow/metrics/__init__.py). Did you mean: 'stats'?
[2026-02-27T21:20:40.047+0000] {processor.py:842} WARNING - No viable dags retrieved from /opt/airflow/dags/pipeline_monitoring_demo.py
[2026-02-27T21:20:40.079+0000] {processor.py:183} INFO - Processing /opt/airflow/dags/pipeline_monitoring_demo.py took 0.088 seconds
[2026-02-27T21:21:10.418+0000] {processor.py:161} INFO - Started process (PID=201) to work on /opt/airflow/dags/pipeline_monitoring_demo.py
[2026-02-27T21:21:10.421+0000] {processor.py:830} INFO - Processing file /opt/airflow/dags/pipeline_monitoring_demo.py for tasks to queue
[2026-02-27T21:21:10.423+0000] {logging_mixin.py:188} INFO - [2026-02-27T21:21:10.422+0000] {dagbag.py:540} INFO - Filling up the DagBag from /opt/airflow/dags/pipeline_monitoring_demo.py
[2026-02-27T21:21:10.468+0000] {logging_mixin.py:188} INFO - [2026-02-27T21:21:10.457+0000] {dagbag.py:350} ERROR - Failed to import: /opt/airflow/dags/pipeline_monitoring_demo.py
Traceback (most recent call last):
  File "/home/airflow/.local/lib/python3.12/site-packages/airflow/models/dagbag.py", line 346, in parse
    loader.exec_module(new_module)
  File "<frozen importlib._bootstrap_external>", line 995, in exec_module
  File "<frozen importlib._bootstrap>", line 488, in _call_with_frames_removed
  File "/opt/airflow/dags/pipeline_monitoring_demo.py", line 3, in <module>
    from airflow.metrics import Stats
ImportError: cannot import name 'Stats' from 'airflow.metrics' (/home/airflow/.local/lib/python3.12/site-packages/airflow/metrics/__init__.py). Did you mean: 'stats'?
[2026-02-27T21:21:10.472+0000] {processor.py:842} WARNING - No viable dags retrieved from /opt/airflow/dags/pipeline_monitoring_demo.py
[2026-02-27T21:21:10.520+0000] {processor.py:183} INFO - Processing /opt/airflow/dags/pipeline_monitoring_demo.py took 0.111 seconds
[2026-02-27T21:21:40.772+0000] {processor.py:161} INFO - Started process (PID=209) to work on /opt/airflow/dags/pipeline_monitoring_demo.py
[2026-02-27T21:21:40.774+0000] {processor.py:830} INFO - Processing file /opt/airflow/dags/pipeline_monitoring_demo.py for tasks to queue
[2026-02-27T21:21:40.776+0000] {logging_mixin.py:188} INFO - [2026-02-27T21:21:40.775+0000] {dagbag.py:540} INFO - Filling up the DagBag from /opt/airflow/dags/pipeline_monitoring_demo.py
[2026-02-27T21:21:40.809+0000] {logging_mixin.py:188} INFO - [2026-02-27T21:21:40.800+0000] {dagbag.py:350} ERROR - Failed to import: /opt/airflow/dags/pipeline_monitoring_demo.py
Traceback (most recent call last):
  File "/home/airflow/.local/lib/python3.12/site-packages/airflow/models/dagbag.py", line 346, in parse
    loader.exec_module(new_module)
  File "<frozen importlib._bootstrap_external>", line 995, in exec_module
  File "<frozen importlib._bootstrap>", line 488, in _call_with_frames_removed
  File "/opt/airflow/dags/pipeline_monitoring_demo.py", line 3, in <module>
    from airflow.metrics import Stats
ImportError: cannot import name 'Stats' from 'airflow.metrics' (/home/airflow/.local/lib/python3.12/site-packages/airflow/metrics/__init__.py). Did you mean: 'stats'?
[2026-02-27T21:21:40.813+0000] {processor.py:842} WARNING - No viable dags retrieved from /opt/airflow/dags/pipeline_monitoring_demo.py
[2026-02-27T21:21:40.844+0000] {processor.py:183} INFO - Processing /opt/airflow/dags/pipeline_monitoring_demo.py took 0.080 seconds
[2026-02-27T21:22:11.047+0000] {processor.py:161} INFO - Started process (PID=217) to work on /opt/airflow/dags/pipeline_monitoring_demo.py
[2026-02-27T21:22:11.049+0000] {processor.py:830} INFO - Processing file /opt/airflow/dags/pipeline_monitoring_demo.py for tasks to queue
[2026-02-27T21:22:11.051+0000] {logging_mixin.py:188} INFO - [2026-02-27T21:22:11.050+0000] {dagbag.py:540} INFO - Filling up the DagBag from /opt/airflow/dags/pipeline_monitoring_demo.py
[2026-02-27T21:22:11.085+0000] {logging_mixin.py:188} INFO - [2026-02-27T21:22:11.076+0000] {dagbag.py:350} ERROR - Failed to import: /opt/airflow/dags/pipeline_monitoring_demo.py
Traceback (most recent call last):
  File "/home/airflow/.local/lib/python3.12/site-packages/airflow/models/dagbag.py", line 346, in parse
    loader.exec_module(new_module)
  File "<frozen importlib._bootstrap_external>", line 995, in exec_module
  File "<frozen importlib._bootstrap>", line 488, in _call_with_frames_removed
  File "/opt/airflow/dags/pipeline_monitoring_demo.py", line 3, in <module>
    from airflow.metrics import Stats
ImportError: cannot import name 'Stats' from 'airflow.metrics' (/home/airflow/.local/lib/python3.12/site-packages/airflow/metrics/__init__.py). Did you mean: 'stats'?
[2026-02-27T21:22:11.089+0000] {processor.py:842} WARNING - No viable dags retrieved from /opt/airflow/dags/pipeline_monitoring_demo.py
[2026-02-27T21:22:11.120+0000] {processor.py:183} INFO - Processing /opt/airflow/dags/pipeline_monitoring_demo.py took 0.083 seconds
[2026-02-27T21:22:41.363+0000] {processor.py:161} INFO - Started process (PID=225) to work on /opt/airflow/dags/pipeline_monitoring_demo.py
[2026-02-27T21:22:41.365+0000] {processor.py:830} INFO - Processing file /opt/airflow/dags/pipeline_monitoring_demo.py for tasks to queue
[2026-02-27T21:22:41.368+0000] {logging_mixin.py:188} INFO - [2026-02-27T21:22:41.366+0000] {dagbag.py:540} INFO - Filling up the DagBag from /opt/airflow/dags/pipeline_monitoring_demo.py
[2026-02-27T21:22:41.407+0000] {logging_mixin.py:188} INFO - [2026-02-27T21:22:41.398+0000] {dagbag.py:350} ERROR - Failed to import: /opt/airflow/dags/pipeline_monitoring_demo.py
Traceback (most recent call last):
  File "/home/airflow/.local/lib/python3.12/site-packages/airflow/models/dagbag.py", line 346, in parse
    loader.exec_module(new_module)
  File "<frozen importlib._bootstrap_external>", line 995, in exec_module
  File "<frozen importlib._bootstrap>", line 488, in _call_with_frames_removed
  File "/opt/airflow/dags/pipeline_monitoring_demo.py", line 3, in <module>
    from airflow.metrics import Stats
ImportError: cannot import name 'Stats' from 'airflow.metrics' (/home/airflow/.local/lib/python3.12/site-packages/airflow/metrics/__init__.py). Did you mean: 'stats'?
[2026-02-27T21:22:41.410+0000] {processor.py:842} WARNING - No viable dags retrieved from /opt/airflow/dags/pipeline_monitoring_demo.py
[2026-02-27T21:22:41.449+0000] {processor.py:183} INFO - Processing /opt/airflow/dags/pipeline_monitoring_demo.py took 0.097 seconds
[2026-02-27T21:23:11.933+0000] {processor.py:161} INFO - Started process (PID=233) to work on /opt/airflow/dags/pipeline_monitoring_demo.py
[2026-02-27T21:23:11.935+0000] {processor.py:830} INFO - Processing file /opt/airflow/dags/pipeline_monitoring_demo.py for tasks to queue
[2026-02-27T21:23:11.938+0000] {logging_mixin.py:188} INFO - [2026-02-27T21:23:11.937+0000] {dagbag.py:540} INFO - Filling up the DagBag from /opt/airflow/dags/pipeline_monitoring_demo.py
[2026-02-27T21:23:11.996+0000] {logging_mixin.py:188} INFO - [2026-02-27T21:23:11.981+0000] {dagbag.py:350} ERROR - Failed to import: /opt/airflow/dags/pipeline_monitoring_demo.py
Traceback (most recent call last):
  File "/home/airflow/.local/lib/python3.12/site-packages/airflow/models/dagbag.py", line 346, in parse
    loader.exec_module(new_module)
  File "<frozen importlib._bootstrap_external>", line 995, in exec_module
  File "<frozen importlib._bootstrap>", line 488, in _call_with_frames_removed
  File "/opt/airflow/dags/pipeline_monitoring_demo.py", line 3, in <module>
    from airflow.metrics import Stats
ImportError: cannot import name 'Stats' from 'airflow.metrics' (/home/airflow/.local/lib/python3.12/site-packages/airflow/metrics/__init__.py). Did you mean: 'stats'?
[2026-02-27T21:23:12.005+0000] {processor.py:842} WARNING - No viable dags retrieved from /opt/airflow/dags/pipeline_monitoring_demo.py
[2026-02-27T21:23:12.044+0000] {processor.py:183} INFO - Processing /opt/airflow/dags/pipeline_monitoring_demo.py took 0.129 seconds
[2026-02-27T21:23:42.813+0000] {processor.py:161} INFO - Started process (PID=241) to work on /opt/airflow/dags/pipeline_monitoring_demo.py
[2026-02-27T21:23:42.816+0000] {processor.py:830} INFO - Processing file /opt/airflow/dags/pipeline_monitoring_demo.py for tasks to queue
[2026-02-27T21:23:42.818+0000] {logging_mixin.py:188} INFO - [2026-02-27T21:23:42.817+0000] {dagbag.py:540} INFO - Filling up the DagBag from /opt/airflow/dags/pipeline_monitoring_demo.py
[2026-02-27T21:23:42.859+0000] {logging_mixin.py:188} INFO - [2026-02-27T21:23:42.849+0000] {dagbag.py:350} ERROR - Failed to import: /opt/airflow/dags/pipeline_monitoring_demo.py
Traceback (most recent call last):
  File "/home/airflow/.local/lib/python3.12/site-packages/airflow/models/dagbag.py", line 346, in parse
    loader.exec_module(new_module)
  File "<frozen importlib._bootstrap_external>", line 995, in exec_module
  File "<frozen importlib._bootstrap>", line 488, in _call_with_frames_removed
  File "/opt/airflow/dags/pipeline_monitoring_demo.py", line 3, in <module>
    from airflow.metrics import Stats
ImportError: cannot import name 'Stats' from 'airflow.metrics' (/home/airflow/.local/lib/python3.12/site-packages/airflow/metrics/__init__.py). Did you mean: 'stats'?
[2026-02-27T21:23:42.863+0000] {processor.py:842} WARNING - No viable dags retrieved from /opt/airflow/dags/pipeline_monitoring_demo.py
[2026-02-27T21:23:42.903+0000] {processor.py:183} INFO - Processing /opt/airflow/dags/pipeline_monitoring_demo.py took 0.100 seconds
[2026-02-27T21:24:13.035+0000] {processor.py:161} INFO - Started process (PID=249) to work on /opt/airflow/dags/pipeline_monitoring_demo.py
[2026-02-27T21:24:13.037+0000] {processor.py:830} INFO - Processing file /opt/airflow/dags/pipeline_monitoring_demo.py for tasks to queue
[2026-02-27T21:24:13.038+0000] {logging_mixin.py:188} INFO - [2026-02-27T21:24:13.038+0000] {dagbag.py:540} INFO - Filling up the DagBag from /opt/airflow/dags/pipeline_monitoring_demo.py
[2026-02-27T21:24:13.062+0000] {logging_mixin.py:188} INFO - [2026-02-27T21:24:13.056+0000] {dagbag.py:350} ERROR - Failed to import: /opt/airflow/dags/pipeline_monitoring_demo.py
Traceback (most recent call last):
  File "/home/airflow/.local/lib/python3.12/site-packages/airflow/models/dagbag.py", line 346, in parse
    loader.exec_module(new_module)
  File "<frozen importlib._bootstrap_external>", line 995, in exec_module
  File "<frozen importlib._bootstrap>", line 488, in _call_with_frames_removed
  File "/opt/airflow/dags/pipeline_monitoring_demo.py", line 3, in <module>
    from airflow.metrics import Stats
ImportError: cannot import name 'Stats' from 'airflow.metrics' (/home/airflow/.local/lib/python3.12/site-packages/airflow/metrics/__init__.py). Did you mean: 'stats'?
[2026-02-27T21:24:13.065+0000] {processor.py:842} WARNING - No viable dags retrieved from /opt/airflow/dags/pipeline_monitoring_demo.py
[2026-02-27T21:24:13.101+0000] {processor.py:183} INFO - Processing /opt/airflow/dags/pipeline_monitoring_demo.py took 0.075 seconds
[2026-02-27T21:24:43.242+0000] {processor.py:161} INFO - Started process (PID=257) to work on /opt/airflow/dags/pipeline_monitoring_demo.py
[2026-02-27T21:24:43.244+0000] {processor.py:830} INFO - Processing file /opt/airflow/dags/pipeline_monitoring_demo.py for tasks to queue
[2026-02-27T21:24:43.247+0000] {logging_mixin.py:188} INFO - [2026-02-27T21:24:43.246+0000] {dagbag.py:540} INFO - Filling up the DagBag from /opt/airflow/dags/pipeline_monitoring_demo.py
[2026-02-27T21:24:43.282+0000] {logging_mixin.py:188} INFO - [2026-02-27T21:24:43.272+0000] {dagbag.py:350} ERROR - Failed to import: /opt/airflow/dags/pipeline_monitoring_demo.py
Traceback (most recent call last):
  File "/home/airflow/.local/lib/python3.12/site-packages/airflow/models/dagbag.py", line 346, in parse
    loader.exec_module(new_module)
  File "<frozen importlib._bootstrap_external>", line 995, in exec_module
  File "<frozen importlib._bootstrap>", line 488, in _call_with_frames_removed
  File "/opt/airflow/dags/pipeline_monitoring_demo.py", line 3, in <module>
    from airflow.metrics import Stats
ImportError: cannot import name 'Stats' from 'airflow.metrics' (/home/airflow/.local/lib/python3.12/site-packages/airflow/metrics/__init__.py). Did you mean: 'stats'?
[2026-02-27T21:24:43.285+0000] {processor.py:842} WARNING - No viable dags retrieved from /opt/airflow/dags/pipeline_monitoring_demo.py
[2026-02-27T21:24:43.340+0000] {processor.py:183} INFO - Processing /opt/airflow/dags/pipeline_monitoring_demo.py took 0.109 seconds
[2026-02-27T21:25:13.654+0000] {processor.py:161} INFO - Started process (PID=265) to work on /opt/airflow/dags/pipeline_monitoring_demo.py
[2026-02-27T21:25:13.657+0000] {processor.py:830} INFO - Processing file /opt/airflow/dags/pipeline_monitoring_demo.py for tasks to queue
[2026-02-27T21:25:13.659+0000] {logging_mixin.py:188} INFO - [2026-02-27T21:25:13.658+0000] {dagbag.py:540} INFO - Filling up the DagBag from /opt/airflow/dags/pipeline_monitoring_demo.py
[2026-02-27T21:25:13.705+0000] {logging_mixin.py:188} INFO - [2026-02-27T21:25:13.693+0000] {dagbag.py:350} ERROR - Failed to import: /opt/airflow/dags/pipeline_monitoring_demo.py
Traceback (most recent call last):
  File "/home/airflow/.local/lib/python3.12/site-packages/airflow/models/dagbag.py", line 346, in parse
    loader.exec_module(new_module)
  File "<frozen importlib._bootstrap_external>", line 995, in exec_module
  File "<frozen importlib._bootstrap>", line 488, in _call_with_frames_removed
  File "/opt/airflow/dags/pipeline_monitoring_demo.py", line 3, in <module>
    from airflow.metrics import Stats
ImportError: cannot import name 'Stats' from 'airflow.metrics' (/home/airflow/.local/lib/python3.12/site-packages/airflow/metrics/__init__.py). Did you mean: 'stats'?
[2026-02-27T21:25:13.708+0000] {processor.py:842} WARNING - No viable dags retrieved from /opt/airflow/dags/pipeline_monitoring_demo.py
[2026-02-27T21:25:13.753+0000] {processor.py:183} INFO - Processing /opt/airflow/dags/pipeline_monitoring_demo.py took 0.124 seconds
[2026-02-27T21:25:44.122+0000] {processor.py:161} INFO - Started process (PID=273) to work on /opt/airflow/dags/pipeline_monitoring_demo.py
[2026-02-27T21:25:44.126+0000] {processor.py:830} INFO - Processing file /opt/airflow/dags/pipeline_monitoring_demo.py for tasks to queue
[2026-02-27T21:25:44.128+0000] {logging_mixin.py:188} INFO - [2026-02-27T21:25:44.127+0000] {dagbag.py:540} INFO - Filling up the DagBag from /opt/airflow/dags/pipeline_monitoring_demo.py
[2026-02-27T21:25:44.172+0000] {logging_mixin.py:188} INFO - [2026-02-27T21:25:44.161+0000] {dagbag.py:350} ERROR - Failed to import: /opt/airflow/dags/pipeline_monitoring_demo.py
Traceback (most recent call last):
  File "/home/airflow/.local/lib/python3.12/site-packages/airflow/models/dagbag.py", line 346, in parse
    loader.exec_module(new_module)
  File "<frozen importlib._bootstrap_external>", line 995, in exec_module
  File "<frozen importlib._bootstrap>", line 488, in _call_with_frames_removed
  File "/opt/airflow/dags/pipeline_monitoring_demo.py", line 3, in <module>
    from airflow.metrics import Stats
ImportError: cannot import name 'Stats' from 'airflow.metrics' (/home/airflow/.local/lib/python3.12/site-packages/airflow/metrics/__init__.py). Did you mean: 'stats'?
[2026-02-27T21:25:44.175+0000] {processor.py:842} WARNING - No viable dags retrieved from /opt/airflow/dags/pipeline_monitoring_demo.py
[2026-02-27T21:25:44.206+0000] {processor.py:183} INFO - Processing /opt/airflow/dags/pipeline_monitoring_demo.py took 0.098 seconds
[2026-02-27T21:26:14.379+0000] {processor.py:161} INFO - Started process (PID=281) to work on /opt/airflow/dags/pipeline_monitoring_demo.py
[2026-02-27T21:26:14.381+0000] {processor.py:830} INFO - Processing file /opt/airflow/dags/pipeline_monitoring_demo.py for tasks to queue
[2026-02-27T21:26:14.383+0000] {logging_mixin.py:188} INFO - [2026-02-27T21:26:14.382+0000] {dagbag.py:540} INFO - Filling up the DagBag from /opt/airflow/dags/pipeline_monitoring_demo.py
[2026-02-27T21:26:14.433+0000] {logging_mixin.py:188} INFO - [2026-02-27T21:26:14.421+0000] {dagbag.py:350} ERROR - Failed to import: /opt/airflow/dags/pipeline_monitoring_demo.py
Traceback (most recent call last):
  File "/home/airflow/.local/lib/python3.12/site-packages/airflow/models/dagbag.py", line 346, in parse
    loader.exec_module(new_module)
  File "<frozen importlib._bootstrap_external>", line 995, in exec_module
  File "<frozen importlib._bootstrap>", line 488, in _call_with_frames_removed
  File "/opt/airflow/dags/pipeline_monitoring_demo.py", line 3, in <module>
    from airflow.metrics import Stats
ImportError: cannot import name 'Stats' from 'airflow.metrics' (/home/airflow/.local/lib/python3.12/site-packages/airflow/metrics/__init__.py). Did you mean: 'stats'?
[2026-02-27T21:26:14.439+0000] {processor.py:842} WARNING - No viable dags retrieved from /opt/airflow/dags/pipeline_monitoring_demo.py
[2026-02-27T21:26:14.485+0000] {processor.py:183} INFO - Processing /opt/airflow/dags/pipeline_monitoring_demo.py took 0.114 seconds
[2026-02-27T21:26:44.992+0000] {processor.py:161} INFO - Started process (PID=289) to work on /opt/airflow/dags/pipeline_monitoring_demo.py
[2026-02-27T21:26:44.994+0000] {processor.py:830} INFO - Processing file /opt/airflow/dags/pipeline_monitoring_demo.py for tasks to queue
[2026-02-27T21:26:44.997+0000] {logging_mixin.py:188} INFO - [2026-02-27T21:26:44.996+0000] {dagbag.py:540} INFO - Filling up the DagBag from /opt/airflow/dags/pipeline_monitoring_demo.py
[2026-02-27T21:26:45.036+0000] {logging_mixin.py:188} INFO - [2026-02-27T21:26:45.027+0000] {dagbag.py:350} ERROR - Failed to import: /opt/airflow/dags/pipeline_monitoring_demo.py
Traceback (most recent call last):
  File "/home/airflow/.local/lib/python3.12/site-packages/airflow/models/dagbag.py", line 346, in parse
    loader.exec_module(new_module)
  File "<frozen importlib._bootstrap_external>", line 995, in exec_module
  File "<frozen importlib._bootstrap>", line 488, in _call_with_frames_removed
  File "/opt/airflow/dags/pipeline_monitoring_demo.py", line 3, in <module>
    from airflow.metrics import Stats
ImportError: cannot import name 'Stats' from 'airflow.metrics' (/home/airflow/.local/lib/python3.12/site-packages/airflow/metrics/__init__.py). Did you mean: 'stats'?
[2026-02-27T21:26:45.040+0000] {processor.py:842} WARNING - No viable dags retrieved from /opt/airflow/dags/pipeline_monitoring_demo.py
[2026-02-27T21:26:45.084+0000] {processor.py:183} INFO - Processing /opt/airflow/dags/pipeline_monitoring_demo.py took 0.102 seconds
[2026-02-27T21:27:15.252+0000] {processor.py:161} INFO - Started process (PID=297) to work on /opt/airflow/dags/pipeline_monitoring_demo.py
[2026-02-27T21:27:15.254+0000] {processor.py:830} INFO - Processing file /opt/airflow/dags/pipeline_monitoring_demo.py for tasks to queue
[2026-02-27T21:27:15.256+0000] {logging_mixin.py:188} INFO - [2026-02-27T21:27:15.255+0000] {dagbag.py:540} INFO - Filling up the DagBag from /opt/airflow/dags/pipeline_monitoring_demo.py
[2026-02-27T21:27:15.281+0000] {logging_mixin.py:188} INFO - [2026-02-27T21:27:15.275+0000] {dagbag.py:350} ERROR - Failed to import: /opt/airflow/dags/pipeline_monitoring_demo.py
Traceback (most recent call last):
  File "/home/airflow/.local/lib/python3.12/site-packages/airflow/models/dagbag.py", line 346, in parse
    loader.exec_module(new_module)
  File "<frozen importlib._bootstrap_external>", line 995, in exec_module
  File "<frozen importlib._bootstrap>", line 488, in _call_with_frames_removed
  File "/opt/airflow/dags/pipeline_monitoring_demo.py", line 3, in <module>
    from airflow.metrics import Stats
ImportError: cannot import name 'Stats' from 'airflow.metrics' (/home/airflow/.local/lib/python3.12/site-packages/airflow/metrics/__init__.py). Did you mean: 'stats'?
[2026-02-27T21:27:15.283+0000] {processor.py:842} WARNING - No viable dags retrieved from /opt/airflow/dags/pipeline_monitoring_demo.py
[2026-02-27T21:27:15.314+0000] {processor.py:183} INFO - Processing /opt/airflow/dags/pipeline_monitoring_demo.py took 0.071 seconds
[2026-02-27T21:27:45.875+0000] {processor.py:161} INFO - Started process (PID=305) to work on /opt/airflow/dags/pipeline_monitoring_demo.py
[2026-02-27T21:27:45.878+0000] {processor.py:830} INFO - Processing file /opt/airflow/dags/pipeline_monitoring_demo.py for tasks to queue
[2026-02-27T21:27:45.881+0000] {logging_mixin.py:188} INFO - [2026-02-27T21:27:45.880+0000] {dagbag.py:540} INFO - Filling up the DagBag from /opt/airflow/dags/pipeline_monitoring_demo.py
[2026-02-27T21:27:45.934+0000] {logging_mixin.py:188} INFO - [2026-02-27T21:27:45.922+0000] {dagbag.py:350} ERROR - Failed to import: /opt/airflow/dags/pipeline_monitoring_demo.py
Traceback (most recent call last):
  File "/home/airflow/.local/lib/python3.12/site-packages/airflow/models/dagbag.py", line 346, in parse
    loader.exec_module(new_module)
  File "<frozen importlib._bootstrap_external>", line 995, in exec_module
  File "<frozen importlib._bootstrap>", line 488, in _call_with_frames_removed
  File "/opt/airflow/dags/pipeline_monitoring_demo.py", line 3, in <module>
    from airflow.metrics import Stats
ImportError: cannot import name 'Stats' from 'airflow.metrics' (/home/airflow/.local/lib/python3.12/site-packages/airflow/metrics/__init__.py). Did you mean: 'stats'?
[2026-02-27T21:27:45.937+0000] {processor.py:842} WARNING - No viable dags retrieved from /opt/airflow/dags/pipeline_monitoring_demo.py
[2026-02-27T21:27:45.975+0000] {processor.py:183} INFO - Processing /opt/airflow/dags/pipeline_monitoring_demo.py took 0.118 seconds
[2026-02-27T21:28:16.138+0000] {processor.py:161} INFO - Started process (PID=313) to work on /opt/airflow/dags/pipeline_monitoring_demo.py
[2026-02-27T21:28:16.142+0000] {processor.py:830} INFO - Processing file /opt/airflow/dags/pipeline_monitoring_demo.py for tasks to queue
[2026-02-27T21:28:16.145+0000] {logging_mixin.py:188} INFO - [2026-02-27T21:28:16.144+0000] {dagbag.py:540} INFO - Filling up the DagBag from /opt/airflow/dags/pipeline_monitoring_demo.py
[2026-02-27T21:28:16.189+0000] {logging_mixin.py:188} INFO - [2026-02-27T21:28:16.177+0000] {dagbag.py:350} ERROR - Failed to import: /opt/airflow/dags/pipeline_monitoring_demo.py
Traceback (most recent call last):
  File "/home/airflow/.local/lib/python3.12/site-packages/airflow/models/dagbag.py", line 346, in parse
    loader.exec_module(new_module)
  File "<frozen importlib._bootstrap_external>", line 995, in exec_module
  File "<frozen importlib._bootstrap>", line 488, in _call_with_frames_removed
  File "/opt/airflow/dags/pipeline_monitoring_demo.py", line 3, in <module>
    from airflow.metrics import Stats
ImportError: cannot import name 'Stats' from 'airflow.metrics' (/home/airflow/.local/lib/python3.12/site-packages/airflow/metrics/__init__.py). Did you mean: 'stats'?
[2026-02-27T21:28:16.194+0000] {processor.py:842} WARNING - No viable dags retrieved from /opt/airflow/dags/pipeline_monitoring_demo.py
[2026-02-27T21:28:16.239+0000] {processor.py:183} INFO - Processing /opt/airflow/dags/pipeline_monitoring_demo.py took 0.118 seconds
[2026-02-27T21:28:46.397+0000] {processor.py:161} INFO - Started process (PID=321) to work on /opt/airflow/dags/pipeline_monitoring_demo.py
[2026-02-27T21:28:46.399+0000] {processor.py:830} INFO - Processing file /opt/airflow/dags/pipeline_monitoring_demo.py for tasks to queue
[2026-02-27T21:28:46.401+0000] {logging_mixin.py:188} INFO - [2026-02-27T21:28:46.400+0000] {dagbag.py:540} INFO - Filling up the DagBag from /opt/airflow/dags/pipeline_monitoring_demo.py
[2026-02-27T21:28:46.451+0000] {logging_mixin.py:188} INFO - [2026-02-27T21:28:46.439+0000] {dagbag.py:350} ERROR - Failed to import: /opt/airflow/dags/pipeline_monitoring_demo.py
Traceback (most recent call last):
  File "/home/airflow/.local/lib/python3.12/site-packages/airflow/models/dagbag.py", line 346, in parse
    loader.exec_module(new_module)
  File "<frozen importlib._bootstrap_external>", line 995, in exec_module
  File "<frozen importlib._bootstrap>", line 488, in _call_with_frames_removed
  File "/opt/airflow/dags/pipeline_monitoring_demo.py", line 3, in <module>
    from airflow.metrics import Stats
ImportError: cannot import name 'Stats' from 'airflow.metrics' (/home/airflow/.local/lib/python3.12/site-packages/airflow/metrics/__init__.py). Did you mean: 'stats'?
[2026-02-27T21:28:46.455+0000] {processor.py:842} WARNING - No viable dags retrieved from /opt/airflow/dags/pipeline_monitoring_demo.py
[2026-02-27T21:28:46.501+0000] {processor.py:183} INFO - Processing /opt/airflow/dags/pipeline_monitoring_demo.py took 0.113 seconds
[2026-02-27T21:29:16.814+0000] {processor.py:161} INFO - Started process (PID=329) to work on /opt/airflow/dags/pipeline_monitoring_demo.py
[2026-02-27T21:29:16.817+0000] {processor.py:830} INFO - Processing file /opt/airflow/dags/pipeline_monitoring_demo.py for tasks to queue
[2026-02-27T21:29:16.819+0000] {logging_mixin.py:188} INFO - [2026-02-27T21:29:16.819+0000] {dagbag.py:540} INFO - Filling up the DagBag from /opt/airflow/dags/pipeline_monitoring_demo.py
[2026-02-27T21:29:16.859+0000] {logging_mixin.py:188} INFO - [2026-02-27T21:29:16.849+0000] {dagbag.py:350} ERROR - Failed to import: /opt/airflow/dags/pipeline_monitoring_demo.py
Traceback (most recent call last):
  File "/home/airflow/.local/lib/python3.12/site-packages/airflow/models/dagbag.py", line 346, in parse
    loader.exec_module(new_module)
  File "<frozen importlib._bootstrap_external>", line 995, in exec_module
  File "<frozen importlib._bootstrap>", line 488, in _call_with_frames_removed
  File "/opt/airflow/dags/pipeline_monitoring_demo.py", line 3, in <module>
    from airflow.metrics import Stats
ImportError: cannot import name 'Stats' from 'airflow.metrics' (/home/airflow/.local/lib/python3.12/site-packages/airflow/metrics/__init__.py). Did you mean: 'stats'?
[2026-02-27T21:29:16.862+0000] {processor.py:842} WARNING - No viable dags retrieved from /opt/airflow/dags/pipeline_monitoring_demo.py
[2026-02-27T21:29:16.914+0000] {processor.py:183} INFO - Processing /opt/airflow/dags/pipeline_monitoring_demo.py took 0.113 seconds
[2026-02-27T21:29:47.099+0000] {processor.py:161} INFO - Started process (PID=337) to work on /opt/airflow/dags/pipeline_monitoring_demo.py
[2026-02-27T21:29:47.102+0000] {processor.py:830} INFO - Processing file /opt/airflow/dags/pipeline_monitoring_demo.py for tasks to queue
[2026-02-27T21:29:47.105+0000] {logging_mixin.py:188} INFO - [2026-02-27T21:29:47.104+0000] {dagbag.py:540} INFO - Filling up the DagBag from /opt/airflow/dags/pipeline_monitoring_demo.py
[2026-02-27T21:29:47.143+0000] {logging_mixin.py:188} INFO - [2026-02-27T21:29:47.135+0000] {dagbag.py:350} ERROR - Failed to import: /opt/airflow/dags/pipeline_monitoring_demo.py
Traceback (most recent call last):
  File "/home/airflow/.local/lib/python3.12/site-packages/airflow/models/dagbag.py", line 346, in parse
    loader.exec_module(new_module)
  File "<frozen importlib._bootstrap_external>", line 995, in exec_module
  File "<frozen importlib._bootstrap>", line 488, in _call_with_frames_removed
  File "/opt/airflow/dags/pipeline_monitoring_demo.py", line 3, in <module>
    from airflow.metrics import Stats
ImportError: cannot import name 'Stats' from 'airflow.metrics' (/home/airflow/.local/lib/python3.12/site-packages/airflow/metrics/__init__.py). Did you mean: 'stats'?
[2026-02-27T21:29:47.147+0000] {processor.py:842} WARNING - No viable dags retrieved from /opt/airflow/dags/pipeline_monitoring_demo.py
[2026-02-27T21:29:47.178+0000] {processor.py:183} INFO - Processing /opt/airflow/dags/pipeline_monitoring_demo.py took 0.089 seconds
[2026-02-27T21:30:17.519+0000] {processor.py:161} INFO - Started process (PID=345) to work on /opt/airflow/dags/pipeline_monitoring_demo.py
[2026-02-27T21:30:17.521+0000] {processor.py:830} INFO - Processing file /opt/airflow/dags/pipeline_monitoring_demo.py for tasks to queue
[2026-02-27T21:30:17.523+0000] {logging_mixin.py:188} INFO - [2026-02-27T21:30:17.522+0000] {dagbag.py:540} INFO - Filling up the DagBag from /opt/airflow/dags/pipeline_monitoring_demo.py
[2026-02-27T21:30:17.556+0000] {logging_mixin.py:188} INFO - [2026-02-27T21:30:17.547+0000] {dagbag.py:350} ERROR - Failed to import: /opt/airflow/dags/pipeline_monitoring_demo.py
Traceback (most recent call last):
  File "/home/airflow/.local/lib/python3.12/site-packages/airflow/models/dagbag.py", line 346, in parse
    loader.exec_module(new_module)
  File "<frozen importlib._bootstrap_external>", line 995, in exec_module
  File "<frozen importlib._bootstrap>", line 488, in _call_with_frames_removed
  File "/opt/airflow/dags/pipeline_monitoring_demo.py", line 3, in <module>
    from airflow.metrics import Stats
ImportError: cannot import name 'Stats' from 'airflow.metrics' (/home/airflow/.local/lib/python3.12/site-packages/airflow/metrics/__init__.py). Did you mean: 'stats'?
[2026-02-27T21:30:17.559+0000] {processor.py:842} WARNING - No viable dags retrieved from /opt/airflow/dags/pipeline_monitoring_demo.py
[2026-02-27T21:30:17.593+0000] {processor.py:183} INFO - Processing /opt/airflow/dags/pipeline_monitoring_demo.py took 0.086 seconds
[2026-02-27T21:30:48.213+0000] {processor.py:161} INFO - Started process (PID=353) to work on /opt/airflow/dags/pipeline_monitoring_demo.py
[2026-02-27T21:30:48.215+0000] {processor.py:830} INFO - Processing file /opt/airflow/dags/pipeline_monitoring_demo.py for tasks to queue
[2026-02-27T21:30:48.217+0000] {logging_mixin.py:188} INFO - [2026-02-27T21:30:48.217+0000] {dagbag.py:540} INFO - Filling up the DagBag from /opt/airflow/dags/pipeline_monitoring_demo.py
[2026-02-27T21:30:48.262+0000] {logging_mixin.py:188} INFO - [2026-02-27T21:30:48.247+0000] {dagbag.py:350} ERROR - Failed to import: /opt/airflow/dags/pipeline_monitoring_demo.py
Traceback (most recent call last):
  File "/home/airflow/.local/lib/python3.12/site-packages/airflow/models/dagbag.py", line 346, in parse
    loader.exec_module(new_module)
  File "<frozen importlib._bootstrap_external>", line 995, in exec_module
  File "<frozen importlib._bootstrap>", line 488, in _call_with_frames_removed
  File "/opt/airflow/dags/pipeline_monitoring_demo.py", line 3, in <module>
    from airflow.metrics import Stats
ImportError: cannot import name 'Stats' from 'airflow.metrics' (/home/airflow/.local/lib/python3.12/site-packages/airflow/metrics/__init__.py). Did you mean: 'stats'?
[2026-02-27T21:30:48.268+0000] {processor.py:842} WARNING - No viable dags retrieved from /opt/airflow/dags/pipeline_monitoring_demo.py
[2026-02-27T21:30:48.314+0000] {processor.py:183} INFO - Processing /opt/airflow/dags/pipeline_monitoring_demo.py took 0.112 seconds
[2026-02-27T21:31:37.779+0000] {processor.py:161} INFO - Started process (PID=33) to work on /opt/airflow/dags/pipeline_monitoring_demo.py
[2026-02-27T21:31:37.781+0000] {processor.py:830} INFO - Processing file /opt/airflow/dags/pipeline_monitoring_demo.py for tasks to queue
[2026-02-27T21:31:37.786+0000] {logging_mixin.py:188} INFO - [2026-02-27T21:31:37.785+0000] {dagbag.py:540} INFO - Filling up the DagBag from /opt/airflow/dags/pipeline_monitoring_demo.py
[2026-02-27T21:31:37.829+0000] {logging_mixin.py:188} INFO - [2026-02-27T21:31:37.815+0000] {dagbag.py:350} ERROR - Failed to import: /opt/airflow/dags/pipeline_monitoring_demo.py
Traceback (most recent call last):
  File "/home/airflow/.local/lib/python3.12/site-packages/airflow/models/dagbag.py", line 346, in parse
    loader.exec_module(new_module)
  File "<frozen importlib._bootstrap_external>", line 995, in exec_module
  File "<frozen importlib._bootstrap>", line 488, in _call_with_frames_removed
  File "/opt/airflow/dags/pipeline_monitoring_demo.py", line 3, in <module>
    from airflow.metrics import Stats
ImportError: cannot import name 'Stats' from 'airflow.metrics' (/home/airflow/.local/lib/python3.12/site-packages/airflow/metrics/__init__.py). Did you mean: 'stats'?
[2026-02-27T21:31:37.833+0000] {processor.py:842} WARNING - No viable dags retrieved from /opt/airflow/dags/pipeline_monitoring_demo.py
[2026-02-27T21:31:37.889+0000] {processor.py:183} INFO - Processing /opt/airflow/dags/pipeline_monitoring_demo.py took 0.124 seconds
[2026-02-27T21:32:08.299+0000] {processor.py:161} INFO - Started process (PID=41) to work on /opt/airflow/dags/pipeline_monitoring_demo.py
[2026-02-27T21:32:08.302+0000] {processor.py:830} INFO - Processing file /opt/airflow/dags/pipeline_monitoring_demo.py for tasks to queue
[2026-02-27T21:32:08.303+0000] {logging_mixin.py:188} INFO - [2026-02-27T21:32:08.303+0000] {dagbag.py:540} INFO - Filling up the DagBag from /opt/airflow/dags/pipeline_monitoring_demo.py
[2026-02-27T21:32:08.341+0000] {logging_mixin.py:188} INFO - [2026-02-27T21:32:08.333+0000] {dagbag.py:350} ERROR - Failed to import: /opt/airflow/dags/pipeline_monitoring_demo.py
Traceback (most recent call last):
  File "/home/airflow/.local/lib/python3.12/site-packages/airflow/models/dagbag.py", line 346, in parse
    loader.exec_module(new_module)
  File "<frozen importlib._bootstrap_external>", line 995, in exec_module
  File "<frozen importlib._bootstrap>", line 488, in _call_with_frames_removed
  File "/opt/airflow/dags/pipeline_monitoring_demo.py", line 3, in <module>
    from airflow.metrics import Stats
ImportError: cannot import name 'Stats' from 'airflow.metrics' (/home/airflow/.local/lib/python3.12/site-packages/airflow/metrics/__init__.py). Did you mean: 'stats'?
[2026-02-27T21:32:08.345+0000] {processor.py:842} WARNING - No viable dags retrieved from /opt/airflow/dags/pipeline_monitoring_demo.py
[2026-02-27T21:32:08.387+0000] {processor.py:183} INFO - Processing /opt/airflow/dags/pipeline_monitoring_demo.py took 0.097 seconds
[2026-02-27T21:32:38.725+0000] {processor.py:161} INFO - Started process (PID=49) to work on /opt/airflow/dags/pipeline_monitoring_demo.py
[2026-02-27T21:32:38.727+0000] {processor.py:830} INFO - Processing file /opt/airflow/dags/pipeline_monitoring_demo.py for tasks to queue
[2026-02-27T21:32:38.729+0000] {logging_mixin.py:188} INFO - [2026-02-27T21:32:38.729+0000] {dagbag.py:540} INFO - Filling up the DagBag from /opt/airflow/dags/pipeline_monitoring_demo.py
[2026-02-27T21:32:38.762+0000] {logging_mixin.py:188} INFO - [2026-02-27T21:32:38.753+0000] {dagbag.py:350} ERROR - Failed to import: /opt/airflow/dags/pipeline_monitoring_demo.py
Traceback (most recent call last):
  File "/home/airflow/.local/lib/python3.12/site-packages/airflow/models/dagbag.py", line 346, in parse
    loader.exec_module(new_module)
  File "<frozen importlib._bootstrap_external>", line 995, in exec_module
  File "<frozen importlib._bootstrap>", line 488, in _call_with_frames_removed
  File "/opt/airflow/dags/pipeline_monitoring_demo.py", line 3, in <module>
    from airflow.metrics import Stats
ImportError: cannot import name 'Stats' from 'airflow.metrics' (/home/airflow/.local/lib/python3.12/site-packages/airflow/metrics/__init__.py). Did you mean: 'stats'?
[2026-02-27T21:32:38.765+0000] {processor.py:842} WARNING - No viable dags retrieved from /opt/airflow/dags/pipeline_monitoring_demo.py
[2026-02-27T21:32:38.804+0000] {processor.py:183} INFO - Processing /opt/airflow/dags/pipeline_monitoring_demo.py took 0.089 seconds
[2026-02-27T21:33:09.035+0000] {processor.py:161} INFO - Started process (PID=57) to work on /opt/airflow/dags/pipeline_monitoring_demo.py
[2026-02-27T21:33:09.037+0000] {processor.py:830} INFO - Processing file /opt/airflow/dags/pipeline_monitoring_demo.py for tasks to queue
[2026-02-27T21:33:09.039+0000] {logging_mixin.py:188} INFO - [2026-02-27T21:33:09.038+0000] {dagbag.py:540} INFO - Filling up the DagBag from /opt/airflow/dags/pipeline_monitoring_demo.py
[2026-02-27T21:33:09.074+0000] {logging_mixin.py:188} INFO - [2026-02-27T21:33:09.065+0000] {dagbag.py:350} ERROR - Failed to import: /opt/airflow/dags/pipeline_monitoring_demo.py
Traceback (most recent call last):
  File "/home/airflow/.local/lib/python3.12/site-packages/airflow/models/dagbag.py", line 346, in parse
    loader.exec_module(new_module)
  File "<frozen importlib._bootstrap_external>", line 995, in exec_module
  File "<frozen importlib._bootstrap>", line 488, in _call_with_frames_removed
  File "/opt/airflow/dags/pipeline_monitoring_demo.py", line 3, in <module>
    from airflow.metrics import Stats
ImportError: cannot import name 'Stats' from 'airflow.metrics' (/home/airflow/.local/lib/python3.12/site-packages/airflow/metrics/__init__.py). Did you mean: 'stats'?
[2026-02-27T21:33:09.077+0000] {processor.py:842} WARNING - No viable dags retrieved from /opt/airflow/dags/pipeline_monitoring_demo.py
[2026-02-27T21:33:09.117+0000] {processor.py:183} INFO - Processing /opt/airflow/dags/pipeline_monitoring_demo.py took 0.098 seconds
[2026-02-27T21:33:39.533+0000] {processor.py:161} INFO - Started process (PID=65) to work on /opt/airflow/dags/pipeline_monitoring_demo.py
[2026-02-27T21:33:39.536+0000] {processor.py:830} INFO - Processing file /opt/airflow/dags/pipeline_monitoring_demo.py for tasks to queue
[2026-02-27T21:33:39.538+0000] {logging_mixin.py:188} INFO - [2026-02-27T21:33:39.537+0000] {dagbag.py:540} INFO - Filling up the DagBag from /opt/airflow/dags/pipeline_monitoring_demo.py
[2026-02-27T21:33:39.578+0000] {logging_mixin.py:188} INFO - [2026-02-27T21:33:39.568+0000] {dagbag.py:350} ERROR - Failed to import: /opt/airflow/dags/pipeline_monitoring_demo.py
Traceback (most recent call last):
  File "/home/airflow/.local/lib/python3.12/site-packages/airflow/models/dagbag.py", line 346, in parse
    loader.exec_module(new_module)
  File "<frozen importlib._bootstrap_external>", line 995, in exec_module
  File "<frozen importlib._bootstrap>", line 488, in _call_with_frames_removed
  File "/opt/airflow/dags/pipeline_monitoring_demo.py", line 3, in <module>
    from airflow.metrics import Stats
ImportError: cannot import name 'Stats' from 'airflow.metrics' (/home/airflow/.local/lib/python3.12/site-packages/airflow/metrics/__init__.py). Did you mean: 'stats'?
[2026-02-27T21:33:39.581+0000] {processor.py:842} WARNING - No viable dags retrieved from /opt/airflow/dags/pipeline_monitoring_demo.py
[2026-02-27T21:33:39.622+0000] {processor.py:183} INFO - Processing /opt/airflow/dags/pipeline_monitoring_demo.py took 0.105 seconds
[2026-02-27T21:34:09.906+0000] {processor.py:161} INFO - Started process (PID=73) to work on /opt/airflow/dags/pipeline_monitoring_demo.py
[2026-02-27T21:34:09.908+0000] {processor.py:830} INFO - Processing file /opt/airflow/dags/pipeline_monitoring_demo.py for tasks to queue
[2026-02-27T21:34:09.909+0000] {logging_mixin.py:188} INFO - [2026-02-27T21:34:09.909+0000] {dagbag.py:540} INFO - Filling up the DagBag from /opt/airflow/dags/pipeline_monitoring_demo.py
[2026-02-27T21:34:09.947+0000] {logging_mixin.py:188} INFO - [2026-02-27T21:34:09.938+0000] {dagbag.py:350} ERROR - Failed to import: /opt/airflow/dags/pipeline_monitoring_demo.py
Traceback (most recent call last):
  File "/home/airflow/.local/lib/python3.12/site-packages/airflow/models/dagbag.py", line 346, in parse
    loader.exec_module(new_module)
  File "<frozen importlib._bootstrap_external>", line 995, in exec_module
  File "<frozen importlib._bootstrap>", line 488, in _call_with_frames_removed
  File "/opt/airflow/dags/pipeline_monitoring_demo.py", line 3, in <module>
    from airflow.metrics import Stats
ImportError: cannot import name 'Stats' from 'airflow.metrics' (/home/airflow/.local/lib/python3.12/site-packages/airflow/metrics/__init__.py). Did you mean: 'stats'?
[2026-02-27T21:34:09.951+0000] {processor.py:842} WARNING - No viable dags retrieved from /opt/airflow/dags/pipeline_monitoring_demo.py
[2026-02-27T21:34:09.984+0000] {processor.py:183} INFO - Processing /opt/airflow/dags/pipeline_monitoring_demo.py took 0.090 seconds
[2026-02-27T21:34:40.325+0000] {processor.py:161} INFO - Started process (PID=81) to work on /opt/airflow/dags/pipeline_monitoring_demo.py
[2026-02-27T21:34:40.327+0000] {processor.py:830} INFO - Processing file /opt/airflow/dags/pipeline_monitoring_demo.py for tasks to queue
[2026-02-27T21:34:40.330+0000] {logging_mixin.py:188} INFO - [2026-02-27T21:34:40.329+0000] {dagbag.py:540} INFO - Filling up the DagBag from /opt/airflow/dags/pipeline_monitoring_demo.py
[2026-02-27T21:34:40.372+0000] {logging_mixin.py:188} INFO - [2026-02-27T21:34:40.362+0000] {dagbag.py:350} ERROR - Failed to import: /opt/airflow/dags/pipeline_monitoring_demo.py
Traceback (most recent call last):
  File "/home/airflow/.local/lib/python3.12/site-packages/airflow/models/dagbag.py", line 346, in parse
    loader.exec_module(new_module)
  File "<frozen importlib._bootstrap_external>", line 995, in exec_module
  File "<frozen importlib._bootstrap>", line 488, in _call_with_frames_removed
  File "/opt/airflow/dags/pipeline_monitoring_demo.py", line 3, in <module>
    from airflow.metrics import Stats
ImportError: cannot import name 'Stats' from 'airflow.metrics' (/home/airflow/.local/lib/python3.12/site-packages/airflow/metrics/__init__.py). Did you mean: 'stats'?
[2026-02-27T21:34:40.376+0000] {processor.py:842} WARNING - No viable dags retrieved from /opt/airflow/dags/pipeline_monitoring_demo.py
[2026-02-27T21:34:40.423+0000] {processor.py:183} INFO - Processing /opt/airflow/dags/pipeline_monitoring_demo.py took 0.111 seconds
[2026-02-27T21:35:10.681+0000] {processor.py:161} INFO - Started process (PID=89) to work on /opt/airflow/dags/pipeline_monitoring_demo.py
[2026-02-27T21:35:10.683+0000] {processor.py:830} INFO - Processing file /opt/airflow/dags/pipeline_monitoring_demo.py for tasks to queue
[2026-02-27T21:35:10.685+0000] {logging_mixin.py:188} INFO - [2026-02-27T21:35:10.685+0000] {dagbag.py:540} INFO - Filling up the DagBag from /opt/airflow/dags/pipeline_monitoring_demo.py
[2026-02-27T21:35:10.719+0000] {logging_mixin.py:188} INFO - [2026-02-27T21:35:10.710+0000] {dagbag.py:350} ERROR - Failed to import: /opt/airflow/dags/pipeline_monitoring_demo.py
Traceback (most recent call last):
  File "/home/airflow/.local/lib/python3.12/site-packages/airflow/models/dagbag.py", line 346, in parse
    loader.exec_module(new_module)
  File "<frozen importlib._bootstrap_external>", line 995, in exec_module
  File "<frozen importlib._bootstrap>", line 488, in _call_with_frames_removed
  File "/opt/airflow/dags/pipeline_monitoring_demo.py", line 3, in <module>
    from airflow.metrics import Stats
ImportError: cannot import name 'Stats' from 'airflow.metrics' (/home/airflow/.local/lib/python3.12/site-packages/airflow/metrics/__init__.py). Did you mean: 'stats'?
[2026-02-27T21:35:10.722+0000] {processor.py:842} WARNING - No viable dags retrieved from /opt/airflow/dags/pipeline_monitoring_demo.py
[2026-02-27T21:35:10.756+0000] {processor.py:183} INFO - Processing /opt/airflow/dags/pipeline_monitoring_demo.py took 0.088 seconds
[2026-02-27T21:35:41.226+0000] {processor.py:161} INFO - Started process (PID=97) to work on /opt/airflow/dags/pipeline_monitoring_demo.py
[2026-02-27T21:35:41.233+0000] {processor.py:830} INFO - Processing file /opt/airflow/dags/pipeline_monitoring_demo.py for tasks to queue
[2026-02-27T21:35:41.236+0000] {logging_mixin.py:188} INFO - [2026-02-27T21:35:41.236+0000] {dagbag.py:540} INFO - Filling up the DagBag from /opt/airflow/dags/pipeline_monitoring_demo.py
[2026-02-27T21:35:41.291+0000] {logging_mixin.py:188} INFO - [2026-02-27T21:35:41.277+0000] {dagbag.py:350} ERROR - Failed to import: /opt/airflow/dags/pipeline_monitoring_demo.py
Traceback (most recent call last):
  File "/home/airflow/.local/lib/python3.12/site-packages/airflow/models/dagbag.py", line 346, in parse
    loader.exec_module(new_module)
  File "<frozen importlib._bootstrap_external>", line 995, in exec_module
  File "<frozen importlib._bootstrap>", line 488, in _call_with_frames_removed
  File "/opt/airflow/dags/pipeline_monitoring_demo.py", line 3, in <module>
    from airflow.metrics import Stats
ImportError: cannot import name 'Stats' from 'airflow.metrics' (/home/airflow/.local/lib/python3.12/site-packages/airflow/metrics/__init__.py). Did you mean: 'stats'?
[2026-02-27T21:35:41.302+0000] {processor.py:842} WARNING - No viable dags retrieved from /opt/airflow/dags/pipeline_monitoring_demo.py
[2026-02-27T21:35:41.358+0000] {processor.py:183} INFO - Processing /opt/airflow/dags/pipeline_monitoring_demo.py took 0.153 seconds
[2026-02-27T21:36:11.788+0000] {processor.py:161} INFO - Started process (PID=105) to work on /opt/airflow/dags/pipeline_monitoring_demo.py
[2026-02-27T21:36:11.790+0000] {processor.py:830} INFO - Processing file /opt/airflow/dags/pipeline_monitoring_demo.py for tasks to queue
[2026-02-27T21:36:11.792+0000] {logging_mixin.py:188} INFO - [2026-02-27T21:36:11.791+0000] {dagbag.py:540} INFO - Filling up the DagBag from /opt/airflow/dags/pipeline_monitoring_demo.py
[2026-02-27T21:36:11.831+0000] {logging_mixin.py:188} INFO - [2026-02-27T21:36:11.819+0000] {dagbag.py:350} ERROR - Failed to import: /opt/airflow/dags/pipeline_monitoring_demo.py
Traceback (most recent call last):
  File "/home/airflow/.local/lib/python3.12/site-packages/airflow/models/dagbag.py", line 346, in parse
    loader.exec_module(new_module)
  File "<frozen importlib._bootstrap_external>", line 995, in exec_module
  File "<frozen importlib._bootstrap>", line 488, in _call_with_frames_removed
  File "/opt/airflow/dags/pipeline_monitoring_demo.py", line 3, in <module>
    from airflow.metrics import Stats
ImportError: cannot import name 'Stats' from 'airflow.metrics' (/home/airflow/.local/lib/python3.12/site-packages/airflow/metrics/__init__.py). Did you mean: 'stats'?
[2026-02-27T21:36:11.835+0000] {processor.py:842} WARNING - No viable dags retrieved from /opt/airflow/dags/pipeline_monitoring_demo.py
[2026-02-27T21:36:11.870+0000] {processor.py:183} INFO - Processing /opt/airflow/dags/pipeline_monitoring_demo.py took 0.094 seconds
[2026-02-27T21:36:42.378+0000] {processor.py:161} INFO - Started process (PID=113) to work on /opt/airflow/dags/pipeline_monitoring_demo.py
[2026-02-27T21:36:42.380+0000] {processor.py:830} INFO - Processing file /opt/airflow/dags/pipeline_monitoring_demo.py for tasks to queue
[2026-02-27T21:36:42.382+0000] {logging_mixin.py:188} INFO - [2026-02-27T21:36:42.381+0000] {dagbag.py:540} INFO - Filling up the DagBag from /opt/airflow/dags/pipeline_monitoring_demo.py
[2026-02-27T21:36:42.426+0000] {logging_mixin.py:188} INFO - [2026-02-27T21:36:42.415+0000] {dagbag.py:350} ERROR - Failed to import: /opt/airflow/dags/pipeline_monitoring_demo.py
Traceback (most recent call last):
  File "/home/airflow/.local/lib/python3.12/site-packages/airflow/models/dagbag.py", line 346, in parse
    loader.exec_module(new_module)
  File "<frozen importlib._bootstrap_external>", line 995, in exec_module
  File "<frozen importlib._bootstrap>", line 488, in _call_with_frames_removed
  File "/opt/airflow/dags/pipeline_monitoring_demo.py", line 3, in <module>
    from airflow.metrics import Stats
ImportError: cannot import name 'Stats' from 'airflow.metrics' (/home/airflow/.local/lib/python3.12/site-packages/airflow/metrics/__init__.py). Did you mean: 'stats'?
[2026-02-27T21:36:42.430+0000] {processor.py:842} WARNING - No viable dags retrieved from /opt/airflow/dags/pipeline_monitoring_demo.py
[2026-02-27T21:36:42.476+0000] {processor.py:183} INFO - Processing /opt/airflow/dags/pipeline_monitoring_demo.py took 0.108 seconds
[2026-02-27T21:37:12.845+0000] {processor.py:161} INFO - Started process (PID=121) to work on /opt/airflow/dags/pipeline_monitoring_demo.py
[2026-02-27T21:37:12.847+0000] {processor.py:830} INFO - Processing file /opt/airflow/dags/pipeline_monitoring_demo.py for tasks to queue
[2026-02-27T21:37:12.849+0000] {logging_mixin.py:188} INFO - [2026-02-27T21:37:12.848+0000] {dagbag.py:540} INFO - Filling up the DagBag from /opt/airflow/dags/pipeline_monitoring_demo.py
[2026-02-27T21:37:12.889+0000] {logging_mixin.py:188} INFO - [2026-02-27T21:37:12.880+0000] {dagbag.py:350} ERROR - Failed to import: /opt/airflow/dags/pipeline_monitoring_demo.py
Traceback (most recent call last):
  File "/home/airflow/.local/lib/python3.12/site-packages/airflow/models/dagbag.py", line 346, in parse
    loader.exec_module(new_module)
  File "<frozen importlib._bootstrap_external>", line 995, in exec_module
  File "<frozen importlib._bootstrap>", line 488, in _call_with_frames_removed
  File "/opt/airflow/dags/pipeline_monitoring_demo.py", line 3, in <module>
    from airflow.metrics import Stats
ImportError: cannot import name 'Stats' from 'airflow.metrics' (/home/airflow/.local/lib/python3.12/site-packages/airflow/metrics/__init__.py). Did you mean: 'stats'?
[2026-02-27T21:37:12.893+0000] {processor.py:842} WARNING - No viable dags retrieved from /opt/airflow/dags/pipeline_monitoring_demo.py
[2026-02-27T21:37:12.943+0000] {processor.py:183} INFO - Processing /opt/airflow/dags/pipeline_monitoring_demo.py took 0.112 seconds
[2026-02-27T21:37:43.134+0000] {processor.py:161} INFO - Started process (PID=129) to work on /opt/airflow/dags/pipeline_monitoring_demo.py
[2026-02-27T21:37:43.135+0000] {processor.py:830} INFO - Processing file /opt/airflow/dags/pipeline_monitoring_demo.py for tasks to queue
[2026-02-27T21:37:43.137+0000] {logging_mixin.py:188} INFO - [2026-02-27T21:37:43.136+0000] {dagbag.py:540} INFO - Filling up the DagBag from /opt/airflow/dags/pipeline_monitoring_demo.py
[2026-02-27T21:37:43.172+0000] {logging_mixin.py:188} INFO - [2026-02-27T21:37:43.163+0000] {dagbag.py:350} ERROR - Failed to import: /opt/airflow/dags/pipeline_monitoring_demo.py
Traceback (most recent call last):
  File "/home/airflow/.local/lib/python3.12/site-packages/airflow/models/dagbag.py", line 346, in parse
    loader.exec_module(new_module)
  File "<frozen importlib._bootstrap_external>", line 995, in exec_module
  File "<frozen importlib._bootstrap>", line 488, in _call_with_frames_removed
  File "/opt/airflow/dags/pipeline_monitoring_demo.py", line 3, in <module>
    from airflow.metrics import Stats
ImportError: cannot import name 'Stats' from 'airflow.metrics' (/home/airflow/.local/lib/python3.12/site-packages/airflow/metrics/__init__.py). Did you mean: 'stats'?
[2026-02-27T21:37:43.176+0000] {processor.py:842} WARNING - No viable dags retrieved from /opt/airflow/dags/pipeline_monitoring_demo.py
[2026-02-27T21:37:43.218+0000] {processor.py:183} INFO - Processing /opt/airflow/dags/pipeline_monitoring_demo.py took 0.096 seconds
[2026-02-27T21:38:13.605+0000] {processor.py:161} INFO - Started process (PID=137) to work on /opt/airflow/dags/pipeline_monitoring_demo.py
[2026-02-27T21:38:13.606+0000] {processor.py:830} INFO - Processing file /opt/airflow/dags/pipeline_monitoring_demo.py for tasks to queue
[2026-02-27T21:38:13.608+0000] {logging_mixin.py:188} INFO - [2026-02-27T21:38:13.607+0000] {dagbag.py:540} INFO - Filling up the DagBag from /opt/airflow/dags/pipeline_monitoring_demo.py
[2026-02-27T21:38:13.655+0000] {logging_mixin.py:188} INFO - [2026-02-27T21:38:13.643+0000] {dagbag.py:350} ERROR - Failed to import: /opt/airflow/dags/pipeline_monitoring_demo.py
Traceback (most recent call last):
  File "/home/airflow/.local/lib/python3.12/site-packages/airflow/models/dagbag.py", line 346, in parse
    loader.exec_module(new_module)
  File "<frozen importlib._bootstrap_external>", line 995, in exec_module
  File "<frozen importlib._bootstrap>", line 488, in _call_with_frames_removed
  File "/opt/airflow/dags/pipeline_monitoring_demo.py", line 3, in <module>
    from airflow.metrics import Stats
ImportError: cannot import name 'Stats' from 'airflow.metrics' (/home/airflow/.local/lib/python3.12/site-packages/airflow/metrics/__init__.py). Did you mean: 'stats'?
[2026-02-27T21:38:13.660+0000] {processor.py:842} WARNING - No viable dags retrieved from /opt/airflow/dags/pipeline_monitoring_demo.py
[2026-02-27T21:38:13.704+0000] {processor.py:183} INFO - Processing /opt/airflow/dags/pipeline_monitoring_demo.py took 0.110 seconds
[2026-02-27T21:38:43.925+0000] {processor.py:161} INFO - Started process (PID=145) to work on /opt/airflow/dags/pipeline_monitoring_demo.py
[2026-02-27T21:38:43.928+0000] {processor.py:830} INFO - Processing file /opt/airflow/dags/pipeline_monitoring_demo.py for tasks to queue
[2026-02-27T21:38:43.932+0000] {logging_mixin.py:188} INFO - [2026-02-27T21:38:43.931+0000] {dagbag.py:540} INFO - Filling up the DagBag from /opt/airflow/dags/pipeline_monitoring_demo.py
[2026-02-27T21:38:43.977+0000] {logging_mixin.py:188} INFO - [2026-02-27T21:38:43.966+0000] {dagbag.py:350} ERROR - Failed to import: /opt/airflow/dags/pipeline_monitoring_demo.py
Traceback (most recent call last):
  File "/home/airflow/.local/lib/python3.12/site-packages/airflow/models/dagbag.py", line 346, in parse
    loader.exec_module(new_module)
  File "<frozen importlib._bootstrap_external>", line 995, in exec_module
  File "<frozen importlib._bootstrap>", line 488, in _call_with_frames_removed
  File "/opt/airflow/dags/pipeline_monitoring_demo.py", line 3, in <module>
    from airflow.metrics import Stats
ImportError: cannot import name 'Stats' from 'airflow.metrics' (/home/airflow/.local/lib/python3.12/site-packages/airflow/metrics/__init__.py). Did you mean: 'stats'?
[2026-02-27T21:38:43.981+0000] {processor.py:842} WARNING - No viable dags retrieved from /opt/airflow/dags/pipeline_monitoring_demo.py
[2026-02-27T21:38:44.029+0000] {processor.py:183} INFO - Processing /opt/airflow/dags/pipeline_monitoring_demo.py took 0.118 seconds
[2026-02-27T21:39:14.557+0000] {processor.py:161} INFO - Started process (PID=153) to work on /opt/airflow/dags/pipeline_monitoring_demo.py
[2026-02-27T21:39:14.559+0000] {processor.py:830} INFO - Processing file /opt/airflow/dags/pipeline_monitoring_demo.py for tasks to queue
[2026-02-27T21:39:14.562+0000] {logging_mixin.py:188} INFO - [2026-02-27T21:39:14.561+0000] {dagbag.py:540} INFO - Filling up the DagBag from /opt/airflow/dags/pipeline_monitoring_demo.py
[2026-02-27T21:39:14.595+0000] {logging_mixin.py:188} INFO - [2026-02-27T21:39:14.586+0000] {dagbag.py:350} ERROR - Failed to import: /opt/airflow/dags/pipeline_monitoring_demo.py
Traceback (most recent call last):
  File "/home/airflow/.local/lib/python3.12/site-packages/airflow/models/dagbag.py", line 346, in parse
    loader.exec_module(new_module)
  File "<frozen importlib._bootstrap_external>", line 995, in exec_module
  File "<frozen importlib._bootstrap>", line 488, in _call_with_frames_removed
  File "/opt/airflow/dags/pipeline_monitoring_demo.py", line 3, in <module>
    from airflow.metrics import Stats
ImportError: cannot import name 'Stats' from 'airflow.metrics' (/home/airflow/.local/lib/python3.12/site-packages/airflow/metrics/__init__.py). Did you mean: 'stats'?
[2026-02-27T21:39:14.598+0000] {processor.py:842} WARNING - No viable dags retrieved from /opt/airflow/dags/pipeline_monitoring_demo.py
[2026-02-27T21:39:14.640+0000] {processor.py:183} INFO - Processing /opt/airflow/dags/pipeline_monitoring_demo.py took 0.102 seconds
[2026-02-27T21:39:45.053+0000] {processor.py:161} INFO - Started process (PID=161) to work on /opt/airflow/dags/pipeline_monitoring_demo.py
[2026-02-27T21:39:45.055+0000] {processor.py:830} INFO - Processing file /opt/airflow/dags/pipeline_monitoring_demo.py for tasks to queue
[2026-02-27T21:39:45.057+0000] {logging_mixin.py:188} INFO - [2026-02-27T21:39:45.057+0000] {dagbag.py:540} INFO - Filling up the DagBag from /opt/airflow/dags/pipeline_monitoring_demo.py
[2026-02-27T21:39:45.091+0000] {logging_mixin.py:188} INFO - [2026-02-27T21:39:45.082+0000] {dagbag.py:350} ERROR - Failed to import: /opt/airflow/dags/pipeline_monitoring_demo.py
Traceback (most recent call last):
  File "/home/airflow/.local/lib/python3.12/site-packages/airflow/models/dagbag.py", line 346, in parse
    loader.exec_module(new_module)
  File "<frozen importlib._bootstrap_external>", line 995, in exec_module
  File "<frozen importlib._bootstrap>", line 488, in _call_with_frames_removed
  File "/opt/airflow/dags/pipeline_monitoring_demo.py", line 3, in <module>
    from airflow.metrics import Stats
ImportError: cannot import name 'Stats' from 'airflow.metrics' (/home/airflow/.local/lib/python3.12/site-packages/airflow/metrics/__init__.py). Did you mean: 'stats'?
[2026-02-27T21:39:45.095+0000] {processor.py:842} WARNING - No viable dags retrieved from /opt/airflow/dags/pipeline_monitoring_demo.py
[2026-02-27T21:39:45.131+0000] {processor.py:183} INFO - Processing /opt/airflow/dags/pipeline_monitoring_demo.py took 0.096 seconds
[2026-02-27T21:40:15.352+0000] {processor.py:161} INFO - Started process (PID=169) to work on /opt/airflow/dags/pipeline_monitoring_demo.py
[2026-02-27T21:40:15.354+0000] {processor.py:830} INFO - Processing file /opt/airflow/dags/pipeline_monitoring_demo.py for tasks to queue
[2026-02-27T21:40:15.356+0000] {logging_mixin.py:188} INFO - [2026-02-27T21:40:15.355+0000] {dagbag.py:540} INFO - Filling up the DagBag from /opt/airflow/dags/pipeline_monitoring_demo.py
[2026-02-27T21:40:15.389+0000] {logging_mixin.py:188} INFO - [2026-02-27T21:40:15.381+0000] {dagbag.py:350} ERROR - Failed to import: /opt/airflow/dags/pipeline_monitoring_demo.py
Traceback (most recent call last):
  File "/home/airflow/.local/lib/python3.12/site-packages/airflow/models/dagbag.py", line 346, in parse
    loader.exec_module(new_module)
  File "<frozen importlib._bootstrap_external>", line 995, in exec_module
  File "<frozen importlib._bootstrap>", line 488, in _call_with_frames_removed
  File "/opt/airflow/dags/pipeline_monitoring_demo.py", line 3, in <module>
    from airflow.metrics import Stats
ImportError: cannot import name 'Stats' from 'airflow.metrics' (/home/airflow/.local/lib/python3.12/site-packages/airflow/metrics/__init__.py). Did you mean: 'stats'?
[2026-02-27T21:40:15.392+0000] {processor.py:842} WARNING - No viable dags retrieved from /opt/airflow/dags/pipeline_monitoring_demo.py
[2026-02-27T21:40:15.436+0000] {processor.py:183} INFO - Processing /opt/airflow/dags/pipeline_monitoring_demo.py took 0.096 seconds
[2026-02-27T21:40:46.021+0000] {processor.py:161} INFO - Started process (PID=177) to work on /opt/airflow/dags/pipeline_monitoring_demo.py
[2026-02-27T21:40:46.023+0000] {processor.py:830} INFO - Processing file /opt/airflow/dags/pipeline_monitoring_demo.py for tasks to queue
[2026-02-27T21:40:46.025+0000] {logging_mixin.py:188} INFO - [2026-02-27T21:40:46.025+0000] {dagbag.py:540} INFO - Filling up the DagBag from /opt/airflow/dags/pipeline_monitoring_demo.py
[2026-02-27T21:40:46.063+0000] {logging_mixin.py:188} INFO - [2026-02-27T21:40:46.055+0000] {dagbag.py:350} ERROR - Failed to import: /opt/airflow/dags/pipeline_monitoring_demo.py
Traceback (most recent call last):
  File "/home/airflow/.local/lib/python3.12/site-packages/airflow/models/dagbag.py", line 346, in parse
    loader.exec_module(new_module)
  File "<frozen importlib._bootstrap_external>", line 995, in exec_module
  File "<frozen importlib._bootstrap>", line 488, in _call_with_frames_removed
  File "/opt/airflow/dags/pipeline_monitoring_demo.py", line 3, in <module>
    from airflow.metrics import Stats
ImportError: cannot import name 'Stats' from 'airflow.metrics' (/home/airflow/.local/lib/python3.12/site-packages/airflow/metrics/__init__.py). Did you mean: 'stats'?
[2026-02-27T21:40:46.066+0000] {processor.py:842} WARNING - No viable dags retrieved from /opt/airflow/dags/pipeline_monitoring_demo.py
[2026-02-27T21:40:46.107+0000] {processor.py:183} INFO - Processing /opt/airflow/dags/pipeline_monitoring_demo.py took 0.094 seconds
[2026-02-27T21:41:16.529+0000] {processor.py:161} INFO - Started process (PID=185) to work on /opt/airflow/dags/pipeline_monitoring_demo.py
[2026-02-27T21:41:16.531+0000] {processor.py:830} INFO - Processing file /opt/airflow/dags/pipeline_monitoring_demo.py for tasks to queue
[2026-02-27T21:41:16.533+0000] {logging_mixin.py:188} INFO - [2026-02-27T21:41:16.533+0000] {dagbag.py:540} INFO - Filling up the DagBag from /opt/airflow/dags/pipeline_monitoring_demo.py
[2026-02-27T21:41:16.576+0000] {logging_mixin.py:188} INFO - [2026-02-27T21:41:16.567+0000] {dagbag.py:350} ERROR - Failed to import: /opt/airflow/dags/pipeline_monitoring_demo.py
Traceback (most recent call last):
  File "/home/airflow/.local/lib/python3.12/site-packages/airflow/models/dagbag.py", line 346, in parse
    loader.exec_module(new_module)
  File "<frozen importlib._bootstrap_external>", line 995, in exec_module
  File "<frozen importlib._bootstrap>", line 488, in _call_with_frames_removed
  File "/opt/airflow/dags/pipeline_monitoring_demo.py", line 3, in <module>
    from airflow.metrics import Stats
ImportError: cannot import name 'Stats' from 'airflow.metrics' (/home/airflow/.local/lib/python3.12/site-packages/airflow/metrics/__init__.py). Did you mean: 'stats'?
[2026-02-27T21:41:16.580+0000] {processor.py:842} WARNING - No viable dags retrieved from /opt/airflow/dags/pipeline_monitoring_demo.py
[2026-02-27T21:41:16.640+0000] {processor.py:183} INFO - Processing /opt/airflow/dags/pipeline_monitoring_demo.py took 0.122 seconds
[2026-02-27T21:41:47.062+0000] {processor.py:161} INFO - Started process (PID=193) to work on /opt/airflow/dags/pipeline_monitoring_demo.py
[2026-02-27T21:41:47.064+0000] {processor.py:830} INFO - Processing file /opt/airflow/dags/pipeline_monitoring_demo.py for tasks to queue
[2026-02-27T21:41:47.067+0000] {logging_mixin.py:188} INFO - [2026-02-27T21:41:47.066+0000] {dagbag.py:540} INFO - Filling up the DagBag from /opt/airflow/dags/pipeline_monitoring_demo.py
[2026-02-27T21:41:47.101+0000] {logging_mixin.py:188} INFO - [2026-02-27T21:41:47.093+0000] {dagbag.py:350} ERROR - Failed to import: /opt/airflow/dags/pipeline_monitoring_demo.py
Traceback (most recent call last):
  File "/home/airflow/.local/lib/python3.12/site-packages/airflow/models/dagbag.py", line 346, in parse
    loader.exec_module(new_module)
  File "<frozen importlib._bootstrap_external>", line 995, in exec_module
  File "<frozen importlib._bootstrap>", line 488, in _call_with_frames_removed
  File "/opt/airflow/dags/pipeline_monitoring_demo.py", line 3, in <module>
    from airflow.metrics import Stats
ImportError: cannot import name 'Stats' from 'airflow.metrics' (/home/airflow/.local/lib/python3.12/site-packages/airflow/metrics/__init__.py). Did you mean: 'stats'?
[2026-02-27T21:41:47.105+0000] {processor.py:842} WARNING - No viable dags retrieved from /opt/airflow/dags/pipeline_monitoring_demo.py
[2026-02-27T21:41:47.150+0000] {processor.py:183} INFO - Processing /opt/airflow/dags/pipeline_monitoring_demo.py took 0.100 seconds
[2026-02-27T21:42:17.363+0000] {processor.py:161} INFO - Started process (PID=201) to work on /opt/airflow/dags/pipeline_monitoring_demo.py
[2026-02-27T21:42:17.368+0000] {processor.py:830} INFO - Processing file /opt/airflow/dags/pipeline_monitoring_demo.py for tasks to queue
[2026-02-27T21:42:17.370+0000] {logging_mixin.py:188} INFO - [2026-02-27T21:42:17.369+0000] {dagbag.py:540} INFO - Filling up the DagBag from /opt/airflow/dags/pipeline_monitoring_demo.py
[2026-02-27T21:42:17.402+0000] {logging_mixin.py:188} INFO - [2026-02-27T21:42:17.394+0000] {dagbag.py:350} ERROR - Failed to import: /opt/airflow/dags/pipeline_monitoring_demo.py
Traceback (most recent call last):
  File "/home/airflow/.local/lib/python3.12/site-packages/airflow/models/dagbag.py", line 346, in parse
    loader.exec_module(new_module)
  File "<frozen importlib._bootstrap_external>", line 995, in exec_module
  File "<frozen importlib._bootstrap>", line 488, in _call_with_frames_removed
  File "/opt/airflow/dags/pipeline_monitoring_demo.py", line 3, in <module>
    from airflow.metrics import Stats
ImportError: cannot import name 'Stats' from 'airflow.metrics' (/home/airflow/.local/lib/python3.12/site-packages/airflow/metrics/__init__.py). Did you mean: 'stats'?
[2026-02-27T21:42:17.405+0000] {processor.py:842} WARNING - No viable dags retrieved from /opt/airflow/dags/pipeline_monitoring_demo.py
[2026-02-27T21:42:17.450+0000] {processor.py:183} INFO - Processing /opt/airflow/dags/pipeline_monitoring_demo.py took 0.105 seconds
[2026-02-27T21:42:47.796+0000] {processor.py:161} INFO - Started process (PID=209) to work on /opt/airflow/dags/pipeline_monitoring_demo.py
[2026-02-27T21:42:47.799+0000] {processor.py:830} INFO - Processing file /opt/airflow/dags/pipeline_monitoring_demo.py for tasks to queue
[2026-02-27T21:42:47.801+0000] {logging_mixin.py:188} INFO - [2026-02-27T21:42:47.801+0000] {dagbag.py:540} INFO - Filling up the DagBag from /opt/airflow/dags/pipeline_monitoring_demo.py
[2026-02-27T21:42:47.852+0000] {logging_mixin.py:188} INFO - [2026-02-27T21:42:47.837+0000] {dagbag.py:350} ERROR - Failed to import: /opt/airflow/dags/pipeline_monitoring_demo.py
Traceback (most recent call last):
  File "/home/airflow/.local/lib/python3.12/site-packages/airflow/models/dagbag.py", line 346, in parse
    loader.exec_module(new_module)
  File "<frozen importlib._bootstrap_external>", line 995, in exec_module
  File "<frozen importlib._bootstrap>", line 488, in _call_with_frames_removed
  File "/opt/airflow/dags/pipeline_monitoring_demo.py", line 3, in <module>
    from airflow.metrics import Stats
ImportError: cannot import name 'Stats' from 'airflow.metrics' (/home/airflow/.local/lib/python3.12/site-packages/airflow/metrics/__init__.py). Did you mean: 'stats'?
[2026-02-27T21:42:47.858+0000] {processor.py:842} WARNING - No viable dags retrieved from /opt/airflow/dags/pipeline_monitoring_demo.py
[2026-02-27T21:42:47.907+0000] {processor.py:183} INFO - Processing /opt/airflow/dags/pipeline_monitoring_demo.py took 0.125 seconds
[2026-02-27T21:43:18.180+0000] {processor.py:161} INFO - Started process (PID=217) to work on /opt/airflow/dags/pipeline_monitoring_demo.py
[2026-02-27T21:43:18.181+0000] {processor.py:830} INFO - Processing file /opt/airflow/dags/pipeline_monitoring_demo.py for tasks to queue
[2026-02-27T21:43:18.183+0000] {logging_mixin.py:188} INFO - [2026-02-27T21:43:18.182+0000] {dagbag.py:540} INFO - Filling up the DagBag from /opt/airflow/dags/pipeline_monitoring_demo.py
[2026-02-27T21:43:18.220+0000] {logging_mixin.py:188} INFO - [2026-02-27T21:43:18.212+0000] {dagbag.py:350} ERROR - Failed to import: /opt/airflow/dags/pipeline_monitoring_demo.py
Traceback (most recent call last):
  File "/home/airflow/.local/lib/python3.12/site-packages/airflow/models/dagbag.py", line 346, in parse
    loader.exec_module(new_module)
  File "<frozen importlib._bootstrap_external>", line 995, in exec_module
  File "<frozen importlib._bootstrap>", line 488, in _call_with_frames_removed
  File "/opt/airflow/dags/pipeline_monitoring_demo.py", line 3, in <module>
    from airflow.metrics import Stats
ImportError: cannot import name 'Stats' from 'airflow.metrics' (/home/airflow/.local/lib/python3.12/site-packages/airflow/metrics/__init__.py). Did you mean: 'stats'?
[2026-02-27T21:43:18.223+0000] {processor.py:842} WARNING - No viable dags retrieved from /opt/airflow/dags/pipeline_monitoring_demo.py
[2026-02-27T21:43:18.270+0000] {processor.py:183} INFO - Processing /opt/airflow/dags/pipeline_monitoring_demo.py took 0.101 seconds
[2026-02-27T21:43:48.586+0000] {processor.py:161} INFO - Started process (PID=225) to work on /opt/airflow/dags/pipeline_monitoring_demo.py
[2026-02-27T21:43:48.588+0000] {processor.py:830} INFO - Processing file /opt/airflow/dags/pipeline_monitoring_demo.py for tasks to queue
[2026-02-27T21:43:48.591+0000] {logging_mixin.py:188} INFO - [2026-02-27T21:43:48.590+0000] {dagbag.py:540} INFO - Filling up the DagBag from /opt/airflow/dags/pipeline_monitoring_demo.py
[2026-02-27T21:43:48.630+0000] {logging_mixin.py:188} INFO - [2026-02-27T21:43:48.621+0000] {dagbag.py:350} ERROR - Failed to import: /opt/airflow/dags/pipeline_monitoring_demo.py
Traceback (most recent call last):
  File "/home/airflow/.local/lib/python3.12/site-packages/airflow/models/dagbag.py", line 346, in parse
    loader.exec_module(new_module)
  File "<frozen importlib._bootstrap_external>", line 995, in exec_module
  File "<frozen importlib._bootstrap>", line 488, in _call_with_frames_removed
  File "/opt/airflow/dags/pipeline_monitoring_demo.py", line 3, in <module>
    from airflow.metrics import Stats
ImportError: cannot import name 'Stats' from 'airflow.metrics' (/home/airflow/.local/lib/python3.12/site-packages/airflow/metrics/__init__.py). Did you mean: 'stats'?
[2026-02-27T21:43:48.634+0000] {processor.py:842} WARNING - No viable dags retrieved from /opt/airflow/dags/pipeline_monitoring_demo.py
[2026-02-27T21:43:48.694+0000] {processor.py:183} INFO - Processing /opt/airflow/dags/pipeline_monitoring_demo.py took 0.120 seconds
[2026-02-27T21:44:18.987+0000] {processor.py:161} INFO - Started process (PID=233) to work on /opt/airflow/dags/pipeline_monitoring_demo.py
[2026-02-27T21:44:18.990+0000] {processor.py:830} INFO - Processing file /opt/airflow/dags/pipeline_monitoring_demo.py for tasks to queue
[2026-02-27T21:44:18.991+0000] {logging_mixin.py:188} INFO - [2026-02-27T21:44:18.991+0000] {dagbag.py:540} INFO - Filling up the DagBag from /opt/airflow/dags/pipeline_monitoring_demo.py
[2026-02-27T21:44:19.023+0000] {logging_mixin.py:188} INFO - [2026-02-27T21:44:19.015+0000] {dagbag.py:350} ERROR - Failed to import: /opt/airflow/dags/pipeline_monitoring_demo.py
Traceback (most recent call last):
  File "/home/airflow/.local/lib/python3.12/site-packages/airflow/models/dagbag.py", line 346, in parse
    loader.exec_module(new_module)
  File "<frozen importlib._bootstrap_external>", line 995, in exec_module
  File "<frozen importlib._bootstrap>", line 488, in _call_with_frames_removed
  File "/opt/airflow/dags/pipeline_monitoring_demo.py", line 3, in <module>
    from airflow.metrics import Stats
ImportError: cannot import name 'Stats' from 'airflow.metrics' (/home/airflow/.local/lib/python3.12/site-packages/airflow/metrics/__init__.py). Did you mean: 'stats'?
[2026-02-27T21:44:19.025+0000] {processor.py:842} WARNING - No viable dags retrieved from /opt/airflow/dags/pipeline_monitoring_demo.py
[2026-02-27T21:44:19.068+0000] {processor.py:183} INFO - Processing /opt/airflow/dags/pipeline_monitoring_demo.py took 0.094 seconds
[2026-02-27T21:44:49.406+0000] {processor.py:161} INFO - Started process (PID=241) to work on /opt/airflow/dags/pipeline_monitoring_demo.py
[2026-02-27T21:44:49.408+0000] {processor.py:830} INFO - Processing file /opt/airflow/dags/pipeline_monitoring_demo.py for tasks to queue
[2026-02-27T21:44:49.409+0000] {logging_mixin.py:188} INFO - [2026-02-27T21:44:49.409+0000] {dagbag.py:540} INFO - Filling up the DagBag from /opt/airflow/dags/pipeline_monitoring_demo.py
[2026-02-27T21:44:49.442+0000] {logging_mixin.py:188} INFO - [2026-02-27T21:44:49.435+0000] {dagbag.py:350} ERROR - Failed to import: /opt/airflow/dags/pipeline_monitoring_demo.py
Traceback (most recent call last):
  File "/home/airflow/.local/lib/python3.12/site-packages/airflow/models/dagbag.py", line 346, in parse
    loader.exec_module(new_module)
  File "<frozen importlib._bootstrap_external>", line 995, in exec_module
  File "<frozen importlib._bootstrap>", line 488, in _call_with_frames_removed
  File "/opt/airflow/dags/pipeline_monitoring_demo.py", line 3, in <module>
    from airflow.metrics import Stats
ImportError: cannot import name 'Stats' from 'airflow.metrics' (/home/airflow/.local/lib/python3.12/site-packages/airflow/metrics/__init__.py). Did you mean: 'stats'?
[2026-02-27T21:44:49.445+0000] {processor.py:842} WARNING - No viable dags retrieved from /opt/airflow/dags/pipeline_monitoring_demo.py
[2026-02-27T21:44:49.481+0000] {processor.py:183} INFO - Processing /opt/airflow/dags/pipeline_monitoring_demo.py took 0.084 seconds
[2026-02-27T21:45:19.673+0000] {processor.py:161} INFO - Started process (PID=249) to work on /opt/airflow/dags/pipeline_monitoring_demo.py
[2026-02-27T21:45:19.676+0000] {processor.py:830} INFO - Processing file /opt/airflow/dags/pipeline_monitoring_demo.py for tasks to queue
[2026-02-27T21:45:19.678+0000] {logging_mixin.py:188} INFO - [2026-02-27T21:45:19.678+0000] {dagbag.py:540} INFO - Filling up the DagBag from /opt/airflow/dags/pipeline_monitoring_demo.py
[2026-02-27T21:45:19.722+0000] {logging_mixin.py:188} INFO - [2026-02-27T21:45:19.710+0000] {dagbag.py:350} ERROR - Failed to import: /opt/airflow/dags/pipeline_monitoring_demo.py
Traceback (most recent call last):
  File "/home/airflow/.local/lib/python3.12/site-packages/airflow/models/dagbag.py", line 346, in parse
    loader.exec_module(new_module)
  File "<frozen importlib._bootstrap_external>", line 995, in exec_module
  File "<frozen importlib._bootstrap>", line 488, in _call_with_frames_removed
  File "/opt/airflow/dags/pipeline_monitoring_demo.py", line 3, in <module>
    from airflow.metrics import Stats
ImportError: cannot import name 'Stats' from 'airflow.metrics' (/home/airflow/.local/lib/python3.12/site-packages/airflow/metrics/__init__.py). Did you mean: 'stats'?
[2026-02-27T21:45:19.725+0000] {processor.py:842} WARNING - No viable dags retrieved from /opt/airflow/dags/pipeline_monitoring_demo.py
[2026-02-27T21:45:19.772+0000] {processor.py:183} INFO - Processing /opt/airflow/dags/pipeline_monitoring_demo.py took 0.110 seconds
[2026-02-27T21:45:50.133+0000] {processor.py:161} INFO - Started process (PID=257) to work on /opt/airflow/dags/pipeline_monitoring_demo.py
[2026-02-27T21:45:50.135+0000] {processor.py:830} INFO - Processing file /opt/airflow/dags/pipeline_monitoring_demo.py for tasks to queue
[2026-02-27T21:45:50.136+0000] {logging_mixin.py:188} INFO - [2026-02-27T21:45:50.136+0000] {dagbag.py:540} INFO - Filling up the DagBag from /opt/airflow/dags/pipeline_monitoring_demo.py
[2026-02-27T21:45:50.180+0000] {logging_mixin.py:188} INFO - [2026-02-27T21:45:50.170+0000] {dagbag.py:350} ERROR - Failed to import: /opt/airflow/dags/pipeline_monitoring_demo.py
Traceback (most recent call last):
  File "/home/airflow/.local/lib/python3.12/site-packages/airflow/models/dagbag.py", line 346, in parse
    loader.exec_module(new_module)
  File "<frozen importlib._bootstrap_external>", line 995, in exec_module
  File "<frozen importlib._bootstrap>", line 488, in _call_with_frames_removed
  File "/opt/airflow/dags/pipeline_monitoring_demo.py", line 3, in <module>
    from airflow.metrics import Stats
ImportError: cannot import name 'Stats' from 'airflow.metrics' (/home/airflow/.local/lib/python3.12/site-packages/airflow/metrics/__init__.py). Did you mean: 'stats'?
[2026-02-27T21:45:50.184+0000] {processor.py:842} WARNING - No viable dags retrieved from /opt/airflow/dags/pipeline_monitoring_demo.py
[2026-02-27T21:45:50.225+0000] {processor.py:183} INFO - Processing /opt/airflow/dags/pipeline_monitoring_demo.py took 0.104 seconds
[2026-02-27T21:46:20.600+0000] {processor.py:161} INFO - Started process (PID=265) to work on /opt/airflow/dags/pipeline_monitoring_demo.py
[2026-02-27T21:46:20.602+0000] {processor.py:830} INFO - Processing file /opt/airflow/dags/pipeline_monitoring_demo.py for tasks to queue
[2026-02-27T21:46:20.605+0000] {logging_mixin.py:188} INFO - [2026-02-27T21:46:20.604+0000] {dagbag.py:540} INFO - Filling up the DagBag from /opt/airflow/dags/pipeline_monitoring_demo.py
[2026-02-27T21:46:20.644+0000] {logging_mixin.py:188} INFO - [2026-02-27T21:46:20.637+0000] {dagbag.py:350} ERROR - Failed to import: /opt/airflow/dags/pipeline_monitoring_demo.py
Traceback (most recent call last):
  File "/home/airflow/.local/lib/python3.12/site-packages/airflow/models/dagbag.py", line 346, in parse
    loader.exec_module(new_module)
  File "<frozen importlib._bootstrap_external>", line 995, in exec_module
  File "<frozen importlib._bootstrap>", line 488, in _call_with_frames_removed
  File "/opt/airflow/dags/pipeline_monitoring_demo.py", line 3, in <module>
    from airflow.metrics import Stats
ImportError: cannot import name 'Stats' from 'airflow.metrics' (/home/airflow/.local/lib/python3.12/site-packages/airflow/metrics/__init__.py). Did you mean: 'stats'?
[2026-02-27T21:46:20.648+0000] {processor.py:842} WARNING - No viable dags retrieved from /opt/airflow/dags/pipeline_monitoring_demo.py
[2026-02-27T21:46:20.690+0000] {processor.py:183} INFO - Processing /opt/airflow/dags/pipeline_monitoring_demo.py took 0.102 seconds
[2026-02-27T21:46:51.172+0000] {processor.py:161} INFO - Started process (PID=273) to work on /opt/airflow/dags/pipeline_monitoring_demo.py
[2026-02-27T21:46:51.174+0000] {processor.py:830} INFO - Processing file /opt/airflow/dags/pipeline_monitoring_demo.py for tasks to queue
[2026-02-27T21:46:51.176+0000] {logging_mixin.py:188} INFO - [2026-02-27T21:46:51.175+0000] {dagbag.py:540} INFO - Filling up the DagBag from /opt/airflow/dags/pipeline_monitoring_demo.py
[2026-02-27T21:46:51.207+0000] {logging_mixin.py:188} INFO - [2026-02-27T21:46:51.199+0000] {dagbag.py:350} ERROR - Failed to import: /opt/airflow/dags/pipeline_monitoring_demo.py
Traceback (most recent call last):
  File "/home/airflow/.local/lib/python3.12/site-packages/airflow/models/dagbag.py", line 346, in parse
    loader.exec_module(new_module)
  File "<frozen importlib._bootstrap_external>", line 995, in exec_module
  File "<frozen importlib._bootstrap>", line 488, in _call_with_frames_removed
  File "/opt/airflow/dags/pipeline_monitoring_demo.py", line 3, in <module>
    from airflow.metrics import Stats
ImportError: cannot import name 'Stats' from 'airflow.metrics' (/home/airflow/.local/lib/python3.12/site-packages/airflow/metrics/__init__.py). Did you mean: 'stats'?
[2026-02-27T21:46:51.210+0000] {processor.py:842} WARNING - No viable dags retrieved from /opt/airflow/dags/pipeline_monitoring_demo.py
[2026-02-27T21:46:51.255+0000] {processor.py:183} INFO - Processing /opt/airflow/dags/pipeline_monitoring_demo.py took 0.096 seconds
[2026-02-27T21:47:21.645+0000] {processor.py:161} INFO - Started process (PID=281) to work on /opt/airflow/dags/pipeline_monitoring_demo.py
[2026-02-27T21:47:21.648+0000] {processor.py:830} INFO - Processing file /opt/airflow/dags/pipeline_monitoring_demo.py for tasks to queue
[2026-02-27T21:47:21.652+0000] {logging_mixin.py:188} INFO - [2026-02-27T21:47:21.650+0000] {dagbag.py:540} INFO - Filling up the DagBag from /opt/airflow/dags/pipeline_monitoring_demo.py
[2026-02-27T21:47:21.704+0000] {logging_mixin.py:188} INFO - [2026-02-27T21:47:21.690+0000] {dagbag.py:350} ERROR - Failed to import: /opt/airflow/dags/pipeline_monitoring_demo.py
Traceback (most recent call last):
  File "/home/airflow/.local/lib/python3.12/site-packages/airflow/models/dagbag.py", line 346, in parse
    loader.exec_module(new_module)
  File "<frozen importlib._bootstrap_external>", line 995, in exec_module
  File "<frozen importlib._bootstrap>", line 488, in _call_with_frames_removed
  File "/opt/airflow/dags/pipeline_monitoring_demo.py", line 3, in <module>
    from airflow.metrics import Stats
ImportError: cannot import name 'Stats' from 'airflow.metrics' (/home/airflow/.local/lib/python3.12/site-packages/airflow/metrics/__init__.py). Did you mean: 'stats'?
[2026-02-27T21:47:21.708+0000] {processor.py:842} WARNING - No viable dags retrieved from /opt/airflow/dags/pipeline_monitoring_demo.py
[2026-02-27T21:47:21.781+0000] {processor.py:183} INFO - Processing /opt/airflow/dags/pipeline_monitoring_demo.py took 0.155 seconds
[2026-02-27T21:47:52.236+0000] {processor.py:161} INFO - Started process (PID=289) to work on /opt/airflow/dags/pipeline_monitoring_demo.py
[2026-02-27T21:47:52.238+0000] {processor.py:830} INFO - Processing file /opt/airflow/dags/pipeline_monitoring_demo.py for tasks to queue
[2026-02-27T21:47:52.239+0000] {logging_mixin.py:188} INFO - [2026-02-27T21:47:52.239+0000] {dagbag.py:540} INFO - Filling up the DagBag from /opt/airflow/dags/pipeline_monitoring_demo.py
[2026-02-27T21:47:52.268+0000] {logging_mixin.py:188} INFO - [2026-02-27T21:47:52.261+0000] {dagbag.py:350} ERROR - Failed to import: /opt/airflow/dags/pipeline_monitoring_demo.py
Traceback (most recent call last):
  File "/home/airflow/.local/lib/python3.12/site-packages/airflow/models/dagbag.py", line 346, in parse
    loader.exec_module(new_module)
  File "<frozen importlib._bootstrap_external>", line 995, in exec_module
  File "<frozen importlib._bootstrap>", line 488, in _call_with_frames_removed
  File "/opt/airflow/dags/pipeline_monitoring_demo.py", line 3, in <module>
    from airflow.metrics import Stats
ImportError: cannot import name 'Stats' from 'airflow.metrics' (/home/airflow/.local/lib/python3.12/site-packages/airflow/metrics/__init__.py). Did you mean: 'stats'?
[2026-02-27T21:47:52.271+0000] {processor.py:842} WARNING - No viable dags retrieved from /opt/airflow/dags/pipeline_monitoring_demo.py
[2026-02-27T21:47:52.308+0000] {processor.py:183} INFO - Processing /opt/airflow/dags/pipeline_monitoring_demo.py took 0.087 seconds
[2026-02-27T21:48:22.639+0000] {processor.py:161} INFO - Started process (PID=297) to work on /opt/airflow/dags/pipeline_monitoring_demo.py
[2026-02-27T21:48:22.642+0000] {processor.py:830} INFO - Processing file /opt/airflow/dags/pipeline_monitoring_demo.py for tasks to queue
[2026-02-27T21:48:22.644+0000] {logging_mixin.py:188} INFO - [2026-02-27T21:48:22.643+0000] {dagbag.py:540} INFO - Filling up the DagBag from /opt/airflow/dags/pipeline_monitoring_demo.py
[2026-02-27T21:48:22.689+0000] {logging_mixin.py:188} INFO - [2026-02-27T21:48:22.679+0000] {dagbag.py:350} ERROR - Failed to import: /opt/airflow/dags/pipeline_monitoring_demo.py
Traceback (most recent call last):
  File "/home/airflow/.local/lib/python3.12/site-packages/airflow/models/dagbag.py", line 346, in parse
    loader.exec_module(new_module)
  File "<frozen importlib._bootstrap_external>", line 995, in exec_module
  File "<frozen importlib._bootstrap>", line 488, in _call_with_frames_removed
  File "/opt/airflow/dags/pipeline_monitoring_demo.py", line 3, in <module>
    from airflow.metrics import Stats
ImportError: cannot import name 'Stats' from 'airflow.metrics' (/home/airflow/.local/lib/python3.12/site-packages/airflow/metrics/__init__.py). Did you mean: 'stats'?
[2026-02-27T21:48:22.692+0000] {processor.py:842} WARNING - No viable dags retrieved from /opt/airflow/dags/pipeline_monitoring_demo.py
[2026-02-27T21:48:22.732+0000] {processor.py:183} INFO - Processing /opt/airflow/dags/pipeline_monitoring_demo.py took 0.103 seconds
[2026-02-27T21:48:52.968+0000] {processor.py:161} INFO - Started process (PID=305) to work on /opt/airflow/dags/pipeline_monitoring_demo.py
[2026-02-27T21:48:52.970+0000] {processor.py:830} INFO - Processing file /opt/airflow/dags/pipeline_monitoring_demo.py for tasks to queue
[2026-02-27T21:48:52.972+0000] {logging_mixin.py:188} INFO - [2026-02-27T21:48:52.971+0000] {dagbag.py:540} INFO - Filling up the DagBag from /opt/airflow/dags/pipeline_monitoring_demo.py
[2026-02-27T21:48:53.023+0000] {logging_mixin.py:188} INFO - [2026-02-27T21:48:53.007+0000] {dagbag.py:350} ERROR - Failed to import: /opt/airflow/dags/pipeline_monitoring_demo.py
Traceback (most recent call last):
  File "/home/airflow/.local/lib/python3.12/site-packages/airflow/models/dagbag.py", line 346, in parse
    loader.exec_module(new_module)
  File "<frozen importlib._bootstrap_external>", line 995, in exec_module
  File "<frozen importlib._bootstrap>", line 488, in _call_with_frames_removed
  File "/opt/airflow/dags/pipeline_monitoring_demo.py", line 3, in <module>
    from airflow.metrics import Stats
ImportError: cannot import name 'Stats' from 'airflow.metrics' (/home/airflow/.local/lib/python3.12/site-packages/airflow/metrics/__init__.py). Did you mean: 'stats'?
[2026-02-27T21:48:53.026+0000] {processor.py:842} WARNING - No viable dags retrieved from /opt/airflow/dags/pipeline_monitoring_demo.py
[2026-02-27T21:48:53.064+0000] {processor.py:183} INFO - Processing /opt/airflow/dags/pipeline_monitoring_demo.py took 0.106 seconds
[2026-02-27T21:49:23.468+0000] {processor.py:161} INFO - Started process (PID=313) to work on /opt/airflow/dags/pipeline_monitoring_demo.py
[2026-02-27T21:49:23.470+0000] {processor.py:830} INFO - Processing file /opt/airflow/dags/pipeline_monitoring_demo.py for tasks to queue
[2026-02-27T21:49:23.472+0000] {logging_mixin.py:188} INFO - [2026-02-27T21:49:23.471+0000] {dagbag.py:540} INFO - Filling up the DagBag from /opt/airflow/dags/pipeline_monitoring_demo.py
[2026-02-27T21:49:23.505+0000] {logging_mixin.py:188} INFO - [2026-02-27T21:49:23.495+0000] {dagbag.py:350} ERROR - Failed to import: /opt/airflow/dags/pipeline_monitoring_demo.py
Traceback (most recent call last):
  File "/home/airflow/.local/lib/python3.12/site-packages/airflow/models/dagbag.py", line 346, in parse
    loader.exec_module(new_module)
  File "<frozen importlib._bootstrap_external>", line 995, in exec_module
  File "<frozen importlib._bootstrap>", line 488, in _call_with_frames_removed
  File "/opt/airflow/dags/pipeline_monitoring_demo.py", line 3, in <module>
    from airflow.metrics import Stats
ImportError: cannot import name 'Stats' from 'airflow.metrics' (/home/airflow/.local/lib/python3.12/site-packages/airflow/metrics/__init__.py). Did you mean: 'stats'?
[2026-02-27T21:49:23.509+0000] {processor.py:842} WARNING - No viable dags retrieved from /opt/airflow/dags/pipeline_monitoring_demo.py
[2026-02-27T21:49:23.569+0000] {processor.py:183} INFO - Processing /opt/airflow/dags/pipeline_monitoring_demo.py took 0.114 seconds
[2026-02-27T21:49:53.884+0000] {processor.py:161} INFO - Started process (PID=321) to work on /opt/airflow/dags/pipeline_monitoring_demo.py
[2026-02-27T21:49:53.886+0000] {processor.py:830} INFO - Processing file /opt/airflow/dags/pipeline_monitoring_demo.py for tasks to queue
[2026-02-27T21:49:53.887+0000] {logging_mixin.py:188} INFO - [2026-02-27T21:49:53.887+0000] {dagbag.py:540} INFO - Filling up the DagBag from /opt/airflow/dags/pipeline_monitoring_demo.py
[2026-02-27T21:49:53.931+0000] {logging_mixin.py:188} INFO - [2026-02-27T21:49:53.920+0000] {dagbag.py:350} ERROR - Failed to import: /opt/airflow/dags/pipeline_monitoring_demo.py
Traceback (most recent call last):
  File "/home/airflow/.local/lib/python3.12/site-packages/airflow/models/dagbag.py", line 346, in parse
    loader.exec_module(new_module)
  File "<frozen importlib._bootstrap_external>", line 995, in exec_module
  File "<frozen importlib._bootstrap>", line 488, in _call_with_frames_removed
  File "/opt/airflow/dags/pipeline_monitoring_demo.py", line 3, in <module>
    from airflow.metrics import Stats
ImportError: cannot import name 'Stats' from 'airflow.metrics' (/home/airflow/.local/lib/python3.12/site-packages/airflow/metrics/__init__.py). Did you mean: 'stats'?
[2026-02-27T21:49:53.935+0000] {processor.py:842} WARNING - No viable dags retrieved from /opt/airflow/dags/pipeline_monitoring_demo.py
[2026-02-27T21:49:53.983+0000] {processor.py:183} INFO - Processing /opt/airflow/dags/pipeline_monitoring_demo.py took 0.109 seconds
[2026-02-27T21:50:24.368+0000] {processor.py:161} INFO - Started process (PID=329) to work on /opt/airflow/dags/pipeline_monitoring_demo.py
[2026-02-27T21:50:24.371+0000] {processor.py:830} INFO - Processing file /opt/airflow/dags/pipeline_monitoring_demo.py for tasks to queue
[2026-02-27T21:50:24.373+0000] {logging_mixin.py:188} INFO - [2026-02-27T21:50:24.372+0000] {dagbag.py:540} INFO - Filling up the DagBag from /opt/airflow/dags/pipeline_monitoring_demo.py
[2026-02-27T21:50:24.419+0000] {logging_mixin.py:188} INFO - [2026-02-27T21:50:24.407+0000] {dagbag.py:350} ERROR - Failed to import: /opt/airflow/dags/pipeline_monitoring_demo.py
Traceback (most recent call last):
  File "/home/airflow/.local/lib/python3.12/site-packages/airflow/models/dagbag.py", line 346, in parse
    loader.exec_module(new_module)
  File "<frozen importlib._bootstrap_external>", line 995, in exec_module
  File "<frozen importlib._bootstrap>", line 488, in _call_with_frames_removed
  File "/opt/airflow/dags/pipeline_monitoring_demo.py", line 3, in <module>
    from airflow.metrics import Stats
ImportError: cannot import name 'Stats' from 'airflow.metrics' (/home/airflow/.local/lib/python3.12/site-packages/airflow/metrics/__init__.py). Did you mean: 'stats'?
[2026-02-27T21:50:24.424+0000] {processor.py:842} WARNING - No viable dags retrieved from /opt/airflow/dags/pipeline_monitoring_demo.py
[2026-02-27T21:50:24.465+0000] {processor.py:183} INFO - Processing /opt/airflow/dags/pipeline_monitoring_demo.py took 0.108 seconds
[2026-02-27T21:50:54.932+0000] {processor.py:161} INFO - Started process (PID=337) to work on /opt/airflow/dags/pipeline_monitoring_demo.py
[2026-02-27T21:50:54.935+0000] {processor.py:830} INFO - Processing file /opt/airflow/dags/pipeline_monitoring_demo.py for tasks to queue
[2026-02-27T21:50:54.936+0000] {logging_mixin.py:188} INFO - [2026-02-27T21:50:54.936+0000] {dagbag.py:540} INFO - Filling up the DagBag from /opt/airflow/dags/pipeline_monitoring_demo.py
[2026-02-27T21:50:54.982+0000] {logging_mixin.py:188} INFO - [2026-02-27T21:50:54.969+0000] {dagbag.py:350} ERROR - Failed to import: /opt/airflow/dags/pipeline_monitoring_demo.py
Traceback (most recent call last):
  File "/home/airflow/.local/lib/python3.12/site-packages/airflow/models/dagbag.py", line 346, in parse
    loader.exec_module(new_module)
  File "<frozen importlib._bootstrap_external>", line 995, in exec_module
  File "<frozen importlib._bootstrap>", line 488, in _call_with_frames_removed
  File "/opt/airflow/dags/pipeline_monitoring_demo.py", line 3, in <module>
    from airflow.metrics import Stats
ImportError: cannot import name 'Stats' from 'airflow.metrics' (/home/airflow/.local/lib/python3.12/site-packages/airflow/metrics/__init__.py). Did you mean: 'stats'?
[2026-02-27T21:50:54.987+0000] {processor.py:842} WARNING - No viable dags retrieved from /opt/airflow/dags/pipeline_monitoring_demo.py
[2026-02-27T21:50:55.044+0000] {processor.py:183} INFO - Processing /opt/airflow/dags/pipeline_monitoring_demo.py took 0.124 seconds
[2026-02-27T21:51:25.395+0000] {processor.py:161} INFO - Started process (PID=345) to work on /opt/airflow/dags/pipeline_monitoring_demo.py
[2026-02-27T21:51:25.398+0000] {processor.py:830} INFO - Processing file /opt/airflow/dags/pipeline_monitoring_demo.py for tasks to queue
[2026-02-27T21:51:25.400+0000] {logging_mixin.py:188} INFO - [2026-02-27T21:51:25.400+0000] {dagbag.py:540} INFO - Filling up the DagBag from /opt/airflow/dags/pipeline_monitoring_demo.py
[2026-02-27T21:51:25.449+0000] {logging_mixin.py:188} INFO - [2026-02-27T21:51:25.438+0000] {dagbag.py:350} ERROR - Failed to import: /opt/airflow/dags/pipeline_monitoring_demo.py
Traceback (most recent call last):
  File "/home/airflow/.local/lib/python3.12/site-packages/airflow/models/dagbag.py", line 346, in parse
    loader.exec_module(new_module)
  File "<frozen importlib._bootstrap_external>", line 995, in exec_module
  File "<frozen importlib._bootstrap>", line 488, in _call_with_frames_removed
  File "/opt/airflow/dags/pipeline_monitoring_demo.py", line 3, in <module>
    from airflow.metrics import Stats
ImportError: cannot import name 'Stats' from 'airflow.metrics' (/home/airflow/.local/lib/python3.12/site-packages/airflow/metrics/__init__.py). Did you mean: 'stats'?
[2026-02-27T21:51:25.453+0000] {processor.py:842} WARNING - No viable dags retrieved from /opt/airflow/dags/pipeline_monitoring_demo.py
[2026-02-27T21:51:25.494+0000] {processor.py:183} INFO - Processing /opt/airflow/dags/pipeline_monitoring_demo.py took 0.116 seconds
[2026-02-27T21:51:56.445+0000] {processor.py:161} INFO - Started process (PID=353) to work on /opt/airflow/dags/pipeline_monitoring_demo.py
[2026-02-27T21:51:56.447+0000] {processor.py:830} INFO - Processing file /opt/airflow/dags/pipeline_monitoring_demo.py for tasks to queue
[2026-02-27T21:51:56.448+0000] {logging_mixin.py:188} INFO - [2026-02-27T21:51:56.448+0000] {dagbag.py:540} INFO - Filling up the DagBag from /opt/airflow/dags/pipeline_monitoring_demo.py
[2026-02-27T21:51:56.485+0000] {logging_mixin.py:188} INFO - [2026-02-27T21:51:56.477+0000] {dagbag.py:350} ERROR - Failed to import: /opt/airflow/dags/pipeline_monitoring_demo.py
Traceback (most recent call last):
  File "/home/airflow/.local/lib/python3.12/site-packages/airflow/models/dagbag.py", line 346, in parse
    loader.exec_module(new_module)
  File "<frozen importlib._bootstrap_external>", line 995, in exec_module
  File "<frozen importlib._bootstrap>", line 488, in _call_with_frames_removed
  File "/opt/airflow/dags/pipeline_monitoring_demo.py", line 3, in <module>
    from airflow.metrics import Stats
ImportError: cannot import name 'Stats' from 'airflow.metrics' (/home/airflow/.local/lib/python3.12/site-packages/airflow/metrics/__init__.py). Did you mean: 'stats'?
[2026-02-27T21:51:56.489+0000] {processor.py:842} WARNING - No viable dags retrieved from /opt/airflow/dags/pipeline_monitoring_demo.py
[2026-02-27T21:51:56.525+0000] {processor.py:183} INFO - Processing /opt/airflow/dags/pipeline_monitoring_demo.py took 0.090 seconds
[2026-02-27T21:52:27.090+0000] {processor.py:161} INFO - Started process (PID=361) to work on /opt/airflow/dags/pipeline_monitoring_demo.py
[2026-02-27T21:52:27.092+0000] {processor.py:830} INFO - Processing file /opt/airflow/dags/pipeline_monitoring_demo.py for tasks to queue
[2026-02-27T21:52:27.096+0000] {logging_mixin.py:188} INFO - [2026-02-27T21:52:27.094+0000] {dagbag.py:540} INFO - Filling up the DagBag from /opt/airflow/dags/pipeline_monitoring_demo.py
[2026-02-27T21:52:27.160+0000] {logging_mixin.py:188} INFO - [2026-02-27T21:52:27.144+0000] {dagbag.py:350} ERROR - Failed to import: /opt/airflow/dags/pipeline_monitoring_demo.py
Traceback (most recent call last):
  File "/home/airflow/.local/lib/python3.12/site-packages/airflow/models/dagbag.py", line 346, in parse
    loader.exec_module(new_module)
  File "<frozen importlib._bootstrap_external>", line 995, in exec_module
  File "<frozen importlib._bootstrap>", line 488, in _call_with_frames_removed
  File "/opt/airflow/dags/pipeline_monitoring_demo.py", line 3, in <module>
    from airflow.metrics import Stats
ImportError: cannot import name 'Stats' from 'airflow.metrics' (/home/airflow/.local/lib/python3.12/site-packages/airflow/metrics/__init__.py). Did you mean: 'stats'?
[2026-02-27T21:52:27.164+0000] {processor.py:842} WARNING - No viable dags retrieved from /opt/airflow/dags/pipeline_monitoring_demo.py
[2026-02-27T21:52:27.250+0000] {processor.py:183} INFO - Processing /opt/airflow/dags/pipeline_monitoring_demo.py took 0.172 seconds
[2026-02-27T21:52:57.784+0000] {processor.py:161} INFO - Started process (PID=369) to work on /opt/airflow/dags/pipeline_monitoring_demo.py
[2026-02-27T21:52:57.789+0000] {processor.py:830} INFO - Processing file /opt/airflow/dags/pipeline_monitoring_demo.py for tasks to queue
[2026-02-27T21:52:57.791+0000] {logging_mixin.py:188} INFO - [2026-02-27T21:52:57.791+0000] {dagbag.py:540} INFO - Filling up the DagBag from /opt/airflow/dags/pipeline_monitoring_demo.py
[2026-02-27T21:52:57.828+0000] {logging_mixin.py:188} INFO - [2026-02-27T21:52:57.819+0000] {dagbag.py:350} ERROR - Failed to import: /opt/airflow/dags/pipeline_monitoring_demo.py
Traceback (most recent call last):
  File "/home/airflow/.local/lib/python3.12/site-packages/airflow/models/dagbag.py", line 346, in parse
    loader.exec_module(new_module)
  File "<frozen importlib._bootstrap_external>", line 995, in exec_module
  File "<frozen importlib._bootstrap>", line 488, in _call_with_frames_removed
  File "/opt/airflow/dags/pipeline_monitoring_demo.py", line 3, in <module>
    from airflow.metrics import Stats
ImportError: cannot import name 'Stats' from 'airflow.metrics' (/home/airflow/.local/lib/python3.12/site-packages/airflow/metrics/__init__.py). Did you mean: 'stats'?
[2026-02-27T21:52:57.831+0000] {processor.py:842} WARNING - No viable dags retrieved from /opt/airflow/dags/pipeline_monitoring_demo.py
[2026-02-27T21:52:57.868+0000] {processor.py:183} INFO - Processing /opt/airflow/dags/pipeline_monitoring_demo.py took 0.094 seconds
[2026-02-27T21:53:28.264+0000] {processor.py:161} INFO - Started process (PID=377) to work on /opt/airflow/dags/pipeline_monitoring_demo.py
[2026-02-27T21:53:28.266+0000] {processor.py:830} INFO - Processing file /opt/airflow/dags/pipeline_monitoring_demo.py for tasks to queue
[2026-02-27T21:53:28.268+0000] {logging_mixin.py:188} INFO - [2026-02-27T21:53:28.268+0000] {dagbag.py:540} INFO - Filling up the DagBag from /opt/airflow/dags/pipeline_monitoring_demo.py
[2026-02-27T21:53:28.316+0000] {logging_mixin.py:188} INFO - [2026-02-27T21:53:28.307+0000] {dagbag.py:350} ERROR - Failed to import: /opt/airflow/dags/pipeline_monitoring_demo.py
Traceback (most recent call last):
  File "/home/airflow/.local/lib/python3.12/site-packages/airflow/models/dagbag.py", line 346, in parse
    loader.exec_module(new_module)
  File "<frozen importlib._bootstrap_external>", line 995, in exec_module
  File "<frozen importlib._bootstrap>", line 488, in _call_with_frames_removed
  File "/opt/airflow/dags/pipeline_monitoring_demo.py", line 3, in <module>
    from airflow.metrics import Stats
ImportError: cannot import name 'Stats' from 'airflow.metrics' (/home/airflow/.local/lib/python3.12/site-packages/airflow/metrics/__init__.py). Did you mean: 'stats'?
[2026-02-27T21:53:28.320+0000] {processor.py:842} WARNING - No viable dags retrieved from /opt/airflow/dags/pipeline_monitoring_demo.py
[2026-02-27T21:53:28.375+0000] {processor.py:183} INFO - Processing /opt/airflow/dags/pipeline_monitoring_demo.py took 0.124 seconds
[2026-02-27T21:53:58.832+0000] {processor.py:161} INFO - Started process (PID=385) to work on /opt/airflow/dags/pipeline_monitoring_demo.py
[2026-02-27T21:53:58.835+0000] {processor.py:830} INFO - Processing file /opt/airflow/dags/pipeline_monitoring_demo.py for tasks to queue
[2026-02-27T21:53:58.838+0000] {logging_mixin.py:188} INFO - [2026-02-27T21:53:58.838+0000] {dagbag.py:540} INFO - Filling up the DagBag from /opt/airflow/dags/pipeline_monitoring_demo.py
[2026-02-27T21:53:58.884+0000] {logging_mixin.py:188} INFO - [2026-02-27T21:53:58.874+0000] {dagbag.py:350} ERROR - Failed to import: /opt/airflow/dags/pipeline_monitoring_demo.py
Traceback (most recent call last):
  File "/home/airflow/.local/lib/python3.12/site-packages/airflow/models/dagbag.py", line 346, in parse
    loader.exec_module(new_module)
  File "<frozen importlib._bootstrap_external>", line 995, in exec_module
  File "<frozen importlib._bootstrap>", line 488, in _call_with_frames_removed
  File "/opt/airflow/dags/pipeline_monitoring_demo.py", line 3, in <module>
    from airflow.metrics import Stats
ImportError: cannot import name 'Stats' from 'airflow.metrics' (/home/airflow/.local/lib/python3.12/site-packages/airflow/metrics/__init__.py). Did you mean: 'stats'?
[2026-02-27T21:53:58.889+0000] {processor.py:842} WARNING - No viable dags retrieved from /opt/airflow/dags/pipeline_monitoring_demo.py
[2026-02-27T21:53:58.942+0000] {processor.py:183} INFO - Processing /opt/airflow/dags/pipeline_monitoring_demo.py took 0.123 seconds
[2026-02-27T21:54:29.347+0000] {processor.py:161} INFO - Started process (PID=393) to work on /opt/airflow/dags/pipeline_monitoring_demo.py
[2026-02-27T21:54:29.349+0000] {processor.py:830} INFO - Processing file /opt/airflow/dags/pipeline_monitoring_demo.py for tasks to queue
[2026-02-27T21:54:29.351+0000] {logging_mixin.py:188} INFO - [2026-02-27T21:54:29.350+0000] {dagbag.py:540} INFO - Filling up the DagBag from /opt/airflow/dags/pipeline_monitoring_demo.py
[2026-02-27T21:54:29.384+0000] {logging_mixin.py:188} INFO - [2026-02-27T21:54:29.374+0000] {dagbag.py:350} ERROR - Failed to import: /opt/airflow/dags/pipeline_monitoring_demo.py
Traceback (most recent call last):
  File "/home/airflow/.local/lib/python3.12/site-packages/airflow/models/dagbag.py", line 346, in parse
    loader.exec_module(new_module)
  File "<frozen importlib._bootstrap_external>", line 995, in exec_module
  File "<frozen importlib._bootstrap>", line 488, in _call_with_frames_removed
  File "/opt/airflow/dags/pipeline_monitoring_demo.py", line 3, in <module>
    from airflow.metrics import Stats
ImportError: cannot import name 'Stats' from 'airflow.metrics' (/home/airflow/.local/lib/python3.12/site-packages/airflow/metrics/__init__.py). Did you mean: 'stats'?
[2026-02-27T21:54:29.387+0000] {processor.py:842} WARNING - No viable dags retrieved from /opt/airflow/dags/pipeline_monitoring_demo.py
[2026-02-27T21:54:29.431+0000] {processor.py:183} INFO - Processing /opt/airflow/dags/pipeline_monitoring_demo.py took 0.095 seconds
[2026-02-27T21:54:59.793+0000] {processor.py:161} INFO - Started process (PID=401) to work on /opt/airflow/dags/pipeline_monitoring_demo.py
[2026-02-27T21:54:59.796+0000] {processor.py:830} INFO - Processing file /opt/airflow/dags/pipeline_monitoring_demo.py for tasks to queue
[2026-02-27T21:54:59.798+0000] {logging_mixin.py:188} INFO - [2026-02-27T21:54:59.797+0000] {dagbag.py:540} INFO - Filling up the DagBag from /opt/airflow/dags/pipeline_monitoring_demo.py
[2026-02-27T21:54:59.845+0000] {logging_mixin.py:188} INFO - [2026-02-27T21:54:59.833+0000] {dagbag.py:350} ERROR - Failed to import: /opt/airflow/dags/pipeline_monitoring_demo.py
Traceback (most recent call last):
  File "/home/airflow/.local/lib/python3.12/site-packages/airflow/models/dagbag.py", line 346, in parse
    loader.exec_module(new_module)
  File "<frozen importlib._bootstrap_external>", line 995, in exec_module
  File "<frozen importlib._bootstrap>", line 488, in _call_with_frames_removed
  File "/opt/airflow/dags/pipeline_monitoring_demo.py", line 3, in <module>
    from airflow.metrics import Stats
ImportError: cannot import name 'Stats' from 'airflow.metrics' (/home/airflow/.local/lib/python3.12/site-packages/airflow/metrics/__init__.py). Did you mean: 'stats'?
[2026-02-27T21:54:59.851+0000] {processor.py:842} WARNING - No viable dags retrieved from /opt/airflow/dags/pipeline_monitoring_demo.py
[2026-02-27T21:54:59.900+0000] {processor.py:183} INFO - Processing /opt/airflow/dags/pipeline_monitoring_demo.py took 0.128 seconds
[2026-02-27T21:55:30.314+0000] {processor.py:161} INFO - Started process (PID=409) to work on /opt/airflow/dags/pipeline_monitoring_demo.py
[2026-02-27T21:55:30.317+0000] {processor.py:830} INFO - Processing file /opt/airflow/dags/pipeline_monitoring_demo.py for tasks to queue
[2026-02-27T21:55:30.319+0000] {logging_mixin.py:188} INFO - [2026-02-27T21:55:30.318+0000] {dagbag.py:540} INFO - Filling up the DagBag from /opt/airflow/dags/pipeline_monitoring_demo.py
[2026-02-27T21:55:30.364+0000] {logging_mixin.py:188} INFO - [2026-02-27T21:55:30.354+0000] {dagbag.py:350} ERROR - Failed to import: /opt/airflow/dags/pipeline_monitoring_demo.py
Traceback (most recent call last):
  File "/home/airflow/.local/lib/python3.12/site-packages/airflow/models/dagbag.py", line 346, in parse
    loader.exec_module(new_module)
  File "<frozen importlib._bootstrap_external>", line 995, in exec_module
  File "<frozen importlib._bootstrap>", line 488, in _call_with_frames_removed
  File "/opt/airflow/dags/pipeline_monitoring_demo.py", line 3, in <module>
    from airflow.metrics import Stats
ImportError: cannot import name 'Stats' from 'airflow.metrics' (/home/airflow/.local/lib/python3.12/site-packages/airflow/metrics/__init__.py). Did you mean: 'stats'?
[2026-02-27T21:55:30.369+0000] {processor.py:842} WARNING - No viable dags retrieved from /opt/airflow/dags/pipeline_monitoring_demo.py
[2026-02-27T21:55:30.422+0000] {processor.py:183} INFO - Processing /opt/airflow/dags/pipeline_monitoring_demo.py took 0.119 seconds
[2026-02-27T21:56:00.864+0000] {processor.py:161} INFO - Started process (PID=417) to work on /opt/airflow/dags/pipeline_monitoring_demo.py
[2026-02-27T21:56:00.867+0000] {processor.py:830} INFO - Processing file /opt/airflow/dags/pipeline_monitoring_demo.py for tasks to queue
[2026-02-27T21:56:00.869+0000] {logging_mixin.py:188} INFO - [2026-02-27T21:56:00.868+0000] {dagbag.py:540} INFO - Filling up the DagBag from /opt/airflow/dags/pipeline_monitoring_demo.py
[2026-02-27T21:56:00.908+0000] {logging_mixin.py:188} INFO - [2026-02-27T21:56:00.900+0000] {dagbag.py:350} ERROR - Failed to import: /opt/airflow/dags/pipeline_monitoring_demo.py
Traceback (most recent call last):
  File "/home/airflow/.local/lib/python3.12/site-packages/airflow/models/dagbag.py", line 346, in parse
    loader.exec_module(new_module)
  File "<frozen importlib._bootstrap_external>", line 995, in exec_module
  File "<frozen importlib._bootstrap>", line 488, in _call_with_frames_removed
  File "/opt/airflow/dags/pipeline_monitoring_demo.py", line 3, in <module>
    from airflow.metrics import Stats
ImportError: cannot import name 'Stats' from 'airflow.metrics' (/home/airflow/.local/lib/python3.12/site-packages/airflow/metrics/__init__.py). Did you mean: 'stats'?
[2026-02-27T21:56:00.911+0000] {processor.py:842} WARNING - No viable dags retrieved from /opt/airflow/dags/pipeline_monitoring_demo.py
[2026-02-27T21:56:00.950+0000] {processor.py:183} INFO - Processing /opt/airflow/dags/pipeline_monitoring_demo.py took 0.104 seconds
[2026-02-27T21:56:31.520+0000] {processor.py:161} INFO - Started process (PID=425) to work on /opt/airflow/dags/pipeline_monitoring_demo.py
[2026-02-27T21:56:31.521+0000] {processor.py:830} INFO - Processing file /opt/airflow/dags/pipeline_monitoring_demo.py for tasks to queue
[2026-02-27T21:56:31.523+0000] {logging_mixin.py:188} INFO - [2026-02-27T21:56:31.523+0000] {dagbag.py:540} INFO - Filling up the DagBag from /opt/airflow/dags/pipeline_monitoring_demo.py
[2026-02-27T21:56:31.557+0000] {logging_mixin.py:188} INFO - [2026-02-27T21:56:31.549+0000] {dagbag.py:350} ERROR - Failed to import: /opt/airflow/dags/pipeline_monitoring_demo.py
Traceback (most recent call last):
  File "/home/airflow/.local/lib/python3.12/site-packages/airflow/models/dagbag.py", line 346, in parse
    loader.exec_module(new_module)
  File "<frozen importlib._bootstrap_external>", line 995, in exec_module
  File "<frozen importlib._bootstrap>", line 488, in _call_with_frames_removed
  File "/opt/airflow/dags/pipeline_monitoring_demo.py", line 3, in <module>
    from airflow.metrics import Stats
ImportError: cannot import name 'Stats' from 'airflow.metrics' (/home/airflow/.local/lib/python3.12/site-packages/airflow/metrics/__init__.py). Did you mean: 'stats'?
[2026-02-27T21:56:31.560+0000] {processor.py:842} WARNING - No viable dags retrieved from /opt/airflow/dags/pipeline_monitoring_demo.py
[2026-02-27T21:56:31.605+0000] {processor.py:183} INFO - Processing /opt/airflow/dags/pipeline_monitoring_demo.py took 0.096 seconds
[2026-02-27T21:57:02.291+0000] {processor.py:161} INFO - Started process (PID=433) to work on /opt/airflow/dags/pipeline_monitoring_demo.py
[2026-02-27T21:57:02.294+0000] {processor.py:830} INFO - Processing file /opt/airflow/dags/pipeline_monitoring_demo.py for tasks to queue
[2026-02-27T21:57:02.296+0000] {logging_mixin.py:188} INFO - [2026-02-27T21:57:02.295+0000] {dagbag.py:540} INFO - Filling up the DagBag from /opt/airflow/dags/pipeline_monitoring_demo.py
[2026-02-27T21:57:02.336+0000] {logging_mixin.py:188} INFO - [2026-02-27T21:57:02.325+0000] {dagbag.py:350} ERROR - Failed to import: /opt/airflow/dags/pipeline_monitoring_demo.py
Traceback (most recent call last):
  File "/home/airflow/.local/lib/python3.12/site-packages/airflow/models/dagbag.py", line 346, in parse
    loader.exec_module(new_module)
  File "<frozen importlib._bootstrap_external>", line 995, in exec_module
  File "<frozen importlib._bootstrap>", line 488, in _call_with_frames_removed
  File "/opt/airflow/dags/pipeline_monitoring_demo.py", line 3, in <module>
    from airflow.metrics import Stats
ImportError: cannot import name 'Stats' from 'airflow.metrics' (/home/airflow/.local/lib/python3.12/site-packages/airflow/metrics/__init__.py). Did you mean: 'stats'?
[2026-02-27T21:57:02.340+0000] {processor.py:842} WARNING - No viable dags retrieved from /opt/airflow/dags/pipeline_monitoring_demo.py
[2026-02-27T21:57:02.406+0000] {processor.py:183} INFO - Processing /opt/airflow/dags/pipeline_monitoring_demo.py took 0.125 seconds
[2026-02-27T21:57:32.742+0000] {processor.py:161} INFO - Started process (PID=441) to work on /opt/airflow/dags/pipeline_monitoring_demo.py
[2026-02-27T21:57:32.745+0000] {processor.py:830} INFO - Processing file /opt/airflow/dags/pipeline_monitoring_demo.py for tasks to queue
[2026-02-27T21:57:32.749+0000] {logging_mixin.py:188} INFO - [2026-02-27T21:57:32.748+0000] {dagbag.py:540} INFO - Filling up the DagBag from /opt/airflow/dags/pipeline_monitoring_demo.py
[2026-02-27T21:57:32.792+0000] {logging_mixin.py:188} INFO - [2026-02-27T21:57:32.783+0000] {dagbag.py:350} ERROR - Failed to import: /opt/airflow/dags/pipeline_monitoring_demo.py
Traceback (most recent call last):
  File "/home/airflow/.local/lib/python3.12/site-packages/airflow/models/dagbag.py", line 346, in parse
    loader.exec_module(new_module)
  File "<frozen importlib._bootstrap_external>", line 995, in exec_module
  File "<frozen importlib._bootstrap>", line 488, in _call_with_frames_removed
  File "/opt/airflow/dags/pipeline_monitoring_demo.py", line 3, in <module>
    from airflow.metrics import Stats
ImportError: cannot import name 'Stats' from 'airflow.metrics' (/home/airflow/.local/lib/python3.12/site-packages/airflow/metrics/__init__.py). Did you mean: 'stats'?
[2026-02-27T21:57:32.796+0000] {processor.py:842} WARNING - No viable dags retrieved from /opt/airflow/dags/pipeline_monitoring_demo.py
[2026-02-27T21:57:32.843+0000] {processor.py:183} INFO - Processing /opt/airflow/dags/pipeline_monitoring_demo.py took 0.113 seconds
[2026-02-27T21:58:03.138+0000] {processor.py:161} INFO - Started process (PID=449) to work on /opt/airflow/dags/pipeline_monitoring_demo.py
[2026-02-27T21:58:03.140+0000] {processor.py:830} INFO - Processing file /opt/airflow/dags/pipeline_monitoring_demo.py for tasks to queue
[2026-02-27T21:58:03.142+0000] {logging_mixin.py:188} INFO - [2026-02-27T21:58:03.141+0000] {dagbag.py:540} INFO - Filling up the DagBag from /opt/airflow/dags/pipeline_monitoring_demo.py
[2026-02-27T21:58:03.177+0000] {logging_mixin.py:188} INFO - [2026-02-27T21:58:03.169+0000] {dagbag.py:350} ERROR - Failed to import: /opt/airflow/dags/pipeline_monitoring_demo.py
Traceback (most recent call last):
  File "/home/airflow/.local/lib/python3.12/site-packages/airflow/models/dagbag.py", line 346, in parse
    loader.exec_module(new_module)
  File "<frozen importlib._bootstrap_external>", line 995, in exec_module
  File "<frozen importlib._bootstrap>", line 488, in _call_with_frames_removed
  File "/opt/airflow/dags/pipeline_monitoring_demo.py", line 3, in <module>
    from airflow.metrics import Stats
ImportError: cannot import name 'Stats' from 'airflow.metrics' (/home/airflow/.local/lib/python3.12/site-packages/airflow/metrics/__init__.py). Did you mean: 'stats'?
[2026-02-27T21:58:03.180+0000] {processor.py:842} WARNING - No viable dags retrieved from /opt/airflow/dags/pipeline_monitoring_demo.py
[2026-02-27T21:58:03.220+0000] {processor.py:183} INFO - Processing /opt/airflow/dags/pipeline_monitoring_demo.py took 0.092 seconds
[2026-02-27T21:58:33.449+0000] {processor.py:161} INFO - Started process (PID=457) to work on /opt/airflow/dags/pipeline_monitoring_demo.py
[2026-02-27T21:58:33.450+0000] {processor.py:830} INFO - Processing file /opt/airflow/dags/pipeline_monitoring_demo.py for tasks to queue
[2026-02-27T21:58:33.453+0000] {logging_mixin.py:188} INFO - [2026-02-27T21:58:33.452+0000] {dagbag.py:540} INFO - Filling up the DagBag from /opt/airflow/dags/pipeline_monitoring_demo.py
[2026-02-27T21:58:33.489+0000] {logging_mixin.py:188} INFO - [2026-02-27T21:58:33.480+0000] {dagbag.py:350} ERROR - Failed to import: /opt/airflow/dags/pipeline_monitoring_demo.py
Traceback (most recent call last):
  File "/home/airflow/.local/lib/python3.12/site-packages/airflow/models/dagbag.py", line 346, in parse
    loader.exec_module(new_module)
  File "<frozen importlib._bootstrap_external>", line 995, in exec_module
  File "<frozen importlib._bootstrap>", line 488, in _call_with_frames_removed
  File "/opt/airflow/dags/pipeline_monitoring_demo.py", line 3, in <module>
    from airflow.metrics import Stats
ImportError: cannot import name 'Stats' from 'airflow.metrics' (/home/airflow/.local/lib/python3.12/site-packages/airflow/metrics/__init__.py). Did you mean: 'stats'?
[2026-02-27T21:58:33.492+0000] {processor.py:842} WARNING - No viable dags retrieved from /opt/airflow/dags/pipeline_monitoring_demo.py
[2026-02-27T21:58:33.536+0000] {processor.py:183} INFO - Processing /opt/airflow/dags/pipeline_monitoring_demo.py took 0.096 seconds
[2026-02-27T21:59:03.972+0000] {processor.py:161} INFO - Started process (PID=465) to work on /opt/airflow/dags/pipeline_monitoring_demo.py
[2026-02-27T21:59:03.975+0000] {processor.py:830} INFO - Processing file /opt/airflow/dags/pipeline_monitoring_demo.py for tasks to queue
[2026-02-27T21:59:03.978+0000] {logging_mixin.py:188} INFO - [2026-02-27T21:59:03.976+0000] {dagbag.py:540} INFO - Filling up the DagBag from /opt/airflow/dags/pipeline_monitoring_demo.py
[2026-02-27T21:59:04.022+0000] {logging_mixin.py:188} INFO - [2026-02-27T21:59:04.011+0000] {dagbag.py:350} ERROR - Failed to import: /opt/airflow/dags/pipeline_monitoring_demo.py
Traceback (most recent call last):
  File "/home/airflow/.local/lib/python3.12/site-packages/airflow/models/dagbag.py", line 346, in parse
    loader.exec_module(new_module)
  File "<frozen importlib._bootstrap_external>", line 995, in exec_module
  File "<frozen importlib._bootstrap>", line 488, in _call_with_frames_removed
  File "/opt/airflow/dags/pipeline_monitoring_demo.py", line 3, in <module>
    from airflow.metrics import Stats
ImportError: cannot import name 'Stats' from 'airflow.metrics' (/home/airflow/.local/lib/python3.12/site-packages/airflow/metrics/__init__.py). Did you mean: 'stats'?
[2026-02-27T21:59:04.026+0000] {processor.py:842} WARNING - No viable dags retrieved from /opt/airflow/dags/pipeline_monitoring_demo.py
[2026-02-27T21:59:04.076+0000] {processor.py:183} INFO - Processing /opt/airflow/dags/pipeline_monitoring_demo.py took 0.116 seconds
[2026-02-27T21:59:34.441+0000] {processor.py:161} INFO - Started process (PID=473) to work on /opt/airflow/dags/pipeline_monitoring_demo.py
[2026-02-27T21:59:34.443+0000] {processor.py:830} INFO - Processing file /opt/airflow/dags/pipeline_monitoring_demo.py for tasks to queue
[2026-02-27T21:59:34.446+0000] {logging_mixin.py:188} INFO - [2026-02-27T21:59:34.445+0000] {dagbag.py:540} INFO - Filling up the DagBag from /opt/airflow/dags/pipeline_monitoring_demo.py
[2026-02-27T21:59:34.506+0000] {logging_mixin.py:188} INFO - [2026-02-27T21:59:34.492+0000] {dagbag.py:350} ERROR - Failed to import: /opt/airflow/dags/pipeline_monitoring_demo.py
Traceback (most recent call last):
  File "/home/airflow/.local/lib/python3.12/site-packages/airflow/models/dagbag.py", line 346, in parse
    loader.exec_module(new_module)
  File "<frozen importlib._bootstrap_external>", line 995, in exec_module
  File "<frozen importlib._bootstrap>", line 488, in _call_with_frames_removed
  File "/opt/airflow/dags/pipeline_monitoring_demo.py", line 3, in <module>
    from airflow.metrics import Stats
ImportError: cannot import name 'Stats' from 'airflow.metrics' (/home/airflow/.local/lib/python3.12/site-packages/airflow/metrics/__init__.py). Did you mean: 'stats'?
[2026-02-27T21:59:34.510+0000] {processor.py:842} WARNING - No viable dags retrieved from /opt/airflow/dags/pipeline_monitoring_demo.py
[2026-02-27T21:59:34.549+0000] {processor.py:183} INFO - Processing /opt/airflow/dags/pipeline_monitoring_demo.py took 0.120 seconds
[2026-02-27T22:00:05.006+0000] {processor.py:161} INFO - Started process (PID=481) to work on /opt/airflow/dags/pipeline_monitoring_demo.py
[2026-02-27T22:00:05.008+0000] {processor.py:830} INFO - Processing file /opt/airflow/dags/pipeline_monitoring_demo.py for tasks to queue
[2026-02-27T22:00:05.010+0000] {logging_mixin.py:188} INFO - [2026-02-27T22:00:05.010+0000] {dagbag.py:540} INFO - Filling up the DagBag from /opt/airflow/dags/pipeline_monitoring_demo.py
[2026-02-27T22:00:05.056+0000] {logging_mixin.py:188} INFO - [2026-02-27T22:00:05.043+0000] {dagbag.py:350} ERROR - Failed to import: /opt/airflow/dags/pipeline_monitoring_demo.py
Traceback (most recent call last):
  File "/home/airflow/.local/lib/python3.12/site-packages/airflow/models/dagbag.py", line 346, in parse
    loader.exec_module(new_module)
  File "<frozen importlib._bootstrap_external>", line 995, in exec_module
  File "<frozen importlib._bootstrap>", line 488, in _call_with_frames_removed
  File "/opt/airflow/dags/pipeline_monitoring_demo.py", line 3, in <module>
    from airflow.metrics import Stats
ImportError: cannot import name 'Stats' from 'airflow.metrics' (/home/airflow/.local/lib/python3.12/site-packages/airflow/metrics/__init__.py). Did you mean: 'stats'?
[2026-02-27T22:00:05.061+0000] {processor.py:842} WARNING - No viable dags retrieved from /opt/airflow/dags/pipeline_monitoring_demo.py
[2026-02-27T22:00:05.099+0000] {processor.py:183} INFO - Processing /opt/airflow/dags/pipeline_monitoring_demo.py took 0.103 seconds
[2026-02-27T22:00:35.517+0000] {processor.py:161} INFO - Started process (PID=489) to work on /opt/airflow/dags/pipeline_monitoring_demo.py
[2026-02-27T22:00:35.521+0000] {processor.py:830} INFO - Processing file /opt/airflow/dags/pipeline_monitoring_demo.py for tasks to queue
[2026-02-27T22:00:35.526+0000] {logging_mixin.py:188} INFO - [2026-02-27T22:00:35.525+0000] {dagbag.py:540} INFO - Filling up the DagBag from /opt/airflow/dags/pipeline_monitoring_demo.py
[2026-02-27T22:00:35.579+0000] {logging_mixin.py:188} INFO - [2026-02-27T22:00:35.567+0000] {dagbag.py:350} ERROR - Failed to import: /opt/airflow/dags/pipeline_monitoring_demo.py
Traceback (most recent call last):
  File "/home/airflow/.local/lib/python3.12/site-packages/airflow/models/dagbag.py", line 346, in parse
    loader.exec_module(new_module)
  File "<frozen importlib._bootstrap_external>", line 995, in exec_module
  File "<frozen importlib._bootstrap>", line 488, in _call_with_frames_removed
  File "/opt/airflow/dags/pipeline_monitoring_demo.py", line 3, in <module>
    from airflow.metrics import Stats
ImportError: cannot import name 'Stats' from 'airflow.metrics' (/home/airflow/.local/lib/python3.12/site-packages/airflow/metrics/__init__.py). Did you mean: 'stats'?
[2026-02-27T22:00:35.586+0000] {processor.py:842} WARNING - No viable dags retrieved from /opt/airflow/dags/pipeline_monitoring_demo.py
[2026-02-27T22:00:35.664+0000] {processor.py:183} INFO - Processing /opt/airflow/dags/pipeline_monitoring_demo.py took 0.173 seconds
[2026-02-27T22:01:05.943+0000] {processor.py:161} INFO - Started process (PID=497) to work on /opt/airflow/dags/pipeline_monitoring_demo.py
[2026-02-27T22:01:05.947+0000] {processor.py:830} INFO - Processing file /opt/airflow/dags/pipeline_monitoring_demo.py for tasks to queue
[2026-02-27T22:01:05.949+0000] {logging_mixin.py:188} INFO - [2026-02-27T22:01:05.948+0000] {dagbag.py:540} INFO - Filling up the DagBag from /opt/airflow/dags/pipeline_monitoring_demo.py
[2026-02-27T22:01:05.985+0000] {logging_mixin.py:188} INFO - [2026-02-27T22:01:05.978+0000] {dagbag.py:350} ERROR - Failed to import: /opt/airflow/dags/pipeline_monitoring_demo.py
Traceback (most recent call last):
  File "/home/airflow/.local/lib/python3.12/site-packages/airflow/models/dagbag.py", line 346, in parse
    loader.exec_module(new_module)
  File "<frozen importlib._bootstrap_external>", line 995, in exec_module
  File "<frozen importlib._bootstrap>", line 488, in _call_with_frames_removed
  File "/opt/airflow/dags/pipeline_monitoring_demo.py", line 3, in <module>
    from airflow.metrics import Stats
ImportError: cannot import name 'Stats' from 'airflow.metrics' (/home/airflow/.local/lib/python3.12/site-packages/airflow/metrics/__init__.py). Did you mean: 'stats'?
[2026-02-27T22:01:05.988+0000] {processor.py:842} WARNING - No viable dags retrieved from /opt/airflow/dags/pipeline_monitoring_demo.py
[2026-02-27T22:01:06.036+0000] {processor.py:183} INFO - Processing /opt/airflow/dags/pipeline_monitoring_demo.py took 0.110 seconds
[2026-02-27T22:01:36.334+0000] {processor.py:161} INFO - Started process (PID=505) to work on /opt/airflow/dags/pipeline_monitoring_demo.py
[2026-02-27T22:01:36.339+0000] {processor.py:830} INFO - Processing file /opt/airflow/dags/pipeline_monitoring_demo.py for tasks to queue
[2026-02-27T22:01:36.342+0000] {logging_mixin.py:188} INFO - [2026-02-27T22:01:36.341+0000] {dagbag.py:540} INFO - Filling up the DagBag from /opt/airflow/dags/pipeline_monitoring_demo.py
[2026-02-27T22:01:36.384+0000] {logging_mixin.py:188} INFO - [2026-02-27T22:01:36.372+0000] {dagbag.py:350} ERROR - Failed to import: /opt/airflow/dags/pipeline_monitoring_demo.py
Traceback (most recent call last):
  File "/home/airflow/.local/lib/python3.12/site-packages/airflow/models/dagbag.py", line 346, in parse
    loader.exec_module(new_module)
  File "<frozen importlib._bootstrap_external>", line 995, in exec_module
  File "<frozen importlib._bootstrap>", line 488, in _call_with_frames_removed
  File "/opt/airflow/dags/pipeline_monitoring_demo.py", line 3, in <module>
    from airflow.metrics import Stats
ImportError: cannot import name 'Stats' from 'airflow.metrics' (/home/airflow/.local/lib/python3.12/site-packages/airflow/metrics/__init__.py). Did you mean: 'stats'?
[2026-02-27T22:01:36.388+0000] {processor.py:842} WARNING - No viable dags retrieved from /opt/airflow/dags/pipeline_monitoring_demo.py
[2026-02-27T22:01:36.443+0000] {processor.py:183} INFO - Processing /opt/airflow/dags/pipeline_monitoring_demo.py took 0.126 seconds
[2026-02-27T22:02:06.989+0000] {processor.py:161} INFO - Started process (PID=513) to work on /opt/airflow/dags/pipeline_monitoring_demo.py
[2026-02-27T22:02:06.991+0000] {processor.py:830} INFO - Processing file /opt/airflow/dags/pipeline_monitoring_demo.py for tasks to queue
[2026-02-27T22:02:06.994+0000] {logging_mixin.py:188} INFO - [2026-02-27T22:02:06.993+0000] {dagbag.py:540} INFO - Filling up the DagBag from /opt/airflow/dags/pipeline_monitoring_demo.py
[2026-02-27T22:02:07.028+0000] {logging_mixin.py:188} INFO - [2026-02-27T22:02:07.019+0000] {dagbag.py:350} ERROR - Failed to import: /opt/airflow/dags/pipeline_monitoring_demo.py
Traceback (most recent call last):
  File "/home/airflow/.local/lib/python3.12/site-packages/airflow/models/dagbag.py", line 346, in parse
    loader.exec_module(new_module)
  File "<frozen importlib._bootstrap_external>", line 995, in exec_module
  File "<frozen importlib._bootstrap>", line 488, in _call_with_frames_removed
  File "/opt/airflow/dags/pipeline_monitoring_demo.py", line 3, in <module>
    from airflow.metrics import Stats
ImportError: cannot import name 'Stats' from 'airflow.metrics' (/home/airflow/.local/lib/python3.12/site-packages/airflow/metrics/__init__.py). Did you mean: 'stats'?
[2026-02-27T22:02:07.032+0000] {processor.py:842} WARNING - No viable dags retrieved from /opt/airflow/dags/pipeline_monitoring_demo.py
[2026-02-27T22:02:07.077+0000] {processor.py:183} INFO - Processing /opt/airflow/dags/pipeline_monitoring_demo.py took 0.102 seconds
[2026-02-27T22:02:37.333+0000] {processor.py:161} INFO - Started process (PID=521) to work on /opt/airflow/dags/pipeline_monitoring_demo.py
[2026-02-27T22:02:37.335+0000] {processor.py:830} INFO - Processing file /opt/airflow/dags/pipeline_monitoring_demo.py for tasks to queue
[2026-02-27T22:02:37.337+0000] {logging_mixin.py:188} INFO - [2026-02-27T22:02:37.336+0000] {dagbag.py:540} INFO - Filling up the DagBag from /opt/airflow/dags/pipeline_monitoring_demo.py
[2026-02-27T22:02:37.367+0000] {logging_mixin.py:188} INFO - [2026-02-27T22:02:37.359+0000] {dagbag.py:350} ERROR - Failed to import: /opt/airflow/dags/pipeline_monitoring_demo.py
Traceback (most recent call last):
  File "/home/airflow/.local/lib/python3.12/site-packages/airflow/models/dagbag.py", line 346, in parse
    loader.exec_module(new_module)
  File "<frozen importlib._bootstrap_external>", line 995, in exec_module
  File "<frozen importlib._bootstrap>", line 488, in _call_with_frames_removed
  File "/opt/airflow/dags/pipeline_monitoring_demo.py", line 3, in <module>
    from airflow.metrics import Stats
ImportError: cannot import name 'Stats' from 'airflow.metrics' (/home/airflow/.local/lib/python3.12/site-packages/airflow/metrics/__init__.py). Did you mean: 'stats'?
[2026-02-27T22:02:37.370+0000] {processor.py:842} WARNING - No viable dags retrieved from /opt/airflow/dags/pipeline_monitoring_demo.py
[2026-02-27T22:02:37.426+0000] {processor.py:183} INFO - Processing /opt/airflow/dags/pipeline_monitoring_demo.py took 0.109 seconds
[2026-02-27T22:03:07.773+0000] {processor.py:161} INFO - Started process (PID=529) to work on /opt/airflow/dags/pipeline_monitoring_demo.py
[2026-02-27T22:03:07.775+0000] {processor.py:830} INFO - Processing file /opt/airflow/dags/pipeline_monitoring_demo.py for tasks to queue
[2026-02-27T22:03:07.777+0000] {logging_mixin.py:188} INFO - [2026-02-27T22:03:07.777+0000] {dagbag.py:540} INFO - Filling up the DagBag from /opt/airflow/dags/pipeline_monitoring_demo.py
[2026-02-27T22:03:07.809+0000] {logging_mixin.py:188} INFO - [2026-02-27T22:03:07.800+0000] {dagbag.py:350} ERROR - Failed to import: /opt/airflow/dags/pipeline_monitoring_demo.py
Traceback (most recent call last):
  File "/home/airflow/.local/lib/python3.12/site-packages/airflow/models/dagbag.py", line 346, in parse
    loader.exec_module(new_module)
  File "<frozen importlib._bootstrap_external>", line 995, in exec_module
  File "<frozen importlib._bootstrap>", line 488, in _call_with_frames_removed
  File "/opt/airflow/dags/pipeline_monitoring_demo.py", line 3, in <module>
    from airflow.metrics import Stats
ImportError: cannot import name 'Stats' from 'airflow.metrics' (/home/airflow/.local/lib/python3.12/site-packages/airflow/metrics/__init__.py). Did you mean: 'stats'?
[2026-02-27T22:03:07.813+0000] {processor.py:842} WARNING - No viable dags retrieved from /opt/airflow/dags/pipeline_monitoring_demo.py
[2026-02-27T22:03:07.858+0000] {processor.py:183} INFO - Processing /opt/airflow/dags/pipeline_monitoring_demo.py took 0.096 seconds
[2026-02-27T22:03:38.254+0000] {processor.py:161} INFO - Started process (PID=537) to work on /opt/airflow/dags/pipeline_monitoring_demo.py
[2026-02-27T22:03:38.260+0000] {processor.py:830} INFO - Processing file /opt/airflow/dags/pipeline_monitoring_demo.py for tasks to queue
[2026-02-27T22:03:38.262+0000] {logging_mixin.py:188} INFO - [2026-02-27T22:03:38.262+0000] {dagbag.py:540} INFO - Filling up the DagBag from /opt/airflow/dags/pipeline_monitoring_demo.py
[2026-02-27T22:03:38.303+0000] {logging_mixin.py:188} INFO - [2026-02-27T22:03:38.294+0000] {dagbag.py:350} ERROR - Failed to import: /opt/airflow/dags/pipeline_monitoring_demo.py
Traceback (most recent call last):
  File "/home/airflow/.local/lib/python3.12/site-packages/airflow/models/dagbag.py", line 346, in parse
    loader.exec_module(new_module)
  File "<frozen importlib._bootstrap_external>", line 995, in exec_module
  File "<frozen importlib._bootstrap>", line 488, in _call_with_frames_removed
  File "/opt/airflow/dags/pipeline_monitoring_demo.py", line 3, in <module>
    from airflow.metrics import Stats
ImportError: cannot import name 'Stats' from 'airflow.metrics' (/home/airflow/.local/lib/python3.12/site-packages/airflow/metrics/__init__.py). Did you mean: 'stats'?
[2026-02-27T22:03:38.307+0000] {processor.py:842} WARNING - No viable dags retrieved from /opt/airflow/dags/pipeline_monitoring_demo.py
[2026-02-27T22:03:38.355+0000] {processor.py:183} INFO - Processing /opt/airflow/dags/pipeline_monitoring_demo.py took 0.116 seconds
[2026-02-27T22:04:08.525+0000] {processor.py:161} INFO - Started process (PID=545) to work on /opt/airflow/dags/pipeline_monitoring_demo.py
[2026-02-27T22:04:08.527+0000] {processor.py:830} INFO - Processing file /opt/airflow/dags/pipeline_monitoring_demo.py for tasks to queue
[2026-02-27T22:04:08.528+0000] {logging_mixin.py:188} INFO - [2026-02-27T22:04:08.528+0000] {dagbag.py:540} INFO - Filling up the DagBag from /opt/airflow/dags/pipeline_monitoring_demo.py
[2026-02-27T22:04:08.556+0000] {logging_mixin.py:188} INFO - [2026-02-27T22:04:08.548+0000] {dagbag.py:350} ERROR - Failed to import: /opt/airflow/dags/pipeline_monitoring_demo.py
Traceback (most recent call last):
  File "/home/airflow/.local/lib/python3.12/site-packages/airflow/models/dagbag.py", line 346, in parse
    loader.exec_module(new_module)
  File "<frozen importlib._bootstrap_external>", line 995, in exec_module
  File "<frozen importlib._bootstrap>", line 488, in _call_with_frames_removed
  File "/opt/airflow/dags/pipeline_monitoring_demo.py", line 3, in <module>
    from airflow.metrics import Stats
ImportError: cannot import name 'Stats' from 'airflow.metrics' (/home/airflow/.local/lib/python3.12/site-packages/airflow/metrics/__init__.py). Did you mean: 'stats'?
[2026-02-27T22:04:08.559+0000] {processor.py:842} WARNING - No viable dags retrieved from /opt/airflow/dags/pipeline_monitoring_demo.py
[2026-02-27T22:04:08.599+0000] {processor.py:183} INFO - Processing /opt/airflow/dags/pipeline_monitoring_demo.py took 0.085 seconds
[2026-02-27T22:04:38.941+0000] {processor.py:161} INFO - Started process (PID=553) to work on /opt/airflow/dags/pipeline_monitoring_demo.py
[2026-02-27T22:04:38.944+0000] {processor.py:830} INFO - Processing file /opt/airflow/dags/pipeline_monitoring_demo.py for tasks to queue
[2026-02-27T22:04:38.946+0000] {logging_mixin.py:188} INFO - [2026-02-27T22:04:38.945+0000] {dagbag.py:540} INFO - Filling up the DagBag from /opt/airflow/dags/pipeline_monitoring_demo.py
[2026-02-27T22:04:38.978+0000] {logging_mixin.py:188} INFO - [2026-02-27T22:04:38.970+0000] {dagbag.py:350} ERROR - Failed to import: /opt/airflow/dags/pipeline_monitoring_demo.py
Traceback (most recent call last):
  File "/home/airflow/.local/lib/python3.12/site-packages/airflow/models/dagbag.py", line 346, in parse
    loader.exec_module(new_module)
  File "<frozen importlib._bootstrap_external>", line 995, in exec_module
  File "<frozen importlib._bootstrap>", line 488, in _call_with_frames_removed
  File "/opt/airflow/dags/pipeline_monitoring_demo.py", line 3, in <module>
    from airflow.metrics import Stats
ImportError: cannot import name 'Stats' from 'airflow.metrics' (/home/airflow/.local/lib/python3.12/site-packages/airflow/metrics/__init__.py). Did you mean: 'stats'?
[2026-02-27T22:04:38.981+0000] {processor.py:842} WARNING - No viable dags retrieved from /opt/airflow/dags/pipeline_monitoring_demo.py
[2026-02-27T22:04:39.026+0000] {processor.py:183} INFO - Processing /opt/airflow/dags/pipeline_monitoring_demo.py took 0.099 seconds
[2026-02-27T22:05:09.542+0000] {processor.py:161} INFO - Started process (PID=561) to work on /opt/airflow/dags/pipeline_monitoring_demo.py
[2026-02-27T22:05:09.544+0000] {processor.py:830} INFO - Processing file /opt/airflow/dags/pipeline_monitoring_demo.py for tasks to queue
[2026-02-27T22:05:09.546+0000] {logging_mixin.py:188} INFO - [2026-02-27T22:05:09.546+0000] {dagbag.py:540} INFO - Filling up the DagBag from /opt/airflow/dags/pipeline_monitoring_demo.py
[2026-02-27T22:05:09.578+0000] {logging_mixin.py:188} INFO - [2026-02-27T22:05:09.571+0000] {dagbag.py:350} ERROR - Failed to import: /opt/airflow/dags/pipeline_monitoring_demo.py
Traceback (most recent call last):
  File "/home/airflow/.local/lib/python3.12/site-packages/airflow/models/dagbag.py", line 346, in parse
    loader.exec_module(new_module)
  File "<frozen importlib._bootstrap_external>", line 995, in exec_module
  File "<frozen importlib._bootstrap>", line 488, in _call_with_frames_removed
  File "/opt/airflow/dags/pipeline_monitoring_demo.py", line 3, in <module>
    from airflow.metrics import Stats
ImportError: cannot import name 'Stats' from 'airflow.metrics' (/home/airflow/.local/lib/python3.12/site-packages/airflow/metrics/__init__.py). Did you mean: 'stats'?
[2026-02-27T22:05:09.581+0000] {processor.py:842} WARNING - No viable dags retrieved from /opt/airflow/dags/pipeline_monitoring_demo.py
[2026-02-27T22:05:09.630+0000] {processor.py:183} INFO - Processing /opt/airflow/dags/pipeline_monitoring_demo.py took 0.101 seconds
[2026-02-27T22:05:39.883+0000] {processor.py:161} INFO - Started process (PID=569) to work on /opt/airflow/dags/pipeline_monitoring_demo.py
[2026-02-27T22:05:39.886+0000] {processor.py:830} INFO - Processing file /opt/airflow/dags/pipeline_monitoring_demo.py for tasks to queue
[2026-02-27T22:05:39.888+0000] {logging_mixin.py:188} INFO - [2026-02-27T22:05:39.887+0000] {dagbag.py:540} INFO - Filling up the DagBag from /opt/airflow/dags/pipeline_monitoring_demo.py
[2026-02-27T22:05:39.927+0000] {logging_mixin.py:188} INFO - [2026-02-27T22:05:39.918+0000] {dagbag.py:350} ERROR - Failed to import: /opt/airflow/dags/pipeline_monitoring_demo.py
Traceback (most recent call last):
  File "/home/airflow/.local/lib/python3.12/site-packages/airflow/models/dagbag.py", line 346, in parse
    loader.exec_module(new_module)
  File "<frozen importlib._bootstrap_external>", line 995, in exec_module
  File "<frozen importlib._bootstrap>", line 488, in _call_with_frames_removed
  File "/opt/airflow/dags/pipeline_monitoring_demo.py", line 3, in <module>
    from airflow.metrics import Stats
ImportError: cannot import name 'Stats' from 'airflow.metrics' (/home/airflow/.local/lib/python3.12/site-packages/airflow/metrics/__init__.py). Did you mean: 'stats'?
[2026-02-27T22:05:39.931+0000] {processor.py:842} WARNING - No viable dags retrieved from /opt/airflow/dags/pipeline_monitoring_demo.py
[2026-02-27T22:05:39.974+0000] {processor.py:183} INFO - Processing /opt/airflow/dags/pipeline_monitoring_demo.py took 0.104 seconds
[2026-02-27T22:06:10.338+0000] {processor.py:161} INFO - Started process (PID=577) to work on /opt/airflow/dags/pipeline_monitoring_demo.py
[2026-02-27T22:06:10.340+0000] {processor.py:830} INFO - Processing file /opt/airflow/dags/pipeline_monitoring_demo.py for tasks to queue
[2026-02-27T22:06:10.341+0000] {logging_mixin.py:188} INFO - [2026-02-27T22:06:10.341+0000] {dagbag.py:540} INFO - Filling up the DagBag from /opt/airflow/dags/pipeline_monitoring_demo.py
[2026-02-27T22:06:10.380+0000] {logging_mixin.py:188} INFO - [2026-02-27T22:06:10.371+0000] {dagbag.py:350} ERROR - Failed to import: /opt/airflow/dags/pipeline_monitoring_demo.py
Traceback (most recent call last):
  File "/home/airflow/.local/lib/python3.12/site-packages/airflow/models/dagbag.py", line 346, in parse
    loader.exec_module(new_module)
  File "<frozen importlib._bootstrap_external>", line 995, in exec_module
  File "<frozen importlib._bootstrap>", line 488, in _call_with_frames_removed
  File "/opt/airflow/dags/pipeline_monitoring_demo.py", line 3, in <module>
    from airflow.metrics import Stats
ImportError: cannot import name 'Stats' from 'airflow.metrics' (/home/airflow/.local/lib/python3.12/site-packages/airflow/metrics/__init__.py). Did you mean: 'stats'?
[2026-02-27T22:06:10.383+0000] {processor.py:842} WARNING - No viable dags retrieved from /opt/airflow/dags/pipeline_monitoring_demo.py
[2026-02-27T22:06:10.426+0000] {processor.py:183} INFO - Processing /opt/airflow/dags/pipeline_monitoring_demo.py took 0.100 seconds
[2026-02-27T22:06:41.049+0000] {processor.py:161} INFO - Started process (PID=585) to work on /opt/airflow/dags/pipeline_monitoring_demo.py
[2026-02-27T22:06:41.052+0000] {processor.py:830} INFO - Processing file /opt/airflow/dags/pipeline_monitoring_demo.py for tasks to queue
[2026-02-27T22:06:41.054+0000] {logging_mixin.py:188} INFO - [2026-02-27T22:06:41.053+0000] {dagbag.py:540} INFO - Filling up the DagBag from /opt/airflow/dags/pipeline_monitoring_demo.py
[2026-02-27T22:06:41.101+0000] {logging_mixin.py:188} INFO - [2026-02-27T22:06:41.090+0000] {dagbag.py:350} ERROR - Failed to import: /opt/airflow/dags/pipeline_monitoring_demo.py
Traceback (most recent call last):
  File "/home/airflow/.local/lib/python3.12/site-packages/airflow/models/dagbag.py", line 346, in parse
    loader.exec_module(new_module)
  File "<frozen importlib._bootstrap_external>", line 995, in exec_module
  File "<frozen importlib._bootstrap>", line 488, in _call_with_frames_removed
  File "/opt/airflow/dags/pipeline_monitoring_demo.py", line 3, in <module>
    from airflow.metrics import Stats
ImportError: cannot import name 'Stats' from 'airflow.metrics' (/home/airflow/.local/lib/python3.12/site-packages/airflow/metrics/__init__.py). Did you mean: 'stats'?
[2026-02-27T22:06:41.105+0000] {processor.py:842} WARNING - No viable dags retrieved from /opt/airflow/dags/pipeline_monitoring_demo.py
[2026-02-27T22:06:41.144+0000] {processor.py:183} INFO - Processing /opt/airflow/dags/pipeline_monitoring_demo.py took 0.107 seconds
[2026-02-27T22:07:11.354+0000] {processor.py:161} INFO - Started process (PID=593) to work on /opt/airflow/dags/pipeline_monitoring_demo.py
[2026-02-27T22:07:11.356+0000] {processor.py:830} INFO - Processing file /opt/airflow/dags/pipeline_monitoring_demo.py for tasks to queue
[2026-02-27T22:07:11.358+0000] {logging_mixin.py:188} INFO - [2026-02-27T22:07:11.358+0000] {dagbag.py:540} INFO - Filling up the DagBag from /opt/airflow/dags/pipeline_monitoring_demo.py
[2026-02-27T22:07:11.396+0000] {logging_mixin.py:188} INFO - [2026-02-27T22:07:11.387+0000] {dagbag.py:350} ERROR - Failed to import: /opt/airflow/dags/pipeline_monitoring_demo.py
Traceback (most recent call last):
  File "/home/airflow/.local/lib/python3.12/site-packages/airflow/models/dagbag.py", line 346, in parse
    loader.exec_module(new_module)
  File "<frozen importlib._bootstrap_external>", line 995, in exec_module
  File "<frozen importlib._bootstrap>", line 488, in _call_with_frames_removed
  File "/opt/airflow/dags/pipeline_monitoring_demo.py", line 3, in <module>
    from airflow.metrics import Stats
ImportError: cannot import name 'Stats' from 'airflow.metrics' (/home/airflow/.local/lib/python3.12/site-packages/airflow/metrics/__init__.py). Did you mean: 'stats'?
[2026-02-27T22:07:11.399+0000] {processor.py:842} WARNING - No viable dags retrieved from /opt/airflow/dags/pipeline_monitoring_demo.py
[2026-02-27T22:07:11.446+0000] {processor.py:183} INFO - Processing /opt/airflow/dags/pipeline_monitoring_demo.py took 0.109 seconds
[2026-02-27T22:07:41.661+0000] {processor.py:161} INFO - Started process (PID=601) to work on /opt/airflow/dags/pipeline_monitoring_demo.py
[2026-02-27T22:07:41.665+0000] {processor.py:830} INFO - Processing file /opt/airflow/dags/pipeline_monitoring_demo.py for tasks to queue
[2026-02-27T22:07:41.668+0000] {logging_mixin.py:188} INFO - [2026-02-27T22:07:41.667+0000] {dagbag.py:540} INFO - Filling up the DagBag from /opt/airflow/dags/pipeline_monitoring_demo.py
[2026-02-27T22:07:41.713+0000] {logging_mixin.py:188} INFO - [2026-02-27T22:07:41.702+0000] {dagbag.py:350} ERROR - Failed to import: /opt/airflow/dags/pipeline_monitoring_demo.py
Traceback (most recent call last):
  File "/home/airflow/.local/lib/python3.12/site-packages/airflow/models/dagbag.py", line 346, in parse
    loader.exec_module(new_module)
  File "<frozen importlib._bootstrap_external>", line 995, in exec_module
  File "<frozen importlib._bootstrap>", line 488, in _call_with_frames_removed
  File "/opt/airflow/dags/pipeline_monitoring_demo.py", line 3, in <module>
    from airflow.metrics import Stats
ImportError: cannot import name 'Stats' from 'airflow.metrics' (/home/airflow/.local/lib/python3.12/site-packages/airflow/metrics/__init__.py). Did you mean: 'stats'?
[2026-02-27T22:07:41.716+0000] {processor.py:842} WARNING - No viable dags retrieved from /opt/airflow/dags/pipeline_monitoring_demo.py
[2026-02-27T22:07:41.767+0000] {processor.py:183} INFO - Processing /opt/airflow/dags/pipeline_monitoring_demo.py took 0.118 seconds
[2026-02-27T22:08:12.250+0000] {processor.py:161} INFO - Started process (PID=609) to work on /opt/airflow/dags/pipeline_monitoring_demo.py
[2026-02-27T22:08:12.252+0000] {processor.py:830} INFO - Processing file /opt/airflow/dags/pipeline_monitoring_demo.py for tasks to queue
[2026-02-27T22:08:12.254+0000] {logging_mixin.py:188} INFO - [2026-02-27T22:08:12.253+0000] {dagbag.py:540} INFO - Filling up the DagBag from /opt/airflow/dags/pipeline_monitoring_demo.py
[2026-02-27T22:08:12.290+0000] {logging_mixin.py:188} INFO - [2026-02-27T22:08:12.281+0000] {dagbag.py:350} ERROR - Failed to import: /opt/airflow/dags/pipeline_monitoring_demo.py
Traceback (most recent call last):
  File "/home/airflow/.local/lib/python3.12/site-packages/airflow/models/dagbag.py", line 346, in parse
    loader.exec_module(new_module)
  File "<frozen importlib._bootstrap_external>", line 995, in exec_module
  File "<frozen importlib._bootstrap>", line 488, in _call_with_frames_removed
  File "/opt/airflow/dags/pipeline_monitoring_demo.py", line 3, in <module>
    from airflow.metrics import Stats
ImportError: cannot import name 'Stats' from 'airflow.metrics' (/home/airflow/.local/lib/python3.12/site-packages/airflow/metrics/__init__.py). Did you mean: 'stats'?
[2026-02-27T22:08:12.293+0000] {processor.py:842} WARNING - No viable dags retrieved from /opt/airflow/dags/pipeline_monitoring_demo.py
[2026-02-27T22:08:12.340+0000] {processor.py:183} INFO - Processing /opt/airflow/dags/pipeline_monitoring_demo.py took 0.107 seconds
[2026-02-27T22:08:42.674+0000] {processor.py:161} INFO - Started process (PID=617) to work on /opt/airflow/dags/pipeline_monitoring_demo.py
[2026-02-27T22:08:42.677+0000] {processor.py:830} INFO - Processing file /opt/airflow/dags/pipeline_monitoring_demo.py for tasks to queue
[2026-02-27T22:08:42.680+0000] {logging_mixin.py:188} INFO - [2026-02-27T22:08:42.679+0000] {dagbag.py:540} INFO - Filling up the DagBag from /opt/airflow/dags/pipeline_monitoring_demo.py
[2026-02-27T22:08:42.728+0000] {logging_mixin.py:188} INFO - [2026-02-27T22:08:42.717+0000] {dagbag.py:350} ERROR - Failed to import: /opt/airflow/dags/pipeline_monitoring_demo.py
Traceback (most recent call last):
  File "/home/airflow/.local/lib/python3.12/site-packages/airflow/models/dagbag.py", line 346, in parse
    loader.exec_module(new_module)
  File "<frozen importlib._bootstrap_external>", line 995, in exec_module
  File "<frozen importlib._bootstrap>", line 488, in _call_with_frames_removed
  File "/opt/airflow/dags/pipeline_monitoring_demo.py", line 3, in <module>
    from airflow.metrics import Stats
ImportError: cannot import name 'Stats' from 'airflow.metrics' (/home/airflow/.local/lib/python3.12/site-packages/airflow/metrics/__init__.py). Did you mean: 'stats'?
[2026-02-27T22:08:42.733+0000] {processor.py:842} WARNING - No viable dags retrieved from /opt/airflow/dags/pipeline_monitoring_demo.py
[2026-02-27T22:08:42.787+0000] {processor.py:183} INFO - Processing /opt/airflow/dags/pipeline_monitoring_demo.py took 0.131 seconds
[2026-02-27T22:09:13.131+0000] {processor.py:161} INFO - Started process (PID=625) to work on /opt/airflow/dags/pipeline_monitoring_demo.py
[2026-02-27T22:09:13.133+0000] {processor.py:830} INFO - Processing file /opt/airflow/dags/pipeline_monitoring_demo.py for tasks to queue
[2026-02-27T22:09:13.135+0000] {logging_mixin.py:188} INFO - [2026-02-27T22:09:13.134+0000] {dagbag.py:540} INFO - Filling up the DagBag from /opt/airflow/dags/pipeline_monitoring_demo.py
[2026-02-27T22:09:13.169+0000] {logging_mixin.py:188} INFO - [2026-02-27T22:09:13.161+0000] {dagbag.py:350} ERROR - Failed to import: /opt/airflow/dags/pipeline_monitoring_demo.py
Traceback (most recent call last):
  File "/home/airflow/.local/lib/python3.12/site-packages/airflow/models/dagbag.py", line 346, in parse
    loader.exec_module(new_module)
  File "<frozen importlib._bootstrap_external>", line 995, in exec_module
  File "<frozen importlib._bootstrap>", line 488, in _call_with_frames_removed
  File "/opt/airflow/dags/pipeline_monitoring_demo.py", line 3, in <module>
    from airflow.metrics import Stats
ImportError: cannot import name 'Stats' from 'airflow.metrics' (/home/airflow/.local/lib/python3.12/site-packages/airflow/metrics/__init__.py). Did you mean: 'stats'?
[2026-02-27T22:09:13.172+0000] {processor.py:842} WARNING - No viable dags retrieved from /opt/airflow/dags/pipeline_monitoring_demo.py
[2026-02-27T22:09:13.216+0000] {processor.py:183} INFO - Processing /opt/airflow/dags/pipeline_monitoring_demo.py took 0.097 seconds
[2026-02-27T22:09:43.518+0000] {processor.py:161} INFO - Started process (PID=633) to work on /opt/airflow/dags/pipeline_monitoring_demo.py
[2026-02-27T22:09:43.521+0000] {processor.py:830} INFO - Processing file /opt/airflow/dags/pipeline_monitoring_demo.py for tasks to queue
[2026-02-27T22:09:43.523+0000] {logging_mixin.py:188} INFO - [2026-02-27T22:09:43.522+0000] {dagbag.py:540} INFO - Filling up the DagBag from /opt/airflow/dags/pipeline_monitoring_demo.py
[2026-02-27T22:09:43.556+0000] {logging_mixin.py:188} INFO - [2026-02-27T22:09:43.548+0000] {dagbag.py:350} ERROR - Failed to import: /opt/airflow/dags/pipeline_monitoring_demo.py
Traceback (most recent call last):
  File "/home/airflow/.local/lib/python3.12/site-packages/airflow/models/dagbag.py", line 346, in parse
    loader.exec_module(new_module)
  File "<frozen importlib._bootstrap_external>", line 995, in exec_module
  File "<frozen importlib._bootstrap>", line 488, in _call_with_frames_removed
  File "/opt/airflow/dags/pipeline_monitoring_demo.py", line 3, in <module>
    from airflow.metrics import Stats
ImportError: cannot import name 'Stats' from 'airflow.metrics' (/home/airflow/.local/lib/python3.12/site-packages/airflow/metrics/__init__.py). Did you mean: 'stats'?
[2026-02-27T22:09:43.559+0000] {processor.py:842} WARNING - No viable dags retrieved from /opt/airflow/dags/pipeline_monitoring_demo.py
[2026-02-27T22:09:43.602+0000] {processor.py:183} INFO - Processing /opt/airflow/dags/pipeline_monitoring_demo.py took 0.100 seconds
[2026-02-27T22:10:14.049+0000] {processor.py:161} INFO - Started process (PID=641) to work on /opt/airflow/dags/pipeline_monitoring_demo.py
[2026-02-27T22:10:14.051+0000] {processor.py:830} INFO - Processing file /opt/airflow/dags/pipeline_monitoring_demo.py for tasks to queue
[2026-02-27T22:10:14.054+0000] {logging_mixin.py:188} INFO - [2026-02-27T22:10:14.053+0000] {dagbag.py:540} INFO - Filling up the DagBag from /opt/airflow/dags/pipeline_monitoring_demo.py
[2026-02-27T22:10:14.096+0000] {logging_mixin.py:188} INFO - [2026-02-27T22:10:14.087+0000] {dagbag.py:350} ERROR - Failed to import: /opt/airflow/dags/pipeline_monitoring_demo.py
Traceback (most recent call last):
  File "/home/airflow/.local/lib/python3.12/site-packages/airflow/models/dagbag.py", line 346, in parse
    loader.exec_module(new_module)
  File "<frozen importlib._bootstrap_external>", line 995, in exec_module
  File "<frozen importlib._bootstrap>", line 488, in _call_with_frames_removed
  File "/opt/airflow/dags/pipeline_monitoring_demo.py", line 3, in <module>
    from airflow.metrics import Stats
ImportError: cannot import name 'Stats' from 'airflow.metrics' (/home/airflow/.local/lib/python3.12/site-packages/airflow/metrics/__init__.py). Did you mean: 'stats'?
[2026-02-27T22:10:14.100+0000] {processor.py:842} WARNING - No viable dags retrieved from /opt/airflow/dags/pipeline_monitoring_demo.py
[2026-02-27T22:10:14.144+0000] {processor.py:183} INFO - Processing /opt/airflow/dags/pipeline_monitoring_demo.py took 0.106 seconds
[2026-02-27T22:10:44.403+0000] {processor.py:161} INFO - Started process (PID=649) to work on /opt/airflow/dags/pipeline_monitoring_demo.py
[2026-02-27T22:10:44.409+0000] {processor.py:830} INFO - Processing file /opt/airflow/dags/pipeline_monitoring_demo.py for tasks to queue
[2026-02-27T22:10:44.412+0000] {logging_mixin.py:188} INFO - [2026-02-27T22:10:44.411+0000] {dagbag.py:540} INFO - Filling up the DagBag from /opt/airflow/dags/pipeline_monitoring_demo.py
[2026-02-27T22:10:44.448+0000] {logging_mixin.py:188} INFO - [2026-02-27T22:10:44.440+0000] {dagbag.py:350} ERROR - Failed to import: /opt/airflow/dags/pipeline_monitoring_demo.py
Traceback (most recent call last):
  File "/home/airflow/.local/lib/python3.12/site-packages/airflow/models/dagbag.py", line 346, in parse
    loader.exec_module(new_module)
  File "<frozen importlib._bootstrap_external>", line 995, in exec_module
  File "<frozen importlib._bootstrap>", line 488, in _call_with_frames_removed
  File "/opt/airflow/dags/pipeline_monitoring_demo.py", line 3, in <module>
    from airflow.metrics import Stats
ImportError: cannot import name 'Stats' from 'airflow.metrics' (/home/airflow/.local/lib/python3.12/site-packages/airflow/metrics/__init__.py). Did you mean: 'stats'?
[2026-02-27T22:10:44.452+0000] {processor.py:842} WARNING - No viable dags retrieved from /opt/airflow/dags/pipeline_monitoring_demo.py
[2026-02-27T22:10:44.505+0000] {processor.py:183} INFO - Processing /opt/airflow/dags/pipeline_monitoring_demo.py took 0.121 seconds
[2026-02-27T22:11:14.729+0000] {processor.py:161} INFO - Started process (PID=657) to work on /opt/airflow/dags/pipeline_monitoring_demo.py
[2026-02-27T22:11:14.731+0000] {processor.py:830} INFO - Processing file /opt/airflow/dags/pipeline_monitoring_demo.py for tasks to queue
[2026-02-27T22:11:14.733+0000] {logging_mixin.py:188} INFO - [2026-02-27T22:11:14.732+0000] {dagbag.py:540} INFO - Filling up the DagBag from /opt/airflow/dags/pipeline_monitoring_demo.py
[2026-02-27T22:11:14.763+0000] {logging_mixin.py:188} INFO - [2026-02-27T22:11:14.757+0000] {dagbag.py:350} ERROR - Failed to import: /opt/airflow/dags/pipeline_monitoring_demo.py
Traceback (most recent call last):
  File "/home/airflow/.local/lib/python3.12/site-packages/airflow/models/dagbag.py", line 346, in parse
    loader.exec_module(new_module)
  File "<frozen importlib._bootstrap_external>", line 995, in exec_module
  File "<frozen importlib._bootstrap>", line 488, in _call_with_frames_removed
  File "/opt/airflow/dags/pipeline_monitoring_demo.py", line 3, in <module>
    from airflow.metrics import Stats
ImportError: cannot import name 'Stats' from 'airflow.metrics' (/home/airflow/.local/lib/python3.12/site-packages/airflow/metrics/__init__.py). Did you mean: 'stats'?
[2026-02-27T22:11:14.766+0000] {processor.py:842} WARNING - No viable dags retrieved from /opt/airflow/dags/pipeline_monitoring_demo.py
[2026-02-27T22:11:14.808+0000] {processor.py:183} INFO - Processing /opt/airflow/dags/pipeline_monitoring_demo.py took 0.091 seconds
[2026-02-27T22:11:45.455+0000] {processor.py:161} INFO - Started process (PID=665) to work on /opt/airflow/dags/pipeline_monitoring_demo.py
[2026-02-27T22:11:45.456+0000] {processor.py:830} INFO - Processing file /opt/airflow/dags/pipeline_monitoring_demo.py for tasks to queue
[2026-02-27T22:11:45.459+0000] {logging_mixin.py:188} INFO - [2026-02-27T22:11:45.458+0000] {dagbag.py:540} INFO - Filling up the DagBag from /opt/airflow/dags/pipeline_monitoring_demo.py
[2026-02-27T22:11:45.495+0000] {logging_mixin.py:188} INFO - [2026-02-27T22:11:45.487+0000] {dagbag.py:350} ERROR - Failed to import: /opt/airflow/dags/pipeline_monitoring_demo.py
Traceback (most recent call last):
  File "/home/airflow/.local/lib/python3.12/site-packages/airflow/models/dagbag.py", line 346, in parse
    loader.exec_module(new_module)
  File "<frozen importlib._bootstrap_external>", line 995, in exec_module
  File "<frozen importlib._bootstrap>", line 488, in _call_with_frames_removed
  File "/opt/airflow/dags/pipeline_monitoring_demo.py", line 3, in <module>
    from airflow.metrics import Stats
ImportError: cannot import name 'Stats' from 'airflow.metrics' (/home/airflow/.local/lib/python3.12/site-packages/airflow/metrics/__init__.py). Did you mean: 'stats'?
[2026-02-27T22:11:45.498+0000] {processor.py:842} WARNING - No viable dags retrieved from /opt/airflow/dags/pipeline_monitoring_demo.py
[2026-02-27T22:11:45.544+0000] {processor.py:183} INFO - Processing /opt/airflow/dags/pipeline_monitoring_demo.py took 0.101 seconds
[2026-02-27T22:12:15.982+0000] {processor.py:161} INFO - Started process (PID=673) to work on /opt/airflow/dags/pipeline_monitoring_demo.py
[2026-02-27T22:12:15.984+0000] {processor.py:830} INFO - Processing file /opt/airflow/dags/pipeline_monitoring_demo.py for tasks to queue
[2026-02-27T22:12:15.986+0000] {logging_mixin.py:188} INFO - [2026-02-27T22:12:15.985+0000] {dagbag.py:540} INFO - Filling up the DagBag from /opt/airflow/dags/pipeline_monitoring_demo.py
[2026-02-27T22:12:16.017+0000] {logging_mixin.py:188} INFO - [2026-02-27T22:12:16.009+0000] {dagbag.py:350} ERROR - Failed to import: /opt/airflow/dags/pipeline_monitoring_demo.py
Traceback (most recent call last):
  File "/home/airflow/.local/lib/python3.12/site-packages/airflow/models/dagbag.py", line 346, in parse
    loader.exec_module(new_module)
  File "<frozen importlib._bootstrap_external>", line 995, in exec_module
  File "<frozen importlib._bootstrap>", line 488, in _call_with_frames_removed
  File "/opt/airflow/dags/pipeline_monitoring_demo.py", line 3, in <module>
    from airflow.metrics import Stats
ImportError: cannot import name 'Stats' from 'airflow.metrics' (/home/airflow/.local/lib/python3.12/site-packages/airflow/metrics/__init__.py). Did you mean: 'stats'?
[2026-02-27T22:12:16.019+0000] {processor.py:842} WARNING - No viable dags retrieved from /opt/airflow/dags/pipeline_monitoring_demo.py
[2026-02-27T22:12:16.054+0000] {processor.py:183} INFO - Processing /opt/airflow/dags/pipeline_monitoring_demo.py took 0.080 seconds
[2026-02-27T22:12:46.333+0000] {processor.py:161} INFO - Started process (PID=681) to work on /opt/airflow/dags/pipeline_monitoring_demo.py
[2026-02-27T22:12:46.335+0000] {processor.py:830} INFO - Processing file /opt/airflow/dags/pipeline_monitoring_demo.py for tasks to queue
[2026-02-27T22:12:46.337+0000] {logging_mixin.py:188} INFO - [2026-02-27T22:12:46.336+0000] {dagbag.py:540} INFO - Filling up the DagBag from /opt/airflow/dags/pipeline_monitoring_demo.py
[2026-02-27T22:12:46.371+0000] {logging_mixin.py:188} INFO - [2026-02-27T22:12:46.362+0000] {dagbag.py:350} ERROR - Failed to import: /opt/airflow/dags/pipeline_monitoring_demo.py
Traceback (most recent call last):
  File "/home/airflow/.local/lib/python3.12/site-packages/airflow/models/dagbag.py", line 346, in parse
    loader.exec_module(new_module)
  File "<frozen importlib._bootstrap_external>", line 995, in exec_module
  File "<frozen importlib._bootstrap>", line 488, in _call_with_frames_removed
  File "/opt/airflow/dags/pipeline_monitoring_demo.py", line 3, in <module>
    from airflow.metrics import Stats
ImportError: cannot import name 'Stats' from 'airflow.metrics' (/home/airflow/.local/lib/python3.12/site-packages/airflow/metrics/__init__.py). Did you mean: 'stats'?
[2026-02-27T22:12:46.375+0000] {processor.py:842} WARNING - No viable dags retrieved from /opt/airflow/dags/pipeline_monitoring_demo.py
[2026-02-27T22:12:46.437+0000] {processor.py:183} INFO - Processing /opt/airflow/dags/pipeline_monitoring_demo.py took 0.115 seconds
[2026-02-27T22:13:16.775+0000] {processor.py:161} INFO - Started process (PID=689) to work on /opt/airflow/dags/pipeline_monitoring_demo.py
[2026-02-27T22:13:16.777+0000] {processor.py:830} INFO - Processing file /opt/airflow/dags/pipeline_monitoring_demo.py for tasks to queue
[2026-02-27T22:13:16.780+0000] {logging_mixin.py:188} INFO - [2026-02-27T22:13:16.779+0000] {dagbag.py:540} INFO - Filling up the DagBag from /opt/airflow/dags/pipeline_monitoring_demo.py
[2026-02-27T22:13:16.818+0000] {logging_mixin.py:188} INFO - [2026-02-27T22:13:16.809+0000] {dagbag.py:350} ERROR - Failed to import: /opt/airflow/dags/pipeline_monitoring_demo.py
Traceback (most recent call last):
  File "/home/airflow/.local/lib/python3.12/site-packages/airflow/models/dagbag.py", line 346, in parse
    loader.exec_module(new_module)
  File "<frozen importlib._bootstrap_external>", line 995, in exec_module
  File "<frozen importlib._bootstrap>", line 488, in _call_with_frames_removed
  File "/opt/airflow/dags/pipeline_monitoring_demo.py", line 3, in <module>
    from airflow.metrics import Stats
ImportError: cannot import name 'Stats' from 'airflow.metrics' (/home/airflow/.local/lib/python3.12/site-packages/airflow/metrics/__init__.py). Did you mean: 'stats'?
[2026-02-27T22:13:16.822+0000] {processor.py:842} WARNING - No viable dags retrieved from /opt/airflow/dags/pipeline_monitoring_demo.py
[2026-02-27T22:13:16.861+0000] {processor.py:183} INFO - Processing /opt/airflow/dags/pipeline_monitoring_demo.py took 0.098 seconds
[2026-02-27T22:13:47.377+0000] {processor.py:161} INFO - Started process (PID=697) to work on /opt/airflow/dags/pipeline_monitoring_demo.py
[2026-02-27T22:13:47.379+0000] {processor.py:830} INFO - Processing file /opt/airflow/dags/pipeline_monitoring_demo.py for tasks to queue
[2026-02-27T22:13:47.381+0000] {logging_mixin.py:188} INFO - [2026-02-27T22:13:47.380+0000] {dagbag.py:540} INFO - Filling up the DagBag from /opt/airflow/dags/pipeline_monitoring_demo.py
[2026-02-27T22:13:47.422+0000] {logging_mixin.py:188} INFO - [2026-02-27T22:13:47.412+0000] {dagbag.py:350} ERROR - Failed to import: /opt/airflow/dags/pipeline_monitoring_demo.py
Traceback (most recent call last):
  File "/home/airflow/.local/lib/python3.12/site-packages/airflow/models/dagbag.py", line 346, in parse
    loader.exec_module(new_module)
  File "<frozen importlib._bootstrap_external>", line 995, in exec_module
  File "<frozen importlib._bootstrap>", line 488, in _call_with_frames_removed
  File "/opt/airflow/dags/pipeline_monitoring_demo.py", line 3, in <module>
    from airflow.metrics import Stats
ImportError: cannot import name 'Stats' from 'airflow.metrics' (/home/airflow/.local/lib/python3.12/site-packages/airflow/metrics/__init__.py). Did you mean: 'stats'?
[2026-02-27T22:13:47.425+0000] {processor.py:842} WARNING - No viable dags retrieved from /opt/airflow/dags/pipeline_monitoring_demo.py
[2026-02-27T22:13:47.462+0000] {processor.py:183} INFO - Processing /opt/airflow/dags/pipeline_monitoring_demo.py took 0.094 seconds
[2026-02-27T22:14:17.916+0000] {processor.py:161} INFO - Started process (PID=705) to work on /opt/airflow/dags/pipeline_monitoring_demo.py
[2026-02-27T22:14:17.918+0000] {processor.py:830} INFO - Processing file /opt/airflow/dags/pipeline_monitoring_demo.py for tasks to queue
[2026-02-27T22:14:17.920+0000] {logging_mixin.py:188} INFO - [2026-02-27T22:14:17.919+0000] {dagbag.py:540} INFO - Filling up the DagBag from /opt/airflow/dags/pipeline_monitoring_demo.py
[2026-02-27T22:14:17.951+0000] {logging_mixin.py:188} INFO - [2026-02-27T22:14:17.944+0000] {dagbag.py:350} ERROR - Failed to import: /opt/airflow/dags/pipeline_monitoring_demo.py
Traceback (most recent call last):
  File "/home/airflow/.local/lib/python3.12/site-packages/airflow/models/dagbag.py", line 346, in parse
    loader.exec_module(new_module)
  File "<frozen importlib._bootstrap_external>", line 995, in exec_module
  File "<frozen importlib._bootstrap>", line 488, in _call_with_frames_removed
  File "/opt/airflow/dags/pipeline_monitoring_demo.py", line 3, in <module>
    from airflow.metrics import Stats
ImportError: cannot import name 'Stats' from 'airflow.metrics' (/home/airflow/.local/lib/python3.12/site-packages/airflow/metrics/__init__.py). Did you mean: 'stats'?
[2026-02-27T22:14:17.953+0000] {processor.py:842} WARNING - No viable dags retrieved from /opt/airflow/dags/pipeline_monitoring_demo.py
[2026-02-27T22:14:17.994+0000] {processor.py:183} INFO - Processing /opt/airflow/dags/pipeline_monitoring_demo.py took 0.088 seconds
[2026-02-27T22:14:48.145+0000] {processor.py:161} INFO - Started process (PID=713) to work on /opt/airflow/dags/pipeline_monitoring_demo.py
[2026-02-27T22:14:48.147+0000] {processor.py:830} INFO - Processing file /opt/airflow/dags/pipeline_monitoring_demo.py for tasks to queue
[2026-02-27T22:14:48.149+0000] {logging_mixin.py:188} INFO - [2026-02-27T22:14:48.148+0000] {dagbag.py:540} INFO - Filling up the DagBag from /opt/airflow/dags/pipeline_monitoring_demo.py
[2026-02-27T22:14:48.183+0000] {logging_mixin.py:188} INFO - [2026-02-27T22:14:48.175+0000] {dagbag.py:350} ERROR - Failed to import: /opt/airflow/dags/pipeline_monitoring_demo.py
Traceback (most recent call last):
  File "/home/airflow/.local/lib/python3.12/site-packages/airflow/models/dagbag.py", line 346, in parse
    loader.exec_module(new_module)
  File "<frozen importlib._bootstrap_external>", line 995, in exec_module
  File "<frozen importlib._bootstrap>", line 488, in _call_with_frames_removed
  File "/opt/airflow/dags/pipeline_monitoring_demo.py", line 3, in <module>
    from airflow.metrics import Stats
ImportError: cannot import name 'Stats' from 'airflow.metrics' (/home/airflow/.local/lib/python3.12/site-packages/airflow/metrics/__init__.py). Did you mean: 'stats'?
[2026-02-27T22:14:48.186+0000] {processor.py:842} WARNING - No viable dags retrieved from /opt/airflow/dags/pipeline_monitoring_demo.py
[2026-02-27T22:14:48.226+0000] {processor.py:183} INFO - Processing /opt/airflow/dags/pipeline_monitoring_demo.py took 0.088 seconds
[2026-02-27T22:15:18.587+0000] {processor.py:161} INFO - Started process (PID=721) to work on /opt/airflow/dags/pipeline_monitoring_demo.py
[2026-02-27T22:15:18.592+0000] {processor.py:830} INFO - Processing file /opt/airflow/dags/pipeline_monitoring_demo.py for tasks to queue
[2026-02-27T22:15:18.594+0000] {logging_mixin.py:188} INFO - [2026-02-27T22:15:18.594+0000] {dagbag.py:540} INFO - Filling up the DagBag from /opt/airflow/dags/pipeline_monitoring_demo.py
[2026-02-27T22:15:18.638+0000] {logging_mixin.py:188} INFO - [2026-02-27T22:15:18.627+0000] {dagbag.py:350} ERROR - Failed to import: /opt/airflow/dags/pipeline_monitoring_demo.py
Traceback (most recent call last):
  File "/home/airflow/.local/lib/python3.12/site-packages/airflow/models/dagbag.py", line 346, in parse
    loader.exec_module(new_module)
  File "<frozen importlib._bootstrap_external>", line 995, in exec_module
  File "<frozen importlib._bootstrap>", line 488, in _call_with_frames_removed
  File "/opt/airflow/dags/pipeline_monitoring_demo.py", line 3, in <module>
    from airflow.metrics import Stats
ImportError: cannot import name 'Stats' from 'airflow.metrics' (/home/airflow/.local/lib/python3.12/site-packages/airflow/metrics/__init__.py). Did you mean: 'stats'?
[2026-02-27T22:15:18.641+0000] {processor.py:842} WARNING - No viable dags retrieved from /opt/airflow/dags/pipeline_monitoring_demo.py
[2026-02-27T22:15:18.692+0000] {processor.py:183} INFO - Processing /opt/airflow/dags/pipeline_monitoring_demo.py took 0.120 seconds
[2026-02-27T22:15:48.977+0000] {processor.py:161} INFO - Started process (PID=729) to work on /opt/airflow/dags/pipeline_monitoring_demo.py
[2026-02-27T22:15:48.979+0000] {processor.py:830} INFO - Processing file /opt/airflow/dags/pipeline_monitoring_demo.py for tasks to queue
[2026-02-27T22:15:48.981+0000] {logging_mixin.py:188} INFO - [2026-02-27T22:15:48.981+0000] {dagbag.py:540} INFO - Filling up the DagBag from /opt/airflow/dags/pipeline_monitoring_demo.py
[2026-02-27T22:15:49.012+0000] {logging_mixin.py:188} INFO - [2026-02-27T22:15:49.004+0000] {dagbag.py:350} ERROR - Failed to import: /opt/airflow/dags/pipeline_monitoring_demo.py
Traceback (most recent call last):
  File "/home/airflow/.local/lib/python3.12/site-packages/airflow/models/dagbag.py", line 346, in parse
    loader.exec_module(new_module)
  File "<frozen importlib._bootstrap_external>", line 995, in exec_module
  File "<frozen importlib._bootstrap>", line 488, in _call_with_frames_removed
  File "/opt/airflow/dags/pipeline_monitoring_demo.py", line 3, in <module>
    from airflow.metrics import Stats
ImportError: cannot import name 'Stats' from 'airflow.metrics' (/home/airflow/.local/lib/python3.12/site-packages/airflow/metrics/__init__.py). Did you mean: 'stats'?
[2026-02-27T22:15:49.015+0000] {processor.py:842} WARNING - No viable dags retrieved from /opt/airflow/dags/pipeline_monitoring_demo.py
[2026-02-27T22:15:49.068+0000] {processor.py:183} INFO - Processing /opt/airflow/dags/pipeline_monitoring_demo.py took 0.103 seconds
[2026-02-27T22:16:19.528+0000] {processor.py:161} INFO - Started process (PID=737) to work on /opt/airflow/dags/pipeline_monitoring_demo.py
[2026-02-27T22:16:19.531+0000] {processor.py:830} INFO - Processing file /opt/airflow/dags/pipeline_monitoring_demo.py for tasks to queue
[2026-02-27T22:16:19.533+0000] {logging_mixin.py:188} INFO - [2026-02-27T22:16:19.532+0000] {dagbag.py:540} INFO - Filling up the DagBag from /opt/airflow/dags/pipeline_monitoring_demo.py
[2026-02-27T22:16:19.568+0000] {logging_mixin.py:188} INFO - [2026-02-27T22:16:19.559+0000] {dagbag.py:350} ERROR - Failed to import: /opt/airflow/dags/pipeline_monitoring_demo.py
Traceback (most recent call last):
  File "/home/airflow/.local/lib/python3.12/site-packages/airflow/models/dagbag.py", line 346, in parse
    loader.exec_module(new_module)
  File "<frozen importlib._bootstrap_external>", line 995, in exec_module
  File "<frozen importlib._bootstrap>", line 488, in _call_with_frames_removed
  File "/opt/airflow/dags/pipeline_monitoring_demo.py", line 3, in <module>
    from airflow.metrics import Stats
ImportError: cannot import name 'Stats' from 'airflow.metrics' (/home/airflow/.local/lib/python3.12/site-packages/airflow/metrics/__init__.py). Did you mean: 'stats'?
[2026-02-27T22:16:19.572+0000] {processor.py:842} WARNING - No viable dags retrieved from /opt/airflow/dags/pipeline_monitoring_demo.py
[2026-02-27T22:16:19.617+0000] {processor.py:183} INFO - Processing /opt/airflow/dags/pipeline_monitoring_demo.py took 0.102 seconds
[2026-02-27T22:16:50.072+0000] {processor.py:161} INFO - Started process (PID=745) to work on /opt/airflow/dags/pipeline_monitoring_demo.py
[2026-02-27T22:16:50.074+0000] {processor.py:830} INFO - Processing file /opt/airflow/dags/pipeline_monitoring_demo.py for tasks to queue
[2026-02-27T22:16:50.076+0000] {logging_mixin.py:188} INFO - [2026-02-27T22:16:50.075+0000] {dagbag.py:540} INFO - Filling up the DagBag from /opt/airflow/dags/pipeline_monitoring_demo.py
[2026-02-27T22:16:50.111+0000] {logging_mixin.py:188} INFO - [2026-02-27T22:16:50.102+0000] {dagbag.py:350} ERROR - Failed to import: /opt/airflow/dags/pipeline_monitoring_demo.py
Traceback (most recent call last):
  File "/home/airflow/.local/lib/python3.12/site-packages/airflow/models/dagbag.py", line 346, in parse
    loader.exec_module(new_module)
  File "<frozen importlib._bootstrap_external>", line 995, in exec_module
  File "<frozen importlib._bootstrap>", line 488, in _call_with_frames_removed
  File "/opt/airflow/dags/pipeline_monitoring_demo.py", line 3, in <module>
    from airflow.metrics import Stats
ImportError: cannot import name 'Stats' from 'airflow.metrics' (/home/airflow/.local/lib/python3.12/site-packages/airflow/metrics/__init__.py). Did you mean: 'stats'?
[2026-02-27T22:16:50.115+0000] {processor.py:842} WARNING - No viable dags retrieved from /opt/airflow/dags/pipeline_monitoring_demo.py
[2026-02-27T22:16:50.166+0000] {processor.py:183} INFO - Processing /opt/airflow/dags/pipeline_monitoring_demo.py took 0.102 seconds
[2026-02-27T22:17:20.389+0000] {processor.py:161} INFO - Started process (PID=753) to work on /opt/airflow/dags/pipeline_monitoring_demo.py
[2026-02-27T22:17:20.391+0000] {processor.py:830} INFO - Processing file /opt/airflow/dags/pipeline_monitoring_demo.py for tasks to queue
[2026-02-27T22:17:20.393+0000] {logging_mixin.py:188} INFO - [2026-02-27T22:17:20.392+0000] {dagbag.py:540} INFO - Filling up the DagBag from /opt/airflow/dags/pipeline_monitoring_demo.py
[2026-02-27T22:17:20.429+0000] {logging_mixin.py:188} INFO - [2026-02-27T22:17:20.421+0000] {dagbag.py:350} ERROR - Failed to import: /opt/airflow/dags/pipeline_monitoring_demo.py
Traceback (most recent call last):
  File "/home/airflow/.local/lib/python3.12/site-packages/airflow/models/dagbag.py", line 346, in parse
    loader.exec_module(new_module)
  File "<frozen importlib._bootstrap_external>", line 995, in exec_module
  File "<frozen importlib._bootstrap>", line 488, in _call_with_frames_removed
  File "/opt/airflow/dags/pipeline_monitoring_demo.py", line 3, in <module>
    from airflow.metrics import Stats
ImportError: cannot import name 'Stats' from 'airflow.metrics' (/home/airflow/.local/lib/python3.12/site-packages/airflow/metrics/__init__.py). Did you mean: 'stats'?
[2026-02-27T22:17:20.433+0000] {processor.py:842} WARNING - No viable dags retrieved from /opt/airflow/dags/pipeline_monitoring_demo.py
[2026-02-27T22:17:20.475+0000] {processor.py:183} INFO - Processing /opt/airflow/dags/pipeline_monitoring_demo.py took 0.098 seconds
[2026-02-27T22:17:50.767+0000] {processor.py:161} INFO - Started process (PID=761) to work on /opt/airflow/dags/pipeline_monitoring_demo.py
[2026-02-27T22:17:50.769+0000] {processor.py:830} INFO - Processing file /opt/airflow/dags/pipeline_monitoring_demo.py for tasks to queue
[2026-02-27T22:17:50.772+0000] {logging_mixin.py:188} INFO - [2026-02-27T22:17:50.771+0000] {dagbag.py:540} INFO - Filling up the DagBag from /opt/airflow/dags/pipeline_monitoring_demo.py
[2026-02-27T22:17:50.809+0000] {logging_mixin.py:188} INFO - [2026-02-27T22:17:50.800+0000] {dagbag.py:350} ERROR - Failed to import: /opt/airflow/dags/pipeline_monitoring_demo.py
Traceback (most recent call last):
  File "/home/airflow/.local/lib/python3.12/site-packages/airflow/models/dagbag.py", line 346, in parse
    loader.exec_module(new_module)
  File "<frozen importlib._bootstrap_external>", line 995, in exec_module
  File "<frozen importlib._bootstrap>", line 488, in _call_with_frames_removed
  File "/opt/airflow/dags/pipeline_monitoring_demo.py", line 3, in <module>
    from airflow.metrics import Stats
ImportError: cannot import name 'Stats' from 'airflow.metrics' (/home/airflow/.local/lib/python3.12/site-packages/airflow/metrics/__init__.py). Did you mean: 'stats'?
[2026-02-27T22:17:50.812+0000] {processor.py:842} WARNING - No viable dags retrieved from /opt/airflow/dags/pipeline_monitoring_demo.py
[2026-02-27T22:17:50.859+0000] {processor.py:183} INFO - Processing /opt/airflow/dags/pipeline_monitoring_demo.py took 0.103 seconds
[2026-02-27T22:18:21.081+0000] {processor.py:161} INFO - Started process (PID=769) to work on /opt/airflow/dags/pipeline_monitoring_demo.py
[2026-02-27T22:18:21.083+0000] {processor.py:830} INFO - Processing file /opt/airflow/dags/pipeline_monitoring_demo.py for tasks to queue
[2026-02-27T22:18:21.086+0000] {logging_mixin.py:188} INFO - [2026-02-27T22:18:21.085+0000] {dagbag.py:540} INFO - Filling up the DagBag from /opt/airflow/dags/pipeline_monitoring_demo.py
[2026-02-27T22:18:21.130+0000] {logging_mixin.py:188} INFO - [2026-02-27T22:18:21.121+0000] {dagbag.py:350} ERROR - Failed to import: /opt/airflow/dags/pipeline_monitoring_demo.py
Traceback (most recent call last):
  File "/home/airflow/.local/lib/python3.12/site-packages/airflow/models/dagbag.py", line 346, in parse
    loader.exec_module(new_module)
  File "<frozen importlib._bootstrap_external>", line 995, in exec_module
  File "<frozen importlib._bootstrap>", line 488, in _call_with_frames_removed
  File "/opt/airflow/dags/pipeline_monitoring_demo.py", line 3, in <module>
    from airflow.metrics import Stats
ImportError: cannot import name 'Stats' from 'airflow.metrics' (/home/airflow/.local/lib/python3.12/site-packages/airflow/metrics/__init__.py). Did you mean: 'stats'?
[2026-02-27T22:18:21.133+0000] {processor.py:842} WARNING - No viable dags retrieved from /opt/airflow/dags/pipeline_monitoring_demo.py
[2026-02-27T22:18:21.179+0000] {processor.py:183} INFO - Processing /opt/airflow/dags/pipeline_monitoring_demo.py took 0.112 seconds
[2026-02-27T22:18:51.538+0000] {processor.py:161} INFO - Started process (PID=777) to work on /opt/airflow/dags/pipeline_monitoring_demo.py
[2026-02-27T22:18:51.542+0000] {processor.py:830} INFO - Processing file /opt/airflow/dags/pipeline_monitoring_demo.py for tasks to queue
[2026-02-27T22:18:51.544+0000] {logging_mixin.py:188} INFO - [2026-02-27T22:18:51.543+0000] {dagbag.py:540} INFO - Filling up the DagBag from /opt/airflow/dags/pipeline_monitoring_demo.py
[2026-02-27T22:18:51.586+0000] {logging_mixin.py:188} INFO - [2026-02-27T22:18:51.574+0000] {dagbag.py:350} ERROR - Failed to import: /opt/airflow/dags/pipeline_monitoring_demo.py
Traceback (most recent call last):
  File "/home/airflow/.local/lib/python3.12/site-packages/airflow/models/dagbag.py", line 346, in parse
    loader.exec_module(new_module)
  File "<frozen importlib._bootstrap_external>", line 995, in exec_module
  File "<frozen importlib._bootstrap>", line 488, in _call_with_frames_removed
  File "/opt/airflow/dags/pipeline_monitoring_demo.py", line 3, in <module>
    from airflow.metrics import Stats
ImportError: cannot import name 'Stats' from 'airflow.metrics' (/home/airflow/.local/lib/python3.12/site-packages/airflow/metrics/__init__.py). Did you mean: 'stats'?
[2026-02-27T22:18:51.590+0000] {processor.py:842} WARNING - No viable dags retrieved from /opt/airflow/dags/pipeline_monitoring_demo.py
[2026-02-27T22:18:51.628+0000] {processor.py:183} INFO - Processing /opt/airflow/dags/pipeline_monitoring_demo.py took 0.101 seconds
[2026-02-27T22:19:21.982+0000] {processor.py:161} INFO - Started process (PID=785) to work on /opt/airflow/dags/pipeline_monitoring_demo.py
[2026-02-27T22:19:21.984+0000] {processor.py:830} INFO - Processing file /opt/airflow/dags/pipeline_monitoring_demo.py for tasks to queue
[2026-02-27T22:19:21.986+0000] {logging_mixin.py:188} INFO - [2026-02-27T22:19:21.986+0000] {dagbag.py:540} INFO - Filling up the DagBag from /opt/airflow/dags/pipeline_monitoring_demo.py
[2026-02-27T22:19:22.029+0000] {logging_mixin.py:188} INFO - [2026-02-27T22:19:22.019+0000] {dagbag.py:350} ERROR - Failed to import: /opt/airflow/dags/pipeline_monitoring_demo.py
Traceback (most recent call last):
  File "/home/airflow/.local/lib/python3.12/site-packages/airflow/models/dagbag.py", line 346, in parse
    loader.exec_module(new_module)
  File "<frozen importlib._bootstrap_external>", line 995, in exec_module
  File "<frozen importlib._bootstrap>", line 488, in _call_with_frames_removed
  File "/opt/airflow/dags/pipeline_monitoring_demo.py", line 3, in <module>
    from airflow.metrics import Stats
ImportError: cannot import name 'Stats' from 'airflow.metrics' (/home/airflow/.local/lib/python3.12/site-packages/airflow/metrics/__init__.py). Did you mean: 'stats'?
[2026-02-27T22:19:22.033+0000] {processor.py:842} WARNING - No viable dags retrieved from /opt/airflow/dags/pipeline_monitoring_demo.py
[2026-02-27T22:19:22.078+0000] {processor.py:183} INFO - Processing /opt/airflow/dags/pipeline_monitoring_demo.py took 0.108 seconds
[2026-02-27T22:19:52.381+0000] {processor.py:161} INFO - Started process (PID=793) to work on /opt/airflow/dags/pipeline_monitoring_demo.py
[2026-02-27T22:19:52.383+0000] {processor.py:830} INFO - Processing file /opt/airflow/dags/pipeline_monitoring_demo.py for tasks to queue
[2026-02-27T22:19:52.385+0000] {logging_mixin.py:188} INFO - [2026-02-27T22:19:52.384+0000] {dagbag.py:540} INFO - Filling up the DagBag from /opt/airflow/dags/pipeline_monitoring_demo.py
[2026-02-27T22:19:52.424+0000] {logging_mixin.py:188} INFO - [2026-02-27T22:19:52.413+0000] {dagbag.py:350} ERROR - Failed to import: /opt/airflow/dags/pipeline_monitoring_demo.py
Traceback (most recent call last):
  File "/home/airflow/.local/lib/python3.12/site-packages/airflow/models/dagbag.py", line 346, in parse
    loader.exec_module(new_module)
  File "<frozen importlib._bootstrap_external>", line 995, in exec_module
  File "<frozen importlib._bootstrap>", line 488, in _call_with_frames_removed
  File "/opt/airflow/dags/pipeline_monitoring_demo.py", line 3, in <module>
    from airflow.metrics import Stats
ImportError: cannot import name 'Stats' from 'airflow.metrics' (/home/airflow/.local/lib/python3.12/site-packages/airflow/metrics/__init__.py). Did you mean: 'stats'?
[2026-02-27T22:19:52.428+0000] {processor.py:842} WARNING - No viable dags retrieved from /opt/airflow/dags/pipeline_monitoring_demo.py
[2026-02-27T22:19:52.471+0000] {processor.py:183} INFO - Processing /opt/airflow/dags/pipeline_monitoring_demo.py took 0.098 seconds
[2026-02-27T22:20:23.007+0000] {processor.py:161} INFO - Started process (PID=801) to work on /opt/airflow/dags/pipeline_monitoring_demo.py
[2026-02-27T22:20:23.009+0000] {processor.py:830} INFO - Processing file /opt/airflow/dags/pipeline_monitoring_demo.py for tasks to queue
[2026-02-27T22:20:23.011+0000] {logging_mixin.py:188} INFO - [2026-02-27T22:20:23.011+0000] {dagbag.py:540} INFO - Filling up the DagBag from /opt/airflow/dags/pipeline_monitoring_demo.py
[2026-02-27T22:20:23.057+0000] {logging_mixin.py:188} INFO - [2026-02-27T22:20:23.047+0000] {dagbag.py:350} ERROR - Failed to import: /opt/airflow/dags/pipeline_monitoring_demo.py
Traceback (most recent call last):
  File "/home/airflow/.local/lib/python3.12/site-packages/airflow/models/dagbag.py", line 346, in parse
    loader.exec_module(new_module)
  File "<frozen importlib._bootstrap_external>", line 995, in exec_module
  File "<frozen importlib._bootstrap>", line 488, in _call_with_frames_removed
  File "/opt/airflow/dags/pipeline_monitoring_demo.py", line 3, in <module>
    from airflow.metrics import Stats
ImportError: cannot import name 'Stats' from 'airflow.metrics' (/home/airflow/.local/lib/python3.12/site-packages/airflow/metrics/__init__.py). Did you mean: 'stats'?
[2026-02-27T22:20:23.061+0000] {processor.py:842} WARNING - No viable dags retrieved from /opt/airflow/dags/pipeline_monitoring_demo.py
[2026-02-27T22:20:23.099+0000] {processor.py:183} INFO - Processing /opt/airflow/dags/pipeline_monitoring_demo.py took 0.106 seconds
[2026-02-27T22:20:53.594+0000] {processor.py:161} INFO - Started process (PID=809) to work on /opt/airflow/dags/pipeline_monitoring_demo.py
[2026-02-27T22:20:53.596+0000] {processor.py:830} INFO - Processing file /opt/airflow/dags/pipeline_monitoring_demo.py for tasks to queue
[2026-02-27T22:20:53.598+0000] {logging_mixin.py:188} INFO - [2026-02-27T22:20:53.597+0000] {dagbag.py:540} INFO - Filling up the DagBag from /opt/airflow/dags/pipeline_monitoring_demo.py
[2026-02-27T22:20:53.640+0000] {logging_mixin.py:188} INFO - [2026-02-27T22:20:53.631+0000] {dagbag.py:350} ERROR - Failed to import: /opt/airflow/dags/pipeline_monitoring_demo.py
Traceback (most recent call last):
  File "/home/airflow/.local/lib/python3.12/site-packages/airflow/models/dagbag.py", line 346, in parse
    loader.exec_module(new_module)
  File "<frozen importlib._bootstrap_external>", line 995, in exec_module
  File "<frozen importlib._bootstrap>", line 488, in _call_with_frames_removed
  File "/opt/airflow/dags/pipeline_monitoring_demo.py", line 3, in <module>
    from airflow.metrics import Stats
ImportError: cannot import name 'Stats' from 'airflow.metrics' (/home/airflow/.local/lib/python3.12/site-packages/airflow/metrics/__init__.py). Did you mean: 'stats'?
[2026-02-27T22:20:53.644+0000] {processor.py:842} WARNING - No viable dags retrieved from /opt/airflow/dags/pipeline_monitoring_demo.py
[2026-02-27T22:20:53.692+0000] {processor.py:183} INFO - Processing /opt/airflow/dags/pipeline_monitoring_demo.py took 0.109 seconds
[2026-02-27T22:21:24.217+0000] {processor.py:161} INFO - Started process (PID=817) to work on /opt/airflow/dags/pipeline_monitoring_demo.py
[2026-02-27T22:21:24.218+0000] {processor.py:830} INFO - Processing file /opt/airflow/dags/pipeline_monitoring_demo.py for tasks to queue
[2026-02-27T22:21:24.220+0000] {logging_mixin.py:188} INFO - [2026-02-27T22:21:24.220+0000] {dagbag.py:540} INFO - Filling up the DagBag from /opt/airflow/dags/pipeline_monitoring_demo.py
[2026-02-27T22:21:24.256+0000] {logging_mixin.py:188} INFO - [2026-02-27T22:21:24.247+0000] {dagbag.py:350} ERROR - Failed to import: /opt/airflow/dags/pipeline_monitoring_demo.py
Traceback (most recent call last):
  File "/home/airflow/.local/lib/python3.12/site-packages/airflow/models/dagbag.py", line 346, in parse
    loader.exec_module(new_module)
  File "<frozen importlib._bootstrap_external>", line 995, in exec_module
  File "<frozen importlib._bootstrap>", line 488, in _call_with_frames_removed
  File "/opt/airflow/dags/pipeline_monitoring_demo.py", line 3, in <module>
    from airflow.metrics import Stats
ImportError: cannot import name 'Stats' from 'airflow.metrics' (/home/airflow/.local/lib/python3.12/site-packages/airflow/metrics/__init__.py). Did you mean: 'stats'?
[2026-02-27T22:21:24.259+0000] {processor.py:842} WARNING - No viable dags retrieved from /opt/airflow/dags/pipeline_monitoring_demo.py
[2026-02-27T22:21:24.298+0000] {processor.py:183} INFO - Processing /opt/airflow/dags/pipeline_monitoring_demo.py took 0.091 seconds
[2026-02-27T22:21:54.834+0000] {processor.py:161} INFO - Started process (PID=825) to work on /opt/airflow/dags/pipeline_monitoring_demo.py
[2026-02-27T22:21:54.836+0000] {processor.py:830} INFO - Processing file /opt/airflow/dags/pipeline_monitoring_demo.py for tasks to queue
[2026-02-27T22:21:54.840+0000] {logging_mixin.py:188} INFO - [2026-02-27T22:21:54.839+0000] {dagbag.py:540} INFO - Filling up the DagBag from /opt/airflow/dags/pipeline_monitoring_demo.py
[2026-02-27T22:21:54.890+0000] {logging_mixin.py:188} INFO - [2026-02-27T22:21:54.878+0000] {dagbag.py:350} ERROR - Failed to import: /opt/airflow/dags/pipeline_monitoring_demo.py
Traceback (most recent call last):
  File "/home/airflow/.local/lib/python3.12/site-packages/airflow/models/dagbag.py", line 346, in parse
    loader.exec_module(new_module)
  File "<frozen importlib._bootstrap_external>", line 995, in exec_module
  File "<frozen importlib._bootstrap>", line 488, in _call_with_frames_removed
  File "/opt/airflow/dags/pipeline_monitoring_demo.py", line 3, in <module>
    from airflow.metrics import Stats
ImportError: cannot import name 'Stats' from 'airflow.metrics' (/home/airflow/.local/lib/python3.12/site-packages/airflow/metrics/__init__.py). Did you mean: 'stats'?
[2026-02-27T22:21:54.895+0000] {processor.py:842} WARNING - No viable dags retrieved from /opt/airflow/dags/pipeline_monitoring_demo.py
[2026-02-27T22:21:54.951+0000] {processor.py:183} INFO - Processing /opt/airflow/dags/pipeline_monitoring_demo.py took 0.131 seconds
[2026-02-27T22:22:25.548+0000] {processor.py:161} INFO - Started process (PID=833) to work on /opt/airflow/dags/pipeline_monitoring_demo.py
[2026-02-27T22:22:25.551+0000] {processor.py:830} INFO - Processing file /opt/airflow/dags/pipeline_monitoring_demo.py for tasks to queue
[2026-02-27T22:22:25.553+0000] {logging_mixin.py:188} INFO - [2026-02-27T22:22:25.552+0000] {dagbag.py:540} INFO - Filling up the DagBag from /opt/airflow/dags/pipeline_monitoring_demo.py
[2026-02-27T22:22:25.614+0000] {logging_mixin.py:188} INFO - [2026-02-27T22:22:25.597+0000] {dagbag.py:350} ERROR - Failed to import: /opt/airflow/dags/pipeline_monitoring_demo.py
Traceback (most recent call last):
  File "/home/airflow/.local/lib/python3.12/site-packages/airflow/models/dagbag.py", line 346, in parse
    loader.exec_module(new_module)
  File "<frozen importlib._bootstrap_external>", line 995, in exec_module
  File "<frozen importlib._bootstrap>", line 488, in _call_with_frames_removed
  File "/opt/airflow/dags/pipeline_monitoring_demo.py", line 3, in <module>
    from airflow.metrics import Stats
ImportError: cannot import name 'Stats' from 'airflow.metrics' (/home/airflow/.local/lib/python3.12/site-packages/airflow/metrics/__init__.py). Did you mean: 'stats'?
[2026-02-27T22:22:25.618+0000] {processor.py:842} WARNING - No viable dags retrieved from /opt/airflow/dags/pipeline_monitoring_demo.py
[2026-02-27T22:22:25.670+0000] {processor.py:183} INFO - Processing /opt/airflow/dags/pipeline_monitoring_demo.py took 0.141 seconds
[2026-02-27T22:22:56.173+0000] {processor.py:161} INFO - Started process (PID=841) to work on /opt/airflow/dags/pipeline_monitoring_demo.py
[2026-02-27T22:22:56.175+0000] {processor.py:830} INFO - Processing file /opt/airflow/dags/pipeline_monitoring_demo.py for tasks to queue
[2026-02-27T22:22:56.177+0000] {logging_mixin.py:188} INFO - [2026-02-27T22:22:56.176+0000] {dagbag.py:540} INFO - Filling up the DagBag from /opt/airflow/dags/pipeline_monitoring_demo.py
[2026-02-27T22:22:56.219+0000] {logging_mixin.py:188} INFO - [2026-02-27T22:22:56.208+0000] {dagbag.py:350} ERROR - Failed to import: /opt/airflow/dags/pipeline_monitoring_demo.py
Traceback (most recent call last):
  File "/home/airflow/.local/lib/python3.12/site-packages/airflow/models/dagbag.py", line 346, in parse
    loader.exec_module(new_module)
  File "<frozen importlib._bootstrap_external>", line 995, in exec_module
  File "<frozen importlib._bootstrap>", line 488, in _call_with_frames_removed
  File "/opt/airflow/dags/pipeline_monitoring_demo.py", line 3, in <module>
    from airflow.metrics import Stats
ImportError: cannot import name 'Stats' from 'airflow.metrics' (/home/airflow/.local/lib/python3.12/site-packages/airflow/metrics/__init__.py). Did you mean: 'stats'?
[2026-02-27T22:22:56.223+0000] {processor.py:842} WARNING - No viable dags retrieved from /opt/airflow/dags/pipeline_monitoring_demo.py
[2026-02-27T22:22:56.271+0000] {processor.py:183} INFO - Processing /opt/airflow/dags/pipeline_monitoring_demo.py took 0.108 seconds
[2026-02-27T22:23:26.688+0000] {processor.py:161} INFO - Started process (PID=849) to work on /opt/airflow/dags/pipeline_monitoring_demo.py
[2026-02-27T22:23:26.690+0000] {processor.py:830} INFO - Processing file /opt/airflow/dags/pipeline_monitoring_demo.py for tasks to queue
[2026-02-27T22:23:26.694+0000] {logging_mixin.py:188} INFO - [2026-02-27T22:23:26.692+0000] {dagbag.py:540} INFO - Filling up the DagBag from /opt/airflow/dags/pipeline_monitoring_demo.py
[2026-02-27T22:23:26.732+0000] {logging_mixin.py:188} INFO - [2026-02-27T22:23:26.723+0000] {dagbag.py:350} ERROR - Failed to import: /opt/airflow/dags/pipeline_monitoring_demo.py
Traceback (most recent call last):
  File "/home/airflow/.local/lib/python3.12/site-packages/airflow/models/dagbag.py", line 346, in parse
    loader.exec_module(new_module)
  File "<frozen importlib._bootstrap_external>", line 995, in exec_module
  File "<frozen importlib._bootstrap>", line 488, in _call_with_frames_removed
  File "/opt/airflow/dags/pipeline_monitoring_demo.py", line 3, in <module>
    from airflow.metrics import Stats
ImportError: cannot import name 'Stats' from 'airflow.metrics' (/home/airflow/.local/lib/python3.12/site-packages/airflow/metrics/__init__.py). Did you mean: 'stats'?
[2026-02-27T22:23:26.736+0000] {processor.py:842} WARNING - No viable dags retrieved from /opt/airflow/dags/pipeline_monitoring_demo.py
[2026-02-27T22:23:26.778+0000] {processor.py:183} INFO - Processing /opt/airflow/dags/pipeline_monitoring_demo.py took 0.102 seconds
[2026-02-27T22:23:57.122+0000] {processor.py:161} INFO - Started process (PID=857) to work on /opt/airflow/dags/pipeline_monitoring_demo.py
[2026-02-27T22:23:57.124+0000] {processor.py:830} INFO - Processing file /opt/airflow/dags/pipeline_monitoring_demo.py for tasks to queue
[2026-02-27T22:23:57.125+0000] {logging_mixin.py:188} INFO - [2026-02-27T22:23:57.125+0000] {dagbag.py:540} INFO - Filling up the DagBag from /opt/airflow/dags/pipeline_monitoring_demo.py
[2026-02-27T22:23:57.166+0000] {logging_mixin.py:188} INFO - [2026-02-27T22:23:57.156+0000] {dagbag.py:350} ERROR - Failed to import: /opt/airflow/dags/pipeline_monitoring_demo.py
Traceback (most recent call last):
  File "/home/airflow/.local/lib/python3.12/site-packages/airflow/models/dagbag.py", line 346, in parse
    loader.exec_module(new_module)
  File "<frozen importlib._bootstrap_external>", line 995, in exec_module
  File "<frozen importlib._bootstrap>", line 488, in _call_with_frames_removed
  File "/opt/airflow/dags/pipeline_monitoring_demo.py", line 3, in <module>
    from airflow.metrics import Stats
ImportError: cannot import name 'Stats' from 'airflow.metrics' (/home/airflow/.local/lib/python3.12/site-packages/airflow/metrics/__init__.py). Did you mean: 'stats'?
[2026-02-27T22:23:57.170+0000] {processor.py:842} WARNING - No viable dags retrieved from /opt/airflow/dags/pipeline_monitoring_demo.py
[2026-02-27T22:23:57.207+0000] {processor.py:183} INFO - Processing /opt/airflow/dags/pipeline_monitoring_demo.py took 0.097 seconds
[2026-02-27T22:24:27.576+0000] {processor.py:161} INFO - Started process (PID=865) to work on /opt/airflow/dags/pipeline_monitoring_demo.py
[2026-02-27T22:24:27.578+0000] {processor.py:830} INFO - Processing file /opt/airflow/dags/pipeline_monitoring_demo.py for tasks to queue
[2026-02-27T22:24:27.580+0000] {logging_mixin.py:188} INFO - [2026-02-27T22:24:27.579+0000] {dagbag.py:540} INFO - Filling up the DagBag from /opt/airflow/dags/pipeline_monitoring_demo.py
[2026-02-27T22:24:27.621+0000] {logging_mixin.py:188} INFO - [2026-02-27T22:24:27.611+0000] {dagbag.py:350} ERROR - Failed to import: /opt/airflow/dags/pipeline_monitoring_demo.py
Traceback (most recent call last):
  File "/home/airflow/.local/lib/python3.12/site-packages/airflow/models/dagbag.py", line 346, in parse
    loader.exec_module(new_module)
  File "<frozen importlib._bootstrap_external>", line 995, in exec_module
  File "<frozen importlib._bootstrap>", line 488, in _call_with_frames_removed
  File "/opt/airflow/dags/pipeline_monitoring_demo.py", line 3, in <module>
    from airflow.metrics import Stats
ImportError: cannot import name 'Stats' from 'airflow.metrics' (/home/airflow/.local/lib/python3.12/site-packages/airflow/metrics/__init__.py). Did you mean: 'stats'?
[2026-02-27T22:24:27.624+0000] {processor.py:842} WARNING - No viable dags retrieved from /opt/airflow/dags/pipeline_monitoring_demo.py
[2026-02-27T22:24:27.673+0000] {processor.py:183} INFO - Processing /opt/airflow/dags/pipeline_monitoring_demo.py took 0.111 seconds
[2026-02-27T22:24:58.211+0000] {processor.py:161} INFO - Started process (PID=873) to work on /opt/airflow/dags/pipeline_monitoring_demo.py
[2026-02-27T22:24:58.214+0000] {processor.py:830} INFO - Processing file /opt/airflow/dags/pipeline_monitoring_demo.py for tasks to queue
[2026-02-27T22:24:58.216+0000] {logging_mixin.py:188} INFO - [2026-02-27T22:24:58.216+0000] {dagbag.py:540} INFO - Filling up the DagBag from /opt/airflow/dags/pipeline_monitoring_demo.py
[2026-02-27T22:24:58.255+0000] {logging_mixin.py:188} INFO - [2026-02-27T22:24:58.245+0000] {dagbag.py:350} ERROR - Failed to import: /opt/airflow/dags/pipeline_monitoring_demo.py
Traceback (most recent call last):
  File "/home/airflow/.local/lib/python3.12/site-packages/airflow/models/dagbag.py", line 346, in parse
    loader.exec_module(new_module)
  File "<frozen importlib._bootstrap_external>", line 995, in exec_module
  File "<frozen importlib._bootstrap>", line 488, in _call_with_frames_removed
  File "/opt/airflow/dags/pipeline_monitoring_demo.py", line 3, in <module>
    from airflow.metrics import Stats
ImportError: cannot import name 'Stats' from 'airflow.metrics' (/home/airflow/.local/lib/python3.12/site-packages/airflow/metrics/__init__.py). Did you mean: 'stats'?
[2026-02-27T22:24:58.258+0000] {processor.py:842} WARNING - No viable dags retrieved from /opt/airflow/dags/pipeline_monitoring_demo.py
[2026-02-27T22:24:58.317+0000] {processor.py:183} INFO - Processing /opt/airflow/dags/pipeline_monitoring_demo.py took 0.119 seconds
[2026-02-27T22:25:28.648+0000] {processor.py:161} INFO - Started process (PID=881) to work on /opt/airflow/dags/pipeline_monitoring_demo.py
[2026-02-27T22:25:28.650+0000] {processor.py:830} INFO - Processing file /opt/airflow/dags/pipeline_monitoring_demo.py for tasks to queue
[2026-02-27T22:25:28.653+0000] {logging_mixin.py:188} INFO - [2026-02-27T22:25:28.652+0000] {dagbag.py:540} INFO - Filling up the DagBag from /opt/airflow/dags/pipeline_monitoring_demo.py
[2026-02-27T22:25:28.690+0000] {logging_mixin.py:188} INFO - [2026-02-27T22:25:28.682+0000] {dagbag.py:350} ERROR - Failed to import: /opt/airflow/dags/pipeline_monitoring_demo.py
Traceback (most recent call last):
  File "/home/airflow/.local/lib/python3.12/site-packages/airflow/models/dagbag.py", line 346, in parse
    loader.exec_module(new_module)
  File "<frozen importlib._bootstrap_external>", line 995, in exec_module
  File "<frozen importlib._bootstrap>", line 488, in _call_with_frames_removed
  File "/opt/airflow/dags/pipeline_monitoring_demo.py", line 3, in <module>
    from airflow.metrics import Stats
ImportError: cannot import name 'Stats' from 'airflow.metrics' (/home/airflow/.local/lib/python3.12/site-packages/airflow/metrics/__init__.py). Did you mean: 'stats'?
[2026-02-27T22:25:28.693+0000] {processor.py:842} WARNING - No viable dags retrieved from /opt/airflow/dags/pipeline_monitoring_demo.py
[2026-02-27T22:25:28.737+0000] {processor.py:183} INFO - Processing /opt/airflow/dags/pipeline_monitoring_demo.py took 0.101 seconds
[2026-02-27T22:25:59.072+0000] {processor.py:161} INFO - Started process (PID=889) to work on /opt/airflow/dags/pipeline_monitoring_demo.py
[2026-02-27T22:25:59.074+0000] {processor.py:830} INFO - Processing file /opt/airflow/dags/pipeline_monitoring_demo.py for tasks to queue
[2026-02-27T22:25:59.075+0000] {logging_mixin.py:188} INFO - [2026-02-27T22:25:59.075+0000] {dagbag.py:540} INFO - Filling up the DagBag from /opt/airflow/dags/pipeline_monitoring_demo.py
[2026-02-27T22:25:59.115+0000] {logging_mixin.py:188} INFO - [2026-02-27T22:25:59.105+0000] {dagbag.py:350} ERROR - Failed to import: /opt/airflow/dags/pipeline_monitoring_demo.py
Traceback (most recent call last):
  File "/home/airflow/.local/lib/python3.12/site-packages/airflow/models/dagbag.py", line 346, in parse
    loader.exec_module(new_module)
  File "<frozen importlib._bootstrap_external>", line 995, in exec_module
  File "<frozen importlib._bootstrap>", line 488, in _call_with_frames_removed
  File "/opt/airflow/dags/pipeline_monitoring_demo.py", line 3, in <module>
    from airflow.metrics import Stats
ImportError: cannot import name 'Stats' from 'airflow.metrics' (/home/airflow/.local/lib/python3.12/site-packages/airflow/metrics/__init__.py). Did you mean: 'stats'?
[2026-02-27T22:25:59.119+0000] {processor.py:842} WARNING - No viable dags retrieved from /opt/airflow/dags/pipeline_monitoring_demo.py
[2026-02-27T22:25:59.171+0000] {processor.py:183} INFO - Processing /opt/airflow/dags/pipeline_monitoring_demo.py took 0.110 seconds
[2026-02-27T22:26:29.479+0000] {processor.py:161} INFO - Started process (PID=897) to work on /opt/airflow/dags/pipeline_monitoring_demo.py
[2026-02-27T22:26:29.482+0000] {processor.py:830} INFO - Processing file /opt/airflow/dags/pipeline_monitoring_demo.py for tasks to queue
[2026-02-27T22:26:29.484+0000] {logging_mixin.py:188} INFO - [2026-02-27T22:26:29.483+0000] {dagbag.py:540} INFO - Filling up the DagBag from /opt/airflow/dags/pipeline_monitoring_demo.py
[2026-02-27T22:26:29.525+0000] {logging_mixin.py:188} INFO - [2026-02-27T22:26:29.517+0000] {dagbag.py:350} ERROR - Failed to import: /opt/airflow/dags/pipeline_monitoring_demo.py
Traceback (most recent call last):
  File "/home/airflow/.local/lib/python3.12/site-packages/airflow/models/dagbag.py", line 346, in parse
    loader.exec_module(new_module)
  File "<frozen importlib._bootstrap_external>", line 995, in exec_module
  File "<frozen importlib._bootstrap>", line 488, in _call_with_frames_removed
  File "/opt/airflow/dags/pipeline_monitoring_demo.py", line 3, in <module>
    from airflow.metrics import Stats
ImportError: cannot import name 'Stats' from 'airflow.metrics' (/home/airflow/.local/lib/python3.12/site-packages/airflow/metrics/__init__.py). Did you mean: 'stats'?
[2026-02-27T22:26:29.528+0000] {processor.py:842} WARNING - No viable dags retrieved from /opt/airflow/dags/pipeline_monitoring_demo.py
[2026-02-27T22:26:29.567+0000] {processor.py:183} INFO - Processing /opt/airflow/dags/pipeline_monitoring_demo.py took 0.099 seconds
[2026-02-27T22:27:00.043+0000] {processor.py:161} INFO - Started process (PID=905) to work on /opt/airflow/dags/pipeline_monitoring_demo.py
[2026-02-27T22:27:00.046+0000] {processor.py:830} INFO - Processing file /opt/airflow/dags/pipeline_monitoring_demo.py for tasks to queue
[2026-02-27T22:27:00.048+0000] {logging_mixin.py:188} INFO - [2026-02-27T22:27:00.048+0000] {dagbag.py:540} INFO - Filling up the DagBag from /opt/airflow/dags/pipeline_monitoring_demo.py
[2026-02-27T22:27:00.095+0000] {logging_mixin.py:188} INFO - [2026-02-27T22:27:00.083+0000] {dagbag.py:350} ERROR - Failed to import: /opt/airflow/dags/pipeline_monitoring_demo.py
Traceback (most recent call last):
  File "/home/airflow/.local/lib/python3.12/site-packages/airflow/models/dagbag.py", line 346, in parse
    loader.exec_module(new_module)
  File "<frozen importlib._bootstrap_external>", line 995, in exec_module
  File "<frozen importlib._bootstrap>", line 488, in _call_with_frames_removed
  File "/opt/airflow/dags/pipeline_monitoring_demo.py", line 3, in <module>
    from airflow.metrics import Stats
ImportError: cannot import name 'Stats' from 'airflow.metrics' (/home/airflow/.local/lib/python3.12/site-packages/airflow/metrics/__init__.py). Did you mean: 'stats'?
[2026-02-27T22:27:00.100+0000] {processor.py:842} WARNING - No viable dags retrieved from /opt/airflow/dags/pipeline_monitoring_demo.py
[2026-02-27T22:27:00.138+0000] {processor.py:183} INFO - Processing /opt/airflow/dags/pipeline_monitoring_demo.py took 0.104 seconds
[2026-02-27T22:27:30.426+0000] {processor.py:161} INFO - Started process (PID=913) to work on /opt/airflow/dags/pipeline_monitoring_demo.py
[2026-02-27T22:27:30.428+0000] {processor.py:830} INFO - Processing file /opt/airflow/dags/pipeline_monitoring_demo.py for tasks to queue
[2026-02-27T22:27:30.430+0000] {logging_mixin.py:188} INFO - [2026-02-27T22:27:30.429+0000] {dagbag.py:540} INFO - Filling up the DagBag from /opt/airflow/dags/pipeline_monitoring_demo.py
[2026-02-27T22:27:30.471+0000] {logging_mixin.py:188} INFO - [2026-02-27T22:27:30.460+0000] {dagbag.py:350} ERROR - Failed to import: /opt/airflow/dags/pipeline_monitoring_demo.py
Traceback (most recent call last):
  File "/home/airflow/.local/lib/python3.12/site-packages/airflow/models/dagbag.py", line 346, in parse
    loader.exec_module(new_module)
  File "<frozen importlib._bootstrap_external>", line 995, in exec_module
  File "<frozen importlib._bootstrap>", line 488, in _call_with_frames_removed
  File "/opt/airflow/dags/pipeline_monitoring_demo.py", line 3, in <module>
    from airflow.metrics import Stats
ImportError: cannot import name 'Stats' from 'airflow.metrics' (/home/airflow/.local/lib/python3.12/site-packages/airflow/metrics/__init__.py). Did you mean: 'stats'?
[2026-02-27T22:27:30.474+0000] {processor.py:842} WARNING - No viable dags retrieved from /opt/airflow/dags/pipeline_monitoring_demo.py
[2026-02-27T22:27:30.515+0000] {processor.py:183} INFO - Processing /opt/airflow/dags/pipeline_monitoring_demo.py took 0.101 seconds
[2026-02-27T22:28:00.869+0000] {processor.py:161} INFO - Started process (PID=921) to work on /opt/airflow/dags/pipeline_monitoring_demo.py
[2026-02-27T22:28:00.871+0000] {processor.py:830} INFO - Processing file /opt/airflow/dags/pipeline_monitoring_demo.py for tasks to queue
[2026-02-27T22:28:00.873+0000] {logging_mixin.py:188} INFO - [2026-02-27T22:28:00.873+0000] {dagbag.py:540} INFO - Filling up the DagBag from /opt/airflow/dags/pipeline_monitoring_demo.py
[2026-02-27T22:28:00.911+0000] {logging_mixin.py:188} INFO - [2026-02-27T22:28:00.901+0000] {dagbag.py:350} ERROR - Failed to import: /opt/airflow/dags/pipeline_monitoring_demo.py
Traceback (most recent call last):
  File "/home/airflow/.local/lib/python3.12/site-packages/airflow/models/dagbag.py", line 346, in parse
    loader.exec_module(new_module)
  File "<frozen importlib._bootstrap_external>", line 995, in exec_module
  File "<frozen importlib._bootstrap>", line 488, in _call_with_frames_removed
  File "/opt/airflow/dags/pipeline_monitoring_demo.py", line 3, in <module>
    from airflow.metrics import Stats
ImportError: cannot import name 'Stats' from 'airflow.metrics' (/home/airflow/.local/lib/python3.12/site-packages/airflow/metrics/__init__.py). Did you mean: 'stats'?
[2026-02-27T22:28:00.915+0000] {processor.py:842} WARNING - No viable dags retrieved from /opt/airflow/dags/pipeline_monitoring_demo.py
[2026-02-27T22:28:00.962+0000] {processor.py:183} INFO - Processing /opt/airflow/dags/pipeline_monitoring_demo.py took 0.107 seconds
[2026-02-27T22:28:31.301+0000] {processor.py:161} INFO - Started process (PID=929) to work on /opt/airflow/dags/pipeline_monitoring_demo.py
[2026-02-27T22:28:31.303+0000] {processor.py:830} INFO - Processing file /opt/airflow/dags/pipeline_monitoring_demo.py for tasks to queue
[2026-02-27T22:28:31.305+0000] {logging_mixin.py:188} INFO - [2026-02-27T22:28:31.305+0000] {dagbag.py:540} INFO - Filling up the DagBag from /opt/airflow/dags/pipeline_monitoring_demo.py
[2026-02-27T22:28:31.336+0000] {logging_mixin.py:188} INFO - [2026-02-27T22:28:31.328+0000] {dagbag.py:350} ERROR - Failed to import: /opt/airflow/dags/pipeline_monitoring_demo.py
Traceback (most recent call last):
  File "/home/airflow/.local/lib/python3.12/site-packages/airflow/models/dagbag.py", line 346, in parse
    loader.exec_module(new_module)
  File "<frozen importlib._bootstrap_external>", line 995, in exec_module
  File "<frozen importlib._bootstrap>", line 488, in _call_with_frames_removed
  File "/opt/airflow/dags/pipeline_monitoring_demo.py", line 3, in <module>
    from airflow.metrics import Stats
ImportError: cannot import name 'Stats' from 'airflow.metrics' (/home/airflow/.local/lib/python3.12/site-packages/airflow/metrics/__init__.py). Did you mean: 'stats'?
[2026-02-27T22:28:31.340+0000] {processor.py:842} WARNING - No viable dags retrieved from /opt/airflow/dags/pipeline_monitoring_demo.py
[2026-02-27T22:28:31.387+0000] {processor.py:183} INFO - Processing /opt/airflow/dags/pipeline_monitoring_demo.py took 0.093 seconds
[2026-02-27T22:29:01.744+0000] {processor.py:161} INFO - Started process (PID=937) to work on /opt/airflow/dags/pipeline_monitoring_demo.py
[2026-02-27T22:29:01.746+0000] {processor.py:830} INFO - Processing file /opt/airflow/dags/pipeline_monitoring_demo.py for tasks to queue
[2026-02-27T22:29:01.748+0000] {logging_mixin.py:188} INFO - [2026-02-27T22:29:01.747+0000] {dagbag.py:540} INFO - Filling up the DagBag from /opt/airflow/dags/pipeline_monitoring_demo.py
[2026-02-27T22:29:01.782+0000] {logging_mixin.py:188} INFO - [2026-02-27T22:29:01.773+0000] {dagbag.py:350} ERROR - Failed to import: /opt/airflow/dags/pipeline_monitoring_demo.py
Traceback (most recent call last):
  File "/home/airflow/.local/lib/python3.12/site-packages/airflow/models/dagbag.py", line 346, in parse
    loader.exec_module(new_module)
  File "<frozen importlib._bootstrap_external>", line 995, in exec_module
  File "<frozen importlib._bootstrap>", line 488, in _call_with_frames_removed
  File "/opt/airflow/dags/pipeline_monitoring_demo.py", line 3, in <module>
    from airflow.metrics import Stats
ImportError: cannot import name 'Stats' from 'airflow.metrics' (/home/airflow/.local/lib/python3.12/site-packages/airflow/metrics/__init__.py). Did you mean: 'stats'?
[2026-02-27T22:29:01.785+0000] {processor.py:842} WARNING - No viable dags retrieved from /opt/airflow/dags/pipeline_monitoring_demo.py
[2026-02-27T22:29:01.834+0000] {processor.py:183} INFO - Processing /opt/airflow/dags/pipeline_monitoring_demo.py took 0.101 seconds
[2026-02-27T22:29:32.102+0000] {processor.py:161} INFO - Started process (PID=945) to work on /opt/airflow/dags/pipeline_monitoring_demo.py
[2026-02-27T22:29:32.104+0000] {processor.py:830} INFO - Processing file /opt/airflow/dags/pipeline_monitoring_demo.py for tasks to queue
[2026-02-27T22:29:32.108+0000] {logging_mixin.py:188} INFO - [2026-02-27T22:29:32.107+0000] {dagbag.py:540} INFO - Filling up the DagBag from /opt/airflow/dags/pipeline_monitoring_demo.py
[2026-02-27T22:29:32.153+0000] {logging_mixin.py:188} INFO - [2026-02-27T22:29:32.143+0000] {dagbag.py:350} ERROR - Failed to import: /opt/airflow/dags/pipeline_monitoring_demo.py
Traceback (most recent call last):
  File "/home/airflow/.local/lib/python3.12/site-packages/airflow/models/dagbag.py", line 346, in parse
    loader.exec_module(new_module)
  File "<frozen importlib._bootstrap_external>", line 995, in exec_module
  File "<frozen importlib._bootstrap>", line 488, in _call_with_frames_removed
  File "/opt/airflow/dags/pipeline_monitoring_demo.py", line 3, in <module>
    from airflow.metrics import Stats
ImportError: cannot import name 'Stats' from 'airflow.metrics' (/home/airflow/.local/lib/python3.12/site-packages/airflow/metrics/__init__.py). Did you mean: 'stats'?
[2026-02-27T22:29:32.157+0000] {processor.py:842} WARNING - No viable dags retrieved from /opt/airflow/dags/pipeline_monitoring_demo.py
[2026-02-27T22:29:32.207+0000] {processor.py:183} INFO - Processing /opt/airflow/dags/pipeline_monitoring_demo.py took 0.122 seconds
[2026-02-27T22:30:02.631+0000] {processor.py:161} INFO - Started process (PID=953) to work on /opt/airflow/dags/pipeline_monitoring_demo.py
[2026-02-27T22:30:02.633+0000] {processor.py:830} INFO - Processing file /opt/airflow/dags/pipeline_monitoring_demo.py for tasks to queue
[2026-02-27T22:30:02.636+0000] {logging_mixin.py:188} INFO - [2026-02-27T22:30:02.635+0000] {dagbag.py:540} INFO - Filling up the DagBag from /opt/airflow/dags/pipeline_monitoring_demo.py
[2026-02-27T22:30:02.676+0000] {logging_mixin.py:188} INFO - [2026-02-27T22:30:02.666+0000] {dagbag.py:350} ERROR - Failed to import: /opt/airflow/dags/pipeline_monitoring_demo.py
Traceback (most recent call last):
  File "/home/airflow/.local/lib/python3.12/site-packages/airflow/models/dagbag.py", line 346, in parse
    loader.exec_module(new_module)
  File "<frozen importlib._bootstrap_external>", line 995, in exec_module
  File "<frozen importlib._bootstrap>", line 488, in _call_with_frames_removed
  File "/opt/airflow/dags/pipeline_monitoring_demo.py", line 3, in <module>
    from airflow.metrics import Stats
ImportError: cannot import name 'Stats' from 'airflow.metrics' (/home/airflow/.local/lib/python3.12/site-packages/airflow/metrics/__init__.py). Did you mean: 'stats'?
[2026-02-27T22:30:02.680+0000] {processor.py:842} WARNING - No viable dags retrieved from /opt/airflow/dags/pipeline_monitoring_demo.py
[2026-02-27T22:30:02.720+0000] {processor.py:183} INFO - Processing /opt/airflow/dags/pipeline_monitoring_demo.py took 0.106 seconds
[2026-02-27T22:30:32.992+0000] {processor.py:161} INFO - Started process (PID=961) to work on /opt/airflow/dags/pipeline_monitoring_demo.py
[2026-02-27T22:30:32.995+0000] {processor.py:830} INFO - Processing file /opt/airflow/dags/pipeline_monitoring_demo.py for tasks to queue
[2026-02-27T22:30:32.997+0000] {logging_mixin.py:188} INFO - [2026-02-27T22:30:32.996+0000] {dagbag.py:540} INFO - Filling up the DagBag from /opt/airflow/dags/pipeline_monitoring_demo.py
[2026-02-27T22:30:33.038+0000] {logging_mixin.py:188} INFO - [2026-02-27T22:30:33.027+0000] {dagbag.py:350} ERROR - Failed to import: /opt/airflow/dags/pipeline_monitoring_demo.py
Traceback (most recent call last):
  File "/home/airflow/.local/lib/python3.12/site-packages/airflow/models/dagbag.py", line 346, in parse
    loader.exec_module(new_module)
  File "<frozen importlib._bootstrap_external>", line 995, in exec_module
  File "<frozen importlib._bootstrap>", line 488, in _call_with_frames_removed
  File "/opt/airflow/dags/pipeline_monitoring_demo.py", line 3, in <module>
    from airflow.metrics import Stats
ImportError: cannot import name 'Stats' from 'airflow.metrics' (/home/airflow/.local/lib/python3.12/site-packages/airflow/metrics/__init__.py). Did you mean: 'stats'?
[2026-02-27T22:30:33.042+0000] {processor.py:842} WARNING - No viable dags retrieved from /opt/airflow/dags/pipeline_monitoring_demo.py
[2026-02-27T22:30:33.087+0000] {processor.py:183} INFO - Processing /opt/airflow/dags/pipeline_monitoring_demo.py took 0.111 seconds
[2026-02-27T22:31:03.404+0000] {processor.py:161} INFO - Started process (PID=969) to work on /opt/airflow/dags/pipeline_monitoring_demo.py
[2026-02-27T22:31:03.406+0000] {processor.py:830} INFO - Processing file /opt/airflow/dags/pipeline_monitoring_demo.py for tasks to queue
[2026-02-27T22:31:03.407+0000] {logging_mixin.py:188} INFO - [2026-02-27T22:31:03.407+0000] {dagbag.py:540} INFO - Filling up the DagBag from /opt/airflow/dags/pipeline_monitoring_demo.py
[2026-02-27T22:31:03.438+0000] {logging_mixin.py:188} INFO - [2026-02-27T22:31:03.429+0000] {dagbag.py:350} ERROR - Failed to import: /opt/airflow/dags/pipeline_monitoring_demo.py
Traceback (most recent call last):
  File "/home/airflow/.local/lib/python3.12/site-packages/airflow/models/dagbag.py", line 346, in parse
    loader.exec_module(new_module)
  File "<frozen importlib._bootstrap_external>", line 995, in exec_module
  File "<frozen importlib._bootstrap>", line 488, in _call_with_frames_removed
  File "/opt/airflow/dags/pipeline_monitoring_demo.py", line 3, in <module>
    from airflow.metrics import Stats
ImportError: cannot import name 'Stats' from 'airflow.metrics' (/home/airflow/.local/lib/python3.12/site-packages/airflow/metrics/__init__.py). Did you mean: 'stats'?
[2026-02-27T22:31:03.443+0000] {processor.py:842} WARNING - No viable dags retrieved from /opt/airflow/dags/pipeline_monitoring_demo.py
[2026-02-27T22:31:03.487+0000] {processor.py:183} INFO - Processing /opt/airflow/dags/pipeline_monitoring_demo.py took 0.095 seconds
[2026-02-27T22:31:33.893+0000] {processor.py:161} INFO - Started process (PID=977) to work on /opt/airflow/dags/pipeline_monitoring_demo.py
[2026-02-27T22:31:33.895+0000] {processor.py:830} INFO - Processing file /opt/airflow/dags/pipeline_monitoring_demo.py for tasks to queue
[2026-02-27T22:31:33.898+0000] {logging_mixin.py:188} INFO - [2026-02-27T22:31:33.897+0000] {dagbag.py:540} INFO - Filling up the DagBag from /opt/airflow/dags/pipeline_monitoring_demo.py
[2026-02-27T22:31:33.941+0000] {logging_mixin.py:188} INFO - [2026-02-27T22:31:33.931+0000] {dagbag.py:350} ERROR - Failed to import: /opt/airflow/dags/pipeline_monitoring_demo.py
Traceback (most recent call last):
  File "/home/airflow/.local/lib/python3.12/site-packages/airflow/models/dagbag.py", line 346, in parse
    loader.exec_module(new_module)
  File "<frozen importlib._bootstrap_external>", line 995, in exec_module
  File "<frozen importlib._bootstrap>", line 488, in _call_with_frames_removed
  File "/opt/airflow/dags/pipeline_monitoring_demo.py", line 3, in <module>
    from airflow.metrics import Stats
ImportError: cannot import name 'Stats' from 'airflow.metrics' (/home/airflow/.local/lib/python3.12/site-packages/airflow/metrics/__init__.py). Did you mean: 'stats'?
[2026-02-27T22:31:33.944+0000] {processor.py:842} WARNING - No viable dags retrieved from /opt/airflow/dags/pipeline_monitoring_demo.py
[2026-02-27T22:31:34.000+0000] {processor.py:183} INFO - Processing /opt/airflow/dags/pipeline_monitoring_demo.py took 0.119 seconds
[2026-02-27T22:32:04.516+0000] {processor.py:161} INFO - Started process (PID=985) to work on /opt/airflow/dags/pipeline_monitoring_demo.py
[2026-02-27T22:32:04.517+0000] {processor.py:830} INFO - Processing file /opt/airflow/dags/pipeline_monitoring_demo.py for tasks to queue
[2026-02-27T22:32:04.519+0000] {logging_mixin.py:188} INFO - [2026-02-27T22:32:04.518+0000] {dagbag.py:540} INFO - Filling up the DagBag from /opt/airflow/dags/pipeline_monitoring_demo.py
[2026-02-27T22:32:04.547+0000] {logging_mixin.py:188} INFO - [2026-02-27T22:32:04.538+0000] {dagbag.py:350} ERROR - Failed to import: /opt/airflow/dags/pipeline_monitoring_demo.py
Traceback (most recent call last):
  File "/home/airflow/.local/lib/python3.12/site-packages/airflow/models/dagbag.py", line 346, in parse
    loader.exec_module(new_module)
  File "<frozen importlib._bootstrap_external>", line 995, in exec_module
  File "<frozen importlib._bootstrap>", line 488, in _call_with_frames_removed
  File "/opt/airflow/dags/pipeline_monitoring_demo.py", line 3, in <module>
    from airflow.metrics import Stats
ImportError: cannot import name 'Stats' from 'airflow.metrics' (/home/airflow/.local/lib/python3.12/site-packages/airflow/metrics/__init__.py). Did you mean: 'stats'?
[2026-02-27T22:32:04.550+0000] {processor.py:842} WARNING - No viable dags retrieved from /opt/airflow/dags/pipeline_monitoring_demo.py
[2026-02-27T22:32:04.590+0000] {processor.py:183} INFO - Processing /opt/airflow/dags/pipeline_monitoring_demo.py took 0.085 seconds
[2026-02-27T22:32:34.788+0000] {processor.py:161} INFO - Started process (PID=993) to work on /opt/airflow/dags/pipeline_monitoring_demo.py
[2026-02-27T22:32:34.791+0000] {processor.py:830} INFO - Processing file /opt/airflow/dags/pipeline_monitoring_demo.py for tasks to queue
[2026-02-27T22:32:34.794+0000] {logging_mixin.py:188} INFO - [2026-02-27T22:32:34.793+0000] {dagbag.py:540} INFO - Filling up the DagBag from /opt/airflow/dags/pipeline_monitoring_demo.py
[2026-02-27T22:32:34.833+0000] {logging_mixin.py:188} INFO - [2026-02-27T22:32:34.822+0000] {dagbag.py:350} ERROR - Failed to import: /opt/airflow/dags/pipeline_monitoring_demo.py
Traceback (most recent call last):
  File "/home/airflow/.local/lib/python3.12/site-packages/airflow/models/dagbag.py", line 346, in parse
    loader.exec_module(new_module)
  File "<frozen importlib._bootstrap_external>", line 995, in exec_module
  File "<frozen importlib._bootstrap>", line 488, in _call_with_frames_removed
  File "/opt/airflow/dags/pipeline_monitoring_demo.py", line 3, in <module>
    from airflow.metrics import Stats
ImportError: cannot import name 'Stats' from 'airflow.metrics' (/home/airflow/.local/lib/python3.12/site-packages/airflow/metrics/__init__.py). Did you mean: 'stats'?
[2026-02-27T22:32:34.836+0000] {processor.py:842} WARNING - No viable dags retrieved from /opt/airflow/dags/pipeline_monitoring_demo.py
[2026-02-27T22:32:34.881+0000] {processor.py:183} INFO - Processing /opt/airflow/dags/pipeline_monitoring_demo.py took 0.115 seconds
[2026-02-27T22:33:05.273+0000] {processor.py:161} INFO - Started process (PID=1001) to work on /opt/airflow/dags/pipeline_monitoring_demo.py
[2026-02-27T22:33:05.275+0000] {processor.py:830} INFO - Processing file /opt/airflow/dags/pipeline_monitoring_demo.py for tasks to queue
[2026-02-27T22:33:05.278+0000] {logging_mixin.py:188} INFO - [2026-02-27T22:33:05.277+0000] {dagbag.py:540} INFO - Filling up the DagBag from /opt/airflow/dags/pipeline_monitoring_demo.py
[2026-02-27T22:33:05.323+0000] {logging_mixin.py:188} INFO - [2026-02-27T22:33:05.312+0000] {dagbag.py:350} ERROR - Failed to import: /opt/airflow/dags/pipeline_monitoring_demo.py
Traceback (most recent call last):
  File "/home/airflow/.local/lib/python3.12/site-packages/airflow/models/dagbag.py", line 346, in parse
    loader.exec_module(new_module)
  File "<frozen importlib._bootstrap_external>", line 995, in exec_module
  File "<frozen importlib._bootstrap>", line 488, in _call_with_frames_removed
  File "/opt/airflow/dags/pipeline_monitoring_demo.py", line 3, in <module>
    from airflow.metrics import Stats
ImportError: cannot import name 'Stats' from 'airflow.metrics' (/home/airflow/.local/lib/python3.12/site-packages/airflow/metrics/__init__.py). Did you mean: 'stats'?
[2026-02-27T22:33:05.326+0000] {processor.py:842} WARNING - No viable dags retrieved from /opt/airflow/dags/pipeline_monitoring_demo.py
[2026-02-27T22:33:05.379+0000] {processor.py:183} INFO - Processing /opt/airflow/dags/pipeline_monitoring_demo.py took 0.119 seconds
[2026-02-27T22:33:35.789+0000] {processor.py:161} INFO - Started process (PID=1009) to work on /opt/airflow/dags/pipeline_monitoring_demo.py
[2026-02-27T22:33:35.792+0000] {processor.py:830} INFO - Processing file /opt/airflow/dags/pipeline_monitoring_demo.py for tasks to queue
[2026-02-27T22:33:35.795+0000] {logging_mixin.py:188} INFO - [2026-02-27T22:33:35.794+0000] {dagbag.py:540} INFO - Filling up the DagBag from /opt/airflow/dags/pipeline_monitoring_demo.py
[2026-02-27T22:33:35.831+0000] {logging_mixin.py:188} INFO - [2026-02-27T22:33:35.822+0000] {dagbag.py:350} ERROR - Failed to import: /opt/airflow/dags/pipeline_monitoring_demo.py
Traceback (most recent call last):
  File "/home/airflow/.local/lib/python3.12/site-packages/airflow/models/dagbag.py", line 346, in parse
    loader.exec_module(new_module)
  File "<frozen importlib._bootstrap_external>", line 995, in exec_module
  File "<frozen importlib._bootstrap>", line 488, in _call_with_frames_removed
  File "/opt/airflow/dags/pipeline_monitoring_demo.py", line 3, in <module>
    from airflow.metrics import Stats
ImportError: cannot import name 'Stats' from 'airflow.metrics' (/home/airflow/.local/lib/python3.12/site-packages/airflow/metrics/__init__.py). Did you mean: 'stats'?
[2026-02-27T22:33:35.834+0000] {processor.py:842} WARNING - No viable dags retrieved from /opt/airflow/dags/pipeline_monitoring_demo.py
[2026-02-27T22:33:35.884+0000] {processor.py:183} INFO - Processing /opt/airflow/dags/pipeline_monitoring_demo.py took 0.109 seconds
[2026-02-27T22:34:06.320+0000] {processor.py:161} INFO - Started process (PID=1017) to work on /opt/airflow/dags/pipeline_monitoring_demo.py
[2026-02-27T22:34:06.323+0000] {processor.py:830} INFO - Processing file /opt/airflow/dags/pipeline_monitoring_demo.py for tasks to queue
[2026-02-27T22:34:06.326+0000] {logging_mixin.py:188} INFO - [2026-02-27T22:34:06.324+0000] {dagbag.py:540} INFO - Filling up the DagBag from /opt/airflow/dags/pipeline_monitoring_demo.py
[2026-02-27T22:34:06.369+0000] {logging_mixin.py:188} INFO - [2026-02-27T22:34:06.359+0000] {dagbag.py:350} ERROR - Failed to import: /opt/airflow/dags/pipeline_monitoring_demo.py
Traceback (most recent call last):
  File "/home/airflow/.local/lib/python3.12/site-packages/airflow/models/dagbag.py", line 346, in parse
    loader.exec_module(new_module)
  File "<frozen importlib._bootstrap_external>", line 995, in exec_module
  File "<frozen importlib._bootstrap>", line 488, in _call_with_frames_removed
  File "/opt/airflow/dags/pipeline_monitoring_demo.py", line 3, in <module>
    from airflow.metrics import Stats
ImportError: cannot import name 'Stats' from 'airflow.metrics' (/home/airflow/.local/lib/python3.12/site-packages/airflow/metrics/__init__.py). Did you mean: 'stats'?
[2026-02-27T22:34:06.374+0000] {processor.py:842} WARNING - No viable dags retrieved from /opt/airflow/dags/pipeline_monitoring_demo.py
[2026-02-27T22:34:06.432+0000] {processor.py:183} INFO - Processing /opt/airflow/dags/pipeline_monitoring_demo.py took 0.127 seconds
[2026-02-27T22:34:36.851+0000] {processor.py:161} INFO - Started process (PID=1025) to work on /opt/airflow/dags/pipeline_monitoring_demo.py
[2026-02-27T22:34:36.853+0000] {processor.py:830} INFO - Processing file /opt/airflow/dags/pipeline_monitoring_demo.py for tasks to queue
[2026-02-27T22:34:36.856+0000] {logging_mixin.py:188} INFO - [2026-02-27T22:34:36.855+0000] {dagbag.py:540} INFO - Filling up the DagBag from /opt/airflow/dags/pipeline_monitoring_demo.py
[2026-02-27T22:34:36.904+0000] {logging_mixin.py:188} INFO - [2026-02-27T22:34:36.889+0000] {dagbag.py:350} ERROR - Failed to import: /opt/airflow/dags/pipeline_monitoring_demo.py
Traceback (most recent call last):
  File "/home/airflow/.local/lib/python3.12/site-packages/airflow/models/dagbag.py", line 346, in parse
    loader.exec_module(new_module)
  File "<frozen importlib._bootstrap_external>", line 995, in exec_module
  File "<frozen importlib._bootstrap>", line 488, in _call_with_frames_removed
  File "/opt/airflow/dags/pipeline_monitoring_demo.py", line 3, in <module>
    from airflow.metrics import Stats
ImportError: cannot import name 'Stats' from 'airflow.metrics' (/home/airflow/.local/lib/python3.12/site-packages/airflow/metrics/__init__.py). Did you mean: 'stats'?
[2026-02-27T22:34:36.911+0000] {processor.py:842} WARNING - No viable dags retrieved from /opt/airflow/dags/pipeline_monitoring_demo.py
[2026-02-27T22:34:36.972+0000] {processor.py:183} INFO - Processing /opt/airflow/dags/pipeline_monitoring_demo.py took 0.134 seconds
[2026-02-27T22:35:07.341+0000] {processor.py:161} INFO - Started process (PID=1033) to work on /opt/airflow/dags/pipeline_monitoring_demo.py
[2026-02-27T22:35:07.344+0000] {processor.py:830} INFO - Processing file /opt/airflow/dags/pipeline_monitoring_demo.py for tasks to queue
[2026-02-27T22:35:07.347+0000] {logging_mixin.py:188} INFO - [2026-02-27T22:35:07.346+0000] {dagbag.py:540} INFO - Filling up the DagBag from /opt/airflow/dags/pipeline_monitoring_demo.py
[2026-02-27T22:35:07.392+0000] {logging_mixin.py:188} INFO - [2026-02-27T22:35:07.383+0000] {dagbag.py:350} ERROR - Failed to import: /opt/airflow/dags/pipeline_monitoring_demo.py
Traceback (most recent call last):
  File "/home/airflow/.local/lib/python3.12/site-packages/airflow/models/dagbag.py", line 346, in parse
    loader.exec_module(new_module)
  File "<frozen importlib._bootstrap_external>", line 995, in exec_module
  File "<frozen importlib._bootstrap>", line 488, in _call_with_frames_removed
  File "/opt/airflow/dags/pipeline_monitoring_demo.py", line 3, in <module>
    from airflow.metrics import Stats
ImportError: cannot import name 'Stats' from 'airflow.metrics' (/home/airflow/.local/lib/python3.12/site-packages/airflow/metrics/__init__.py). Did you mean: 'stats'?
[2026-02-27T22:35:07.396+0000] {processor.py:842} WARNING - No viable dags retrieved from /opt/airflow/dags/pipeline_monitoring_demo.py
[2026-02-27T22:35:07.436+0000] {processor.py:183} INFO - Processing /opt/airflow/dags/pipeline_monitoring_demo.py took 0.111 seconds
[2026-02-27T22:35:37.765+0000] {processor.py:161} INFO - Started process (PID=1041) to work on /opt/airflow/dags/pipeline_monitoring_demo.py
[2026-02-27T22:35:37.767+0000] {processor.py:830} INFO - Processing file /opt/airflow/dags/pipeline_monitoring_demo.py for tasks to queue
[2026-02-27T22:35:37.769+0000] {logging_mixin.py:188} INFO - [2026-02-27T22:35:37.768+0000] {dagbag.py:540} INFO - Filling up the DagBag from /opt/airflow/dags/pipeline_monitoring_demo.py
[2026-02-27T22:35:37.816+0000] {logging_mixin.py:188} INFO - [2026-02-27T22:35:37.805+0000] {dagbag.py:350} ERROR - Failed to import: /opt/airflow/dags/pipeline_monitoring_demo.py
Traceback (most recent call last):
  File "/home/airflow/.local/lib/python3.12/site-packages/airflow/models/dagbag.py", line 346, in parse
    loader.exec_module(new_module)
  File "<frozen importlib._bootstrap_external>", line 995, in exec_module
  File "<frozen importlib._bootstrap>", line 488, in _call_with_frames_removed
  File "/opt/airflow/dags/pipeline_monitoring_demo.py", line 3, in <module>
    from airflow.metrics import Stats
ImportError: cannot import name 'Stats' from 'airflow.metrics' (/home/airflow/.local/lib/python3.12/site-packages/airflow/metrics/__init__.py). Did you mean: 'stats'?
[2026-02-27T22:35:37.819+0000] {processor.py:842} WARNING - No viable dags retrieved from /opt/airflow/dags/pipeline_monitoring_demo.py
[2026-02-27T22:35:37.865+0000] {processor.py:183} INFO - Processing /opt/airflow/dags/pipeline_monitoring_demo.py took 0.114 seconds
[2026-02-27T22:36:08.206+0000] {processor.py:161} INFO - Started process (PID=1049) to work on /opt/airflow/dags/pipeline_monitoring_demo.py
[2026-02-27T22:36:08.208+0000] {processor.py:830} INFO - Processing file /opt/airflow/dags/pipeline_monitoring_demo.py for tasks to queue
[2026-02-27T22:36:08.210+0000] {logging_mixin.py:188} INFO - [2026-02-27T22:36:08.209+0000] {dagbag.py:540} INFO - Filling up the DagBag from /opt/airflow/dags/pipeline_monitoring_demo.py
[2026-02-27T22:36:08.244+0000] {logging_mixin.py:188} INFO - [2026-02-27T22:36:08.235+0000] {dagbag.py:350} ERROR - Failed to import: /opt/airflow/dags/pipeline_monitoring_demo.py
Traceback (most recent call last):
  File "/home/airflow/.local/lib/python3.12/site-packages/airflow/models/dagbag.py", line 346, in parse
    loader.exec_module(new_module)
  File "<frozen importlib._bootstrap_external>", line 995, in exec_module
  File "<frozen importlib._bootstrap>", line 488, in _call_with_frames_removed
  File "/opt/airflow/dags/pipeline_monitoring_demo.py", line 3, in <module>
    from airflow.metrics import Stats
ImportError: cannot import name 'Stats' from 'airflow.metrics' (/home/airflow/.local/lib/python3.12/site-packages/airflow/metrics/__init__.py). Did you mean: 'stats'?
[2026-02-27T22:36:08.247+0000] {processor.py:842} WARNING - No viable dags retrieved from /opt/airflow/dags/pipeline_monitoring_demo.py
[2026-02-27T22:36:08.301+0000] {processor.py:183} INFO - Processing /opt/airflow/dags/pipeline_monitoring_demo.py took 0.106 seconds
[2026-02-27T22:36:38.606+0000] {processor.py:161} INFO - Started process (PID=1057) to work on /opt/airflow/dags/pipeline_monitoring_demo.py
[2026-02-27T22:36:38.608+0000] {processor.py:830} INFO - Processing file /opt/airflow/dags/pipeline_monitoring_demo.py for tasks to queue
[2026-02-27T22:36:38.610+0000] {logging_mixin.py:188} INFO - [2026-02-27T22:36:38.610+0000] {dagbag.py:540} INFO - Filling up the DagBag from /opt/airflow/dags/pipeline_monitoring_demo.py
[2026-02-27T22:36:38.652+0000] {logging_mixin.py:188} INFO - [2026-02-27T22:36:38.643+0000] {dagbag.py:350} ERROR - Failed to import: /opt/airflow/dags/pipeline_monitoring_demo.py
Traceback (most recent call last):
  File "/home/airflow/.local/lib/python3.12/site-packages/airflow/models/dagbag.py", line 346, in parse
    loader.exec_module(new_module)
  File "<frozen importlib._bootstrap_external>", line 995, in exec_module
  File "<frozen importlib._bootstrap>", line 488, in _call_with_frames_removed
  File "/opt/airflow/dags/pipeline_monitoring_demo.py", line 3, in <module>
    from airflow.metrics import Stats
ImportError: cannot import name 'Stats' from 'airflow.metrics' (/home/airflow/.local/lib/python3.12/site-packages/airflow/metrics/__init__.py). Did you mean: 'stats'?
[2026-02-27T22:36:38.655+0000] {processor.py:842} WARNING - No viable dags retrieved from /opt/airflow/dags/pipeline_monitoring_demo.py
[2026-02-27T22:36:38.706+0000] {processor.py:183} INFO - Processing /opt/airflow/dags/pipeline_monitoring_demo.py took 0.112 seconds
[2026-02-27T22:37:09.207+0000] {processor.py:161} INFO - Started process (PID=1065) to work on /opt/airflow/dags/pipeline_monitoring_demo.py
[2026-02-27T22:37:09.209+0000] {processor.py:830} INFO - Processing file /opt/airflow/dags/pipeline_monitoring_demo.py for tasks to queue
[2026-02-27T22:37:09.211+0000] {logging_mixin.py:188} INFO - [2026-02-27T22:37:09.210+0000] {dagbag.py:540} INFO - Filling up the DagBag from /opt/airflow/dags/pipeline_monitoring_demo.py
[2026-02-27T22:37:09.251+0000] {logging_mixin.py:188} INFO - [2026-02-27T22:37:09.242+0000] {dagbag.py:350} ERROR - Failed to import: /opt/airflow/dags/pipeline_monitoring_demo.py
Traceback (most recent call last):
  File "/home/airflow/.local/lib/python3.12/site-packages/airflow/models/dagbag.py", line 346, in parse
    loader.exec_module(new_module)
  File "<frozen importlib._bootstrap_external>", line 995, in exec_module
  File "<frozen importlib._bootstrap>", line 488, in _call_with_frames_removed
  File "/opt/airflow/dags/pipeline_monitoring_demo.py", line 3, in <module>
    from airflow.metrics import Stats
ImportError: cannot import name 'Stats' from 'airflow.metrics' (/home/airflow/.local/lib/python3.12/site-packages/airflow/metrics/__init__.py). Did you mean: 'stats'?
[2026-02-27T22:37:09.254+0000] {processor.py:842} WARNING - No viable dags retrieved from /opt/airflow/dags/pipeline_monitoring_demo.py
[2026-02-27T22:37:09.292+0000] {processor.py:183} INFO - Processing /opt/airflow/dags/pipeline_monitoring_demo.py took 0.094 seconds
[2026-02-27T22:37:39.597+0000] {processor.py:161} INFO - Started process (PID=1073) to work on /opt/airflow/dags/pipeline_monitoring_demo.py
[2026-02-27T22:37:39.599+0000] {processor.py:830} INFO - Processing file /opt/airflow/dags/pipeline_monitoring_demo.py for tasks to queue
[2026-02-27T22:37:39.602+0000] {logging_mixin.py:188} INFO - [2026-02-27T22:37:39.601+0000] {dagbag.py:540} INFO - Filling up the DagBag from /opt/airflow/dags/pipeline_monitoring_demo.py
[2026-02-27T22:37:39.637+0000] {logging_mixin.py:188} INFO - [2026-02-27T22:37:39.630+0000] {dagbag.py:350} ERROR - Failed to import: /opt/airflow/dags/pipeline_monitoring_demo.py
Traceback (most recent call last):
  File "/home/airflow/.local/lib/python3.12/site-packages/airflow/models/dagbag.py", line 346, in parse
    loader.exec_module(new_module)
  File "<frozen importlib._bootstrap_external>", line 995, in exec_module
  File "<frozen importlib._bootstrap>", line 488, in _call_with_frames_removed
  File "/opt/airflow/dags/pipeline_monitoring_demo.py", line 3, in <module>
    from airflow.metrics import Stats
ImportError: cannot import name 'Stats' from 'airflow.metrics' (/home/airflow/.local/lib/python3.12/site-packages/airflow/metrics/__init__.py). Did you mean: 'stats'?
[2026-02-27T22:37:39.640+0000] {processor.py:842} WARNING - No viable dags retrieved from /opt/airflow/dags/pipeline_monitoring_demo.py
[2026-02-27T22:37:39.692+0000] {processor.py:183} INFO - Processing /opt/airflow/dags/pipeline_monitoring_demo.py took 0.111 seconds
[2026-02-27T22:38:10.046+0000] {processor.py:161} INFO - Started process (PID=1081) to work on /opt/airflow/dags/pipeline_monitoring_demo.py
[2026-02-27T22:38:10.048+0000] {processor.py:830} INFO - Processing file /opt/airflow/dags/pipeline_monitoring_demo.py for tasks to queue
[2026-02-27T22:38:10.050+0000] {logging_mixin.py:188} INFO - [2026-02-27T22:38:10.049+0000] {dagbag.py:540} INFO - Filling up the DagBag from /opt/airflow/dags/pipeline_monitoring_demo.py
[2026-02-27T22:38:10.108+0000] {logging_mixin.py:188} INFO - [2026-02-27T22:38:10.093+0000] {dagbag.py:350} ERROR - Failed to import: /opt/airflow/dags/pipeline_monitoring_demo.py
Traceback (most recent call last):
  File "/home/airflow/.local/lib/python3.12/site-packages/airflow/models/dagbag.py", line 346, in parse
    loader.exec_module(new_module)
  File "<frozen importlib._bootstrap_external>", line 995, in exec_module
  File "<frozen importlib._bootstrap>", line 488, in _call_with_frames_removed
  File "/opt/airflow/dags/pipeline_monitoring_demo.py", line 3, in <module>
    from airflow.metrics import Stats
ImportError: cannot import name 'Stats' from 'airflow.metrics' (/home/airflow/.local/lib/python3.12/site-packages/airflow/metrics/__init__.py). Did you mean: 'stats'?
[2026-02-27T22:38:10.114+0000] {processor.py:842} WARNING - No viable dags retrieved from /opt/airflow/dags/pipeline_monitoring_demo.py
[2026-02-27T22:38:10.169+0000] {processor.py:183} INFO - Processing /opt/airflow/dags/pipeline_monitoring_demo.py took 0.137 seconds
[2026-02-27T22:38:40.588+0000] {processor.py:161} INFO - Started process (PID=1089) to work on /opt/airflow/dags/pipeline_monitoring_demo.py
[2026-02-27T22:38:40.591+0000] {processor.py:830} INFO - Processing file /opt/airflow/dags/pipeline_monitoring_demo.py for tasks to queue
[2026-02-27T22:38:40.593+0000] {logging_mixin.py:188} INFO - [2026-02-27T22:38:40.592+0000] {dagbag.py:540} INFO - Filling up the DagBag from /opt/airflow/dags/pipeline_monitoring_demo.py
[2026-02-27T22:38:40.629+0000] {logging_mixin.py:188} INFO - [2026-02-27T22:38:40.619+0000] {dagbag.py:350} ERROR - Failed to import: /opt/airflow/dags/pipeline_monitoring_demo.py
Traceback (most recent call last):
  File "/home/airflow/.local/lib/python3.12/site-packages/airflow/models/dagbag.py", line 346, in parse
    loader.exec_module(new_module)
  File "<frozen importlib._bootstrap_external>", line 995, in exec_module
  File "<frozen importlib._bootstrap>", line 488, in _call_with_frames_removed
  File "/opt/airflow/dags/pipeline_monitoring_demo.py", line 3, in <module>
    from airflow.metrics import Stats
ImportError: cannot import name 'Stats' from 'airflow.metrics' (/home/airflow/.local/lib/python3.12/site-packages/airflow/metrics/__init__.py). Did you mean: 'stats'?
[2026-02-27T22:38:40.633+0000] {processor.py:842} WARNING - No viable dags retrieved from /opt/airflow/dags/pipeline_monitoring_demo.py
[2026-02-27T22:38:40.692+0000] {processor.py:183} INFO - Processing /opt/airflow/dags/pipeline_monitoring_demo.py took 0.119 seconds
[2026-02-27T22:39:10.952+0000] {processor.py:161} INFO - Started process (PID=1097) to work on /opt/airflow/dags/pipeline_monitoring_demo.py
[2026-02-27T22:39:10.954+0000] {processor.py:830} INFO - Processing file /opt/airflow/dags/pipeline_monitoring_demo.py for tasks to queue
[2026-02-27T22:39:10.956+0000] {logging_mixin.py:188} INFO - [2026-02-27T22:39:10.956+0000] {dagbag.py:540} INFO - Filling up the DagBag from /opt/airflow/dags/pipeline_monitoring_demo.py
[2026-02-27T22:39:10.997+0000] {logging_mixin.py:188} INFO - [2026-02-27T22:39:10.988+0000] {dagbag.py:350} ERROR - Failed to import: /opt/airflow/dags/pipeline_monitoring_demo.py
Traceback (most recent call last):
  File "/home/airflow/.local/lib/python3.12/site-packages/airflow/models/dagbag.py", line 346, in parse
    loader.exec_module(new_module)
  File "<frozen importlib._bootstrap_external>", line 995, in exec_module
  File "<frozen importlib._bootstrap>", line 488, in _call_with_frames_removed
  File "/opt/airflow/dags/pipeline_monitoring_demo.py", line 3, in <module>
    from airflow.metrics import Stats
ImportError: cannot import name 'Stats' from 'airflow.metrics' (/home/airflow/.local/lib/python3.12/site-packages/airflow/metrics/__init__.py). Did you mean: 'stats'?
[2026-02-27T22:39:11.000+0000] {processor.py:842} WARNING - No viable dags retrieved from /opt/airflow/dags/pipeline_monitoring_demo.py
[2026-02-27T22:39:11.047+0000] {processor.py:183} INFO - Processing /opt/airflow/dags/pipeline_monitoring_demo.py took 0.110 seconds
[2026-02-27T22:39:41.565+0000] {processor.py:161} INFO - Started process (PID=1105) to work on /opt/airflow/dags/pipeline_monitoring_demo.py
[2026-02-27T22:39:41.568+0000] {processor.py:830} INFO - Processing file /opt/airflow/dags/pipeline_monitoring_demo.py for tasks to queue
[2026-02-27T22:39:41.572+0000] {logging_mixin.py:188} INFO - [2026-02-27T22:39:41.571+0000] {dagbag.py:540} INFO - Filling up the DagBag from /opt/airflow/dags/pipeline_monitoring_demo.py
[2026-02-27T22:39:41.613+0000] {logging_mixin.py:188} INFO - [2026-02-27T22:39:41.603+0000] {dagbag.py:350} ERROR - Failed to import: /opt/airflow/dags/pipeline_monitoring_demo.py
Traceback (most recent call last):
  File "/home/airflow/.local/lib/python3.12/site-packages/airflow/models/dagbag.py", line 346, in parse
    loader.exec_module(new_module)
  File "<frozen importlib._bootstrap_external>", line 995, in exec_module
  File "<frozen importlib._bootstrap>", line 488, in _call_with_frames_removed
  File "/opt/airflow/dags/pipeline_monitoring_demo.py", line 3, in <module>
    from airflow.metrics import Stats
ImportError: cannot import name 'Stats' from 'airflow.metrics' (/home/airflow/.local/lib/python3.12/site-packages/airflow/metrics/__init__.py). Did you mean: 'stats'?
[2026-02-27T22:39:41.616+0000] {processor.py:842} WARNING - No viable dags retrieved from /opt/airflow/dags/pipeline_monitoring_demo.py
[2026-02-27T22:39:41.669+0000] {processor.py:183} INFO - Processing /opt/airflow/dags/pipeline_monitoring_demo.py took 0.119 seconds
[2026-02-27T22:40:12.168+0000] {processor.py:161} INFO - Started process (PID=1113) to work on /opt/airflow/dags/pipeline_monitoring_demo.py
[2026-02-27T22:40:12.171+0000] {processor.py:830} INFO - Processing file /opt/airflow/dags/pipeline_monitoring_demo.py for tasks to queue
[2026-02-27T22:40:12.173+0000] {logging_mixin.py:188} INFO - [2026-02-27T22:40:12.172+0000] {dagbag.py:540} INFO - Filling up the DagBag from /opt/airflow/dags/pipeline_monitoring_demo.py
[2026-02-27T22:40:12.210+0000] {logging_mixin.py:188} INFO - [2026-02-27T22:40:12.201+0000] {dagbag.py:350} ERROR - Failed to import: /opt/airflow/dags/pipeline_monitoring_demo.py
Traceback (most recent call last):
  File "/home/airflow/.local/lib/python3.12/site-packages/airflow/models/dagbag.py", line 346, in parse
    loader.exec_module(new_module)
  File "<frozen importlib._bootstrap_external>", line 995, in exec_module
  File "<frozen importlib._bootstrap>", line 488, in _call_with_frames_removed
  File "/opt/airflow/dags/pipeline_monitoring_demo.py", line 3, in <module>
    from airflow.metrics import Stats
ImportError: cannot import name 'Stats' from 'airflow.metrics' (/home/airflow/.local/lib/python3.12/site-packages/airflow/metrics/__init__.py). Did you mean: 'stats'?
[2026-02-27T22:40:12.214+0000] {processor.py:842} WARNING - No viable dags retrieved from /opt/airflow/dags/pipeline_monitoring_demo.py
[2026-02-27T22:40:12.260+0000] {processor.py:183} INFO - Processing /opt/airflow/dags/pipeline_monitoring_demo.py took 0.106 seconds
[2026-02-27T22:40:42.712+0000] {processor.py:161} INFO - Started process (PID=1121) to work on /opt/airflow/dags/pipeline_monitoring_demo.py
[2026-02-27T22:40:42.718+0000] {processor.py:830} INFO - Processing file /opt/airflow/dags/pipeline_monitoring_demo.py for tasks to queue
[2026-02-27T22:40:42.720+0000] {logging_mixin.py:188} INFO - [2026-02-27T22:40:42.720+0000] {dagbag.py:540} INFO - Filling up the DagBag from /opt/airflow/dags/pipeline_monitoring_demo.py
[2026-02-27T22:40:42.753+0000] {logging_mixin.py:188} INFO - [2026-02-27T22:40:42.744+0000] {dagbag.py:350} ERROR - Failed to import: /opt/airflow/dags/pipeline_monitoring_demo.py
Traceback (most recent call last):
  File "/home/airflow/.local/lib/python3.12/site-packages/airflow/models/dagbag.py", line 346, in parse
    loader.exec_module(new_module)
  File "<frozen importlib._bootstrap_external>", line 995, in exec_module
  File "<frozen importlib._bootstrap>", line 488, in _call_with_frames_removed
  File "/opt/airflow/dags/pipeline_monitoring_demo.py", line 3, in <module>
    from airflow.metrics import Stats
ImportError: cannot import name 'Stats' from 'airflow.metrics' (/home/airflow/.local/lib/python3.12/site-packages/airflow/metrics/__init__.py). Did you mean: 'stats'?
[2026-02-27T22:40:42.756+0000] {processor.py:842} WARNING - No viable dags retrieved from /opt/airflow/dags/pipeline_monitoring_demo.py
[2026-02-27T22:40:42.797+0000] {processor.py:183} INFO - Processing /opt/airflow/dags/pipeline_monitoring_demo.py took 0.106 seconds
[2026-02-27T22:41:13.328+0000] {processor.py:161} INFO - Started process (PID=1129) to work on /opt/airflow/dags/pipeline_monitoring_demo.py
[2026-02-27T22:41:13.330+0000] {processor.py:830} INFO - Processing file /opt/airflow/dags/pipeline_monitoring_demo.py for tasks to queue
[2026-02-27T22:41:13.332+0000] {logging_mixin.py:188} INFO - [2026-02-27T22:41:13.331+0000] {dagbag.py:540} INFO - Filling up the DagBag from /opt/airflow/dags/pipeline_monitoring_demo.py
[2026-02-27T22:41:13.373+0000] {logging_mixin.py:188} INFO - [2026-02-27T22:41:13.362+0000] {dagbag.py:350} ERROR - Failed to import: /opt/airflow/dags/pipeline_monitoring_demo.py
Traceback (most recent call last):
  File "/home/airflow/.local/lib/python3.12/site-packages/airflow/models/dagbag.py", line 346, in parse
    loader.exec_module(new_module)
  File "<frozen importlib._bootstrap_external>", line 995, in exec_module
  File "<frozen importlib._bootstrap>", line 488, in _call_with_frames_removed
  File "/opt/airflow/dags/pipeline_monitoring_demo.py", line 3, in <module>
    from airflow.metrics import Stats
ImportError: cannot import name 'Stats' from 'airflow.metrics' (/home/airflow/.local/lib/python3.12/site-packages/airflow/metrics/__init__.py). Did you mean: 'stats'?
[2026-02-27T22:41:13.376+0000] {processor.py:842} WARNING - No viable dags retrieved from /opt/airflow/dags/pipeline_monitoring_demo.py
[2026-02-27T22:41:13.417+0000] {processor.py:183} INFO - Processing /opt/airflow/dags/pipeline_monitoring_demo.py took 0.104 seconds
[2026-02-27T22:41:44.443+0000] {processor.py:161} INFO - Started process (PID=1138) to work on /opt/airflow/dags/pipeline_monitoring_demo.py
[2026-02-27T22:41:44.445+0000] {processor.py:830} INFO - Processing file /opt/airflow/dags/pipeline_monitoring_demo.py for tasks to queue
[2026-02-27T22:41:44.447+0000] {logging_mixin.py:188} INFO - [2026-02-27T22:41:44.447+0000] {dagbag.py:540} INFO - Filling up the DagBag from /opt/airflow/dags/pipeline_monitoring_demo.py
[2026-02-27T22:41:44.491+0000] {logging_mixin.py:188} INFO - [2026-02-27T22:41:44.482+0000] {dagbag.py:350} ERROR - Failed to import: /opt/airflow/dags/pipeline_monitoring_demo.py
Traceback (most recent call last):
  File "/home/airflow/.local/lib/python3.12/site-packages/airflow/models/dagbag.py", line 346, in parse
    loader.exec_module(new_module)
  File "<frozen importlib._bootstrap_external>", line 995, in exec_module
  File "<frozen importlib._bootstrap>", line 488, in _call_with_frames_removed
  File "/opt/airflow/dags/pipeline_monitoring_demo.py", line 3, in <module>
    from airflow.metrics import Stats
ImportError: cannot import name 'Stats' from 'airflow.metrics' (/home/airflow/.local/lib/python3.12/site-packages/airflow/metrics/__init__.py). Did you mean: 'stats'?
[2026-02-27T22:41:44.493+0000] {processor.py:842} WARNING - No viable dags retrieved from /opt/airflow/dags/pipeline_monitoring_demo.py
[2026-02-27T22:41:44.535+0000] {processor.py:183} INFO - Processing /opt/airflow/dags/pipeline_monitoring_demo.py took 0.109 seconds
[2026-02-27T22:42:15.330+0000] {processor.py:161} INFO - Started process (PID=1147) to work on /opt/airflow/dags/pipeline_monitoring_demo.py
[2026-02-27T22:42:15.332+0000] {processor.py:830} INFO - Processing file /opt/airflow/dags/pipeline_monitoring_demo.py for tasks to queue
[2026-02-27T22:42:15.334+0000] {logging_mixin.py:188} INFO - [2026-02-27T22:42:15.334+0000] {dagbag.py:540} INFO - Filling up the DagBag from /opt/airflow/dags/pipeline_monitoring_demo.py
[2026-02-27T22:42:15.379+0000] {logging_mixin.py:188} INFO - [2026-02-27T22:42:15.368+0000] {dagbag.py:350} ERROR - Failed to import: /opt/airflow/dags/pipeline_monitoring_demo.py
Traceback (most recent call last):
  File "/home/airflow/.local/lib/python3.12/site-packages/airflow/models/dagbag.py", line 346, in parse
    loader.exec_module(new_module)
  File "<frozen importlib._bootstrap_external>", line 995, in exec_module
  File "<frozen importlib._bootstrap>", line 488, in _call_with_frames_removed
  File "/opt/airflow/dags/pipeline_monitoring_demo.py", line 3, in <module>
    from airflow.metrics import Stats
ImportError: cannot import name 'Stats' from 'airflow.metrics' (/home/airflow/.local/lib/python3.12/site-packages/airflow/metrics/__init__.py). Did you mean: 'stats'?
[2026-02-27T22:42:15.384+0000] {processor.py:842} WARNING - No viable dags retrieved from /opt/airflow/dags/pipeline_monitoring_demo.py
[2026-02-27T22:42:15.422+0000] {processor.py:183} INFO - Processing /opt/airflow/dags/pipeline_monitoring_demo.py took 0.104 seconds
[2026-02-27T22:42:46.338+0000] {processor.py:161} INFO - Started process (PID=1156) to work on /opt/airflow/dags/pipeline_monitoring_demo.py
[2026-02-27T22:42:46.339+0000] {processor.py:830} INFO - Processing file /opt/airflow/dags/pipeline_monitoring_demo.py for tasks to queue
[2026-02-27T22:42:46.342+0000] {logging_mixin.py:188} INFO - [2026-02-27T22:42:46.341+0000] {dagbag.py:540} INFO - Filling up the DagBag from /opt/airflow/dags/pipeline_monitoring_demo.py
[2026-02-27T22:42:46.379+0000] {logging_mixin.py:188} INFO - [2026-02-27T22:42:46.370+0000] {dagbag.py:350} ERROR - Failed to import: /opt/airflow/dags/pipeline_monitoring_demo.py
Traceback (most recent call last):
  File "/home/airflow/.local/lib/python3.12/site-packages/airflow/models/dagbag.py", line 346, in parse
    loader.exec_module(new_module)
  File "<frozen importlib._bootstrap_external>", line 995, in exec_module
  File "<frozen importlib._bootstrap>", line 488, in _call_with_frames_removed
  File "/opt/airflow/dags/pipeline_monitoring_demo.py", line 3, in <module>
    from airflow.metrics import Stats
ImportError: cannot import name 'Stats' from 'airflow.metrics' (/home/airflow/.local/lib/python3.12/site-packages/airflow/metrics/__init__.py). Did you mean: 'stats'?
[2026-02-27T22:42:46.382+0000] {processor.py:842} WARNING - No viable dags retrieved from /opt/airflow/dags/pipeline_monitoring_demo.py
[2026-02-27T22:42:46.413+0000] {processor.py:183} INFO - Processing /opt/airflow/dags/pipeline_monitoring_demo.py took 0.086 seconds
[2026-02-27T22:43:17.009+0000] {processor.py:161} INFO - Started process (PID=1165) to work on /opt/airflow/dags/pipeline_monitoring_demo.py
[2026-02-27T22:43:17.011+0000] {processor.py:830} INFO - Processing file /opt/airflow/dags/pipeline_monitoring_demo.py for tasks to queue
[2026-02-27T22:43:17.012+0000] {logging_mixin.py:188} INFO - [2026-02-27T22:43:17.012+0000] {dagbag.py:540} INFO - Filling up the DagBag from /opt/airflow/dags/pipeline_monitoring_demo.py
[2026-02-27T22:43:17.050+0000] {logging_mixin.py:188} INFO - [2026-02-27T22:43:17.040+0000] {dagbag.py:350} ERROR - Failed to import: /opt/airflow/dags/pipeline_monitoring_demo.py
Traceback (most recent call last):
  File "/home/airflow/.local/lib/python3.12/site-packages/airflow/models/dagbag.py", line 346, in parse
    loader.exec_module(new_module)
  File "<frozen importlib._bootstrap_external>", line 995, in exec_module
  File "<frozen importlib._bootstrap>", line 488, in _call_with_frames_removed
  File "/opt/airflow/dags/pipeline_monitoring_demo.py", line 3, in <module>
    from airflow.metrics import Stats
ImportError: cannot import name 'Stats' from 'airflow.metrics' (/home/airflow/.local/lib/python3.12/site-packages/airflow/metrics/__init__.py). Did you mean: 'stats'?
[2026-02-27T22:43:17.054+0000] {processor.py:842} WARNING - No viable dags retrieved from /opt/airflow/dags/pipeline_monitoring_demo.py
[2026-02-27T22:43:17.098+0000] {processor.py:183} INFO - Processing /opt/airflow/dags/pipeline_monitoring_demo.py took 0.100 seconds
[2026-02-27T22:43:47.780+0000] {processor.py:161} INFO - Started process (PID=1174) to work on /opt/airflow/dags/pipeline_monitoring_demo.py
[2026-02-27T22:43:47.782+0000] {processor.py:830} INFO - Processing file /opt/airflow/dags/pipeline_monitoring_demo.py for tasks to queue
[2026-02-27T22:43:47.785+0000] {logging_mixin.py:188} INFO - [2026-02-27T22:43:47.784+0000] {dagbag.py:540} INFO - Filling up the DagBag from /opt/airflow/dags/pipeline_monitoring_demo.py
[2026-02-27T22:43:47.826+0000] {logging_mixin.py:188} INFO - [2026-02-27T22:43:47.816+0000] {dagbag.py:350} ERROR - Failed to import: /opt/airflow/dags/pipeline_monitoring_demo.py
Traceback (most recent call last):
  File "/home/airflow/.local/lib/python3.12/site-packages/airflow/models/dagbag.py", line 346, in parse
    loader.exec_module(new_module)
  File "<frozen importlib._bootstrap_external>", line 995, in exec_module
  File "<frozen importlib._bootstrap>", line 488, in _call_with_frames_removed
  File "/opt/airflow/dags/pipeline_monitoring_demo.py", line 3, in <module>
    from airflow.metrics import Stats
ImportError: cannot import name 'Stats' from 'airflow.metrics' (/home/airflow/.local/lib/python3.12/site-packages/airflow/metrics/__init__.py). Did you mean: 'stats'?
[2026-02-27T22:43:47.829+0000] {processor.py:842} WARNING - No viable dags retrieved from /opt/airflow/dags/pipeline_monitoring_demo.py
[2026-02-27T22:43:47.875+0000] {processor.py:183} INFO - Processing /opt/airflow/dags/pipeline_monitoring_demo.py took 0.106 seconds
[2026-02-27T22:44:18.705+0000] {processor.py:161} INFO - Started process (PID=1183) to work on /opt/airflow/dags/pipeline_monitoring_demo.py
[2026-02-27T22:44:18.706+0000] {processor.py:830} INFO - Processing file /opt/airflow/dags/pipeline_monitoring_demo.py for tasks to queue
[2026-02-27T22:44:18.708+0000] {logging_mixin.py:188} INFO - [2026-02-27T22:44:18.708+0000] {dagbag.py:540} INFO - Filling up the DagBag from /opt/airflow/dags/pipeline_monitoring_demo.py
[2026-02-27T22:44:18.743+0000] {logging_mixin.py:188} INFO - [2026-02-27T22:44:18.733+0000] {dagbag.py:350} ERROR - Failed to import: /opt/airflow/dags/pipeline_monitoring_demo.py
Traceback (most recent call last):
  File "/home/airflow/.local/lib/python3.12/site-packages/airflow/models/dagbag.py", line 346, in parse
    loader.exec_module(new_module)
  File "<frozen importlib._bootstrap_external>", line 995, in exec_module
  File "<frozen importlib._bootstrap>", line 488, in _call_with_frames_removed
  File "/opt/airflow/dags/pipeline_monitoring_demo.py", line 3, in <module>
    from airflow.metrics import Stats
ImportError: cannot import name 'Stats' from 'airflow.metrics' (/home/airflow/.local/lib/python3.12/site-packages/airflow/metrics/__init__.py). Did you mean: 'stats'?
[2026-02-27T22:44:18.747+0000] {processor.py:842} WARNING - No viable dags retrieved from /opt/airflow/dags/pipeline_monitoring_demo.py
[2026-02-27T22:44:18.780+0000] {processor.py:183} INFO - Processing /opt/airflow/dags/pipeline_monitoring_demo.py took 0.086 seconds
[2026-02-27T22:44:49.507+0000] {processor.py:161} INFO - Started process (PID=1192) to work on /opt/airflow/dags/pipeline_monitoring_demo.py
[2026-02-27T22:44:49.509+0000] {processor.py:830} INFO - Processing file /opt/airflow/dags/pipeline_monitoring_demo.py for tasks to queue
[2026-02-27T22:44:49.511+0000] {logging_mixin.py:188} INFO - [2026-02-27T22:44:49.511+0000] {dagbag.py:540} INFO - Filling up the DagBag from /opt/airflow/dags/pipeline_monitoring_demo.py
[2026-02-27T22:44:49.564+0000] {logging_mixin.py:188} INFO - [2026-02-27T22:44:49.551+0000] {dagbag.py:350} ERROR - Failed to import: /opt/airflow/dags/pipeline_monitoring_demo.py
Traceback (most recent call last):
  File "/home/airflow/.local/lib/python3.12/site-packages/airflow/models/dagbag.py", line 346, in parse
    loader.exec_module(new_module)
  File "<frozen importlib._bootstrap_external>", line 995, in exec_module
  File "<frozen importlib._bootstrap>", line 488, in _call_with_frames_removed
  File "/opt/airflow/dags/pipeline_monitoring_demo.py", line 3, in <module>
    from airflow.metrics import Stats
ImportError: cannot import name 'Stats' from 'airflow.metrics' (/home/airflow/.local/lib/python3.12/site-packages/airflow/metrics/__init__.py). Did you mean: 'stats'?
[2026-02-27T22:44:49.568+0000] {processor.py:842} WARNING - No viable dags retrieved from /opt/airflow/dags/pipeline_monitoring_demo.py
[2026-02-27T22:44:49.621+0000] {processor.py:183} INFO - Processing /opt/airflow/dags/pipeline_monitoring_demo.py took 0.124 seconds
[2026-02-27T22:45:20.160+0000] {processor.py:161} INFO - Started process (PID=1201) to work on /opt/airflow/dags/pipeline_monitoring_demo.py
[2026-02-27T22:45:20.162+0000] {processor.py:830} INFO - Processing file /opt/airflow/dags/pipeline_monitoring_demo.py for tasks to queue
[2026-02-27T22:45:20.163+0000] {logging_mixin.py:188} INFO - [2026-02-27T22:45:20.163+0000] {dagbag.py:540} INFO - Filling up the DagBag from /opt/airflow/dags/pipeline_monitoring_demo.py
[2026-02-27T22:45:20.196+0000] {logging_mixin.py:188} INFO - [2026-02-27T22:45:20.191+0000] {dagbag.py:350} ERROR - Failed to import: /opt/airflow/dags/pipeline_monitoring_demo.py
Traceback (most recent call last):
  File "/home/airflow/.local/lib/python3.12/site-packages/airflow/models/dagbag.py", line 346, in parse
    loader.exec_module(new_module)
  File "<frozen importlib._bootstrap_external>", line 995, in exec_module
  File "<frozen importlib._bootstrap>", line 488, in _call_with_frames_removed
  File "/opt/airflow/dags/pipeline_monitoring_demo.py", line 3, in <module>
    from airflow.metrics import Stats
ImportError: cannot import name 'Stats' from 'airflow.metrics' (/home/airflow/.local/lib/python3.12/site-packages/airflow/metrics/__init__.py). Did you mean: 'stats'?
[2026-02-27T22:45:20.199+0000] {processor.py:842} WARNING - No viable dags retrieved from /opt/airflow/dags/pipeline_monitoring_demo.py
[2026-02-27T22:45:20.235+0000] {processor.py:183} INFO - Processing /opt/airflow/dags/pipeline_monitoring_demo.py took 0.083 seconds
[2026-02-27T22:45:50.966+0000] {processor.py:161} INFO - Started process (PID=1210) to work on /opt/airflow/dags/pipeline_monitoring_demo.py
[2026-02-27T22:45:50.968+0000] {processor.py:830} INFO - Processing file /opt/airflow/dags/pipeline_monitoring_demo.py for tasks to queue
[2026-02-27T22:45:50.970+0000] {logging_mixin.py:188} INFO - [2026-02-27T22:45:50.970+0000] {dagbag.py:540} INFO - Filling up the DagBag from /opt/airflow/dags/pipeline_monitoring_demo.py
[2026-02-27T22:45:51.006+0000] {logging_mixin.py:188} INFO - [2026-02-27T22:45:50.996+0000] {dagbag.py:350} ERROR - Failed to import: /opt/airflow/dags/pipeline_monitoring_demo.py
Traceback (most recent call last):
  File "/home/airflow/.local/lib/python3.12/site-packages/airflow/models/dagbag.py", line 346, in parse
    loader.exec_module(new_module)
  File "<frozen importlib._bootstrap_external>", line 995, in exec_module
  File "<frozen importlib._bootstrap>", line 488, in _call_with_frames_removed
  File "/opt/airflow/dags/pipeline_monitoring_demo.py", line 3, in <module>
    from airflow.metrics import Stats
ImportError: cannot import name 'Stats' from 'airflow.metrics' (/home/airflow/.local/lib/python3.12/site-packages/airflow/metrics/__init__.py). Did you mean: 'stats'?
[2026-02-27T22:45:51.009+0000] {processor.py:842} WARNING - No viable dags retrieved from /opt/airflow/dags/pipeline_monitoring_demo.py
[2026-02-27T22:45:51.044+0000] {processor.py:183} INFO - Processing /opt/airflow/dags/pipeline_monitoring_demo.py took 0.089 seconds
[2026-02-27T22:46:21.661+0000] {processor.py:161} INFO - Started process (PID=1219) to work on /opt/airflow/dags/pipeline_monitoring_demo.py
[2026-02-27T22:46:21.663+0000] {processor.py:830} INFO - Processing file /opt/airflow/dags/pipeline_monitoring_demo.py for tasks to queue
[2026-02-27T22:46:21.666+0000] {logging_mixin.py:188} INFO - [2026-02-27T22:46:21.665+0000] {dagbag.py:540} INFO - Filling up the DagBag from /opt/airflow/dags/pipeline_monitoring_demo.py
[2026-02-27T22:46:21.715+0000] {logging_mixin.py:188} INFO - [2026-02-27T22:46:21.703+0000] {dagbag.py:350} ERROR - Failed to import: /opt/airflow/dags/pipeline_monitoring_demo.py
Traceback (most recent call last):
  File "/home/airflow/.local/lib/python3.12/site-packages/airflow/models/dagbag.py", line 346, in parse
    loader.exec_module(new_module)
  File "<frozen importlib._bootstrap_external>", line 995, in exec_module
  File "<frozen importlib._bootstrap>", line 488, in _call_with_frames_removed
  File "/opt/airflow/dags/pipeline_monitoring_demo.py", line 3, in <module>
    from airflow.metrics import Stats
ImportError: cannot import name 'Stats' from 'airflow.metrics' (/home/airflow/.local/lib/python3.12/site-packages/airflow/metrics/__init__.py). Did you mean: 'stats'?
[2026-02-27T22:46:21.719+0000] {processor.py:842} WARNING - No viable dags retrieved from /opt/airflow/dags/pipeline_monitoring_demo.py
[2026-02-27T22:46:21.762+0000] {processor.py:183} INFO - Processing /opt/airflow/dags/pipeline_monitoring_demo.py took 0.110 seconds
[2026-02-27T22:46:52.115+0000] {processor.py:161} INFO - Started process (PID=1228) to work on /opt/airflow/dags/pipeline_monitoring_demo.py
[2026-02-27T22:46:52.117+0000] {processor.py:830} INFO - Processing file /opt/airflow/dags/pipeline_monitoring_demo.py for tasks to queue
[2026-02-27T22:46:52.118+0000] {logging_mixin.py:188} INFO - [2026-02-27T22:46:52.118+0000] {dagbag.py:540} INFO - Filling up the DagBag from /opt/airflow/dags/pipeline_monitoring_demo.py
[2026-02-27T22:46:52.163+0000] {logging_mixin.py:188} INFO - [2026-02-27T22:46:52.152+0000] {dagbag.py:350} ERROR - Failed to import: /opt/airflow/dags/pipeline_monitoring_demo.py
Traceback (most recent call last):
  File "/home/airflow/.local/lib/python3.12/site-packages/airflow/models/dagbag.py", line 346, in parse
    loader.exec_module(new_module)
  File "<frozen importlib._bootstrap_external>", line 995, in exec_module
  File "<frozen importlib._bootstrap>", line 488, in _call_with_frames_removed
  File "/opt/airflow/dags/pipeline_monitoring_demo.py", line 3, in <module>
    from airflow.metrics import Stats
ImportError: cannot import name 'Stats' from 'airflow.metrics' (/home/airflow/.local/lib/python3.12/site-packages/airflow/metrics/__init__.py). Did you mean: 'stats'?
[2026-02-27T22:46:52.167+0000] {processor.py:842} WARNING - No viable dags retrieved from /opt/airflow/dags/pipeline_monitoring_demo.py
[2026-02-27T22:46:52.207+0000] {processor.py:183} INFO - Processing /opt/airflow/dags/pipeline_monitoring_demo.py took 0.103 seconds
[2026-02-27T22:47:23.106+0000] {processor.py:161} INFO - Started process (PID=1237) to work on /opt/airflow/dags/pipeline_monitoring_demo.py
[2026-02-27T22:47:23.108+0000] {processor.py:830} INFO - Processing file /opt/airflow/dags/pipeline_monitoring_demo.py for tasks to queue
[2026-02-27T22:47:23.109+0000] {logging_mixin.py:188} INFO - [2026-02-27T22:47:23.109+0000] {dagbag.py:540} INFO - Filling up the DagBag from /opt/airflow/dags/pipeline_monitoring_demo.py
[2026-02-27T22:47:23.161+0000] {logging_mixin.py:188} INFO - [2026-02-27T22:47:23.148+0000] {dagbag.py:350} ERROR - Failed to import: /opt/airflow/dags/pipeline_monitoring_demo.py
Traceback (most recent call last):
  File "/home/airflow/.local/lib/python3.12/site-packages/airflow/models/dagbag.py", line 346, in parse
    loader.exec_module(new_module)
  File "<frozen importlib._bootstrap_external>", line 995, in exec_module
  File "<frozen importlib._bootstrap>", line 488, in _call_with_frames_removed
  File "/opt/airflow/dags/pipeline_monitoring_demo.py", line 3, in <module>
    from airflow.metrics import Stats
ImportError: cannot import name 'Stats' from 'airflow.metrics' (/home/airflow/.local/lib/python3.12/site-packages/airflow/metrics/__init__.py). Did you mean: 'stats'?
[2026-02-27T22:47:23.165+0000] {processor.py:842} WARNING - No viable dags retrieved from /opt/airflow/dags/pipeline_monitoring_demo.py
[2026-02-27T22:47:23.203+0000] {processor.py:183} INFO - Processing /opt/airflow/dags/pipeline_monitoring_demo.py took 0.109 seconds
[2026-02-27T22:47:54.150+0000] {processor.py:161} INFO - Started process (PID=1246) to work on /opt/airflow/dags/pipeline_monitoring_demo.py
[2026-02-27T22:47:54.152+0000] {processor.py:830} INFO - Processing file /opt/airflow/dags/pipeline_monitoring_demo.py for tasks to queue
[2026-02-27T22:47:54.154+0000] {logging_mixin.py:188} INFO - [2026-02-27T22:47:54.153+0000] {dagbag.py:540} INFO - Filling up the DagBag from /opt/airflow/dags/pipeline_monitoring_demo.py
[2026-02-27T22:47:54.200+0000] {logging_mixin.py:188} INFO - [2026-02-27T22:47:54.189+0000] {dagbag.py:350} ERROR - Failed to import: /opt/airflow/dags/pipeline_monitoring_demo.py
Traceback (most recent call last):
  File "/home/airflow/.local/lib/python3.12/site-packages/airflow/models/dagbag.py", line 346, in parse
    loader.exec_module(new_module)
  File "<frozen importlib._bootstrap_external>", line 995, in exec_module
  File "<frozen importlib._bootstrap>", line 488, in _call_with_frames_removed
  File "/opt/airflow/dags/pipeline_monitoring_demo.py", line 3, in <module>
    from airflow.metrics import Stats
ImportError: cannot import name 'Stats' from 'airflow.metrics' (/home/airflow/.local/lib/python3.12/site-packages/airflow/metrics/__init__.py). Did you mean: 'stats'?
[2026-02-27T22:47:54.206+0000] {processor.py:842} WARNING - No viable dags retrieved from /opt/airflow/dags/pipeline_monitoring_demo.py
[2026-02-27T22:47:54.248+0000] {processor.py:183} INFO - Processing /opt/airflow/dags/pipeline_monitoring_demo.py took 0.108 seconds
[2026-02-27T22:48:25.125+0000] {processor.py:161} INFO - Started process (PID=1255) to work on /opt/airflow/dags/pipeline_monitoring_demo.py
[2026-02-27T22:48:25.127+0000] {processor.py:830} INFO - Processing file /opt/airflow/dags/pipeline_monitoring_demo.py for tasks to queue
[2026-02-27T22:48:25.129+0000] {logging_mixin.py:188} INFO - [2026-02-27T22:48:25.128+0000] {dagbag.py:540} INFO - Filling up the DagBag from /opt/airflow/dags/pipeline_monitoring_demo.py
[2026-02-27T22:48:25.173+0000] {logging_mixin.py:188} INFO - [2026-02-27T22:48:25.164+0000] {dagbag.py:350} ERROR - Failed to import: /opt/airflow/dags/pipeline_monitoring_demo.py
Traceback (most recent call last):
  File "/home/airflow/.local/lib/python3.12/site-packages/airflow/models/dagbag.py", line 346, in parse
    loader.exec_module(new_module)
  File "<frozen importlib._bootstrap_external>", line 995, in exec_module
  File "<frozen importlib._bootstrap>", line 488, in _call_with_frames_removed
  File "/opt/airflow/dags/pipeline_monitoring_demo.py", line 3, in <module>
    from airflow.metrics import Stats
ImportError: cannot import name 'Stats' from 'airflow.metrics' (/home/airflow/.local/lib/python3.12/site-packages/airflow/metrics/__init__.py). Did you mean: 'stats'?
[2026-02-27T22:48:25.177+0000] {processor.py:842} WARNING - No viable dags retrieved from /opt/airflow/dags/pipeline_monitoring_demo.py
[2026-02-27T22:48:25.214+0000] {processor.py:183} INFO - Processing /opt/airflow/dags/pipeline_monitoring_demo.py took 0.100 seconds
[2026-02-27T22:48:55.941+0000] {processor.py:161} INFO - Started process (PID=1264) to work on /opt/airflow/dags/pipeline_monitoring_demo.py
[2026-02-27T22:48:55.943+0000] {processor.py:830} INFO - Processing file /opt/airflow/dags/pipeline_monitoring_demo.py for tasks to queue
[2026-02-27T22:48:55.945+0000] {logging_mixin.py:188} INFO - [2026-02-27T22:48:55.944+0000] {dagbag.py:540} INFO - Filling up the DagBag from /opt/airflow/dags/pipeline_monitoring_demo.py
[2026-02-27T22:48:55.986+0000] {logging_mixin.py:188} INFO - [2026-02-27T22:48:55.976+0000] {dagbag.py:350} ERROR - Failed to import: /opt/airflow/dags/pipeline_monitoring_demo.py
Traceback (most recent call last):
  File "/home/airflow/.local/lib/python3.12/site-packages/airflow/models/dagbag.py", line 346, in parse
    loader.exec_module(new_module)
  File "<frozen importlib._bootstrap_external>", line 995, in exec_module
  File "<frozen importlib._bootstrap>", line 488, in _call_with_frames_removed
  File "/opt/airflow/dags/pipeline_monitoring_demo.py", line 3, in <module>
    from airflow.metrics import Stats
ImportError: cannot import name 'Stats' from 'airflow.metrics' (/home/airflow/.local/lib/python3.12/site-packages/airflow/metrics/__init__.py). Did you mean: 'stats'?
[2026-02-27T22:48:55.990+0000] {processor.py:842} WARNING - No viable dags retrieved from /opt/airflow/dags/pipeline_monitoring_demo.py
[2026-02-27T22:48:56.035+0000] {processor.py:183} INFO - Processing /opt/airflow/dags/pipeline_monitoring_demo.py took 0.105 seconds
[2026-02-27T22:49:26.926+0000] {processor.py:161} INFO - Started process (PID=1273) to work on /opt/airflow/dags/pipeline_monitoring_demo.py
[2026-02-27T22:49:26.928+0000] {processor.py:830} INFO - Processing file /opt/airflow/dags/pipeline_monitoring_demo.py for tasks to queue
[2026-02-27T22:49:26.931+0000] {logging_mixin.py:188} INFO - [2026-02-27T22:49:26.930+0000] {dagbag.py:540} INFO - Filling up the DagBag from /opt/airflow/dags/pipeline_monitoring_demo.py
[2026-02-27T22:49:26.995+0000] {logging_mixin.py:188} INFO - [2026-02-27T22:49:26.975+0000] {dagbag.py:350} ERROR - Failed to import: /opt/airflow/dags/pipeline_monitoring_demo.py
Traceback (most recent call last):
  File "/home/airflow/.local/lib/python3.12/site-packages/airflow/models/dagbag.py", line 346, in parse
    loader.exec_module(new_module)
  File "<frozen importlib._bootstrap_external>", line 995, in exec_module
  File "<frozen importlib._bootstrap>", line 488, in _call_with_frames_removed
  File "/opt/airflow/dags/pipeline_monitoring_demo.py", line 3, in <module>
    from airflow.metrics import Stats
ImportError: cannot import name 'Stats' from 'airflow.metrics' (/home/airflow/.local/lib/python3.12/site-packages/airflow/metrics/__init__.py). Did you mean: 'stats'?
[2026-02-27T22:49:27.002+0000] {processor.py:842} WARNING - No viable dags retrieved from /opt/airflow/dags/pipeline_monitoring_demo.py
[2026-02-27T22:49:27.073+0000] {processor.py:183} INFO - Processing /opt/airflow/dags/pipeline_monitoring_demo.py took 0.155 seconds
[2026-02-27T22:49:57.915+0000] {processor.py:161} INFO - Started process (PID=1282) to work on /opt/airflow/dags/pipeline_monitoring_demo.py
[2026-02-27T22:49:57.916+0000] {processor.py:830} INFO - Processing file /opt/airflow/dags/pipeline_monitoring_demo.py for tasks to queue
[2026-02-27T22:49:57.918+0000] {logging_mixin.py:188} INFO - [2026-02-27T22:49:57.918+0000] {dagbag.py:540} INFO - Filling up the DagBag from /opt/airflow/dags/pipeline_monitoring_demo.py
[2026-02-27T22:49:57.970+0000] {logging_mixin.py:188} INFO - [2026-02-27T22:49:57.959+0000] {dagbag.py:350} ERROR - Failed to import: /opt/airflow/dags/pipeline_monitoring_demo.py
Traceback (most recent call last):
  File "/home/airflow/.local/lib/python3.12/site-packages/airflow/models/dagbag.py", line 346, in parse
    loader.exec_module(new_module)
  File "<frozen importlib._bootstrap_external>", line 995, in exec_module
  File "<frozen importlib._bootstrap>", line 488, in _call_with_frames_removed
  File "/opt/airflow/dags/pipeline_monitoring_demo.py", line 3, in <module>
    from airflow.metrics import Stats
ImportError: cannot import name 'Stats' from 'airflow.metrics' (/home/airflow/.local/lib/python3.12/site-packages/airflow/metrics/__init__.py). Did you mean: 'stats'?
[2026-02-27T22:49:57.973+0000] {processor.py:842} WARNING - No viable dags retrieved from /opt/airflow/dags/pipeline_monitoring_demo.py
[2026-02-27T22:49:58.019+0000] {processor.py:183} INFO - Processing /opt/airflow/dags/pipeline_monitoring_demo.py took 0.114 seconds
[2026-02-27T22:50:28.841+0000] {processor.py:161} INFO - Started process (PID=1291) to work on /opt/airflow/dags/pipeline_monitoring_demo.py
[2026-02-27T22:50:28.842+0000] {processor.py:830} INFO - Processing file /opt/airflow/dags/pipeline_monitoring_demo.py for tasks to queue
[2026-02-27T22:50:28.844+0000] {logging_mixin.py:188} INFO - [2026-02-27T22:50:28.844+0000] {dagbag.py:540} INFO - Filling up the DagBag from /opt/airflow/dags/pipeline_monitoring_demo.py
[2026-02-27T22:50:28.872+0000] {logging_mixin.py:188} INFO - [2026-02-27T22:50:28.864+0000] {dagbag.py:350} ERROR - Failed to import: /opt/airflow/dags/pipeline_monitoring_demo.py
Traceback (most recent call last):
  File "/home/airflow/.local/lib/python3.12/site-packages/airflow/models/dagbag.py", line 346, in parse
    loader.exec_module(new_module)
  File "<frozen importlib._bootstrap_external>", line 995, in exec_module
  File "<frozen importlib._bootstrap>", line 488, in _call_with_frames_removed
  File "/opt/airflow/dags/pipeline_monitoring_demo.py", line 3, in <module>
    from airflow.metrics import Stats
ImportError: cannot import name 'Stats' from 'airflow.metrics' (/home/airflow/.local/lib/python3.12/site-packages/airflow/metrics/__init__.py). Did you mean: 'stats'?
[2026-02-27T22:50:28.875+0000] {processor.py:842} WARNING - No viable dags retrieved from /opt/airflow/dags/pipeline_monitoring_demo.py
[2026-02-27T22:50:28.912+0000] {processor.py:183} INFO - Processing /opt/airflow/dags/pipeline_monitoring_demo.py took 0.081 seconds
[2026-02-27T22:50:59.796+0000] {processor.py:161} INFO - Started process (PID=1300) to work on /opt/airflow/dags/pipeline_monitoring_demo.py
[2026-02-27T22:50:59.798+0000] {processor.py:830} INFO - Processing file /opt/airflow/dags/pipeline_monitoring_demo.py for tasks to queue
[2026-02-27T22:50:59.800+0000] {logging_mixin.py:188} INFO - [2026-02-27T22:50:59.800+0000] {dagbag.py:540} INFO - Filling up the DagBag from /opt/airflow/dags/pipeline_monitoring_demo.py
[2026-02-27T22:50:59.836+0000] {logging_mixin.py:188} INFO - [2026-02-27T22:50:59.828+0000] {dagbag.py:350} ERROR - Failed to import: /opt/airflow/dags/pipeline_monitoring_demo.py
Traceback (most recent call last):
  File "/home/airflow/.local/lib/python3.12/site-packages/airflow/models/dagbag.py", line 346, in parse
    loader.exec_module(new_module)
  File "<frozen importlib._bootstrap_external>", line 995, in exec_module
  File "<frozen importlib._bootstrap>", line 488, in _call_with_frames_removed
  File "/opt/airflow/dags/pipeline_monitoring_demo.py", line 3, in <module>
    from airflow.metrics import Stats
ImportError: cannot import name 'Stats' from 'airflow.metrics' (/home/airflow/.local/lib/python3.12/site-packages/airflow/metrics/__init__.py). Did you mean: 'stats'?
[2026-02-27T22:50:59.839+0000] {processor.py:842} WARNING - No viable dags retrieved from /opt/airflow/dags/pipeline_monitoring_demo.py
[2026-02-27T22:50:59.883+0000] {processor.py:183} INFO - Processing /opt/airflow/dags/pipeline_monitoring_demo.py took 0.096 seconds
[2026-02-27T22:51:21.384+0000] {processor.py:161} INFO - Started process (PID=1308) to work on /opt/airflow/dags/pipeline_monitoring_demo.py
[2026-02-27T22:51:21.386+0000] {processor.py:830} INFO - Processing file /opt/airflow/dags/pipeline_monitoring_demo.py for tasks to queue
[2026-02-27T22:51:21.387+0000] {logging_mixin.py:188} INFO - [2026-02-27T22:51:21.387+0000] {dagbag.py:540} INFO - Filling up the DagBag from /opt/airflow/dags/pipeline_monitoring_demo.py
[2026-02-27T22:51:21.428+0000] {processor.py:840} INFO - DAG(s) 'pipeline_monitoring_demo' retrieved from /opt/airflow/dags/pipeline_monitoring_demo.py
[2026-02-27T22:51:21.742+0000] {logging_mixin.py:188} INFO - [2026-02-27T22:51:21.741+0000] {override.py:1829} INFO - Created Permission View: can edit on DAG:pipeline_monitoring_demo
[2026-02-27T22:51:21.761+0000] {logging_mixin.py:188} INFO - [2026-02-27T22:51:21.760+0000] {override.py:1829} INFO - Created Permission View: can read on DAG:pipeline_monitoring_demo
[2026-02-27T22:51:21.775+0000] {logging_mixin.py:188} INFO - [2026-02-27T22:51:21.774+0000] {override.py:1829} INFO - Created Permission View: can delete on DAG:pipeline_monitoring_demo
[2026-02-27T22:51:21.777+0000] {logging_mixin.py:188} INFO - [2026-02-27T22:51:21.776+0000] {dag.py:3096} INFO - Sync 1 DAGs
[2026-02-27T22:51:21.795+0000] {logging_mixin.py:188} INFO - [2026-02-27T22:51:21.795+0000] {dag.py:3118} INFO - Creating ORM DAG for pipeline_monitoring_demo
[2026-02-27T22:51:21.815+0000] {logging_mixin.py:188} INFO - [2026-02-27T22:51:21.815+0000] {dag.py:3954} INFO - Setting next_dagrun for pipeline_monitoring_demo to 2026-02-26 00:00:00+00:00, run_after=2026-02-27 00:00:00+00:00
[2026-02-27T22:51:21.865+0000] {processor.py:183} INFO - Processing /opt/airflow/dags/pipeline_monitoring_demo.py took 0.489 seconds
[2026-02-27T22:51:52.127+0000] {processor.py:161} INFO - Started process (PID=1317) to work on /opt/airflow/dags/pipeline_monitoring_demo.py
[2026-02-27T22:51:52.130+0000] {processor.py:830} INFO - Processing file /opt/airflow/dags/pipeline_monitoring_demo.py for tasks to queue
[2026-02-27T22:51:52.131+0000] {logging_mixin.py:188} INFO - [2026-02-27T22:51:52.131+0000] {dagbag.py:540} INFO - Filling up the DagBag from /opt/airflow/dags/pipeline_monitoring_demo.py
[2026-02-27T22:51:52.177+0000] {processor.py:840} INFO - DAG(s) 'pipeline_monitoring_demo' retrieved from /opt/airflow/dags/pipeline_monitoring_demo.py
[2026-02-27T22:51:52.218+0000] {logging_mixin.py:188} INFO - [2026-02-27T22:51:52.217+0000] {dag.py:3096} INFO - Sync 1 DAGs
[2026-02-27T22:51:52.254+0000] {logging_mixin.py:188} INFO - [2026-02-27T22:51:52.254+0000] {dag.py:3954} INFO - Setting next_dagrun for pipeline_monitoring_demo to 2026-02-26 00:00:00+00:00, run_after=2026-02-27 00:00:00+00:00
[2026-02-27T22:51:52.286+0000] {processor.py:183} INFO - Processing /opt/airflow/dags/pipeline_monitoring_demo.py took 0.169 seconds
[2026-02-27T22:52:49.538+0000] {processor.py:161} INFO - Started process (PID=32) to work on /opt/airflow/dags/pipeline_monitoring_demo.py
[2026-02-27T22:52:49.542+0000] {processor.py:830} INFO - Processing file /opt/airflow/dags/pipeline_monitoring_demo.py for tasks to queue
[2026-02-27T22:52:49.548+0000] {logging_mixin.py:188} INFO - [2026-02-27T22:52:49.547+0000] {dagbag.py:540} INFO - Filling up the DagBag from /opt/airflow/dags/pipeline_monitoring_demo.py
[2026-02-27T22:52:49.637+0000] {processor.py:840} INFO - DAG(s) 'pipeline_monitoring_demo' retrieved from /opt/airflow/dags/pipeline_monitoring_demo.py
[2026-02-27T22:52:49.798+0000] {logging_mixin.py:188} INFO - [2026-02-27T22:52:49.797+0000] {dag.py:3096} INFO - Sync 1 DAGs
[2026-02-27T22:52:49.854+0000] {logging_mixin.py:188} INFO - [2026-02-27T22:52:49.854+0000] {dag.py:3954} INFO - Setting next_dagrun for pipeline_monitoring_demo to 2026-02-26 00:00:00+00:00, run_after=2026-02-27 00:00:00+00:00
[2026-02-27T22:52:49.914+0000] {processor.py:183} INFO - Processing /opt/airflow/dags/pipeline_monitoring_demo.py took 0.393 seconds
[2026-02-27T22:53:20.314+0000] {processor.py:161} INFO - Started process (PID=41) to work on /opt/airflow/dags/pipeline_monitoring_demo.py
[2026-02-27T22:53:20.317+0000] {processor.py:830} INFO - Processing file /opt/airflow/dags/pipeline_monitoring_demo.py for tasks to queue
[2026-02-27T22:53:20.320+0000] {logging_mixin.py:188} INFO - [2026-02-27T22:53:20.319+0000] {dagbag.py:540} INFO - Filling up the DagBag from /opt/airflow/dags/pipeline_monitoring_demo.py
[2026-02-27T22:53:20.404+0000] {processor.py:840} INFO - DAG(s) 'pipeline_monitoring_demo' retrieved from /opt/airflow/dags/pipeline_monitoring_demo.py
[2026-02-27T22:53:20.458+0000] {logging_mixin.py:188} INFO - [2026-02-27T22:53:20.458+0000] {dag.py:3096} INFO - Sync 1 DAGs
[2026-02-27T22:53:20.505+0000] {logging_mixin.py:188} INFO - [2026-02-27T22:53:20.504+0000] {dag.py:3954} INFO - Setting next_dagrun for pipeline_monitoring_demo to 2026-02-26 00:00:00+00:00, run_after=2026-02-27 00:00:00+00:00
[2026-02-27T22:53:20.539+0000] {processor.py:183} INFO - Processing /opt/airflow/dags/pipeline_monitoring_demo.py took 0.251 seconds
[2026-02-27T22:53:51.160+0000] {processor.py:161} INFO - Started process (PID=50) to work on /opt/airflow/dags/pipeline_monitoring_demo.py
[2026-02-27T22:53:51.167+0000] {processor.py:830} INFO - Processing file /opt/airflow/dags/pipeline_monitoring_demo.py for tasks to queue
[2026-02-27T22:53:51.172+0000] {logging_mixin.py:188} INFO - [2026-02-27T22:53:51.170+0000] {dagbag.py:540} INFO - Filling up the DagBag from /opt/airflow/dags/pipeline_monitoring_demo.py
[2026-02-27T22:53:51.264+0000] {processor.py:840} INFO - DAG(s) 'pipeline_monitoring_demo' retrieved from /opt/airflow/dags/pipeline_monitoring_demo.py
[2026-02-27T22:53:51.357+0000] {logging_mixin.py:188} INFO - [2026-02-27T22:53:51.357+0000] {dag.py:3096} INFO - Sync 1 DAGs
[2026-02-27T22:53:51.397+0000] {logging_mixin.py:188} INFO - [2026-02-27T22:53:51.396+0000] {dag.py:3954} INFO - Setting next_dagrun for pipeline_monitoring_demo to 2026-02-26 00:00:00+00:00, run_after=2026-02-27 00:00:00+00:00
[2026-02-27T22:53:51.442+0000] {processor.py:183} INFO - Processing /opt/airflow/dags/pipeline_monitoring_demo.py took 0.303 seconds
[2026-02-27T22:54:21.947+0000] {processor.py:161} INFO - Started process (PID=59) to work on /opt/airflow/dags/pipeline_monitoring_demo.py
[2026-02-27T22:54:21.952+0000] {processor.py:830} INFO - Processing file /opt/airflow/dags/pipeline_monitoring_demo.py for tasks to queue
[2026-02-27T22:54:21.957+0000] {logging_mixin.py:188} INFO - [2026-02-27T22:54:21.956+0000] {dagbag.py:540} INFO - Filling up the DagBag from /opt/airflow/dags/pipeline_monitoring_demo.py
[2026-02-27T22:54:22.041+0000] {processor.py:840} INFO - DAG(s) 'pipeline_monitoring_demo' retrieved from /opt/airflow/dags/pipeline_monitoring_demo.py
[2026-02-27T22:54:22.150+0000] {logging_mixin.py:188} INFO - [2026-02-27T22:54:22.149+0000] {dag.py:3096} INFO - Sync 1 DAGs
[2026-02-27T22:54:22.209+0000] {logging_mixin.py:188} INFO - [2026-02-27T22:54:22.209+0000] {dag.py:3954} INFO - Setting next_dagrun for pipeline_monitoring_demo to 2026-02-26 00:00:00+00:00, run_after=2026-02-27 00:00:00+00:00
[2026-02-27T22:54:22.266+0000] {processor.py:183} INFO - Processing /opt/airflow/dags/pipeline_monitoring_demo.py took 0.340 seconds
[2026-02-27T22:54:53.207+0000] {processor.py:161} INFO - Started process (PID=68) to work on /opt/airflow/dags/pipeline_monitoring_demo.py
[2026-02-27T22:54:53.210+0000] {processor.py:830} INFO - Processing file /opt/airflow/dags/pipeline_monitoring_demo.py for tasks to queue
[2026-02-27T22:54:53.212+0000] {logging_mixin.py:188} INFO - [2026-02-27T22:54:53.211+0000] {dagbag.py:540} INFO - Filling up the DagBag from /opt/airflow/dags/pipeline_monitoring_demo.py
[2026-02-27T22:54:53.263+0000] {processor.py:840} INFO - DAG(s) 'pipeline_monitoring_demo' retrieved from /opt/airflow/dags/pipeline_monitoring_demo.py
[2026-02-27T22:54:53.324+0000] {logging_mixin.py:188} INFO - [2026-02-27T22:54:53.324+0000] {dag.py:3096} INFO - Sync 1 DAGs
[2026-02-27T22:54:53.361+0000] {logging_mixin.py:188} INFO - [2026-02-27T22:54:53.361+0000] {dag.py:3954} INFO - Setting next_dagrun for pipeline_monitoring_demo to 2026-02-26 00:00:00+00:00, run_after=2026-02-27 00:00:00+00:00
[2026-02-27T22:54:53.396+0000] {processor.py:183} INFO - Processing /opt/airflow/dags/pipeline_monitoring_demo.py took 0.207 seconds
[2026-02-27T22:55:23.793+0000] {processor.py:161} INFO - Started process (PID=77) to work on /opt/airflow/dags/pipeline_monitoring_demo.py
[2026-02-27T22:55:23.796+0000] {processor.py:830} INFO - Processing file /opt/airflow/dags/pipeline_monitoring_demo.py for tasks to queue
[2026-02-27T22:55:23.798+0000] {logging_mixin.py:188} INFO - [2026-02-27T22:55:23.798+0000] {dagbag.py:540} INFO - Filling up the DagBag from /opt/airflow/dags/pipeline_monitoring_demo.py
[2026-02-27T22:55:23.857+0000] {processor.py:840} INFO - DAG(s) 'pipeline_monitoring_demo' retrieved from /opt/airflow/dags/pipeline_monitoring_demo.py
[2026-02-27T22:55:23.914+0000] {logging_mixin.py:188} INFO - [2026-02-27T22:55:23.914+0000] {dag.py:3096} INFO - Sync 1 DAGs
[2026-02-27T22:55:23.959+0000] {logging_mixin.py:188} INFO - [2026-02-27T22:55:23.958+0000] {dag.py:3954} INFO - Setting next_dagrun for pipeline_monitoring_demo to 2026-02-26 00:00:00+00:00, run_after=2026-02-27 00:00:00+00:00
[2026-02-27T22:55:23.994+0000] {processor.py:183} INFO - Processing /opt/airflow/dags/pipeline_monitoring_demo.py took 0.217 seconds
[2026-02-27T22:55:54.358+0000] {processor.py:161} INFO - Started process (PID=86) to work on /opt/airflow/dags/pipeline_monitoring_demo.py
[2026-02-27T22:55:54.360+0000] {processor.py:830} INFO - Processing file /opt/airflow/dags/pipeline_monitoring_demo.py for tasks to queue
[2026-02-27T22:55:54.362+0000] {logging_mixin.py:188} INFO - [2026-02-27T22:55:54.362+0000] {dagbag.py:540} INFO - Filling up the DagBag from /opt/airflow/dags/pipeline_monitoring_demo.py
[2026-02-27T22:55:54.413+0000] {processor.py:840} INFO - DAG(s) 'pipeline_monitoring_demo' retrieved from /opt/airflow/dags/pipeline_monitoring_demo.py
[2026-02-27T22:55:54.459+0000] {logging_mixin.py:188} INFO - [2026-02-27T22:55:54.459+0000] {dag.py:3096} INFO - Sync 1 DAGs
[2026-02-27T22:55:54.499+0000] {logging_mixin.py:188} INFO - [2026-02-27T22:55:54.498+0000] {dag.py:3954} INFO - Setting next_dagrun for pipeline_monitoring_demo to 2026-02-26 00:00:00+00:00, run_after=2026-02-27 00:00:00+00:00
[2026-02-27T22:55:54.530+0000] {processor.py:183} INFO - Processing /opt/airflow/dags/pipeline_monitoring_demo.py took 0.180 seconds
[2026-02-27T22:56:13.795+0000] {processor.py:161} INFO - Started process (PID=95) to work on /opt/airflow/dags/pipeline_monitoring_demo.py
[2026-02-27T22:56:13.797+0000] {processor.py:830} INFO - Processing file /opt/airflow/dags/pipeline_monitoring_demo.py for tasks to queue
[2026-02-27T22:56:13.799+0000] {logging_mixin.py:188} INFO - [2026-02-27T22:56:13.799+0000] {dagbag.py:540} INFO - Filling up the DagBag from /opt/airflow/dags/pipeline_monitoring_demo.py
[2026-02-27T22:56:13.866+0000] {processor.py:840} INFO - DAG(s) 'pipeline_monitoring_demo' retrieved from /opt/airflow/dags/pipeline_monitoring_demo.py
[2026-02-27T22:56:13.867+0000] {logging_mixin.py:188} INFO - [2026-02-27T22:56:13.867+0000] {dagbag.py:540} INFO - Filling up the DagBag from /opt/airflow/dags/pipeline_monitoring_demo.py
[2026-02-27T22:56:13.933+0000] {logging_mixin.py:188} INFO - [2026-02-27T22:56:13.933+0000] {processor.py:431} INFO - Running SLA Checks for pipeline_monitoring_demo
[2026-02-27T22:56:14.000+0000] {logging_mixin.py:188} INFO - [2026-02-27T22:56:13.999+0000] {dag.py:1548} INFO - Executing dag callback function: <function dag_success_callback at 0x78f26f919da0>
[2026-02-27T22:56:14.002+0000] {logging_mixin.py:188} INFO - [2026-02-27T22:56:14.001+0000] {pipeline_monitoring_demo.py:82} INFO - DAG completed successfully in 6.923774s
[2026-02-27T22:56:14.028+0000] {logging_mixin.py:188} INFO - [2026-02-27T22:56:14.027+0000] {dag.py:3096} INFO - Sync 1 DAGs
[2026-02-27T22:56:14.060+0000] {logging_mixin.py:188} INFO - [2026-02-27T22:56:14.059+0000] {dag.py:3954} INFO - Setting next_dagrun for pipeline_monitoring_demo to 2026-02-27 00:00:00+00:00, run_after=2026-02-28 00:00:00+00:00
[2026-02-27T22:56:14.101+0000] {processor.py:183} INFO - Processing /opt/airflow/dags/pipeline_monitoring_demo.py took 0.315 seconds
[2026-02-27T22:56:44.629+0000] {processor.py:161} INFO - Started process (PID=104) to work on /opt/airflow/dags/pipeline_monitoring_demo.py
[2026-02-27T22:56:44.635+0000] {processor.py:830} INFO - Processing file /opt/airflow/dags/pipeline_monitoring_demo.py for tasks to queue
[2026-02-27T22:56:44.640+0000] {logging_mixin.py:188} INFO - [2026-02-27T22:56:44.637+0000] {dagbag.py:540} INFO - Filling up the DagBag from /opt/airflow/dags/pipeline_monitoring_demo.py
[2026-02-27T22:56:44.717+0000] {processor.py:840} INFO - DAG(s) 'pipeline_monitoring_demo' retrieved from /opt/airflow/dags/pipeline_monitoring_demo.py
[2026-02-27T22:56:44.858+0000] {logging_mixin.py:188} INFO - [2026-02-27T22:56:44.858+0000] {dag.py:3096} INFO - Sync 1 DAGs
[2026-02-27T22:56:44.921+0000] {logging_mixin.py:188} INFO - [2026-02-27T22:56:44.920+0000] {dag.py:3954} INFO - Setting next_dagrun for pipeline_monitoring_demo to 2026-02-27 00:00:00+00:00, run_after=2026-02-28 00:00:00+00:00
[2026-02-27T22:56:44.978+0000] {processor.py:183} INFO - Processing /opt/airflow/dags/pipeline_monitoring_demo.py took 0.428 seconds
[2026-02-27T22:57:15.377+0000] {processor.py:161} INFO - Started process (PID=113) to work on /opt/airflow/dags/pipeline_monitoring_demo.py
[2026-02-27T22:57:15.379+0000] {processor.py:830} INFO - Processing file /opt/airflow/dags/pipeline_monitoring_demo.py for tasks to queue
[2026-02-27T22:57:15.381+0000] {logging_mixin.py:188} INFO - [2026-02-27T22:57:15.381+0000] {dagbag.py:540} INFO - Filling up the DagBag from /opt/airflow/dags/pipeline_monitoring_demo.py
[2026-02-27T22:57:15.422+0000] {processor.py:840} INFO - DAG(s) 'pipeline_monitoring_demo' retrieved from /opt/airflow/dags/pipeline_monitoring_demo.py
[2026-02-27T22:57:15.467+0000] {logging_mixin.py:188} INFO - [2026-02-27T22:57:15.466+0000] {dag.py:3096} INFO - Sync 1 DAGs
[2026-02-27T22:57:15.500+0000] {logging_mixin.py:188} INFO - [2026-02-27T22:57:15.500+0000] {dag.py:3954} INFO - Setting next_dagrun for pipeline_monitoring_demo to 2026-02-27 00:00:00+00:00, run_after=2026-02-28 00:00:00+00:00
[2026-02-27T22:57:15.533+0000] {processor.py:183} INFO - Processing /opt/airflow/dags/pipeline_monitoring_demo.py took 0.165 seconds
[2026-02-27T22:57:46.277+0000] {processor.py:161} INFO - Started process (PID=122) to work on /opt/airflow/dags/pipeline_monitoring_demo.py
[2026-02-27T22:57:46.279+0000] {processor.py:830} INFO - Processing file /opt/airflow/dags/pipeline_monitoring_demo.py for tasks to queue
[2026-02-27T22:57:46.281+0000] {logging_mixin.py:188} INFO - [2026-02-27T22:57:46.280+0000] {dagbag.py:540} INFO - Filling up the DagBag from /opt/airflow/dags/pipeline_monitoring_demo.py
[2026-02-27T22:57:46.320+0000] {processor.py:840} INFO - DAG(s) 'pipeline_monitoring_demo' retrieved from /opt/airflow/dags/pipeline_monitoring_demo.py
[2026-02-27T22:57:46.366+0000] {logging_mixin.py:188} INFO - [2026-02-27T22:57:46.366+0000] {dag.py:3096} INFO - Sync 1 DAGs
[2026-02-27T22:57:46.399+0000] {logging_mixin.py:188} INFO - [2026-02-27T22:57:46.399+0000] {dag.py:3954} INFO - Setting next_dagrun for pipeline_monitoring_demo to 2026-02-27 00:00:00+00:00, run_after=2026-02-28 00:00:00+00:00
[2026-02-27T22:57:46.437+0000] {processor.py:183} INFO - Processing /opt/airflow/dags/pipeline_monitoring_demo.py took 0.169 seconds
[2026-02-27T22:58:16.646+0000] {processor.py:161} INFO - Started process (PID=131) to work on /opt/airflow/dags/pipeline_monitoring_demo.py
[2026-02-27T22:58:16.648+0000] {processor.py:830} INFO - Processing file /opt/airflow/dags/pipeline_monitoring_demo.py for tasks to queue
[2026-02-27T22:58:16.652+0000] {logging_mixin.py:188} INFO - [2026-02-27T22:58:16.651+0000] {dagbag.py:540} INFO - Filling up the DagBag from /opt/airflow/dags/pipeline_monitoring_demo.py
[2026-02-27T22:58:16.723+0000] {processor.py:840} INFO - DAG(s) 'pipeline_monitoring_demo' retrieved from /opt/airflow/dags/pipeline_monitoring_demo.py
[2026-02-27T22:58:16.785+0000] {logging_mixin.py:188} INFO - [2026-02-27T22:58:16.785+0000] {dag.py:3096} INFO - Sync 1 DAGs
[2026-02-27T22:58:16.828+0000] {logging_mixin.py:188} INFO - [2026-02-27T22:58:16.827+0000] {dag.py:3954} INFO - Setting next_dagrun for pipeline_monitoring_demo to 2026-02-27 00:00:00+00:00, run_after=2026-02-28 00:00:00+00:00
[2026-02-27T22:58:16.860+0000] {processor.py:183} INFO - Processing /opt/airflow/dags/pipeline_monitoring_demo.py took 0.226 seconds
[2026-02-27T22:58:47.683+0000] {processor.py:161} INFO - Started process (PID=140) to work on /opt/airflow/dags/pipeline_monitoring_demo.py
[2026-02-27T22:58:47.686+0000] {processor.py:830} INFO - Processing file /opt/airflow/dags/pipeline_monitoring_demo.py for tasks to queue
[2026-02-27T22:58:47.689+0000] {logging_mixin.py:188} INFO - [2026-02-27T22:58:47.688+0000] {dagbag.py:540} INFO - Filling up the DagBag from /opt/airflow/dags/pipeline_monitoring_demo.py
[2026-02-27T22:58:47.748+0000] {processor.py:840} INFO - DAG(s) 'pipeline_monitoring_demo' retrieved from /opt/airflow/dags/pipeline_monitoring_demo.py
[2026-02-27T22:58:47.803+0000] {logging_mixin.py:188} INFO - [2026-02-27T22:58:47.803+0000] {dag.py:3096} INFO - Sync 1 DAGs
[2026-02-27T22:58:47.853+0000] {logging_mixin.py:188} INFO - [2026-02-27T22:58:47.852+0000] {dag.py:3954} INFO - Setting next_dagrun for pipeline_monitoring_demo to 2026-02-27 00:00:00+00:00, run_after=2026-02-28 00:00:00+00:00
[2026-02-27T22:58:47.914+0000] {processor.py:183} INFO - Processing /opt/airflow/dags/pipeline_monitoring_demo.py took 0.243 seconds
[2026-02-27T22:59:18.525+0000] {processor.py:161} INFO - Started process (PID=149) to work on /opt/airflow/dags/pipeline_monitoring_demo.py
[2026-02-27T22:59:18.527+0000] {processor.py:830} INFO - Processing file /opt/airflow/dags/pipeline_monitoring_demo.py for tasks to queue
[2026-02-27T22:59:18.529+0000] {logging_mixin.py:188} INFO - [2026-02-27T22:59:18.528+0000] {dagbag.py:540} INFO - Filling up the DagBag from /opt/airflow/dags/pipeline_monitoring_demo.py
[2026-02-27T22:59:18.568+0000] {processor.py:840} INFO - DAG(s) 'pipeline_monitoring_demo' retrieved from /opt/airflow/dags/pipeline_monitoring_demo.py
[2026-02-27T22:59:18.608+0000] {logging_mixin.py:188} INFO - [2026-02-27T22:59:18.607+0000] {dag.py:3096} INFO - Sync 1 DAGs
[2026-02-27T22:59:18.638+0000] {logging_mixin.py:188} INFO - [2026-02-27T22:59:18.638+0000] {dag.py:3954} INFO - Setting next_dagrun for pipeline_monitoring_demo to 2026-02-27 00:00:00+00:00, run_after=2026-02-28 00:00:00+00:00
[2026-02-27T22:59:18.665+0000] {processor.py:183} INFO - Processing /opt/airflow/dags/pipeline_monitoring_demo.py took 0.151 seconds
[2026-02-27T22:59:49.176+0000] {processor.py:161} INFO - Started process (PID=158) to work on /opt/airflow/dags/pipeline_monitoring_demo.py
[2026-02-27T22:59:49.178+0000] {processor.py:830} INFO - Processing file /opt/airflow/dags/pipeline_monitoring_demo.py for tasks to queue
[2026-02-27T22:59:49.180+0000] {logging_mixin.py:188} INFO - [2026-02-27T22:59:49.180+0000] {dagbag.py:540} INFO - Filling up the DagBag from /opt/airflow/dags/pipeline_monitoring_demo.py
[2026-02-27T22:59:49.242+0000] {processor.py:840} INFO - DAG(s) 'pipeline_monitoring_demo' retrieved from /opt/airflow/dags/pipeline_monitoring_demo.py
[2026-02-27T22:59:49.302+0000] {logging_mixin.py:188} INFO - [2026-02-27T22:59:49.302+0000] {dag.py:3096} INFO - Sync 1 DAGs
[2026-02-27T22:59:49.345+0000] {logging_mixin.py:188} INFO - [2026-02-27T22:59:49.345+0000] {dag.py:3954} INFO - Setting next_dagrun for pipeline_monitoring_demo to 2026-02-27 00:00:00+00:00, run_after=2026-02-28 00:00:00+00:00
[2026-02-27T22:59:49.402+0000] {processor.py:183} INFO - Processing /opt/airflow/dags/pipeline_monitoring_demo.py took 0.234 seconds
[2026-02-27T23:00:19.735+0000] {processor.py:161} INFO - Started process (PID=167) to work on /opt/airflow/dags/pipeline_monitoring_demo.py
[2026-02-27T23:00:19.737+0000] {processor.py:830} INFO - Processing file /opt/airflow/dags/pipeline_monitoring_demo.py for tasks to queue
[2026-02-27T23:00:19.740+0000] {logging_mixin.py:188} INFO - [2026-02-27T23:00:19.739+0000] {dagbag.py:540} INFO - Filling up the DagBag from /opt/airflow/dags/pipeline_monitoring_demo.py
[2026-02-27T23:00:19.782+0000] {processor.py:840} INFO - DAG(s) 'pipeline_monitoring_demo' retrieved from /opt/airflow/dags/pipeline_monitoring_demo.py
[2026-02-27T23:00:19.835+0000] {logging_mixin.py:188} INFO - [2026-02-27T23:00:19.835+0000] {dag.py:3096} INFO - Sync 1 DAGs
[2026-02-27T23:00:19.876+0000] {logging_mixin.py:188} INFO - [2026-02-27T23:00:19.876+0000] {dag.py:3954} INFO - Setting next_dagrun for pipeline_monitoring_demo to 2026-02-27 00:00:00+00:00, run_after=2026-02-28 00:00:00+00:00
[2026-02-27T23:00:19.912+0000] {processor.py:183} INFO - Processing /opt/airflow/dags/pipeline_monitoring_demo.py took 0.186 seconds
[2026-02-27T23:00:50.244+0000] {processor.py:161} INFO - Started process (PID=176) to work on /opt/airflow/dags/pipeline_monitoring_demo.py
[2026-02-27T23:00:50.249+0000] {processor.py:830} INFO - Processing file /opt/airflow/dags/pipeline_monitoring_demo.py for tasks to queue
[2026-02-27T23:00:50.252+0000] {logging_mixin.py:188} INFO - [2026-02-27T23:00:50.251+0000] {dagbag.py:540} INFO - Filling up the DagBag from /opt/airflow/dags/pipeline_monitoring_demo.py
[2026-02-27T23:00:50.313+0000] {processor.py:840} INFO - DAG(s) 'pipeline_monitoring_demo' retrieved from /opt/airflow/dags/pipeline_monitoring_demo.py
[2026-02-27T23:00:50.358+0000] {logging_mixin.py:188} INFO - [2026-02-27T23:00:50.358+0000] {dag.py:3096} INFO - Sync 1 DAGs
[2026-02-27T23:00:50.396+0000] {logging_mixin.py:188} INFO - [2026-02-27T23:00:50.396+0000] {dag.py:3954} INFO - Setting next_dagrun for pipeline_monitoring_demo to 2026-02-27 00:00:00+00:00, run_after=2026-02-28 00:00:00+00:00
[2026-02-27T23:00:50.436+0000] {processor.py:183} INFO - Processing /opt/airflow/dags/pipeline_monitoring_demo.py took 0.207 seconds
[2026-02-27T23:01:20.863+0000] {processor.py:161} INFO - Started process (PID=185) to work on /opt/airflow/dags/pipeline_monitoring_demo.py
[2026-02-27T23:01:20.866+0000] {processor.py:830} INFO - Processing file /opt/airflow/dags/pipeline_monitoring_demo.py for tasks to queue
[2026-02-27T23:01:20.868+0000] {logging_mixin.py:188} INFO - [2026-02-27T23:01:20.867+0000] {dagbag.py:540} INFO - Filling up the DagBag from /opt/airflow/dags/pipeline_monitoring_demo.py
[2026-02-27T23:01:20.914+0000] {processor.py:840} INFO - DAG(s) 'pipeline_monitoring_demo' retrieved from /opt/airflow/dags/pipeline_monitoring_demo.py
[2026-02-27T23:01:20.961+0000] {logging_mixin.py:188} INFO - [2026-02-27T23:01:20.960+0000] {dag.py:3096} INFO - Sync 1 DAGs
[2026-02-27T23:01:21.014+0000] {logging_mixin.py:188} INFO - [2026-02-27T23:01:21.014+0000] {dag.py:3954} INFO - Setting next_dagrun for pipeline_monitoring_demo to 2026-02-27 00:00:00+00:00, run_after=2026-02-28 00:00:00+00:00
[2026-02-27T23:01:21.054+0000] {processor.py:183} INFO - Processing /opt/airflow/dags/pipeline_monitoring_demo.py took 0.204 seconds
[2026-02-27T23:01:51.407+0000] {processor.py:161} INFO - Started process (PID=194) to work on /opt/airflow/dags/pipeline_monitoring_demo.py
[2026-02-27T23:01:51.409+0000] {processor.py:830} INFO - Processing file /opt/airflow/dags/pipeline_monitoring_demo.py for tasks to queue
[2026-02-27T23:01:51.411+0000] {logging_mixin.py:188} INFO - [2026-02-27T23:01:51.411+0000] {dagbag.py:540} INFO - Filling up the DagBag from /opt/airflow/dags/pipeline_monitoring_demo.py
[2026-02-27T23:01:51.453+0000] {processor.py:840} INFO - DAG(s) 'pipeline_monitoring_demo' retrieved from /opt/airflow/dags/pipeline_monitoring_demo.py
[2026-02-27T23:01:51.511+0000] {logging_mixin.py:188} INFO - [2026-02-27T23:01:51.511+0000] {dag.py:3096} INFO - Sync 1 DAGs
[2026-02-27T23:01:51.559+0000] {logging_mixin.py:188} INFO - [2026-02-27T23:01:51.559+0000] {dag.py:3954} INFO - Setting next_dagrun for pipeline_monitoring_demo to 2026-02-27 00:00:00+00:00, run_after=2026-02-28 00:00:00+00:00
[2026-02-27T23:01:51.599+0000] {processor.py:183} INFO - Processing /opt/airflow/dags/pipeline_monitoring_demo.py took 0.200 seconds
[2026-02-27T23:02:21.828+0000] {processor.py:161} INFO - Started process (PID=203) to work on /opt/airflow/dags/pipeline_monitoring_demo.py
[2026-02-27T23:02:21.831+0000] {processor.py:830} INFO - Processing file /opt/airflow/dags/pipeline_monitoring_demo.py for tasks to queue
[2026-02-27T23:02:21.834+0000] {logging_mixin.py:188} INFO - [2026-02-27T23:02:21.833+0000] {dagbag.py:540} INFO - Filling up the DagBag from /opt/airflow/dags/pipeline_monitoring_demo.py
[2026-02-27T23:02:21.887+0000] {processor.py:840} INFO - DAG(s) 'pipeline_monitoring_demo' retrieved from /opt/airflow/dags/pipeline_monitoring_demo.py
[2026-02-27T23:02:21.938+0000] {logging_mixin.py:188} INFO - [2026-02-27T23:02:21.938+0000] {dag.py:3096} INFO - Sync 1 DAGs
[2026-02-27T23:02:21.976+0000] {logging_mixin.py:188} INFO - [2026-02-27T23:02:21.975+0000] {dag.py:3954} INFO - Setting next_dagrun for pipeline_monitoring_demo to 2026-02-27 00:00:00+00:00, run_after=2026-02-28 00:00:00+00:00
[2026-02-27T23:02:22.009+0000] {processor.py:183} INFO - Processing /opt/airflow/dags/pipeline_monitoring_demo.py took 0.198 seconds
[2026-02-27T23:02:52.460+0000] {processor.py:161} INFO - Started process (PID=212) to work on /opt/airflow/dags/pipeline_monitoring_demo.py
[2026-02-27T23:02:52.462+0000] {processor.py:830} INFO - Processing file /opt/airflow/dags/pipeline_monitoring_demo.py for tasks to queue
[2026-02-27T23:02:52.465+0000] {logging_mixin.py:188} INFO - [2026-02-27T23:02:52.464+0000] {dagbag.py:540} INFO - Filling up the DagBag from /opt/airflow/dags/pipeline_monitoring_demo.py
[2026-02-27T23:02:52.521+0000] {processor.py:840} INFO - DAG(s) 'pipeline_monitoring_demo' retrieved from /opt/airflow/dags/pipeline_monitoring_demo.py
[2026-02-27T23:02:52.573+0000] {logging_mixin.py:188} INFO - [2026-02-27T23:02:52.573+0000] {dag.py:3096} INFO - Sync 1 DAGs
[2026-02-27T23:02:52.614+0000] {logging_mixin.py:188} INFO - [2026-02-27T23:02:52.614+0000] {dag.py:3954} INFO - Setting next_dagrun for pipeline_monitoring_demo to 2026-02-27 00:00:00+00:00, run_after=2026-02-28 00:00:00+00:00
[2026-02-27T23:02:52.662+0000] {processor.py:183} INFO - Processing /opt/airflow/dags/pipeline_monitoring_demo.py took 0.212 seconds
[2026-02-27T23:03:22.961+0000] {processor.py:161} INFO - Started process (PID=221) to work on /opt/airflow/dags/pipeline_monitoring_demo.py
[2026-02-27T23:03:22.963+0000] {processor.py:830} INFO - Processing file /opt/airflow/dags/pipeline_monitoring_demo.py for tasks to queue
[2026-02-27T23:03:22.965+0000] {logging_mixin.py:188} INFO - [2026-02-27T23:03:22.964+0000] {dagbag.py:540} INFO - Filling up the DagBag from /opt/airflow/dags/pipeline_monitoring_demo.py
[2026-02-27T23:03:23.010+0000] {processor.py:840} INFO - DAG(s) 'pipeline_monitoring_demo' retrieved from /opt/airflow/dags/pipeline_monitoring_demo.py
[2026-02-27T23:03:23.060+0000] {logging_mixin.py:188} INFO - [2026-02-27T23:03:23.060+0000] {dag.py:3096} INFO - Sync 1 DAGs
[2026-02-27T23:03:23.095+0000] {logging_mixin.py:188} INFO - [2026-02-27T23:03:23.095+0000] {dag.py:3954} INFO - Setting next_dagrun for pipeline_monitoring_demo to 2026-02-27 00:00:00+00:00, run_after=2026-02-28 00:00:00+00:00
[2026-02-27T23:03:23.127+0000] {processor.py:183} INFO - Processing /opt/airflow/dags/pipeline_monitoring_demo.py took 0.174 seconds
[2026-02-27T23:03:53.374+0000] {processor.py:161} INFO - Started process (PID=230) to work on /opt/airflow/dags/pipeline_monitoring_demo.py
[2026-02-27T23:03:53.376+0000] {processor.py:830} INFO - Processing file /opt/airflow/dags/pipeline_monitoring_demo.py for tasks to queue
[2026-02-27T23:03:53.379+0000] {logging_mixin.py:188} INFO - [2026-02-27T23:03:53.378+0000] {dagbag.py:540} INFO - Filling up the DagBag from /opt/airflow/dags/pipeline_monitoring_demo.py
[2026-02-27T23:03:53.422+0000] {processor.py:840} INFO - DAG(s) 'pipeline_monitoring_demo' retrieved from /opt/airflow/dags/pipeline_monitoring_demo.py
[2026-02-27T23:03:53.478+0000] {logging_mixin.py:188} INFO - [2026-02-27T23:03:53.477+0000] {dag.py:3096} INFO - Sync 1 DAGs
[2026-02-27T23:03:53.513+0000] {logging_mixin.py:188} INFO - [2026-02-27T23:03:53.513+0000] {dag.py:3954} INFO - Setting next_dagrun for pipeline_monitoring_demo to 2026-02-27 00:00:00+00:00, run_after=2026-02-28 00:00:00+00:00
[2026-02-27T23:03:53.541+0000] {processor.py:183} INFO - Processing /opt/airflow/dags/pipeline_monitoring_demo.py took 0.182 seconds
[2026-02-27T23:04:23.897+0000] {processor.py:161} INFO - Started process (PID=239) to work on /opt/airflow/dags/pipeline_monitoring_demo.py
[2026-02-27T23:04:23.899+0000] {processor.py:830} INFO - Processing file /opt/airflow/dags/pipeline_monitoring_demo.py for tasks to queue
[2026-02-27T23:04:23.900+0000] {logging_mixin.py:188} INFO - [2026-02-27T23:04:23.900+0000] {dagbag.py:540} INFO - Filling up the DagBag from /opt/airflow/dags/pipeline_monitoring_demo.py
[2026-02-27T23:04:23.938+0000] {processor.py:840} INFO - DAG(s) 'pipeline_monitoring_demo' retrieved from /opt/airflow/dags/pipeline_monitoring_demo.py
[2026-02-27T23:04:23.980+0000] {logging_mixin.py:188} INFO - [2026-02-27T23:04:23.979+0000] {dag.py:3096} INFO - Sync 1 DAGs
[2026-02-27T23:04:24.015+0000] {logging_mixin.py:188} INFO - [2026-02-27T23:04:24.014+0000] {dag.py:3954} INFO - Setting next_dagrun for pipeline_monitoring_demo to 2026-02-27 00:00:00+00:00, run_after=2026-02-28 00:00:00+00:00
[2026-02-27T23:04:24.053+0000] {processor.py:183} INFO - Processing /opt/airflow/dags/pipeline_monitoring_demo.py took 0.166 seconds
[2026-02-27T23:04:54.296+0000] {processor.py:161} INFO - Started process (PID=248) to work on /opt/airflow/dags/pipeline_monitoring_demo.py
[2026-02-27T23:04:54.298+0000] {processor.py:830} INFO - Processing file /opt/airflow/dags/pipeline_monitoring_demo.py for tasks to queue
[2026-02-27T23:04:54.300+0000] {logging_mixin.py:188} INFO - [2026-02-27T23:04:54.299+0000] {dagbag.py:540} INFO - Filling up the DagBag from /opt/airflow/dags/pipeline_monitoring_demo.py
[2026-02-27T23:04:54.346+0000] {processor.py:840} INFO - DAG(s) 'pipeline_monitoring_demo' retrieved from /opt/airflow/dags/pipeline_monitoring_demo.py
[2026-02-27T23:04:54.414+0000] {logging_mixin.py:188} INFO - [2026-02-27T23:04:54.413+0000] {dag.py:3096} INFO - Sync 1 DAGs
[2026-02-27T23:04:54.463+0000] {logging_mixin.py:188} INFO - [2026-02-27T23:04:54.463+0000] {dag.py:3954} INFO - Setting next_dagrun for pipeline_monitoring_demo to 2026-02-27 00:00:00+00:00, run_after=2026-02-28 00:00:00+00:00
[2026-02-27T23:04:54.501+0000] {processor.py:183} INFO - Processing /opt/airflow/dags/pipeline_monitoring_demo.py took 0.214 seconds
[2026-02-27T23:05:24.743+0000] {processor.py:161} INFO - Started process (PID=257) to work on /opt/airflow/dags/pipeline_monitoring_demo.py
[2026-02-27T23:05:24.745+0000] {processor.py:830} INFO - Processing file /opt/airflow/dags/pipeline_monitoring_demo.py for tasks to queue
[2026-02-27T23:05:24.748+0000] {logging_mixin.py:188} INFO - [2026-02-27T23:05:24.747+0000] {dagbag.py:540} INFO - Filling up the DagBag from /opt/airflow/dags/pipeline_monitoring_demo.py
[2026-02-27T23:05:24.790+0000] {processor.py:840} INFO - DAG(s) 'pipeline_monitoring_demo' retrieved from /opt/airflow/dags/pipeline_monitoring_demo.py
[2026-02-27T23:05:24.844+0000] {logging_mixin.py:188} INFO - [2026-02-27T23:05:24.844+0000] {dag.py:3096} INFO - Sync 1 DAGs
[2026-02-27T23:05:24.882+0000] {logging_mixin.py:188} INFO - [2026-02-27T23:05:24.881+0000] {dag.py:3954} INFO - Setting next_dagrun for pipeline_monitoring_demo to 2026-02-27 00:00:00+00:00, run_after=2026-02-28 00:00:00+00:00
[2026-02-27T23:05:24.918+0000] {processor.py:183} INFO - Processing /opt/airflow/dags/pipeline_monitoring_demo.py took 0.186 seconds
[2026-02-27T23:05:55.462+0000] {processor.py:161} INFO - Started process (PID=266) to work on /opt/airflow/dags/pipeline_monitoring_demo.py
[2026-02-27T23:05:55.464+0000] {processor.py:830} INFO - Processing file /opt/airflow/dags/pipeline_monitoring_demo.py for tasks to queue
[2026-02-27T23:05:55.466+0000] {logging_mixin.py:188} INFO - [2026-02-27T23:05:55.465+0000] {dagbag.py:540} INFO - Filling up the DagBag from /opt/airflow/dags/pipeline_monitoring_demo.py
[2026-02-27T23:05:55.516+0000] {processor.py:840} INFO - DAG(s) 'pipeline_monitoring_demo' retrieved from /opt/airflow/dags/pipeline_monitoring_demo.py
[2026-02-27T23:05:55.569+0000] {logging_mixin.py:188} INFO - [2026-02-27T23:05:55.569+0000] {dag.py:3096} INFO - Sync 1 DAGs
[2026-02-27T23:05:55.607+0000] {logging_mixin.py:188} INFO - [2026-02-27T23:05:55.607+0000] {dag.py:3954} INFO - Setting next_dagrun for pipeline_monitoring_demo to 2026-02-27 00:00:00+00:00, run_after=2026-02-28 00:00:00+00:00
[2026-02-27T23:05:55.641+0000] {processor.py:183} INFO - Processing /opt/airflow/dags/pipeline_monitoring_demo.py took 0.192 seconds
[2026-02-27T23:11:33.899+0000] {processor.py:161} INFO - Started process (PID=33) to work on /opt/airflow/dags/pipeline_monitoring_demo.py
[2026-02-27T23:11:33.901+0000] {processor.py:830} INFO - Processing file /opt/airflow/dags/pipeline_monitoring_demo.py for tasks to queue
[2026-02-27T23:11:33.906+0000] {logging_mixin.py:188} INFO - [2026-02-27T23:11:33.905+0000] {dagbag.py:540} INFO - Filling up the DagBag from /opt/airflow/dags/pipeline_monitoring_demo.py
[2026-02-27T23:11:33.987+0000] {processor.py:840} INFO - DAG(s) 'pipeline_monitoring_demo' retrieved from /opt/airflow/dags/pipeline_monitoring_demo.py
[2026-02-27T23:11:34.106+0000] {logging_mixin.py:188} INFO - [2026-02-27T23:11:34.105+0000] {dag.py:3096} INFO - Sync 1 DAGs
[2026-02-27T23:11:34.163+0000] {logging_mixin.py:188} INFO - [2026-02-27T23:11:34.162+0000] {dag.py:3954} INFO - Setting next_dagrun for pipeline_monitoring_demo to 2026-02-27 00:00:00+00:00, run_after=2026-02-28 00:00:00+00:00
[2026-02-27T23:11:34.207+0000] {processor.py:183} INFO - Processing /opt/airflow/dags/pipeline_monitoring_demo.py took 0.328 seconds
[2026-02-27T23:12:04.732+0000] {processor.py:161} INFO - Started process (PID=42) to work on /opt/airflow/dags/pipeline_monitoring_demo.py
[2026-02-27T23:12:04.737+0000] {processor.py:830} INFO - Processing file /opt/airflow/dags/pipeline_monitoring_demo.py for tasks to queue
[2026-02-27T23:12:04.741+0000] {logging_mixin.py:188} INFO - [2026-02-27T23:12:04.740+0000] {dagbag.py:540} INFO - Filling up the DagBag from /opt/airflow/dags/pipeline_monitoring_demo.py
[2026-02-27T23:12:04.902+0000] {processor.py:840} INFO - DAG(s) 'pipeline_monitoring_demo' retrieved from /opt/airflow/dags/pipeline_monitoring_demo.py
[2026-02-27T23:12:05.112+0000] {logging_mixin.py:188} INFO - [2026-02-27T23:12:05.109+0000] {dag.py:3096} INFO - Sync 1 DAGs
[2026-02-27T23:12:05.272+0000] {logging_mixin.py:188} INFO - [2026-02-27T23:12:05.271+0000] {dag.py:3954} INFO - Setting next_dagrun for pipeline_monitoring_demo to 2026-02-27 00:00:00+00:00, run_after=2026-02-28 00:00:00+00:00
[2026-02-27T23:12:05.331+0000] {processor.py:183} INFO - Processing /opt/airflow/dags/pipeline_monitoring_demo.py took 0.640 seconds
[2026-02-27T23:12:36.260+0000] {processor.py:161} INFO - Started process (PID=51) to work on /opt/airflow/dags/pipeline_monitoring_demo.py
[2026-02-27T23:12:36.263+0000] {processor.py:830} INFO - Processing file /opt/airflow/dags/pipeline_monitoring_demo.py for tasks to queue
[2026-02-27T23:12:36.265+0000] {logging_mixin.py:188} INFO - [2026-02-27T23:12:36.265+0000] {dagbag.py:540} INFO - Filling up the DagBag from /opt/airflow/dags/pipeline_monitoring_demo.py
[2026-02-27T23:12:36.354+0000] {processor.py:840} INFO - DAG(s) 'pipeline_monitoring_demo' retrieved from /opt/airflow/dags/pipeline_monitoring_demo.py
[2026-02-27T23:12:36.413+0000] {logging_mixin.py:188} INFO - [2026-02-27T23:12:36.413+0000] {dag.py:3096} INFO - Sync 1 DAGs
[2026-02-27T23:12:36.452+0000] {logging_mixin.py:188} INFO - [2026-02-27T23:12:36.451+0000] {dag.py:3954} INFO - Setting next_dagrun for pipeline_monitoring_demo to 2026-02-27 00:00:00+00:00, run_after=2026-02-28 00:00:00+00:00
[2026-02-27T23:12:36.485+0000] {processor.py:183} INFO - Processing /opt/airflow/dags/pipeline_monitoring_demo.py took 0.244 seconds
[2026-02-27T23:13:07.353+0000] {processor.py:161} INFO - Started process (PID=60) to work on /opt/airflow/dags/pipeline_monitoring_demo.py
[2026-02-27T23:13:07.355+0000] {processor.py:830} INFO - Processing file /opt/airflow/dags/pipeline_monitoring_demo.py for tasks to queue
[2026-02-27T23:13:07.357+0000] {logging_mixin.py:188} INFO - [2026-02-27T23:13:07.356+0000] {dagbag.py:540} INFO - Filling up the DagBag from /opt/airflow/dags/pipeline_monitoring_demo.py
[2026-02-27T23:13:07.415+0000] {processor.py:840} INFO - DAG(s) 'pipeline_monitoring_demo' retrieved from /opt/airflow/dags/pipeline_monitoring_demo.py
[2026-02-27T23:13:07.460+0000] {logging_mixin.py:188} INFO - [2026-02-27T23:13:07.460+0000] {dag.py:3096} INFO - Sync 1 DAGs
[2026-02-27T23:13:07.496+0000] {logging_mixin.py:188} INFO - [2026-02-27T23:13:07.496+0000] {dag.py:3954} INFO - Setting next_dagrun for pipeline_monitoring_demo to 2026-02-27 00:00:00+00:00, run_after=2026-02-28 00:00:00+00:00
[2026-02-27T23:13:07.542+0000] {processor.py:183} INFO - Processing /opt/airflow/dags/pipeline_monitoring_demo.py took 0.203 seconds
[2026-02-27T23:13:38.131+0000] {processor.py:161} INFO - Started process (PID=69) to work on /opt/airflow/dags/pipeline_monitoring_demo.py
[2026-02-27T23:13:38.136+0000] {processor.py:830} INFO - Processing file /opt/airflow/dags/pipeline_monitoring_demo.py for tasks to queue
[2026-02-27T23:13:38.140+0000] {logging_mixin.py:188} INFO - [2026-02-27T23:13:38.139+0000] {dagbag.py:540} INFO - Filling up the DagBag from /opt/airflow/dags/pipeline_monitoring_demo.py
[2026-02-27T23:13:38.197+0000] {processor.py:840} INFO - DAG(s) 'pipeline_monitoring_demo' retrieved from /opt/airflow/dags/pipeline_monitoring_demo.py
[2026-02-27T23:13:38.283+0000] {logging_mixin.py:188} INFO - [2026-02-27T23:13:38.282+0000] {dag.py:3096} INFO - Sync 1 DAGs
[2026-02-27T23:13:38.330+0000] {logging_mixin.py:188} INFO - [2026-02-27T23:13:38.330+0000] {dag.py:3954} INFO - Setting next_dagrun for pipeline_monitoring_demo to 2026-02-27 00:00:00+00:00, run_after=2026-02-28 00:00:00+00:00
[2026-02-27T23:13:38.386+0000] {processor.py:183} INFO - Processing /opt/airflow/dags/pipeline_monitoring_demo.py took 0.258 seconds
[2026-02-27T23:14:09.268+0000] {processor.py:161} INFO - Started process (PID=78) to work on /opt/airflow/dags/pipeline_monitoring_demo.py
[2026-02-27T23:14:09.270+0000] {processor.py:830} INFO - Processing file /opt/airflow/dags/pipeline_monitoring_demo.py for tasks to queue
[2026-02-27T23:14:09.272+0000] {logging_mixin.py:188} INFO - [2026-02-27T23:14:09.272+0000] {dagbag.py:540} INFO - Filling up the DagBag from /opt/airflow/dags/pipeline_monitoring_demo.py
[2026-02-27T23:14:09.330+0000] {processor.py:840} INFO - DAG(s) 'pipeline_monitoring_demo' retrieved from /opt/airflow/dags/pipeline_monitoring_demo.py
[2026-02-27T23:14:09.381+0000] {logging_mixin.py:188} INFO - [2026-02-27T23:14:09.380+0000] {dag.py:3096} INFO - Sync 1 DAGs
[2026-02-27T23:14:09.422+0000] {logging_mixin.py:188} INFO - [2026-02-27T23:14:09.421+0000] {dag.py:3954} INFO - Setting next_dagrun for pipeline_monitoring_demo to 2026-02-27 00:00:00+00:00, run_after=2026-02-28 00:00:00+00:00
[2026-02-27T23:14:09.474+0000] {processor.py:183} INFO - Processing /opt/airflow/dags/pipeline_monitoring_demo.py took 0.219 seconds
[2026-02-27T23:14:40.236+0000] {processor.py:161} INFO - Started process (PID=87) to work on /opt/airflow/dags/pipeline_monitoring_demo.py
[2026-02-27T23:14:40.239+0000] {processor.py:830} INFO - Processing file /opt/airflow/dags/pipeline_monitoring_demo.py for tasks to queue
[2026-02-27T23:14:40.242+0000] {logging_mixin.py:188} INFO - [2026-02-27T23:14:40.241+0000] {dagbag.py:540} INFO - Filling up the DagBag from /opt/airflow/dags/pipeline_monitoring_demo.py
[2026-02-27T23:14:40.297+0000] {processor.py:840} INFO - DAG(s) 'pipeline_monitoring_demo' retrieved from /opt/airflow/dags/pipeline_monitoring_demo.py
[2026-02-27T23:14:40.353+0000] {logging_mixin.py:188} INFO - [2026-02-27T23:14:40.352+0000] {dag.py:3096} INFO - Sync 1 DAGs
[2026-02-27T23:14:40.392+0000] {logging_mixin.py:188} INFO - [2026-02-27T23:14:40.392+0000] {dag.py:3954} INFO - Setting next_dagrun for pipeline_monitoring_demo to 2026-02-27 00:00:00+00:00, run_after=2026-02-28 00:00:00+00:00
[2026-02-27T23:14:40.437+0000] {processor.py:183} INFO - Processing /opt/airflow/dags/pipeline_monitoring_demo.py took 0.215 seconds
[2026-02-27T23:15:11.032+0000] {processor.py:161} INFO - Started process (PID=96) to work on /opt/airflow/dags/pipeline_monitoring_demo.py
[2026-02-27T23:15:11.034+0000] {processor.py:830} INFO - Processing file /opt/airflow/dags/pipeline_monitoring_demo.py for tasks to queue
[2026-02-27T23:15:11.036+0000] {logging_mixin.py:188} INFO - [2026-02-27T23:15:11.035+0000] {dagbag.py:540} INFO - Filling up the DagBag from /opt/airflow/dags/pipeline_monitoring_demo.py
[2026-02-27T23:15:11.083+0000] {processor.py:840} INFO - DAG(s) 'pipeline_monitoring_demo' retrieved from /opt/airflow/dags/pipeline_monitoring_demo.py
[2026-02-27T23:15:11.142+0000] {logging_mixin.py:188} INFO - [2026-02-27T23:15:11.141+0000] {dag.py:3096} INFO - Sync 1 DAGs
[2026-02-27T23:15:11.208+0000] {logging_mixin.py:188} INFO - [2026-02-27T23:15:11.208+0000] {dag.py:3954} INFO - Setting next_dagrun for pipeline_monitoring_demo to 2026-02-27 00:00:00+00:00, run_after=2026-02-28 00:00:00+00:00
[2026-02-27T23:15:11.258+0000] {processor.py:183} INFO - Processing /opt/airflow/dags/pipeline_monitoring_demo.py took 0.240 seconds
[2026-02-27T23:15:41.918+0000] {processor.py:161} INFO - Started process (PID=105) to work on /opt/airflow/dags/pipeline_monitoring_demo.py
[2026-02-27T23:15:41.921+0000] {processor.py:830} INFO - Processing file /opt/airflow/dags/pipeline_monitoring_demo.py for tasks to queue
[2026-02-27T23:15:41.924+0000] {logging_mixin.py:188} INFO - [2026-02-27T23:15:41.923+0000] {dagbag.py:540} INFO - Filling up the DagBag from /opt/airflow/dags/pipeline_monitoring_demo.py
[2026-02-27T23:15:41.997+0000] {processor.py:840} INFO - DAG(s) 'pipeline_monitoring_demo' retrieved from /opt/airflow/dags/pipeline_monitoring_demo.py
[2026-02-27T23:15:42.051+0000] {logging_mixin.py:188} INFO - [2026-02-27T23:15:42.051+0000] {dag.py:3096} INFO - Sync 1 DAGs
[2026-02-27T23:15:42.086+0000] {logging_mixin.py:188} INFO - [2026-02-27T23:15:42.085+0000] {dag.py:3954} INFO - Setting next_dagrun for pipeline_monitoring_demo to 2026-02-27 00:00:00+00:00, run_after=2026-02-28 00:00:00+00:00
[2026-02-27T23:15:42.124+0000] {processor.py:183} INFO - Processing /opt/airflow/dags/pipeline_monitoring_demo.py took 0.228 seconds
[2026-02-27T23:16:12.234+0000] {processor.py:161} INFO - Started process (PID=122) to work on /opt/airflow/dags/pipeline_monitoring_demo.py
[2026-02-27T23:16:12.237+0000] {processor.py:830} INFO - Processing file /opt/airflow/dags/pipeline_monitoring_demo.py for tasks to queue
[2026-02-27T23:16:12.242+0000] {logging_mixin.py:188} INFO - [2026-02-27T23:16:12.239+0000] {dagbag.py:540} INFO - Filling up the DagBag from /opt/airflow/dags/pipeline_monitoring_demo.py
[2026-02-27T23:16:12.307+0000] {processor.py:840} INFO - DAG(s) 'pipeline_monitoring_demo' retrieved from /opt/airflow/dags/pipeline_monitoring_demo.py
[2026-02-27T23:16:12.367+0000] {logging_mixin.py:188} INFO - [2026-02-27T23:16:12.366+0000] {dag.py:3096} INFO - Sync 1 DAGs
[2026-02-27T23:16:12.409+0000] {logging_mixin.py:188} INFO - [2026-02-27T23:16:12.409+0000] {dag.py:3954} INFO - Setting next_dagrun for pipeline_monitoring_demo to 2026-02-27 00:00:00+00:00, run_after=2026-02-28 00:00:00+00:00
[2026-02-27T23:16:12.446+0000] {processor.py:183} INFO - Processing /opt/airflow/dags/pipeline_monitoring_demo.py took 0.227 seconds
[2026-02-27T23:16:43.588+0000] {processor.py:161} INFO - Started process (PID=131) to work on /opt/airflow/dags/pipeline_monitoring_demo.py
[2026-02-27T23:16:43.590+0000] {processor.py:830} INFO - Processing file /opt/airflow/dags/pipeline_monitoring_demo.py for tasks to queue
[2026-02-27T23:16:43.592+0000] {logging_mixin.py:188} INFO - [2026-02-27T23:16:43.591+0000] {dagbag.py:540} INFO - Filling up the DagBag from /opt/airflow/dags/pipeline_monitoring_demo.py
[2026-02-27T23:16:43.672+0000] {processor.py:840} INFO - DAG(s) 'pipeline_monitoring_demo' retrieved from /opt/airflow/dags/pipeline_monitoring_demo.py
[2026-02-27T23:16:43.730+0000] {logging_mixin.py:188} INFO - [2026-02-27T23:16:43.729+0000] {dag.py:3096} INFO - Sync 1 DAGs
[2026-02-27T23:16:43.767+0000] {logging_mixin.py:188} INFO - [2026-02-27T23:16:43.767+0000] {dag.py:3954} INFO - Setting next_dagrun for pipeline_monitoring_demo to 2026-02-27 00:00:00+00:00, run_after=2026-02-28 00:00:00+00:00
[2026-02-27T23:16:43.809+0000] {processor.py:183} INFO - Processing /opt/airflow/dags/pipeline_monitoring_demo.py took 0.234 seconds
[2026-02-27T23:17:14.483+0000] {processor.py:161} INFO - Started process (PID=140) to work on /opt/airflow/dags/pipeline_monitoring_demo.py
[2026-02-27T23:17:14.485+0000] {processor.py:830} INFO - Processing file /opt/airflow/dags/pipeline_monitoring_demo.py for tasks to queue
[2026-02-27T23:17:14.487+0000] {logging_mixin.py:188} INFO - [2026-02-27T23:17:14.487+0000] {dagbag.py:540} INFO - Filling up the DagBag from /opt/airflow/dags/pipeline_monitoring_demo.py
[2026-02-27T23:17:14.534+0000] {processor.py:840} INFO - DAG(s) 'pipeline_monitoring_demo' retrieved from /opt/airflow/dags/pipeline_monitoring_demo.py
[2026-02-27T23:17:14.585+0000] {logging_mixin.py:188} INFO - [2026-02-27T23:17:14.585+0000] {dag.py:3096} INFO - Sync 1 DAGs
[2026-02-27T23:17:14.627+0000] {logging_mixin.py:188} INFO - [2026-02-27T23:17:14.626+0000] {dag.py:3954} INFO - Setting next_dagrun for pipeline_monitoring_demo to 2026-02-27 00:00:00+00:00, run_after=2026-02-28 00:00:00+00:00
[2026-02-27T23:17:14.667+0000] {processor.py:183} INFO - Processing /opt/airflow/dags/pipeline_monitoring_demo.py took 0.196 seconds
[2026-02-27T23:17:45.470+0000] {processor.py:161} INFO - Started process (PID=149) to work on /opt/airflow/dags/pipeline_monitoring_demo.py
[2026-02-27T23:17:45.472+0000] {processor.py:830} INFO - Processing file /opt/airflow/dags/pipeline_monitoring_demo.py for tasks to queue
[2026-02-27T23:17:45.475+0000] {logging_mixin.py:188} INFO - [2026-02-27T23:17:45.474+0000] {dagbag.py:540} INFO - Filling up the DagBag from /opt/airflow/dags/pipeline_monitoring_demo.py
[2026-02-27T23:17:45.524+0000] {processor.py:840} INFO - DAG(s) 'pipeline_monitoring_demo' retrieved from /opt/airflow/dags/pipeline_monitoring_demo.py
[2026-02-27T23:17:45.571+0000] {logging_mixin.py:188} INFO - [2026-02-27T23:17:45.571+0000] {dag.py:3096} INFO - Sync 1 DAGs
[2026-02-27T23:17:45.606+0000] {logging_mixin.py:188} INFO - [2026-02-27T23:17:45.606+0000] {dag.py:3954} INFO - Setting next_dagrun for pipeline_monitoring_demo to 2026-02-27 00:00:00+00:00, run_after=2026-02-28 00:00:00+00:00
[2026-02-27T23:17:45.644+0000] {processor.py:183} INFO - Processing /opt/airflow/dags/pipeline_monitoring_demo.py took 0.187 seconds
[2026-02-27T23:18:16.146+0000] {processor.py:161} INFO - Started process (PID=158) to work on /opt/airflow/dags/pipeline_monitoring_demo.py
[2026-02-27T23:18:16.148+0000] {processor.py:830} INFO - Processing file /opt/airflow/dags/pipeline_monitoring_demo.py for tasks to queue
[2026-02-27T23:18:16.150+0000] {logging_mixin.py:188} INFO - [2026-02-27T23:18:16.149+0000] {dagbag.py:540} INFO - Filling up the DagBag from /opt/airflow/dags/pipeline_monitoring_demo.py
[2026-02-27T23:18:16.205+0000] {processor.py:840} INFO - DAG(s) 'pipeline_monitoring_demo' retrieved from /opt/airflow/dags/pipeline_monitoring_demo.py
[2026-02-27T23:18:16.253+0000] {logging_mixin.py:188} INFO - [2026-02-27T23:18:16.253+0000] {dag.py:3096} INFO - Sync 1 DAGs
[2026-02-27T23:18:16.301+0000] {logging_mixin.py:188} INFO - [2026-02-27T23:18:16.301+0000] {dag.py:3954} INFO - Setting next_dagrun for pipeline_monitoring_demo to 2026-02-27 00:00:00+00:00, run_after=2026-02-28 00:00:00+00:00
[2026-02-27T23:18:16.344+0000] {processor.py:183} INFO - Processing /opt/airflow/dags/pipeline_monitoring_demo.py took 0.207 seconds
[2026-02-27T23:18:47.037+0000] {processor.py:161} INFO - Started process (PID=167) to work on /opt/airflow/dags/pipeline_monitoring_demo.py
[2026-02-27T23:18:47.042+0000] {processor.py:830} INFO - Processing file /opt/airflow/dags/pipeline_monitoring_demo.py for tasks to queue
[2026-02-27T23:18:47.046+0000] {logging_mixin.py:188} INFO - [2026-02-27T23:18:47.045+0000] {dagbag.py:540} INFO - Filling up the DagBag from /opt/airflow/dags/pipeline_monitoring_demo.py
[2026-02-27T23:18:47.150+0000] {processor.py:840} INFO - DAG(s) 'pipeline_monitoring_demo' retrieved from /opt/airflow/dags/pipeline_monitoring_demo.py
[2026-02-27T23:18:47.283+0000] {logging_mixin.py:188} INFO - [2026-02-27T23:18:47.282+0000] {dag.py:3096} INFO - Sync 1 DAGs
[2026-02-27T23:18:47.328+0000] {logging_mixin.py:188} INFO - [2026-02-27T23:18:47.327+0000] {dag.py:3954} INFO - Setting next_dagrun for pipeline_monitoring_demo to 2026-02-27 00:00:00+00:00, run_after=2026-02-28 00:00:00+00:00
[2026-02-27T23:18:47.380+0000] {processor.py:183} INFO - Processing /opt/airflow/dags/pipeline_monitoring_demo.py took 0.363 seconds
[2026-02-27T23:19:18.259+0000] {processor.py:161} INFO - Started process (PID=176) to work on /opt/airflow/dags/pipeline_monitoring_demo.py
[2026-02-27T23:19:18.262+0000] {processor.py:830} INFO - Processing file /opt/airflow/dags/pipeline_monitoring_demo.py for tasks to queue
[2026-02-27T23:19:18.263+0000] {logging_mixin.py:188} INFO - [2026-02-27T23:19:18.263+0000] {dagbag.py:540} INFO - Filling up the DagBag from /opt/airflow/dags/pipeline_monitoring_demo.py
[2026-02-27T23:19:18.311+0000] {processor.py:840} INFO - DAG(s) 'pipeline_monitoring_demo' retrieved from /opt/airflow/dags/pipeline_monitoring_demo.py
[2026-02-27T23:19:18.358+0000] {logging_mixin.py:188} INFO - [2026-02-27T23:19:18.357+0000] {dag.py:3096} INFO - Sync 1 DAGs
[2026-02-27T23:19:18.397+0000] {logging_mixin.py:188} INFO - [2026-02-27T23:19:18.397+0000] {dag.py:3954} INFO - Setting next_dagrun for pipeline_monitoring_demo to 2026-02-27 00:00:00+00:00, run_after=2026-02-28 00:00:00+00:00
[2026-02-27T23:19:18.437+0000] {processor.py:183} INFO - Processing /opt/airflow/dags/pipeline_monitoring_demo.py took 0.189 seconds
[2026-02-27T23:19:49.014+0000] {processor.py:161} INFO - Started process (PID=185) to work on /opt/airflow/dags/pipeline_monitoring_demo.py
[2026-02-27T23:19:49.015+0000] {processor.py:830} INFO - Processing file /opt/airflow/dags/pipeline_monitoring_demo.py for tasks to queue
[2026-02-27T23:19:49.019+0000] {logging_mixin.py:188} INFO - [2026-02-27T23:19:49.018+0000] {dagbag.py:540} INFO - Filling up the DagBag from /opt/airflow/dags/pipeline_monitoring_demo.py
[2026-02-27T23:19:49.067+0000] {processor.py:840} INFO - DAG(s) 'pipeline_monitoring_demo' retrieved from /opt/airflow/dags/pipeline_monitoring_demo.py
[2026-02-27T23:19:49.119+0000] {logging_mixin.py:188} INFO - [2026-02-27T23:19:49.118+0000] {dag.py:3096} INFO - Sync 1 DAGs
[2026-02-27T23:19:49.155+0000] {logging_mixin.py:188} INFO - [2026-02-27T23:19:49.154+0000] {dag.py:3954} INFO - Setting next_dagrun for pipeline_monitoring_demo to 2026-02-27 00:00:00+00:00, run_after=2026-02-28 00:00:00+00:00
[2026-02-27T23:19:49.196+0000] {processor.py:183} INFO - Processing /opt/airflow/dags/pipeline_monitoring_demo.py took 0.197 seconds
[2026-02-27T23:20:19.792+0000] {processor.py:161} INFO - Started process (PID=194) to work on /opt/airflow/dags/pipeline_monitoring_demo.py
[2026-02-27T23:20:19.794+0000] {processor.py:830} INFO - Processing file /opt/airflow/dags/pipeline_monitoring_demo.py for tasks to queue
[2026-02-27T23:20:19.796+0000] {logging_mixin.py:188} INFO - [2026-02-27T23:20:19.795+0000] {dagbag.py:540} INFO - Filling up the DagBag from /opt/airflow/dags/pipeline_monitoring_demo.py
[2026-02-27T23:20:19.841+0000] {processor.py:840} INFO - DAG(s) 'pipeline_monitoring_demo' retrieved from /opt/airflow/dags/pipeline_monitoring_demo.py
[2026-02-27T23:20:19.893+0000] {logging_mixin.py:188} INFO - [2026-02-27T23:20:19.893+0000] {dag.py:3096} INFO - Sync 1 DAGs
[2026-02-27T23:20:19.943+0000] {logging_mixin.py:188} INFO - [2026-02-27T23:20:19.942+0000] {dag.py:3954} INFO - Setting next_dagrun for pipeline_monitoring_demo to 2026-02-27 00:00:00+00:00, run_after=2026-02-28 00:00:00+00:00
[2026-02-27T23:20:19.983+0000] {processor.py:183} INFO - Processing /opt/airflow/dags/pipeline_monitoring_demo.py took 0.203 seconds
[2026-02-27T23:20:50.554+0000] {processor.py:161} INFO - Started process (PID=203) to work on /opt/airflow/dags/pipeline_monitoring_demo.py
[2026-02-27T23:20:50.556+0000] {processor.py:830} INFO - Processing file /opt/airflow/dags/pipeline_monitoring_demo.py for tasks to queue
[2026-02-27T23:20:50.558+0000] {logging_mixin.py:188} INFO - [2026-02-27T23:20:50.557+0000] {dagbag.py:540} INFO - Filling up the DagBag from /opt/airflow/dags/pipeline_monitoring_demo.py
[2026-02-27T23:20:50.607+0000] {processor.py:840} INFO - DAG(s) 'pipeline_monitoring_demo' retrieved from /opt/airflow/dags/pipeline_monitoring_demo.py
[2026-02-27T23:20:50.653+0000] {logging_mixin.py:188} INFO - [2026-02-27T23:20:50.653+0000] {dag.py:3096} INFO - Sync 1 DAGs
[2026-02-27T23:20:50.684+0000] {logging_mixin.py:188} INFO - [2026-02-27T23:20:50.684+0000] {dag.py:3954} INFO - Setting next_dagrun for pipeline_monitoring_demo to 2026-02-27 00:00:00+00:00, run_after=2026-02-28 00:00:00+00:00
[2026-02-27T23:20:50.720+0000] {processor.py:183} INFO - Processing /opt/airflow/dags/pipeline_monitoring_demo.py took 0.182 seconds
[2026-02-27T23:21:21.384+0000] {processor.py:161} INFO - Started process (PID=212) to work on /opt/airflow/dags/pipeline_monitoring_demo.py
[2026-02-27T23:21:21.386+0000] {processor.py:830} INFO - Processing file /opt/airflow/dags/pipeline_monitoring_demo.py for tasks to queue
[2026-02-27T23:21:21.389+0000] {logging_mixin.py:188} INFO - [2026-02-27T23:21:21.388+0000] {dagbag.py:540} INFO - Filling up the DagBag from /opt/airflow/dags/pipeline_monitoring_demo.py
[2026-02-27T23:21:21.451+0000] {processor.py:840} INFO - DAG(s) 'pipeline_monitoring_demo' retrieved from /opt/airflow/dags/pipeline_monitoring_demo.py
[2026-02-27T23:21:21.504+0000] {logging_mixin.py:188} INFO - [2026-02-27T23:21:21.503+0000] {dag.py:3096} INFO - Sync 1 DAGs
[2026-02-27T23:21:21.544+0000] {logging_mixin.py:188} INFO - [2026-02-27T23:21:21.544+0000] {dag.py:3954} INFO - Setting next_dagrun for pipeline_monitoring_demo to 2026-02-27 00:00:00+00:00, run_after=2026-02-28 00:00:00+00:00
[2026-02-27T23:21:21.582+0000] {processor.py:183} INFO - Processing /opt/airflow/dags/pipeline_monitoring_demo.py took 0.218 seconds
[2026-02-27T23:21:51.909+0000] {processor.py:161} INFO - Started process (PID=221) to work on /opt/airflow/dags/pipeline_monitoring_demo.py
[2026-02-27T23:21:51.914+0000] {processor.py:830} INFO - Processing file /opt/airflow/dags/pipeline_monitoring_demo.py for tasks to queue
[2026-02-27T23:21:51.917+0000] {logging_mixin.py:188} INFO - [2026-02-27T23:21:51.916+0000] {dagbag.py:540} INFO - Filling up the DagBag from /opt/airflow/dags/pipeline_monitoring_demo.py
[2026-02-27T23:21:51.975+0000] {processor.py:840} INFO - DAG(s) 'pipeline_monitoring_demo' retrieved from /opt/airflow/dags/pipeline_monitoring_demo.py
[2026-02-27T23:21:52.035+0000] {logging_mixin.py:188} INFO - [2026-02-27T23:21:52.035+0000] {dag.py:3096} INFO - Sync 1 DAGs
[2026-02-27T23:21:52.075+0000] {logging_mixin.py:188} INFO - [2026-02-27T23:21:52.074+0000] {dag.py:3954} INFO - Setting next_dagrun for pipeline_monitoring_demo to 2026-02-27 00:00:00+00:00, run_after=2026-02-28 00:00:00+00:00
[2026-02-27T23:21:52.118+0000] {processor.py:183} INFO - Processing /opt/airflow/dags/pipeline_monitoring_demo.py took 0.226 seconds
[2026-02-27T23:22:22.789+0000] {processor.py:161} INFO - Started process (PID=230) to work on /opt/airflow/dags/pipeline_monitoring_demo.py
[2026-02-27T23:22:22.791+0000] {processor.py:830} INFO - Processing file /opt/airflow/dags/pipeline_monitoring_demo.py for tasks to queue
[2026-02-27T23:22:22.793+0000] {logging_mixin.py:188} INFO - [2026-02-27T23:22:22.792+0000] {dagbag.py:540} INFO - Filling up the DagBag from /opt/airflow/dags/pipeline_monitoring_demo.py
[2026-02-27T23:22:22.841+0000] {processor.py:840} INFO - DAG(s) 'pipeline_monitoring_demo' retrieved from /opt/airflow/dags/pipeline_monitoring_demo.py
[2026-02-27T23:22:22.917+0000] {logging_mixin.py:188} INFO - [2026-02-27T23:22:22.917+0000] {dag.py:3096} INFO - Sync 1 DAGs
[2026-02-27T23:22:22.969+0000] {logging_mixin.py:188} INFO - [2026-02-27T23:22:22.968+0000] {dag.py:3954} INFO - Setting next_dagrun for pipeline_monitoring_demo to 2026-02-27 00:00:00+00:00, run_after=2026-02-28 00:00:00+00:00
[2026-02-27T23:22:23.014+0000] {processor.py:183} INFO - Processing /opt/airflow/dags/pipeline_monitoring_demo.py took 0.240 seconds
[2026-02-27T23:22:53.678+0000] {processor.py:161} INFO - Started process (PID=239) to work on /opt/airflow/dags/pipeline_monitoring_demo.py
[2026-02-27T23:22:53.680+0000] {processor.py:830} INFO - Processing file /opt/airflow/dags/pipeline_monitoring_demo.py for tasks to queue
[2026-02-27T23:22:53.682+0000] {logging_mixin.py:188} INFO - [2026-02-27T23:22:53.681+0000] {dagbag.py:540} INFO - Filling up the DagBag from /opt/airflow/dags/pipeline_monitoring_demo.py
[2026-02-27T23:22:53.724+0000] {processor.py:840} INFO - DAG(s) 'pipeline_monitoring_demo' retrieved from /opt/airflow/dags/pipeline_monitoring_demo.py
[2026-02-27T23:22:53.771+0000] {logging_mixin.py:188} INFO - [2026-02-27T23:22:53.770+0000] {dag.py:3096} INFO - Sync 1 DAGs
[2026-02-27T23:22:53.806+0000] {logging_mixin.py:188} INFO - [2026-02-27T23:22:53.805+0000] {dag.py:3954} INFO - Setting next_dagrun for pipeline_monitoring_demo to 2026-02-27 00:00:00+00:00, run_after=2026-02-28 00:00:00+00:00
[2026-02-27T23:22:53.844+0000] {processor.py:183} INFO - Processing /opt/airflow/dags/pipeline_monitoring_demo.py took 0.177 seconds
[2026-02-27T23:23:24.320+0000] {processor.py:161} INFO - Started process (PID=248) to work on /opt/airflow/dags/pipeline_monitoring_demo.py
[2026-02-27T23:23:24.322+0000] {processor.py:830} INFO - Processing file /opt/airflow/dags/pipeline_monitoring_demo.py for tasks to queue
[2026-02-27T23:23:24.324+0000] {logging_mixin.py:188} INFO - [2026-02-27T23:23:24.324+0000] {dagbag.py:540} INFO - Filling up the DagBag from /opt/airflow/dags/pipeline_monitoring_demo.py
[2026-02-27T23:23:24.375+0000] {processor.py:840} INFO - DAG(s) 'pipeline_monitoring_demo' retrieved from /opt/airflow/dags/pipeline_monitoring_demo.py
[2026-02-27T23:23:24.424+0000] {logging_mixin.py:188} INFO - [2026-02-27T23:23:24.424+0000] {dag.py:3096} INFO - Sync 1 DAGs
[2026-02-27T23:23:24.465+0000] {logging_mixin.py:188} INFO - [2026-02-27T23:23:24.465+0000] {dag.py:3954} INFO - Setting next_dagrun for pipeline_monitoring_demo to 2026-02-27 00:00:00+00:00, run_after=2026-02-28 00:00:00+00:00
[2026-02-27T23:23:24.506+0000] {processor.py:183} INFO - Processing /opt/airflow/dags/pipeline_monitoring_demo.py took 0.205 seconds
[2026-02-27T23:23:54.991+0000] {processor.py:161} INFO - Started process (PID=257) to work on /opt/airflow/dags/pipeline_monitoring_demo.py
[2026-02-27T23:23:54.994+0000] {processor.py:830} INFO - Processing file /opt/airflow/dags/pipeline_monitoring_demo.py for tasks to queue
[2026-02-27T23:23:54.996+0000] {logging_mixin.py:188} INFO - [2026-02-27T23:23:54.996+0000] {dagbag.py:540} INFO - Filling up the DagBag from /opt/airflow/dags/pipeline_monitoring_demo.py
[2026-02-27T23:23:55.052+0000] {processor.py:840} INFO - DAG(s) 'pipeline_monitoring_demo' retrieved from /opt/airflow/dags/pipeline_monitoring_demo.py
[2026-02-27T23:23:55.108+0000] {logging_mixin.py:188} INFO - [2026-02-27T23:23:55.107+0000] {dag.py:3096} INFO - Sync 1 DAGs
[2026-02-27T23:23:55.154+0000] {logging_mixin.py:188} INFO - [2026-02-27T23:23:55.153+0000] {dag.py:3954} INFO - Setting next_dagrun for pipeline_monitoring_demo to 2026-02-27 00:00:00+00:00, run_after=2026-02-28 00:00:00+00:00
[2026-02-27T23:23:55.197+0000] {processor.py:183} INFO - Processing /opt/airflow/dags/pipeline_monitoring_demo.py took 0.221 seconds
[2026-02-27T23:24:25.829+0000] {processor.py:161} INFO - Started process (PID=266) to work on /opt/airflow/dags/pipeline_monitoring_demo.py
[2026-02-27T23:24:25.831+0000] {processor.py:830} INFO - Processing file /opt/airflow/dags/pipeline_monitoring_demo.py for tasks to queue
[2026-02-27T23:24:25.833+0000] {logging_mixin.py:188} INFO - [2026-02-27T23:24:25.832+0000] {dagbag.py:540} INFO - Filling up the DagBag from /opt/airflow/dags/pipeline_monitoring_demo.py
[2026-02-27T23:24:25.883+0000] {processor.py:840} INFO - DAG(s) 'pipeline_monitoring_demo' retrieved from /opt/airflow/dags/pipeline_monitoring_demo.py
[2026-02-27T23:24:25.941+0000] {logging_mixin.py:188} INFO - [2026-02-27T23:24:25.941+0000] {dag.py:3096} INFO - Sync 1 DAGs
[2026-02-27T23:24:25.981+0000] {logging_mixin.py:188} INFO - [2026-02-27T23:24:25.981+0000] {dag.py:3954} INFO - Setting next_dagrun for pipeline_monitoring_demo to 2026-02-27 00:00:00+00:00, run_after=2026-02-28 00:00:00+00:00
[2026-02-27T23:24:26.018+0000] {processor.py:183} INFO - Processing /opt/airflow/dags/pipeline_monitoring_demo.py took 0.199 seconds
[2026-02-27T23:24:56.712+0000] {processor.py:161} INFO - Started process (PID=275) to work on /opt/airflow/dags/pipeline_monitoring_demo.py
[2026-02-27T23:24:56.714+0000] {processor.py:830} INFO - Processing file /opt/airflow/dags/pipeline_monitoring_demo.py for tasks to queue
[2026-02-27T23:24:56.717+0000] {logging_mixin.py:188} INFO - [2026-02-27T23:24:56.716+0000] {dagbag.py:540} INFO - Filling up the DagBag from /opt/airflow/dags/pipeline_monitoring_demo.py
[2026-02-27T23:24:56.774+0000] {processor.py:840} INFO - DAG(s) 'pipeline_monitoring_demo' retrieved from /opt/airflow/dags/pipeline_monitoring_demo.py
[2026-02-27T23:24:56.847+0000] {logging_mixin.py:188} INFO - [2026-02-27T23:24:56.847+0000] {dag.py:3096} INFO - Sync 1 DAGs
[2026-02-27T23:24:56.890+0000] {logging_mixin.py:188} INFO - [2026-02-27T23:24:56.890+0000] {dag.py:3954} INFO - Setting next_dagrun for pipeline_monitoring_demo to 2026-02-27 00:00:00+00:00, run_after=2026-02-28 00:00:00+00:00
[2026-02-27T23:24:56.928+0000] {processor.py:183} INFO - Processing /opt/airflow/dags/pipeline_monitoring_demo.py took 0.233 seconds
[2026-02-27T23:25:27.912+0000] {processor.py:161} INFO - Started process (PID=284) to work on /opt/airflow/dags/pipeline_monitoring_demo.py
[2026-02-27T23:25:27.915+0000] {processor.py:830} INFO - Processing file /opt/airflow/dags/pipeline_monitoring_demo.py for tasks to queue
[2026-02-27T23:25:27.918+0000] {logging_mixin.py:188} INFO - [2026-02-27T23:25:27.917+0000] {dagbag.py:540} INFO - Filling up the DagBag from /opt/airflow/dags/pipeline_monitoring_demo.py
[2026-02-27T23:25:27.965+0000] {processor.py:840} INFO - DAG(s) 'pipeline_monitoring_demo' retrieved from /opt/airflow/dags/pipeline_monitoring_demo.py
[2026-02-27T23:25:28.016+0000] {logging_mixin.py:188} INFO - [2026-02-27T23:25:28.015+0000] {dag.py:3096} INFO - Sync 1 DAGs
[2026-02-27T23:25:28.069+0000] {logging_mixin.py:188} INFO - [2026-02-27T23:25:28.069+0000] {dag.py:3954} INFO - Setting next_dagrun for pipeline_monitoring_demo to 2026-02-27 00:00:00+00:00, run_after=2026-02-28 00:00:00+00:00
[2026-02-27T23:25:28.124+0000] {processor.py:183} INFO - Processing /opt/airflow/dags/pipeline_monitoring_demo.py took 0.223 seconds
[2026-02-27T23:25:58.554+0000] {processor.py:161} INFO - Started process (PID=293) to work on /opt/airflow/dags/pipeline_monitoring_demo.py
[2026-02-27T23:25:58.556+0000] {processor.py:830} INFO - Processing file /opt/airflow/dags/pipeline_monitoring_demo.py for tasks to queue
[2026-02-27T23:25:58.558+0000] {logging_mixin.py:188} INFO - [2026-02-27T23:25:58.558+0000] {dagbag.py:540} INFO - Filling up the DagBag from /opt/airflow/dags/pipeline_monitoring_demo.py
[2026-02-27T23:25:58.607+0000] {processor.py:840} INFO - DAG(s) 'pipeline_monitoring_demo' retrieved from /opt/airflow/dags/pipeline_monitoring_demo.py
[2026-02-27T23:25:58.656+0000] {logging_mixin.py:188} INFO - [2026-02-27T23:25:58.656+0000] {dag.py:3096} INFO - Sync 1 DAGs
[2026-02-27T23:25:58.697+0000] {logging_mixin.py:188} INFO - [2026-02-27T23:25:58.696+0000] {dag.py:3954} INFO - Setting next_dagrun for pipeline_monitoring_demo to 2026-02-27 00:00:00+00:00, run_after=2026-02-28 00:00:00+00:00
[2026-02-27T23:25:58.731+0000] {processor.py:183} INFO - Processing /opt/airflow/dags/pipeline_monitoring_demo.py took 0.191 seconds
[2026-02-27T23:26:29.506+0000] {processor.py:161} INFO - Started process (PID=302) to work on /opt/airflow/dags/pipeline_monitoring_demo.py
[2026-02-27T23:26:29.508+0000] {processor.py:830} INFO - Processing file /opt/airflow/dags/pipeline_monitoring_demo.py for tasks to queue
[2026-02-27T23:26:29.510+0000] {logging_mixin.py:188} INFO - [2026-02-27T23:26:29.509+0000] {dagbag.py:540} INFO - Filling up the DagBag from /opt/airflow/dags/pipeline_monitoring_demo.py
[2026-02-27T23:26:29.555+0000] {processor.py:840} INFO - DAG(s) 'pipeline_monitoring_demo' retrieved from /opt/airflow/dags/pipeline_monitoring_demo.py
[2026-02-27T23:26:29.614+0000] {logging_mixin.py:188} INFO - [2026-02-27T23:26:29.613+0000] {dag.py:3096} INFO - Sync 1 DAGs
[2026-02-27T23:26:29.659+0000] {logging_mixin.py:188} INFO - [2026-02-27T23:26:29.658+0000] {dag.py:3954} INFO - Setting next_dagrun for pipeline_monitoring_demo to 2026-02-27 00:00:00+00:00, run_after=2026-02-28 00:00:00+00:00
[2026-02-27T23:26:29.696+0000] {processor.py:183} INFO - Processing /opt/airflow/dags/pipeline_monitoring_demo.py took 0.202 seconds
[2026-02-27T23:27:00.119+0000] {processor.py:161} INFO - Started process (PID=312) to work on /opt/airflow/dags/pipeline_monitoring_demo.py
[2026-02-27T23:27:00.122+0000] {processor.py:830} INFO - Processing file /opt/airflow/dags/pipeline_monitoring_demo.py for tasks to queue
[2026-02-27T23:27:00.124+0000] {logging_mixin.py:188} INFO - [2026-02-27T23:27:00.123+0000] {dagbag.py:540} INFO - Filling up the DagBag from /opt/airflow/dags/pipeline_monitoring_demo.py
[2026-02-27T23:27:00.176+0000] {processor.py:840} INFO - DAG(s) 'pipeline_monitoring_demo' retrieved from /opt/airflow/dags/pipeline_monitoring_demo.py
[2026-02-27T23:27:00.226+0000] {logging_mixin.py:188} INFO - [2026-02-27T23:27:00.225+0000] {dag.py:3096} INFO - Sync 1 DAGs
[2026-02-27T23:27:00.264+0000] {logging_mixin.py:188} INFO - [2026-02-27T23:27:00.264+0000] {dag.py:3954} INFO - Setting next_dagrun for pipeline_monitoring_demo to 2026-02-27 00:00:00+00:00, run_after=2026-02-28 00:00:00+00:00
[2026-02-27T23:27:00.310+0000] {processor.py:183} INFO - Processing /opt/airflow/dags/pipeline_monitoring_demo.py took 0.201 seconds
[2026-02-27T23:27:31.047+0000] {processor.py:161} INFO - Started process (PID=321) to work on /opt/airflow/dags/pipeline_monitoring_demo.py
[2026-02-27T23:27:31.050+0000] {processor.py:830} INFO - Processing file /opt/airflow/dags/pipeline_monitoring_demo.py for tasks to queue
[2026-02-27T23:27:31.054+0000] {logging_mixin.py:188} INFO - [2026-02-27T23:27:31.052+0000] {dagbag.py:540} INFO - Filling up the DagBag from /opt/airflow/dags/pipeline_monitoring_demo.py
[2026-02-27T23:27:31.112+0000] {processor.py:840} INFO - DAG(s) 'pipeline_monitoring_demo' retrieved from /opt/airflow/dags/pipeline_monitoring_demo.py
[2026-02-27T23:27:31.184+0000] {logging_mixin.py:188} INFO - [2026-02-27T23:27:31.184+0000] {dag.py:3096} INFO - Sync 1 DAGs
[2026-02-27T23:27:31.234+0000] {logging_mixin.py:188} INFO - [2026-02-27T23:27:31.234+0000] {dag.py:3954} INFO - Setting next_dagrun for pipeline_monitoring_demo to 2026-02-27 00:00:00+00:00, run_after=2026-02-28 00:00:00+00:00
[2026-02-27T23:27:31.293+0000] {processor.py:183} INFO - Processing /opt/airflow/dags/pipeline_monitoring_demo.py took 0.266 seconds
[2026-02-27T23:28:02.210+0000] {processor.py:161} INFO - Started process (PID=330) to work on /opt/airflow/dags/pipeline_monitoring_demo.py
[2026-02-27T23:28:02.212+0000] {processor.py:830} INFO - Processing file /opt/airflow/dags/pipeline_monitoring_demo.py for tasks to queue
[2026-02-27T23:28:02.214+0000] {logging_mixin.py:188} INFO - [2026-02-27T23:28:02.213+0000] {dagbag.py:540} INFO - Filling up the DagBag from /opt/airflow/dags/pipeline_monitoring_demo.py
[2026-02-27T23:28:02.259+0000] {processor.py:840} INFO - DAG(s) 'pipeline_monitoring_demo' retrieved from /opt/airflow/dags/pipeline_monitoring_demo.py
[2026-02-27T23:28:02.332+0000] {logging_mixin.py:188} INFO - [2026-02-27T23:28:02.332+0000] {dag.py:3096} INFO - Sync 1 DAGs
[2026-02-27T23:28:02.374+0000] {logging_mixin.py:188} INFO - [2026-02-27T23:28:02.373+0000] {dag.py:3954} INFO - Setting next_dagrun for pipeline_monitoring_demo to 2026-02-27 00:00:00+00:00, run_after=2026-02-28 00:00:00+00:00
[2026-02-27T23:28:02.417+0000] {processor.py:183} INFO - Processing /opt/airflow/dags/pipeline_monitoring_demo.py took 0.218 seconds
[2026-02-27T23:28:33.101+0000] {processor.py:161} INFO - Started process (PID=339) to work on /opt/airflow/dags/pipeline_monitoring_demo.py
[2026-02-27T23:28:33.104+0000] {processor.py:830} INFO - Processing file /opt/airflow/dags/pipeline_monitoring_demo.py for tasks to queue
[2026-02-27T23:28:33.106+0000] {logging_mixin.py:188} INFO - [2026-02-27T23:28:33.105+0000] {dagbag.py:540} INFO - Filling up the DagBag from /opt/airflow/dags/pipeline_monitoring_demo.py
[2026-02-27T23:28:33.160+0000] {processor.py:840} INFO - DAG(s) 'pipeline_monitoring_demo' retrieved from /opt/airflow/dags/pipeline_monitoring_demo.py
[2026-02-27T23:28:33.229+0000] {logging_mixin.py:188} INFO - [2026-02-27T23:28:33.228+0000] {dag.py:3096} INFO - Sync 1 DAGs
[2026-02-27T23:28:33.285+0000] {logging_mixin.py:188} INFO - [2026-02-27T23:28:33.285+0000] {dag.py:3954} INFO - Setting next_dagrun for pipeline_monitoring_demo to 2026-02-27 00:00:00+00:00, run_after=2026-02-28 00:00:00+00:00
[2026-02-27T23:28:33.338+0000] {processor.py:183} INFO - Processing /opt/airflow/dags/pipeline_monitoring_demo.py took 0.252 seconds
[2026-02-27T23:29:03.808+0000] {processor.py:161} INFO - Started process (PID=348) to work on /opt/airflow/dags/pipeline_monitoring_demo.py
[2026-02-27T23:29:03.810+0000] {processor.py:830} INFO - Processing file /opt/airflow/dags/pipeline_monitoring_demo.py for tasks to queue
[2026-02-27T23:29:03.813+0000] {logging_mixin.py:188} INFO - [2026-02-27T23:29:03.812+0000] {dagbag.py:540} INFO - Filling up the DagBag from /opt/airflow/dags/pipeline_monitoring_demo.py
[2026-02-27T23:29:03.866+0000] {processor.py:840} INFO - DAG(s) 'pipeline_monitoring_demo' retrieved from /opt/airflow/dags/pipeline_monitoring_demo.py
[2026-02-27T23:29:03.923+0000] {logging_mixin.py:188} INFO - [2026-02-27T23:29:03.923+0000] {dag.py:3096} INFO - Sync 1 DAGs
[2026-02-27T23:29:03.962+0000] {logging_mixin.py:188} INFO - [2026-02-27T23:29:03.961+0000] {dag.py:3954} INFO - Setting next_dagrun for pipeline_monitoring_demo to 2026-02-27 00:00:00+00:00, run_after=2026-02-28 00:00:00+00:00
[2026-02-27T23:29:03.999+0000] {processor.py:183} INFO - Processing /opt/airflow/dags/pipeline_monitoring_demo.py took 0.203 seconds
[2026-02-27T23:29:34.656+0000] {processor.py:161} INFO - Started process (PID=357) to work on /opt/airflow/dags/pipeline_monitoring_demo.py
[2026-02-27T23:29:34.657+0000] {processor.py:830} INFO - Processing file /opt/airflow/dags/pipeline_monitoring_demo.py for tasks to queue
[2026-02-27T23:29:34.660+0000] {logging_mixin.py:188} INFO - [2026-02-27T23:29:34.659+0000] {dagbag.py:540} INFO - Filling up the DagBag from /opt/airflow/dags/pipeline_monitoring_demo.py
[2026-02-27T23:29:34.703+0000] {processor.py:840} INFO - DAG(s) 'pipeline_monitoring_demo' retrieved from /opt/airflow/dags/pipeline_monitoring_demo.py
[2026-02-27T23:29:34.753+0000] {logging_mixin.py:188} INFO - [2026-02-27T23:29:34.752+0000] {dag.py:3096} INFO - Sync 1 DAGs
[2026-02-27T23:29:34.788+0000] {logging_mixin.py:188} INFO - [2026-02-27T23:29:34.788+0000] {dag.py:3954} INFO - Setting next_dagrun for pipeline_monitoring_demo to 2026-02-27 00:00:00+00:00, run_after=2026-02-28 00:00:00+00:00
[2026-02-27T23:29:34.828+0000] {processor.py:183} INFO - Processing /opt/airflow/dags/pipeline_monitoring_demo.py took 0.186 seconds
[2026-02-27T23:30:05.418+0000] {processor.py:161} INFO - Started process (PID=366) to work on /opt/airflow/dags/pipeline_monitoring_demo.py
[2026-02-27T23:30:05.421+0000] {processor.py:830} INFO - Processing file /opt/airflow/dags/pipeline_monitoring_demo.py for tasks to queue
[2026-02-27T23:30:05.425+0000] {logging_mixin.py:188} INFO - [2026-02-27T23:30:05.424+0000] {dagbag.py:540} INFO - Filling up the DagBag from /opt/airflow/dags/pipeline_monitoring_demo.py
[2026-02-27T23:30:05.500+0000] {processor.py:840} INFO - DAG(s) 'pipeline_monitoring_demo' retrieved from /opt/airflow/dags/pipeline_monitoring_demo.py
[2026-02-27T23:30:05.608+0000] {logging_mixin.py:188} INFO - [2026-02-27T23:30:05.607+0000] {dag.py:3096} INFO - Sync 1 DAGs
[2026-02-27T23:30:05.699+0000] {logging_mixin.py:188} INFO - [2026-02-27T23:30:05.698+0000] {dag.py:3954} INFO - Setting next_dagrun for pipeline_monitoring_demo to 2026-02-27 00:00:00+00:00, run_after=2026-02-28 00:00:00+00:00
[2026-02-27T23:30:05.763+0000] {processor.py:183} INFO - Processing /opt/airflow/dags/pipeline_monitoring_demo.py took 0.364 seconds
[2026-02-27T23:30:36.425+0000] {processor.py:161} INFO - Started process (PID=375) to work on /opt/airflow/dags/pipeline_monitoring_demo.py
[2026-02-27T23:30:36.428+0000] {processor.py:830} INFO - Processing file /opt/airflow/dags/pipeline_monitoring_demo.py for tasks to queue
[2026-02-27T23:30:36.430+0000] {logging_mixin.py:188} INFO - [2026-02-27T23:30:36.429+0000] {dagbag.py:540} INFO - Filling up the DagBag from /opt/airflow/dags/pipeline_monitoring_demo.py
[2026-02-27T23:30:36.483+0000] {processor.py:840} INFO - DAG(s) 'pipeline_monitoring_demo' retrieved from /opt/airflow/dags/pipeline_monitoring_demo.py
[2026-02-27T23:30:36.548+0000] {logging_mixin.py:188} INFO - [2026-02-27T23:30:36.548+0000] {dag.py:3096} INFO - Sync 1 DAGs
[2026-02-27T23:30:36.586+0000] {logging_mixin.py:188} INFO - [2026-02-27T23:30:36.585+0000] {dag.py:3954} INFO - Setting next_dagrun for pipeline_monitoring_demo to 2026-02-27 00:00:00+00:00, run_after=2026-02-28 00:00:00+00:00
[2026-02-27T23:30:36.624+0000] {processor.py:183} INFO - Processing /opt/airflow/dags/pipeline_monitoring_demo.py took 0.212 seconds
[2026-02-27T23:31:07.048+0000] {processor.py:161} INFO - Started process (PID=384) to work on /opt/airflow/dags/pipeline_monitoring_demo.py
[2026-02-27T23:31:07.051+0000] {processor.py:830} INFO - Processing file /opt/airflow/dags/pipeline_monitoring_demo.py for tasks to queue
[2026-02-27T23:31:07.053+0000] {logging_mixin.py:188} INFO - [2026-02-27T23:31:07.052+0000] {dagbag.py:540} INFO - Filling up the DagBag from /opt/airflow/dags/pipeline_monitoring_demo.py
[2026-02-27T23:31:07.112+0000] {processor.py:840} INFO - DAG(s) 'pipeline_monitoring_demo' retrieved from /opt/airflow/dags/pipeline_monitoring_demo.py
[2026-02-27T23:31:07.168+0000] {logging_mixin.py:188} INFO - [2026-02-27T23:31:07.167+0000] {dag.py:3096} INFO - Sync 1 DAGs
[2026-02-27T23:31:07.206+0000] {logging_mixin.py:188} INFO - [2026-02-27T23:31:07.205+0000] {dag.py:3954} INFO - Setting next_dagrun for pipeline_monitoring_demo to 2026-02-27 00:00:00+00:00, run_after=2026-02-28 00:00:00+00:00
[2026-02-27T23:31:07.251+0000] {processor.py:183} INFO - Processing /opt/airflow/dags/pipeline_monitoring_demo.py took 0.217 seconds
[2026-02-27T23:31:38.191+0000] {processor.py:161} INFO - Started process (PID=393) to work on /opt/airflow/dags/pipeline_monitoring_demo.py
[2026-02-27T23:31:38.192+0000] {processor.py:830} INFO - Processing file /opt/airflow/dags/pipeline_monitoring_demo.py for tasks to queue
[2026-02-27T23:31:38.194+0000] {logging_mixin.py:188} INFO - [2026-02-27T23:31:38.194+0000] {dagbag.py:540} INFO - Filling up the DagBag from /opt/airflow/dags/pipeline_monitoring_demo.py
[2026-02-27T23:31:38.239+0000] {processor.py:840} INFO - DAG(s) 'pipeline_monitoring_demo' retrieved from /opt/airflow/dags/pipeline_monitoring_demo.py
[2026-02-27T23:31:38.298+0000] {logging_mixin.py:188} INFO - [2026-02-27T23:31:38.298+0000] {dag.py:3096} INFO - Sync 1 DAGs
[2026-02-27T23:31:38.335+0000] {logging_mixin.py:188} INFO - [2026-02-27T23:31:38.335+0000] {dag.py:3954} INFO - Setting next_dagrun for pipeline_monitoring_demo to 2026-02-27 00:00:00+00:00, run_after=2026-02-28 00:00:00+00:00
[2026-02-27T23:31:38.375+0000] {processor.py:183} INFO - Processing /opt/airflow/dags/pipeline_monitoring_demo.py took 0.195 seconds
[2026-02-27T23:32:09.538+0000] {processor.py:161} INFO - Started process (PID=402) to work on /opt/airflow/dags/pipeline_monitoring_demo.py
[2026-02-27T23:32:09.550+0000] {processor.py:830} INFO - Processing file /opt/airflow/dags/pipeline_monitoring_demo.py for tasks to queue
[2026-02-27T23:32:09.556+0000] {logging_mixin.py:188} INFO - [2026-02-27T23:32:09.556+0000] {dagbag.py:540} INFO - Filling up the DagBag from /opt/airflow/dags/pipeline_monitoring_demo.py
[2026-02-27T23:32:09.873+0000] {processor.py:840} INFO - DAG(s) 'pipeline_monitoring_demo' retrieved from /opt/airflow/dags/pipeline_monitoring_demo.py
[2026-02-27T23:32:09.928+0000] {logging_mixin.py:188} INFO - [2026-02-27T23:32:09.928+0000] {dag.py:3096} INFO - Sync 1 DAGs
[2026-02-27T23:32:09.971+0000] {logging_mixin.py:188} INFO - [2026-02-27T23:32:09.971+0000] {dag.py:3954} INFO - Setting next_dagrun for pipeline_monitoring_demo to 2026-02-27 00:00:00+00:00, run_after=2026-02-28 00:00:00+00:00
[2026-02-27T23:32:10.022+0000] {processor.py:183} INFO - Processing /opt/airflow/dags/pipeline_monitoring_demo.py took 0.463 seconds
[2026-02-27T23:32:40.955+0000] {processor.py:161} INFO - Started process (PID=411) to work on /opt/airflow/dags/pipeline_monitoring_demo.py
[2026-02-27T23:32:40.958+0000] {processor.py:830} INFO - Processing file /opt/airflow/dags/pipeline_monitoring_demo.py for tasks to queue
[2026-02-27T23:32:40.960+0000] {logging_mixin.py:188} INFO - [2026-02-27T23:32:40.960+0000] {dagbag.py:540} INFO - Filling up the DagBag from /opt/airflow/dags/pipeline_monitoring_demo.py
[2026-02-27T23:32:41.001+0000] {processor.py:840} INFO - DAG(s) 'pipeline_monitoring_demo' retrieved from /opt/airflow/dags/pipeline_monitoring_demo.py
[2026-02-27T23:32:41.044+0000] {logging_mixin.py:188} INFO - [2026-02-27T23:32:41.043+0000] {dag.py:3096} INFO - Sync 1 DAGs
[2026-02-27T23:32:41.087+0000] {logging_mixin.py:188} INFO - [2026-02-27T23:32:41.087+0000] {dag.py:3954} INFO - Setting next_dagrun for pipeline_monitoring_demo to 2026-02-27 00:00:00+00:00, run_after=2026-02-28 00:00:00+00:00
[2026-02-27T23:32:41.121+0000] {processor.py:183} INFO - Processing /opt/airflow/dags/pipeline_monitoring_demo.py took 0.176 seconds
[2026-02-27T23:33:11.470+0000] {processor.py:161} INFO - Started process (PID=420) to work on /opt/airflow/dags/pipeline_monitoring_demo.py
[2026-02-27T23:33:11.475+0000] {processor.py:830} INFO - Processing file /opt/airflow/dags/pipeline_monitoring_demo.py for tasks to queue
[2026-02-27T23:33:11.478+0000] {logging_mixin.py:188} INFO - [2026-02-27T23:33:11.477+0000] {dagbag.py:540} INFO - Filling up the DagBag from /opt/airflow/dags/pipeline_monitoring_demo.py
[2026-02-27T23:33:11.542+0000] {processor.py:840} INFO - DAG(s) 'pipeline_monitoring_demo' retrieved from /opt/airflow/dags/pipeline_monitoring_demo.py
[2026-02-27T23:33:11.615+0000] {logging_mixin.py:188} INFO - [2026-02-27T23:33:11.614+0000] {dag.py:3096} INFO - Sync 1 DAGs
[2026-02-27T23:33:11.649+0000] {logging_mixin.py:188} INFO - [2026-02-27T23:33:11.649+0000] {dag.py:3954} INFO - Setting next_dagrun for pipeline_monitoring_demo to 2026-02-27 00:00:00+00:00, run_after=2026-02-28 00:00:00+00:00
[2026-02-27T23:33:11.685+0000] {processor.py:183} INFO - Processing /opt/airflow/dags/pipeline_monitoring_demo.py took 0.238 seconds
[2026-02-27T23:33:42.189+0000] {processor.py:161} INFO - Started process (PID=429) to work on /opt/airflow/dags/pipeline_monitoring_demo.py
[2026-02-27T23:33:42.191+0000] {processor.py:830} INFO - Processing file /opt/airflow/dags/pipeline_monitoring_demo.py for tasks to queue
[2026-02-27T23:33:42.193+0000] {logging_mixin.py:188} INFO - [2026-02-27T23:33:42.192+0000] {dagbag.py:540} INFO - Filling up the DagBag from /opt/airflow/dags/pipeline_monitoring_demo.py
[2026-02-27T23:33:42.232+0000] {processor.py:840} INFO - DAG(s) 'pipeline_monitoring_demo' retrieved from /opt/airflow/dags/pipeline_monitoring_demo.py
[2026-02-27T23:33:42.275+0000] {logging_mixin.py:188} INFO - [2026-02-27T23:33:42.274+0000] {dag.py:3096} INFO - Sync 1 DAGs
[2026-02-27T23:33:42.304+0000] {logging_mixin.py:188} INFO - [2026-02-27T23:33:42.304+0000] {dag.py:3954} INFO - Setting next_dagrun for pipeline_monitoring_demo to 2026-02-27 00:00:00+00:00, run_after=2026-02-28 00:00:00+00:00
[2026-02-27T23:33:42.332+0000] {processor.py:183} INFO - Processing /opt/airflow/dags/pipeline_monitoring_demo.py took 0.155 seconds
[2026-02-27T23:34:12.795+0000] {processor.py:161} INFO - Started process (PID=438) to work on /opt/airflow/dags/pipeline_monitoring_demo.py
[2026-02-27T23:34:12.798+0000] {processor.py:830} INFO - Processing file /opt/airflow/dags/pipeline_monitoring_demo.py for tasks to queue
[2026-02-27T23:34:12.801+0000] {logging_mixin.py:188} INFO - [2026-02-27T23:34:12.800+0000] {dagbag.py:540} INFO - Filling up the DagBag from /opt/airflow/dags/pipeline_monitoring_demo.py
[2026-02-27T23:34:12.864+0000] {processor.py:840} INFO - DAG(s) 'pipeline_monitoring_demo' retrieved from /opt/airflow/dags/pipeline_monitoring_demo.py
[2026-02-27T23:34:12.924+0000] {logging_mixin.py:188} INFO - [2026-02-27T23:34:12.923+0000] {dag.py:3096} INFO - Sync 1 DAGs
[2026-02-27T23:34:12.952+0000] {logging_mixin.py:188} INFO - [2026-02-27T23:34:12.952+0000] {dag.py:3954} INFO - Setting next_dagrun for pipeline_monitoring_demo to 2026-02-27 00:00:00+00:00, run_after=2026-02-28 00:00:00+00:00
[2026-02-27T23:34:12.976+0000] {processor.py:183} INFO - Processing /opt/airflow/dags/pipeline_monitoring_demo.py took 0.198 seconds
[2026-02-27T23:34:43.385+0000] {processor.py:161} INFO - Started process (PID=447) to work on /opt/airflow/dags/pipeline_monitoring_demo.py
[2026-02-27T23:34:43.387+0000] {processor.py:830} INFO - Processing file /opt/airflow/dags/pipeline_monitoring_demo.py for tasks to queue
[2026-02-27T23:34:43.388+0000] {logging_mixin.py:188} INFO - [2026-02-27T23:34:43.388+0000] {dagbag.py:540} INFO - Filling up the DagBag from /opt/airflow/dags/pipeline_monitoring_demo.py
[2026-02-27T23:34:43.429+0000] {processor.py:840} INFO - DAG(s) 'pipeline_monitoring_demo' retrieved from /opt/airflow/dags/pipeline_monitoring_demo.py
[2026-02-27T23:34:43.472+0000] {logging_mixin.py:188} INFO - [2026-02-27T23:34:43.472+0000] {dag.py:3096} INFO - Sync 1 DAGs
[2026-02-27T23:34:43.502+0000] {logging_mixin.py:188} INFO - [2026-02-27T23:34:43.502+0000] {dag.py:3954} INFO - Setting next_dagrun for pipeline_monitoring_demo to 2026-02-27 00:00:00+00:00, run_after=2026-02-28 00:00:00+00:00
[2026-02-27T23:34:43.529+0000] {processor.py:183} INFO - Processing /opt/airflow/dags/pipeline_monitoring_demo.py took 0.151 seconds
[2026-02-27T23:35:13.957+0000] {processor.py:161} INFO - Started process (PID=456) to work on /opt/airflow/dags/pipeline_monitoring_demo.py
[2026-02-27T23:35:13.959+0000] {processor.py:830} INFO - Processing file /opt/airflow/dags/pipeline_monitoring_demo.py for tasks to queue
[2026-02-27T23:35:13.960+0000] {logging_mixin.py:188} INFO - [2026-02-27T23:35:13.960+0000] {dagbag.py:540} INFO - Filling up the DagBag from /opt/airflow/dags/pipeline_monitoring_demo.py
[2026-02-27T23:35:14.000+0000] {processor.py:840} INFO - DAG(s) 'pipeline_monitoring_demo' retrieved from /opt/airflow/dags/pipeline_monitoring_demo.py
[2026-02-27T23:35:14.049+0000] {logging_mixin.py:188} INFO - [2026-02-27T23:35:14.049+0000] {dag.py:3096} INFO - Sync 1 DAGs
[2026-02-27T23:35:14.077+0000] {logging_mixin.py:188} INFO - [2026-02-27T23:35:14.077+0000] {dag.py:3954} INFO - Setting next_dagrun for pipeline_monitoring_demo to 2026-02-27 00:00:00+00:00, run_after=2026-02-28 00:00:00+00:00
[2026-02-27T23:35:14.118+0000] {processor.py:183} INFO - Processing /opt/airflow/dags/pipeline_monitoring_demo.py took 0.169 seconds
[2026-02-27T23:35:44.918+0000] {processor.py:161} INFO - Started process (PID=465) to work on /opt/airflow/dags/pipeline_monitoring_demo.py
[2026-02-27T23:35:44.919+0000] {processor.py:830} INFO - Processing file /opt/airflow/dags/pipeline_monitoring_demo.py for tasks to queue
[2026-02-27T23:35:44.921+0000] {logging_mixin.py:188} INFO - [2026-02-27T23:35:44.920+0000] {dagbag.py:540} INFO - Filling up the DagBag from /opt/airflow/dags/pipeline_monitoring_demo.py
[2026-02-27T23:35:44.959+0000] {processor.py:840} INFO - DAG(s) 'pipeline_monitoring_demo' retrieved from /opt/airflow/dags/pipeline_monitoring_demo.py
[2026-02-27T23:35:45.000+0000] {logging_mixin.py:188} INFO - [2026-02-27T23:35:44.999+0000] {dag.py:3096} INFO - Sync 1 DAGs
[2026-02-27T23:35:45.031+0000] {logging_mixin.py:188} INFO - [2026-02-27T23:35:45.030+0000] {dag.py:3954} INFO - Setting next_dagrun for pipeline_monitoring_demo to 2026-02-27 00:00:00+00:00, run_after=2026-02-28 00:00:00+00:00
[2026-02-27T23:35:45.057+0000] {processor.py:183} INFO - Processing /opt/airflow/dags/pipeline_monitoring_demo.py took 0.150 seconds
[2026-02-27T23:36:15.365+0000] {processor.py:161} INFO - Started process (PID=474) to work on /opt/airflow/dags/pipeline_monitoring_demo.py
[2026-02-27T23:36:15.368+0000] {processor.py:830} INFO - Processing file /opt/airflow/dags/pipeline_monitoring_demo.py for tasks to queue
[2026-02-27T23:36:15.371+0000] {logging_mixin.py:188} INFO - [2026-02-27T23:36:15.370+0000] {dagbag.py:540} INFO - Filling up the DagBag from /opt/airflow/dags/pipeline_monitoring_demo.py
[2026-02-27T23:36:15.428+0000] {processor.py:840} INFO - DAG(s) 'pipeline_monitoring_demo' retrieved from /opt/airflow/dags/pipeline_monitoring_demo.py
[2026-02-27T23:36:15.496+0000] {logging_mixin.py:188} INFO - [2026-02-27T23:36:15.495+0000] {dag.py:3096} INFO - Sync 1 DAGs
[2026-02-27T23:36:15.543+0000] {logging_mixin.py:188} INFO - [2026-02-27T23:36:15.542+0000] {dag.py:3954} INFO - Setting next_dagrun for pipeline_monitoring_demo to 2026-02-27 00:00:00+00:00, run_after=2026-02-28 00:00:00+00:00
[2026-02-27T23:36:15.584+0000] {processor.py:183} INFO - Processing /opt/airflow/dags/pipeline_monitoring_demo.py took 0.239 seconds
[2026-02-27T23:36:46.588+0000] {processor.py:161} INFO - Started process (PID=483) to work on /opt/airflow/dags/pipeline_monitoring_demo.py
[2026-02-27T23:36:46.591+0000] {processor.py:830} INFO - Processing file /opt/airflow/dags/pipeline_monitoring_demo.py for tasks to queue
[2026-02-27T23:36:46.593+0000] {logging_mixin.py:188} INFO - [2026-02-27T23:36:46.593+0000] {dagbag.py:540} INFO - Filling up the DagBag from /opt/airflow/dags/pipeline_monitoring_demo.py
[2026-02-27T23:36:46.646+0000] {processor.py:840} INFO - DAG(s) 'pipeline_monitoring_demo' retrieved from /opt/airflow/dags/pipeline_monitoring_demo.py
[2026-02-27T23:36:46.696+0000] {logging_mixin.py:188} INFO - [2026-02-27T23:36:46.695+0000] {dag.py:3096} INFO - Sync 1 DAGs
[2026-02-27T23:36:46.729+0000] {logging_mixin.py:188} INFO - [2026-02-27T23:36:46.729+0000] {dag.py:3954} INFO - Setting next_dagrun for pipeline_monitoring_demo to 2026-02-27 00:00:00+00:00, run_after=2026-02-28 00:00:00+00:00
[2026-02-27T23:36:46.774+0000] {processor.py:183} INFO - Processing /opt/airflow/dags/pipeline_monitoring_demo.py took 0.197 seconds
[2026-02-27T23:37:17.121+0000] {processor.py:161} INFO - Started process (PID=492) to work on /opt/airflow/dags/pipeline_monitoring_demo.py
[2026-02-27T23:37:17.124+0000] {processor.py:830} INFO - Processing file /opt/airflow/dags/pipeline_monitoring_demo.py for tasks to queue
[2026-02-27T23:37:17.125+0000] {logging_mixin.py:188} INFO - [2026-02-27T23:37:17.125+0000] {dagbag.py:540} INFO - Filling up the DagBag from /opt/airflow/dags/pipeline_monitoring_demo.py
[2026-02-27T23:37:17.167+0000] {processor.py:840} INFO - DAG(s) 'pipeline_monitoring_demo' retrieved from /opt/airflow/dags/pipeline_monitoring_demo.py
[2026-02-27T23:37:17.206+0000] {logging_mixin.py:188} INFO - [2026-02-27T23:37:17.205+0000] {dag.py:3096} INFO - Sync 1 DAGs
[2026-02-27T23:37:17.234+0000] {logging_mixin.py:188} INFO - [2026-02-27T23:37:17.234+0000] {dag.py:3954} INFO - Setting next_dagrun for pipeline_monitoring_demo to 2026-02-27 00:00:00+00:00, run_after=2026-02-28 00:00:00+00:00
[2026-02-27T23:37:17.261+0000] {processor.py:183} INFO - Processing /opt/airflow/dags/pipeline_monitoring_demo.py took 0.150 seconds
[2026-02-27T23:37:47.618+0000] {processor.py:161} INFO - Started process (PID=501) to work on /opt/airflow/dags/pipeline_monitoring_demo.py
[2026-02-27T23:37:47.621+0000] {processor.py:830} INFO - Processing file /opt/airflow/dags/pipeline_monitoring_demo.py for tasks to queue
[2026-02-27T23:37:47.624+0000] {logging_mixin.py:188} INFO - [2026-02-27T23:37:47.623+0000] {dagbag.py:540} INFO - Filling up the DagBag from /opt/airflow/dags/pipeline_monitoring_demo.py
[2026-02-27T23:37:47.674+0000] {processor.py:840} INFO - DAG(s) 'pipeline_monitoring_demo' retrieved from /opt/airflow/dags/pipeline_monitoring_demo.py
[2026-02-27T23:37:47.719+0000] {logging_mixin.py:188} INFO - [2026-02-27T23:37:47.719+0000] {dag.py:3096} INFO - Sync 1 DAGs
[2026-02-27T23:37:47.755+0000] {logging_mixin.py:188} INFO - [2026-02-27T23:37:47.755+0000] {dag.py:3954} INFO - Setting next_dagrun for pipeline_monitoring_demo to 2026-02-27 00:00:00+00:00, run_after=2026-02-28 00:00:00+00:00
[2026-02-27T23:37:47.781+0000] {processor.py:183} INFO - Processing /opt/airflow/dags/pipeline_monitoring_demo.py took 0.176 seconds
[2026-02-27T23:38:18.316+0000] {processor.py:161} INFO - Started process (PID=510) to work on /opt/airflow/dags/pipeline_monitoring_demo.py
[2026-02-27T23:38:18.318+0000] {processor.py:830} INFO - Processing file /opt/airflow/dags/pipeline_monitoring_demo.py for tasks to queue
[2026-02-27T23:38:18.320+0000] {logging_mixin.py:188} INFO - [2026-02-27T23:38:18.319+0000] {dagbag.py:540} INFO - Filling up the DagBag from /opt/airflow/dags/pipeline_monitoring_demo.py
[2026-02-27T23:38:18.364+0000] {processor.py:840} INFO - DAG(s) 'pipeline_monitoring_demo' retrieved from /opt/airflow/dags/pipeline_monitoring_demo.py
[2026-02-27T23:38:18.407+0000] {logging_mixin.py:188} INFO - [2026-02-27T23:38:18.407+0000] {dag.py:3096} INFO - Sync 1 DAGs
[2026-02-27T23:38:18.437+0000] {logging_mixin.py:188} INFO - [2026-02-27T23:38:18.436+0000] {dag.py:3954} INFO - Setting next_dagrun for pipeline_monitoring_demo to 2026-02-27 00:00:00+00:00, run_after=2026-02-28 00:00:00+00:00
[2026-02-27T23:38:18.463+0000] {processor.py:183} INFO - Processing /opt/airflow/dags/pipeline_monitoring_demo.py took 0.157 seconds
[2026-02-27T23:38:48.717+0000] {processor.py:161} INFO - Started process (PID=519) to work on /opt/airflow/dags/pipeline_monitoring_demo.py
[2026-02-27T23:38:48.719+0000] {processor.py:830} INFO - Processing file /opt/airflow/dags/pipeline_monitoring_demo.py for tasks to queue
[2026-02-27T23:38:48.721+0000] {logging_mixin.py:188} INFO - [2026-02-27T23:38:48.720+0000] {dagbag.py:540} INFO - Filling up the DagBag from /opt/airflow/dags/pipeline_monitoring_demo.py
[2026-02-27T23:38:48.799+0000] {processor.py:840} INFO - DAG(s) 'pipeline_monitoring_demo' retrieved from /opt/airflow/dags/pipeline_monitoring_demo.py
[2026-02-27T23:38:48.840+0000] {logging_mixin.py:188} INFO - [2026-02-27T23:38:48.840+0000] {dag.py:3096} INFO - Sync 1 DAGs
[2026-02-27T23:38:48.868+0000] {logging_mixin.py:188} INFO - [2026-02-27T23:38:48.868+0000] {dag.py:3954} INFO - Setting next_dagrun for pipeline_monitoring_demo to 2026-02-27 00:00:00+00:00, run_after=2026-02-28 00:00:00+00:00
[2026-02-27T23:38:48.898+0000] {processor.py:183} INFO - Processing /opt/airflow/dags/pipeline_monitoring_demo.py took 0.192 seconds
[2026-02-27T23:39:19.237+0000] {processor.py:161} INFO - Started process (PID=528) to work on /opt/airflow/dags/pipeline_monitoring_demo.py
[2026-02-27T23:39:19.239+0000] {processor.py:830} INFO - Processing file /opt/airflow/dags/pipeline_monitoring_demo.py for tasks to queue
[2026-02-27T23:39:19.242+0000] {logging_mixin.py:188} INFO - [2026-02-27T23:39:19.241+0000] {dagbag.py:540} INFO - Filling up the DagBag from /opt/airflow/dags/pipeline_monitoring_demo.py
[2026-02-27T23:39:19.290+0000] {processor.py:840} INFO - DAG(s) 'pipeline_monitoring_demo' retrieved from /opt/airflow/dags/pipeline_monitoring_demo.py
[2026-02-27T23:39:19.334+0000] {logging_mixin.py:188} INFO - [2026-02-27T23:39:19.334+0000] {dag.py:3096} INFO - Sync 1 DAGs
[2026-02-27T23:39:19.363+0000] {logging_mixin.py:188} INFO - [2026-02-27T23:39:19.363+0000] {dag.py:3954} INFO - Setting next_dagrun for pipeline_monitoring_demo to 2026-02-27 00:00:00+00:00, run_after=2026-02-28 00:00:00+00:00
[2026-02-27T23:39:19.386+0000] {processor.py:183} INFO - Processing /opt/airflow/dags/pipeline_monitoring_demo.py took 0.161 seconds
[2026-02-27T23:39:49.796+0000] {processor.py:161} INFO - Started process (PID=537) to work on /opt/airflow/dags/pipeline_monitoring_demo.py
[2026-02-27T23:39:49.798+0000] {processor.py:830} INFO - Processing file /opt/airflow/dags/pipeline_monitoring_demo.py for tasks to queue
[2026-02-27T23:39:49.799+0000] {logging_mixin.py:188} INFO - [2026-02-27T23:39:49.799+0000] {dagbag.py:540} INFO - Filling up the DagBag from /opt/airflow/dags/pipeline_monitoring_demo.py
[2026-02-27T23:39:49.835+0000] {processor.py:840} INFO - DAG(s) 'pipeline_monitoring_demo' retrieved from /opt/airflow/dags/pipeline_monitoring_demo.py
[2026-02-27T23:39:49.876+0000] {logging_mixin.py:188} INFO - [2026-02-27T23:39:49.876+0000] {dag.py:3096} INFO - Sync 1 DAGs
[2026-02-27T23:39:49.910+0000] {logging_mixin.py:188} INFO - [2026-02-27T23:39:49.910+0000] {dag.py:3954} INFO - Setting next_dagrun for pipeline_monitoring_demo to 2026-02-27 00:00:00+00:00, run_after=2026-02-28 00:00:00+00:00
[2026-02-27T23:39:49.944+0000] {processor.py:183} INFO - Processing /opt/airflow/dags/pipeline_monitoring_demo.py took 0.158 seconds
[2026-02-27T23:40:20.229+0000] {processor.py:161} INFO - Started process (PID=546) to work on /opt/airflow/dags/pipeline_monitoring_demo.py
[2026-02-27T23:40:20.230+0000] {processor.py:830} INFO - Processing file /opt/airflow/dags/pipeline_monitoring_demo.py for tasks to queue
[2026-02-27T23:40:20.232+0000] {logging_mixin.py:188} INFO - [2026-02-27T23:40:20.232+0000] {dagbag.py:540} INFO - Filling up the DagBag from /opt/airflow/dags/pipeline_monitoring_demo.py
[2026-02-27T23:40:20.268+0000] {processor.py:840} INFO - DAG(s) 'pipeline_monitoring_demo' retrieved from /opt/airflow/dags/pipeline_monitoring_demo.py
[2026-02-27T23:40:20.305+0000] {logging_mixin.py:188} INFO - [2026-02-27T23:40:20.304+0000] {dag.py:3096} INFO - Sync 1 DAGs
[2026-02-27T23:40:20.334+0000] {logging_mixin.py:188} INFO - [2026-02-27T23:40:20.334+0000] {dag.py:3954} INFO - Setting next_dagrun for pipeline_monitoring_demo to 2026-02-27 00:00:00+00:00, run_after=2026-02-28 00:00:00+00:00
[2026-02-27T23:40:20.363+0000] {processor.py:183} INFO - Processing /opt/airflow/dags/pipeline_monitoring_demo.py took 0.142 seconds
[2026-02-27T23:40:50.979+0000] {processor.py:161} INFO - Started process (PID=555) to work on /opt/airflow/dags/pipeline_monitoring_demo.py
[2026-02-27T23:40:50.981+0000] {processor.py:830} INFO - Processing file /opt/airflow/dags/pipeline_monitoring_demo.py for tasks to queue
[2026-02-27T23:40:50.984+0000] {logging_mixin.py:188} INFO - [2026-02-27T23:40:50.983+0000] {dagbag.py:540} INFO - Filling up the DagBag from /opt/airflow/dags/pipeline_monitoring_demo.py
[2026-02-27T23:40:51.032+0000] {processor.py:840} INFO - DAG(s) 'pipeline_monitoring_demo' retrieved from /opt/airflow/dags/pipeline_monitoring_demo.py
[2026-02-27T23:40:51.068+0000] {logging_mixin.py:188} INFO - [2026-02-27T23:40:51.068+0000] {dag.py:3096} INFO - Sync 1 DAGs
[2026-02-27T23:40:51.095+0000] {logging_mixin.py:188} INFO - [2026-02-27T23:40:51.094+0000] {dag.py:3954} INFO - Setting next_dagrun for pipeline_monitoring_demo to 2026-02-27 00:00:00+00:00, run_after=2026-02-28 00:00:00+00:00
[2026-02-27T23:40:51.120+0000] {processor.py:183} INFO - Processing /opt/airflow/dags/pipeline_monitoring_demo.py took 0.153 seconds
[2026-02-27T23:41:21.507+0000] {processor.py:161} INFO - Started process (PID=564) to work on /opt/airflow/dags/pipeline_monitoring_demo.py
[2026-02-27T23:41:21.510+0000] {processor.py:830} INFO - Processing file /opt/airflow/dags/pipeline_monitoring_demo.py for tasks to queue
[2026-02-27T23:41:21.511+0000] {logging_mixin.py:188} INFO - [2026-02-27T23:41:21.511+0000] {dagbag.py:540} INFO - Filling up the DagBag from /opt/airflow/dags/pipeline_monitoring_demo.py
[2026-02-27T23:41:21.547+0000] {processor.py:840} INFO - DAG(s) 'pipeline_monitoring_demo' retrieved from /opt/airflow/dags/pipeline_monitoring_demo.py
[2026-02-27T23:41:21.587+0000] {logging_mixin.py:188} INFO - [2026-02-27T23:41:21.587+0000] {dag.py:3096} INFO - Sync 1 DAGs
[2026-02-27T23:41:21.619+0000] {logging_mixin.py:188} INFO - [2026-02-27T23:41:21.618+0000] {dag.py:3954} INFO - Setting next_dagrun for pipeline_monitoring_demo to 2026-02-27 00:00:00+00:00, run_after=2026-02-28 00:00:00+00:00
[2026-02-27T23:41:21.646+0000] {processor.py:183} INFO - Processing /opt/airflow/dags/pipeline_monitoring_demo.py took 0.146 seconds
[2026-02-27T23:41:52.368+0000] {processor.py:161} INFO - Started process (PID=573) to work on /opt/airflow/dags/pipeline_monitoring_demo.py
[2026-02-27T23:41:52.370+0000] {processor.py:830} INFO - Processing file /opt/airflow/dags/pipeline_monitoring_demo.py for tasks to queue
[2026-02-27T23:41:52.372+0000] {logging_mixin.py:188} INFO - [2026-02-27T23:41:52.371+0000] {dagbag.py:540} INFO - Filling up the DagBag from /opt/airflow/dags/pipeline_monitoring_demo.py
[2026-02-27T23:41:52.410+0000] {processor.py:840} INFO - DAG(s) 'pipeline_monitoring_demo' retrieved from /opt/airflow/dags/pipeline_monitoring_demo.py
[2026-02-27T23:41:52.452+0000] {logging_mixin.py:188} INFO - [2026-02-27T23:41:52.451+0000] {dag.py:3096} INFO - Sync 1 DAGs
[2026-02-27T23:41:52.477+0000] {logging_mixin.py:188} INFO - [2026-02-27T23:41:52.477+0000] {dag.py:3954} INFO - Setting next_dagrun for pipeline_monitoring_demo to 2026-02-27 00:00:00+00:00, run_after=2026-02-28 00:00:00+00:00
[2026-02-27T23:41:52.502+0000] {processor.py:183} INFO - Processing /opt/airflow/dags/pipeline_monitoring_demo.py took 0.143 seconds
[2026-02-27T23:42:22.794+0000] {processor.py:161} INFO - Started process (PID=582) to work on /opt/airflow/dags/pipeline_monitoring_demo.py
[2026-02-27T23:42:22.796+0000] {processor.py:830} INFO - Processing file /opt/airflow/dags/pipeline_monitoring_demo.py for tasks to queue
[2026-02-27T23:42:22.798+0000] {logging_mixin.py:188} INFO - [2026-02-27T23:42:22.798+0000] {dagbag.py:540} INFO - Filling up the DagBag from /opt/airflow/dags/pipeline_monitoring_demo.py
[2026-02-27T23:42:22.840+0000] {processor.py:840} INFO - DAG(s) 'pipeline_monitoring_demo' retrieved from /opt/airflow/dags/pipeline_monitoring_demo.py
[2026-02-27T23:42:22.886+0000] {logging_mixin.py:188} INFO - [2026-02-27T23:42:22.885+0000] {dag.py:3096} INFO - Sync 1 DAGs
[2026-02-27T23:42:22.914+0000] {logging_mixin.py:188} INFO - [2026-02-27T23:42:22.914+0000] {dag.py:3954} INFO - Setting next_dagrun for pipeline_monitoring_demo to 2026-02-27 00:00:00+00:00, run_after=2026-02-28 00:00:00+00:00
[2026-02-27T23:42:22.948+0000] {processor.py:183} INFO - Processing /opt/airflow/dags/pipeline_monitoring_demo.py took 0.166 seconds
[2026-02-27T23:42:53.170+0000] {processor.py:161} INFO - Started process (PID=591) to work on /opt/airflow/dags/pipeline_monitoring_demo.py
[2026-02-27T23:42:53.172+0000] {processor.py:830} INFO - Processing file /opt/airflow/dags/pipeline_monitoring_demo.py for tasks to queue
[2026-02-27T23:42:53.174+0000] {logging_mixin.py:188} INFO - [2026-02-27T23:42:53.173+0000] {dagbag.py:540} INFO - Filling up the DagBag from /opt/airflow/dags/pipeline_monitoring_demo.py
[2026-02-27T23:42:53.209+0000] {processor.py:840} INFO - DAG(s) 'pipeline_monitoring_demo' retrieved from /opt/airflow/dags/pipeline_monitoring_demo.py
[2026-02-27T23:42:53.248+0000] {logging_mixin.py:188} INFO - [2026-02-27T23:42:53.248+0000] {dag.py:3096} INFO - Sync 1 DAGs
[2026-02-27T23:42:53.280+0000] {logging_mixin.py:188} INFO - [2026-02-27T23:42:53.279+0000] {dag.py:3954} INFO - Setting next_dagrun for pipeline_monitoring_demo to 2026-02-27 00:00:00+00:00, run_after=2026-02-28 00:00:00+00:00
[2026-02-27T23:42:53.313+0000] {processor.py:183} INFO - Processing /opt/airflow/dags/pipeline_monitoring_demo.py took 0.152 seconds
[2026-02-27T23:43:23.732+0000] {processor.py:161} INFO - Started process (PID=600) to work on /opt/airflow/dags/pipeline_monitoring_demo.py
[2026-02-27T23:43:23.736+0000] {processor.py:830} INFO - Processing file /opt/airflow/dags/pipeline_monitoring_demo.py for tasks to queue
[2026-02-27T23:43:23.740+0000] {logging_mixin.py:188} INFO - [2026-02-27T23:43:23.739+0000] {dagbag.py:540} INFO - Filling up the DagBag from /opt/airflow/dags/pipeline_monitoring_demo.py
[2026-02-27T23:43:23.815+0000] {processor.py:840} INFO - DAG(s) 'pipeline_monitoring_demo' retrieved from /opt/airflow/dags/pipeline_monitoring_demo.py
[2026-02-27T23:43:23.866+0000] {logging_mixin.py:188} INFO - [2026-02-27T23:43:23.866+0000] {dag.py:3096} INFO - Sync 1 DAGs
[2026-02-27T23:43:23.894+0000] {logging_mixin.py:188} INFO - [2026-02-27T23:43:23.894+0000] {dag.py:3954} INFO - Setting next_dagrun for pipeline_monitoring_demo to 2026-02-27 00:00:00+00:00, run_after=2026-02-28 00:00:00+00:00
[2026-02-27T23:43:23.917+0000] {processor.py:183} INFO - Processing /opt/airflow/dags/pipeline_monitoring_demo.py took 0.205 seconds
[2026-02-27T23:43:54.342+0000] {processor.py:161} INFO - Started process (PID=609) to work on /opt/airflow/dags/pipeline_monitoring_demo.py
[2026-02-27T23:43:54.343+0000] {processor.py:830} INFO - Processing file /opt/airflow/dags/pipeline_monitoring_demo.py for tasks to queue
[2026-02-27T23:43:54.344+0000] {logging_mixin.py:188} INFO - [2026-02-27T23:43:54.344+0000] {dagbag.py:540} INFO - Filling up the DagBag from /opt/airflow/dags/pipeline_monitoring_demo.py
[2026-02-27T23:43:54.374+0000] {processor.py:840} INFO - DAG(s) 'pipeline_monitoring_demo' retrieved from /opt/airflow/dags/pipeline_monitoring_demo.py
[2026-02-27T23:43:54.408+0000] {logging_mixin.py:188} INFO - [2026-02-27T23:43:54.407+0000] {dag.py:3096} INFO - Sync 1 DAGs
[2026-02-27T23:43:54.434+0000] {logging_mixin.py:188} INFO - [2026-02-27T23:43:54.433+0000] {dag.py:3954} INFO - Setting next_dagrun for pipeline_monitoring_demo to 2026-02-27 00:00:00+00:00, run_after=2026-02-28 00:00:00+00:00
[2026-02-27T23:43:54.459+0000] {processor.py:183} INFO - Processing /opt/airflow/dags/pipeline_monitoring_demo.py took 0.126 seconds
[2026-02-27T23:44:24.909+0000] {processor.py:161} INFO - Started process (PID=618) to work on /opt/airflow/dags/pipeline_monitoring_demo.py
[2026-02-27T23:44:24.910+0000] {processor.py:830} INFO - Processing file /opt/airflow/dags/pipeline_monitoring_demo.py for tasks to queue
[2026-02-27T23:44:24.912+0000] {logging_mixin.py:188} INFO - [2026-02-27T23:44:24.912+0000] {dagbag.py:540} INFO - Filling up the DagBag from /opt/airflow/dags/pipeline_monitoring_demo.py
[2026-02-27T23:44:24.948+0000] {processor.py:840} INFO - DAG(s) 'pipeline_monitoring_demo' retrieved from /opt/airflow/dags/pipeline_monitoring_demo.py
[2026-02-27T23:44:24.983+0000] {logging_mixin.py:188} INFO - [2026-02-27T23:44:24.983+0000] {dag.py:3096} INFO - Sync 1 DAGs
[2026-02-27T23:44:25.013+0000] {logging_mixin.py:188} INFO - [2026-02-27T23:44:25.013+0000] {dag.py:3954} INFO - Setting next_dagrun for pipeline_monitoring_demo to 2026-02-27 00:00:00+00:00, run_after=2026-02-28 00:00:00+00:00
[2026-02-27T23:44:25.040+0000] {processor.py:183} INFO - Processing /opt/airflow/dags/pipeline_monitoring_demo.py took 0.139 seconds
[2026-02-27T23:45:34.336+0000] {processor.py:161} INFO - Started process (PID=35) to work on /opt/airflow/dags/pipeline_monitoring_demo.py
[2026-02-27T23:45:34.338+0000] {processor.py:830} INFO - Processing file /opt/airflow/dags/pipeline_monitoring_demo.py for tasks to queue
[2026-02-27T23:45:34.341+0000] {logging_mixin.py:188} INFO - [2026-02-27T23:45:34.341+0000] {dagbag.py:540} INFO - Filling up the DagBag from /opt/airflow/dags/pipeline_monitoring_demo.py
[2026-02-27T23:45:34.396+0000] {processor.py:840} INFO - DAG(s) 'pipeline_monitoring_demo' retrieved from /opt/airflow/dags/pipeline_monitoring_demo.py
[2026-02-27T23:45:34.505+0000] {logging_mixin.py:188} INFO - [2026-02-27T23:45:34.504+0000] {dag.py:3096} INFO - Sync 1 DAGs
[2026-02-27T23:45:34.538+0000] {logging_mixin.py:188} INFO - [2026-02-27T23:45:34.538+0000] {dag.py:3954} INFO - Setting next_dagrun for pipeline_monitoring_demo to 2026-02-27 00:00:00+00:00, run_after=2026-02-28 00:00:00+00:00
[2026-02-27T23:45:34.576+0000] {processor.py:183} INFO - Processing /opt/airflow/dags/pipeline_monitoring_demo.py took 0.248 seconds
[2026-02-27T23:46:05.164+0000] {processor.py:161} INFO - Started process (PID=44) to work on /opt/airflow/dags/pipeline_monitoring_demo.py
[2026-02-27T23:46:05.166+0000] {processor.py:830} INFO - Processing file /opt/airflow/dags/pipeline_monitoring_demo.py for tasks to queue
[2026-02-27T23:46:05.169+0000] {logging_mixin.py:188} INFO - [2026-02-27T23:46:05.168+0000] {dagbag.py:540} INFO - Filling up the DagBag from /opt/airflow/dags/pipeline_monitoring_demo.py
[2026-02-27T23:46:05.210+0000] {processor.py:840} INFO - DAG(s) 'pipeline_monitoring_demo' retrieved from /opt/airflow/dags/pipeline_monitoring_demo.py
[2026-02-27T23:46:05.257+0000] {logging_mixin.py:188} INFO - [2026-02-27T23:46:05.256+0000] {dag.py:3096} INFO - Sync 1 DAGs
[2026-02-27T23:46:05.294+0000] {logging_mixin.py:188} INFO - [2026-02-27T23:46:05.293+0000] {dag.py:3954} INFO - Setting next_dagrun for pipeline_monitoring_demo to 2026-02-27 00:00:00+00:00, run_after=2026-02-28 00:00:00+00:00
[2026-02-27T23:46:05.329+0000] {processor.py:183} INFO - Processing /opt/airflow/dags/pipeline_monitoring_demo.py took 0.178 seconds
[2026-02-27T23:46:35.753+0000] {processor.py:161} INFO - Started process (PID=53) to work on /opt/airflow/dags/pipeline_monitoring_demo.py
[2026-02-27T23:46:35.755+0000] {processor.py:830} INFO - Processing file /opt/airflow/dags/pipeline_monitoring_demo.py for tasks to queue
[2026-02-27T23:46:35.756+0000] {logging_mixin.py:188} INFO - [2026-02-27T23:46:35.756+0000] {dagbag.py:540} INFO - Filling up the DagBag from /opt/airflow/dags/pipeline_monitoring_demo.py
[2026-02-27T23:46:35.788+0000] {processor.py:840} INFO - DAG(s) 'pipeline_monitoring_demo' retrieved from /opt/airflow/dags/pipeline_monitoring_demo.py
[2026-02-27T23:46:35.826+0000] {logging_mixin.py:188} INFO - [2026-02-27T23:46:35.825+0000] {dag.py:3096} INFO - Sync 1 DAGs
[2026-02-27T23:46:35.855+0000] {logging_mixin.py:188} INFO - [2026-02-27T23:46:35.855+0000] {dag.py:3954} INFO - Setting next_dagrun for pipeline_monitoring_demo to 2026-02-27 00:00:00+00:00, run_after=2026-02-28 00:00:00+00:00
[2026-02-27T23:46:35.881+0000] {processor.py:183} INFO - Processing /opt/airflow/dags/pipeline_monitoring_demo.py took 0.135 seconds
[2026-02-27T23:47:06.310+0000] {processor.py:161} INFO - Started process (PID=62) to work on /opt/airflow/dags/pipeline_monitoring_demo.py
[2026-02-27T23:47:06.311+0000] {processor.py:830} INFO - Processing file /opt/airflow/dags/pipeline_monitoring_demo.py for tasks to queue
[2026-02-27T23:47:06.312+0000] {logging_mixin.py:188} INFO - [2026-02-27T23:47:06.312+0000] {dagbag.py:540} INFO - Filling up the DagBag from /opt/airflow/dags/pipeline_monitoring_demo.py
[2026-02-27T23:47:06.341+0000] {processor.py:840} INFO - DAG(s) 'pipeline_monitoring_demo' retrieved from /opt/airflow/dags/pipeline_monitoring_demo.py
[2026-02-27T23:47:06.376+0000] {logging_mixin.py:188} INFO - [2026-02-27T23:47:06.375+0000] {dag.py:3096} INFO - Sync 1 DAGs
[2026-02-27T23:47:06.405+0000] {logging_mixin.py:188} INFO - [2026-02-27T23:47:06.404+0000] {dag.py:3954} INFO - Setting next_dagrun for pipeline_monitoring_demo to 2026-02-27 00:00:00+00:00, run_after=2026-02-28 00:00:00+00:00
[2026-02-27T23:47:06.487+0000] {processor.py:183} INFO - Processing /opt/airflow/dags/pipeline_monitoring_demo.py took 0.184 seconds
[2026-02-27T23:47:37.021+0000] {processor.py:161} INFO - Started process (PID=71) to work on /opt/airflow/dags/pipeline_monitoring_demo.py
[2026-02-27T23:47:37.022+0000] {processor.py:830} INFO - Processing file /opt/airflow/dags/pipeline_monitoring_demo.py for tasks to queue
[2026-02-27T23:47:37.023+0000] {logging_mixin.py:188} INFO - [2026-02-27T23:47:37.023+0000] {dagbag.py:540} INFO - Filling up the DagBag from /opt/airflow/dags/pipeline_monitoring_demo.py
[2026-02-27T23:47:37.051+0000] {processor.py:840} INFO - DAG(s) 'pipeline_monitoring_demo' retrieved from /opt/airflow/dags/pipeline_monitoring_demo.py
[2026-02-27T23:47:37.085+0000] {logging_mixin.py:188} INFO - [2026-02-27T23:47:37.085+0000] {dag.py:3096} INFO - Sync 1 DAGs
[2026-02-27T23:47:37.113+0000] {logging_mixin.py:188} INFO - [2026-02-27T23:47:37.113+0000] {dag.py:3954} INFO - Setting next_dagrun for pipeline_monitoring_demo to 2026-02-27 00:00:00+00:00, run_after=2026-02-28 00:00:00+00:00
[2026-02-27T23:47:37.139+0000] {processor.py:183} INFO - Processing /opt/airflow/dags/pipeline_monitoring_demo.py took 0.125 seconds
[2026-02-27T23:48:07.604+0000] {processor.py:161} INFO - Started process (PID=80) to work on /opt/airflow/dags/pipeline_monitoring_demo.py
[2026-02-27T23:48:07.605+0000] {processor.py:830} INFO - Processing file /opt/airflow/dags/pipeline_monitoring_demo.py for tasks to queue
[2026-02-27T23:48:07.607+0000] {logging_mixin.py:188} INFO - [2026-02-27T23:48:07.606+0000] {dagbag.py:540} INFO - Filling up the DagBag from /opt/airflow/dags/pipeline_monitoring_demo.py
[2026-02-27T23:48:07.638+0000] {processor.py:840} INFO - DAG(s) 'pipeline_monitoring_demo' retrieved from /opt/airflow/dags/pipeline_monitoring_demo.py
[2026-02-27T23:48:07.674+0000] {logging_mixin.py:188} INFO - [2026-02-27T23:48:07.674+0000] {dag.py:3096} INFO - Sync 1 DAGs
[2026-02-27T23:48:07.702+0000] {logging_mixin.py:188} INFO - [2026-02-27T23:48:07.701+0000] {dag.py:3954} INFO - Setting next_dagrun for pipeline_monitoring_demo to 2026-02-27 00:00:00+00:00, run_after=2026-02-28 00:00:00+00:00
[2026-02-27T23:48:07.737+0000] {processor.py:183} INFO - Processing /opt/airflow/dags/pipeline_monitoring_demo.py took 0.141 seconds
[2026-02-27T23:48:38.152+0000] {processor.py:161} INFO - Started process (PID=89) to work on /opt/airflow/dags/pipeline_monitoring_demo.py
[2026-02-27T23:48:38.153+0000] {processor.py:830} INFO - Processing file /opt/airflow/dags/pipeline_monitoring_demo.py for tasks to queue
[2026-02-27T23:48:38.154+0000] {logging_mixin.py:188} INFO - [2026-02-27T23:48:38.154+0000] {dagbag.py:540} INFO - Filling up the DagBag from /opt/airflow/dags/pipeline_monitoring_demo.py
[2026-02-27T23:48:38.181+0000] {processor.py:840} INFO - DAG(s) 'pipeline_monitoring_demo' retrieved from /opt/airflow/dags/pipeline_monitoring_demo.py
[2026-02-27T23:48:38.249+0000] {logging_mixin.py:188} INFO - [2026-02-27T23:48:38.248+0000] {dag.py:3096} INFO - Sync 1 DAGs
[2026-02-27T23:48:38.275+0000] {logging_mixin.py:188} INFO - [2026-02-27T23:48:38.275+0000] {dag.py:3954} INFO - Setting next_dagrun for pipeline_monitoring_demo to 2026-02-27 00:00:00+00:00, run_after=2026-02-28 00:00:00+00:00
[2026-02-27T23:48:38.302+0000] {processor.py:183} INFO - Processing /opt/airflow/dags/pipeline_monitoring_demo.py took 0.156 seconds
[2026-02-27T23:49:08.706+0000] {processor.py:161} INFO - Started process (PID=98) to work on /opt/airflow/dags/pipeline_monitoring_demo.py
[2026-02-27T23:49:08.707+0000] {processor.py:830} INFO - Processing file /opt/airflow/dags/pipeline_monitoring_demo.py for tasks to queue
[2026-02-27T23:49:08.708+0000] {logging_mixin.py:188} INFO - [2026-02-27T23:49:08.708+0000] {dagbag.py:540} INFO - Filling up the DagBag from /opt/airflow/dags/pipeline_monitoring_demo.py
[2026-02-27T23:49:08.747+0000] {processor.py:840} INFO - DAG(s) 'pipeline_monitoring_demo' retrieved from /opt/airflow/dags/pipeline_monitoring_demo.py
[2026-02-27T23:49:08.783+0000] {logging_mixin.py:188} INFO - [2026-02-27T23:49:08.783+0000] {dag.py:3096} INFO - Sync 1 DAGs
[2026-02-27T23:49:08.810+0000] {logging_mixin.py:188} INFO - [2026-02-27T23:49:08.810+0000] {dag.py:3954} INFO - Setting next_dagrun for pipeline_monitoring_demo to 2026-02-27 00:00:00+00:00, run_after=2026-02-28 00:00:00+00:00
[2026-02-27T23:49:08.837+0000] {processor.py:183} INFO - Processing /opt/airflow/dags/pipeline_monitoring_demo.py took 0.142 seconds
[2026-02-27T23:49:39.349+0000] {processor.py:161} INFO - Started process (PID=107) to work on /opt/airflow/dags/pipeline_monitoring_demo.py
[2026-02-27T23:49:39.352+0000] {processor.py:830} INFO - Processing file /opt/airflow/dags/pipeline_monitoring_demo.py for tasks to queue
[2026-02-27T23:49:39.354+0000] {logging_mixin.py:188} INFO - [2026-02-27T23:49:39.353+0000] {dagbag.py:540} INFO - Filling up the DagBag from /opt/airflow/dags/pipeline_monitoring_demo.py
[2026-02-27T23:49:39.408+0000] {processor.py:840} INFO - DAG(s) 'pipeline_monitoring_demo' retrieved from /opt/airflow/dags/pipeline_monitoring_demo.py
[2026-02-27T23:49:39.457+0000] {logging_mixin.py:188} INFO - [2026-02-27T23:49:39.456+0000] {dag.py:3096} INFO - Sync 1 DAGs
[2026-02-27T23:49:39.498+0000] {logging_mixin.py:188} INFO - [2026-02-27T23:49:39.497+0000] {dag.py:3954} INFO - Setting next_dagrun for pipeline_monitoring_demo to 2026-02-27 00:00:00+00:00, run_after=2026-02-28 00:00:00+00:00
[2026-02-27T23:49:39.543+0000] {processor.py:183} INFO - Processing /opt/airflow/dags/pipeline_monitoring_demo.py took 0.207 seconds
[2026-02-27T23:50:10.080+0000] {processor.py:161} INFO - Started process (PID=116) to work on /opt/airflow/dags/pipeline_monitoring_demo.py
[2026-02-27T23:50:10.081+0000] {processor.py:830} INFO - Processing file /opt/airflow/dags/pipeline_monitoring_demo.py for tasks to queue
[2026-02-27T23:50:10.083+0000] {logging_mixin.py:188} INFO - [2026-02-27T23:50:10.082+0000] {dagbag.py:540} INFO - Filling up the DagBag from /opt/airflow/dags/pipeline_monitoring_demo.py
[2026-02-27T23:50:10.112+0000] {processor.py:840} INFO - DAG(s) 'pipeline_monitoring_demo' retrieved from /opt/airflow/dags/pipeline_monitoring_demo.py
[2026-02-27T23:50:10.149+0000] {logging_mixin.py:188} INFO - [2026-02-27T23:50:10.149+0000] {dag.py:3096} INFO - Sync 1 DAGs
[2026-02-27T23:50:10.178+0000] {logging_mixin.py:188} INFO - [2026-02-27T23:50:10.178+0000] {dag.py:3954} INFO - Setting next_dagrun for pipeline_monitoring_demo to 2026-02-27 00:00:00+00:00, run_after=2026-02-28 00:00:00+00:00
[2026-02-27T23:50:10.203+0000] {processor.py:183} INFO - Processing /opt/airflow/dags/pipeline_monitoring_demo.py took 0.130 seconds
[2026-02-27T23:50:40.897+0000] {processor.py:161} INFO - Started process (PID=125) to work on /opt/airflow/dags/pipeline_monitoring_demo.py
[2026-02-27T23:50:40.898+0000] {processor.py:830} INFO - Processing file /opt/airflow/dags/pipeline_monitoring_demo.py for tasks to queue
[2026-02-27T23:50:40.899+0000] {logging_mixin.py:188} INFO - [2026-02-27T23:50:40.899+0000] {dagbag.py:540} INFO - Filling up the DagBag from /opt/airflow/dags/pipeline_monitoring_demo.py
[2026-02-27T23:50:40.928+0000] {processor.py:840} INFO - DAG(s) 'pipeline_monitoring_demo' retrieved from /opt/airflow/dags/pipeline_monitoring_demo.py
[2026-02-27T23:50:40.964+0000] {logging_mixin.py:188} INFO - [2026-02-27T23:50:40.964+0000] {dag.py:3096} INFO - Sync 1 DAGs
[2026-02-27T23:50:40.992+0000] {logging_mixin.py:188} INFO - [2026-02-27T23:50:40.991+0000] {dag.py:3954} INFO - Setting next_dagrun for pipeline_monitoring_demo to 2026-02-27 00:00:00+00:00, run_after=2026-02-28 00:00:00+00:00
[2026-02-27T23:50:41.023+0000] {processor.py:183} INFO - Processing /opt/airflow/dags/pipeline_monitoring_demo.py took 0.134 seconds
[2026-02-27T23:51:11.469+0000] {processor.py:161} INFO - Started process (PID=134) to work on /opt/airflow/dags/pipeline_monitoring_demo.py
[2026-02-27T23:51:11.470+0000] {processor.py:830} INFO - Processing file /opt/airflow/dags/pipeline_monitoring_demo.py for tasks to queue
[2026-02-27T23:51:11.471+0000] {logging_mixin.py:188} INFO - [2026-02-27T23:51:11.471+0000] {dagbag.py:540} INFO - Filling up the DagBag from /opt/airflow/dags/pipeline_monitoring_demo.py
[2026-02-27T23:51:11.506+0000] {processor.py:840} INFO - DAG(s) 'pipeline_monitoring_demo' retrieved from /opt/airflow/dags/pipeline_monitoring_demo.py
[2026-02-27T23:51:11.538+0000] {logging_mixin.py:188} INFO - [2026-02-27T23:51:11.538+0000] {dag.py:3096} INFO - Sync 1 DAGs
[2026-02-27T23:51:11.562+0000] {logging_mixin.py:188} INFO - [2026-02-27T23:51:11.562+0000] {dag.py:3954} INFO - Setting next_dagrun for pipeline_monitoring_demo to 2026-02-27 00:00:00+00:00, run_after=2026-02-28 00:00:00+00:00
[2026-02-27T23:51:11.613+0000] {processor.py:183} INFO - Processing /opt/airflow/dags/pipeline_monitoring_demo.py took 0.152 seconds
[2026-02-27T23:51:42.156+0000] {processor.py:161} INFO - Started process (PID=143) to work on /opt/airflow/dags/pipeline_monitoring_demo.py
[2026-02-27T23:51:42.157+0000] {processor.py:830} INFO - Processing file /opt/airflow/dags/pipeline_monitoring_demo.py for tasks to queue
[2026-02-27T23:51:42.159+0000] {logging_mixin.py:188} INFO - [2026-02-27T23:51:42.158+0000] {dagbag.py:540} INFO - Filling up the DagBag from /opt/airflow/dags/pipeline_monitoring_demo.py
[2026-02-27T23:51:42.198+0000] {processor.py:840} INFO - DAG(s) 'pipeline_monitoring_demo' retrieved from /opt/airflow/dags/pipeline_monitoring_demo.py
[2026-02-27T23:51:42.254+0000] {logging_mixin.py:188} INFO - [2026-02-27T23:51:42.253+0000] {dag.py:3096} INFO - Sync 1 DAGs
[2026-02-27T23:51:42.303+0000] {logging_mixin.py:188} INFO - [2026-02-27T23:51:42.303+0000] {dag.py:3954} INFO - Setting next_dagrun for pipeline_monitoring_demo to 2026-02-27 00:00:00+00:00, run_after=2026-02-28 00:00:00+00:00
[2026-02-27T23:51:42.335+0000] {processor.py:183} INFO - Processing /opt/airflow/dags/pipeline_monitoring_demo.py took 0.188 seconds
[2026-02-27T23:52:12.666+0000] {processor.py:161} INFO - Started process (PID=152) to work on /opt/airflow/dags/pipeline_monitoring_demo.py
[2026-02-27T23:52:12.667+0000] {processor.py:830} INFO - Processing file /opt/airflow/dags/pipeline_monitoring_demo.py for tasks to queue
[2026-02-27T23:52:12.668+0000] {logging_mixin.py:188} INFO - [2026-02-27T23:52:12.668+0000] {dagbag.py:540} INFO - Filling up the DagBag from /opt/airflow/dags/pipeline_monitoring_demo.py
[2026-02-27T23:52:12.696+0000] {processor.py:840} INFO - DAG(s) 'pipeline_monitoring_demo' retrieved from /opt/airflow/dags/pipeline_monitoring_demo.py
[2026-02-27T23:52:12.732+0000] {logging_mixin.py:188} INFO - [2026-02-27T23:52:12.732+0000] {dag.py:3096} INFO - Sync 1 DAGs
[2026-02-27T23:52:12.762+0000] {logging_mixin.py:188} INFO - [2026-02-27T23:52:12.761+0000] {dag.py:3954} INFO - Setting next_dagrun for pipeline_monitoring_demo to 2026-02-27 00:00:00+00:00, run_after=2026-02-28 00:00:00+00:00
[2026-02-27T23:52:12.788+0000] {processor.py:183} INFO - Processing /opt/airflow/dags/pipeline_monitoring_demo.py took 0.130 seconds
